id,ASVM,GSVM,walking_nonwalking,normal_abnormal,ax,ay,az,gx,gy,gz
1,1.5309,0.7051,0,1,0.6662750244140625,1.2949371337890625,0.472076416015625,0.1627774685621261,-0.0563676692545414,0.6837692856788635
2,1.531,0.7055,0,1,0.5373687744140625,1.4807281494140625,0.383026123046875,-0.2780585289001465,0.1280431896448135,1.068467140197754
3,1.531,0.7079,0,1,0.2104339599609375,1.0457611083984375,0.0896148681640625,-0.4271955490112304,0.8781350255012512,0.7467468976974487
4,1.5294,0.7161,0,1,0.1759033203125,0.7745513916015625,-0.1876678466796875,-0.1346448957920074,0.9735246300697328,0.3575006127357483
5,1.5214,0.7341,0,1,0.1239013671875,0.857513427734375,-0.2503814697265625,0.4028225541114807,-0.044844701886177,0.2383803427219391
6,1.5002,0.7623,0,1,0.2425384521484375,0.9236602783203124,-0.1502838134765625,1.042808175086975,-0.7035728096961975,0.1773556023836136
7,1.461,0.7985,0,1,0.301788330078125,1.041534423828125,-0.0894775390625,1.7806475162506104,-0.3975161910057068,0.2502498030662536
8,1.4035,0.8427,0,1,0.2769622802734375,1.1733245849609375,0.031341552734375,1.9788423776626587,0.1381347030401229,0.2322196513414383
9,1.3327,0.8996,0,1,0.184783935546875,1.1557159423828125,0.0666046142578125,1.420157790184021,0.6226845979690552,0.1749382615089416
10,1.2569,0.9743,0,1,0.1172943115234375,1.043609619140625,0.0599365234375,0.4311508536338806,0.7737358808517456,0.1367764919996261
11,1.1845,1.0644,0,1,0.0900421142578125,0.9202728271484376,-0.00372314453125,-0.2712384164333343,0.5972381234169006,-0.0124417562037706
12,1.1214,1.158,0,1,0.082916259765625,0.8651580810546875,-0.056610107421875,-0.3434814512729645,0.1734223812818527,-0.1919401437044143
13,1.0701,1.2367,0,1,0.0872955322265625,0.8759765625,-0.0578765869140625,0.0411562249064445,-0.1074899733066558,-0.2898858785629272
14,1.03,1.282,0,1,0.1047515869140625,0.962371826171875,-0.0027008056640625,0.4115486741065979,-0.0478277094662189,-0.2822106480598449
15,0.9996,1.2815,0,1,0.11517333984375,1.060638427734375,0.0354766845703125,0.4778763055801391,0.1731614023447036,-0.2588129043579101
16,0.9775,1.2322,0,1,0.1222076416015625,1.071807861328125,0.04736328125,0.3347431123256683,0.3404710292816162,-0.2908030748367309
17,0.9635,1.1407,0,1,0.135223388671875,1.0300750732421875,0.0495147705078125,0.207447737455368,0.2864176332950592,-0.3474458456039428
18,0.9577,1.0197,0,1,0.1591949462890625,0.9937591552734376,0.0592803955078125,0.2019522935152053,0.0803736671805381,-0.4028646349906921
19,0.9593,0.8841,0,1,0.2059173583984375,0.99774169921875,0.0684661865234375,0.2254525572061538,-0.1333026587963104,-0.411245584487915
20,0.9669,0.7485,0,1,0.26971435546875,0.9966278076171876,0.0716705322265625,0.1771952807903289,-0.1568447351455688,-0.3675995767116546
21,0.9785,0.6247,0,1,0.3024749755859375,0.9779205322265624,0.0630645751953125,0.0594204515218734,0.0049662627279758,-0.3307076096534729
22,0.9921,0.5206,0,1,0.3317108154296875,0.948516845703125,0.036712646484375,-0.0203113965690135,0.1738881766796112,-0.2687752842903137
23,1.0057,0.4398,0,1,0.3256988525390625,0.942535400390625,0.0247039794921875,-0.0087210536003112,0.1059764996170997,-0.1969599425792694
24,1.0176,0.3817,0,1,0.32257080078125,0.9850616455078124,0.0430450439453125,0.0306167658418416,-0.2026343345642089,-0.1900106817483902
25,1.0267,0.3434,0,1,0.2910614013671875,0.95782470703125,0.0699310302734375,-0.0121456123888492,-0.5563790798187256,-0.1575097292661667
26,1.0325,0.3218,0,1,0.25750732421875,0.9660186767578124,0.0700836181640625,-0.1155316531658172,-0.7953938245773315,-0.1039471700787544
27,1.0349,0.3161,0,1,0.3231201171875,0.952178955078125,0.0772552490234375,-0.0198983401060104,-0.9119808673858644,-0.202989861369133
28,1.0344,0.328,0,1,0.3981781005859375,0.9300994873046876,0.18560791015625,0.1277190744876861,-1.011009931564331,-0.2316470742225647
29,1.0315,0.3601,0,1,0.319366455078125,0.9172515869140624,0.2825469970703125,-0.0008828379213809,-0.951219081878662,-0.1038044244050979
30,1.0272,0.4129,0,1,0.149993896484375,0.973724365234375,0.2489471435546875,-0.1051546484231948,-0.1180352941155433,0.0825534686446189
31,1.0223,0.4817,0,1,0.0742645263671875,1.00909423828125,0.1669921875,-0.1734681874513626,0.7674772143363953,0.0009116000146605
32,1.0178,0.5575,0,1,0.0727081298828125,1.0255889892578125,0.075164794921875,-0.284591794013977,1.276269555091858,-0.1539032757282257
33,1.0141,0.633,0,1,0.0703125,1.008880615234375,0.037841796875,-0.4166555404663086,1.4605939388275146,-0.2437122613191604
34,1.0117,0.7067,0,1,0.096466064453125,0.9391021728515624,-0.0006561279296875,-0.4588224291801452,1.4031364917755127,-0.2286773920059204
35,1.0103,0.7821,0,1,0.1564178466796875,0.9259033203125,-0.03912353515625,-0.3584337830543518,1.1931145191192627,-0.124335803091526
36,1.0091,0.8624,0,1,0.2778472900390625,0.8826446533203125,-0.0749359130859375,-0.1345122754573822,0.9739640951156616,-0.1664419770240783
37,1.007,0.9462,0,1,0.370452880859375,0.904266357421875,-0.084930419921875,0.1529155075550079,0.7123205065727234,0.0798572823405265
38,1.0032,1.0263,0,1,0.3914031982421875,0.975830078125,-0.055206298828125,0.3076017498970032,0.2302851378917694,0.3623986840248108
39,0.9981,1.0918,0,1,0.321929931640625,0.9807281494140624,0.005615234375,0.2966436445713043,-0.4249848425388336,0.4677474796772003
40,0.9927,1.1327,0,1,0.228118896484375,1.0080413818359375,0.1091461181640625,0.1430021673440933,-1.3427327871322632,0.1993368119001388
41,0.9885,1.1455,0,1,0.11737060546875,1.0126190185546875,0.1258392333984375,-0.0778252929449081,-1.8494234085083008,-0.2051038891077041
42,0.9867,1.1369,0,1,0.209686279296875,0.9378204345703124,0.23040771484375,0.2457839399576187,-0.9996199011802672,-0.4924323260784149
43,0.9874,1.1193,0,1,0.2743682861328125,0.91302490234375,0.31231689453125,-0.0139070274308323,-0.6929025650024414,-0.2985552549362182
44,0.9905,1.1021,0,1,0.3705902099609375,0.8765106201171875,0.3390350341796875,-0.4356124699115753,-0.4351283013820648,-0.0151746915653347
45,0.995,1.0873,0,1,0.375518798828125,0.9004058837890625,0.3560791015625,-0.8225444555282593,-0.1322584450244903,0.2680943012237549
46,1.0003,1.0722,0,1,0.3157958984375,0.9061279296875,0.3651885986328125,-1.051211953163147,0.3350978195667267,0.3301294445991516
47,1.0057,1.0549,0,1,0.268310546875,0.9001312255859375,0.3866424560546875,-1.1181707382202148,0.9561222195625304,0.1220840960741043
48,1.0108,1.0382,0,1,0.314666748046875,0.840606689453125,0.4102935791015625,-1.1508432626724243,1.5572214126586914,-0.0890257433056831
49,1.0152,1.0304,0,1,0.3467254638671875,0.7977447509765625,0.344024658203125,-1.1469215154647827,1.938456654548645,0.0622865445911884
50,1.0181,1.0437,0,1,0.40155029296875,0.835845947265625,0.315032958984375,-1.04097318649292,1.7959604263305664,0.3346775770187378
51,1.0188,1.0888,0,1,0.3637237548828125,0.966094970703125,0.397186279296875,-0.9335391521453856,1.2377395629882812,0.4637122750282287
52,1.0175,1.1694,0,1,0.2750091552734375,1.0408935546875,0.475311279296875,-0.8631595373153687,0.976398766040802,0.4492467641830444
53,1.0159,1.2778,0,1,0.1491241455078125,1.0491180419921875,0.451019287109375,-0.73537677526474,0.8534427285194397,0.4276304244995117
54,1.0162,1.3977,0,1,0.050628662109375,1.0023345947265625,0.3931884765625,-0.4600123465061188,0.753226637840271,0.3689950704574585
55,1.0201,1.5077,0,1,0.08514404296875,0.89654541015625,0.3324737548828125,-0.2798787951469421,0.3712649047374725,0.259078711271286
56,1.0277,1.5867,0,1,0.1497955322265625,0.8694000244140625,0.3915252685546875,-0.2052697986364364,0.287279725074768,0.1783763915300369
57,1.037,1.6166,0,1,0.21588134765625,0.8412628173828125,0.3311309814453125,-0.2626478672027588,0.123277723789215,0.151726946234703
58,1.0452,1.5866,0,1,0.24365234375,0.8076171875,0.3105316162109375,-0.3054323494434356,-0.4340973794460296,0.0923168808221817
59,1.0493,1.4959,0,1,0.2447967529296875,0.8047943115234375,0.341796875,-0.220267653465271,-0.6693642139434814,0.0358109958469867
60,1.0474,1.3547,0,1,0.2479248046875,0.7930755615234375,0.380828857421875,-0.1193788573145866,-0.7755681872367859,-0.0092904372140765
61,1.0387,1.182,0,1,0.25634765625,0.7639617919921875,0.432891845703125,-0.0798402354121208,-0.7934864163398743,-0.0153147736564278
62,1.0236,1.0006,0,1,0.250213623046875,0.7093963623046875,0.390350341796875,-0.0188903342932462,-0.741355836391449,-0.0144340666010975
63,1.0034,0.8317,0,1,0.3356475830078125,0.724365234375,0.372772216796875,0.1481002569198608,-0.4557454288005829,-0.000132359098643
64,0.9801,0.6909,0,1,0.3889923095703125,0.7509918212890625,0.3931884765625,0.329127550125122,-0.4704516530036926,0.0576065704226493
65,0.9556,0.5858,0,1,0.4085540771484375,0.753753662109375,0.4369964599609375,0.3875804841518402,-0.658035933971405,0.0533148869872093
66,0.9326,0.5185,0,1,0.3497772216796875,0.736480712890625,0.4542083740234375,0.4135175347328186,-0.858570396900177,0.0566385127604007
67,0.9133,0.4879,0,1,0.26446533203125,0.753204345703125,0.4320526123046875,0.4511120617389679,-0.773253321647644,0.1059224382042884
68,0.8995,0.491,0,1,0.248870849609375,0.809814453125,0.44854736328125,0.4780640304088592,-0.8367854356765747,0.1096524596214294
69,0.8918,0.5234,0,1,0.2953948974609375,0.878265380859375,0.510589599609375,0.3949664831161499,-0.9046486616134644,0.1133260279893875
70,0.8906,0.5787,0,1,0.315460205078125,0.882598876953125,0.5451202392578125,0.2581886649131775,-0.998306691646576,0.0509542599320411
71,0.8961,0.6497,0,1,0.3050384521484375,0.84844970703125,0.598388671875,0.1929859668016433,-0.9925710558891296,-0.052027516067028
72,0.9086,0.7288,0,1,0.2896575927734375,0.782440185546875,0.6077728271484375,0.1635282039642334,-0.7541465163230896,-0.1306192576885223
73,0.9272,0.8075,0,1,0.3238067626953125,0.77874755859375,0.5956268310546875,0.1397935897111892,-0.5344351530075073,-0.1544082164764404
74,0.9503,0.8767,0,1,0.4212799072265625,0.8429107666015625,0.61798095703125,0.0643928349018096,-0.4149146378040313,-0.1516113579273224
75,0.9759,0.9267,0,1,0.5277557373046875,0.9398956298828124,0.5537567138671875,-0.0509041920304298,-0.3924244940280914,-0.109670303761959
76,1.0027,0.9496,0,1,0.651885986328125,1.0353240966796875,0.464996337890625,-0.0292132794857025,-0.210198774933815,0.055759135633707
77,1.0306,0.9403,0,1,0.7439422607421875,1.1402130126953125,0.3746185302734375,-0.0313102528452873,0.036423522979021,0.2995273172855377
78,1.0606,0.8983,0,1,0.680084228515625,1.194183349609375,0.2926025390625,-0.169844701886177,0.0809276029467582,0.4579963386058807
79,1.0944,0.8282,0,1,0.5512237548828125,1.1715240478515625,0.1785736083984375,-0.3642040491104126,-0.0194546580314636,0.4230053126811981
80,1.1323,0.7393,0,1,0.3765869140625,1.0608673095703125,0.0676422119140625,-0.2089177966117859,0.0093682017177343,0.3567762374877929
81,1.1723,0.6434,0,1,0.1385345458984375,0.920257568359375,-0.054840087890625,0.1206776797771453,-0.129726842045784,0.1888162493705749
82,1.2096,0.5514,0,1,0.003265380859375,0.9128875732421876,-0.1122589111328125,0.680159866809845,-0.4922480285167694,-0.0549338236451149
83,1.2375,0.4728,0,1,-0.000274658203125,0.99749755859375,-0.019561767578125,1.1237519979476929,-0.3976078033447265,-0.4097574353218078
84,1.2505,0.4179,0,1,0.22119140625,1.0062713623046875,-0.0694580078125,1.2129398584365845,-0.0133237950503826,-0.5539404153823853
85,1.2461,0.3971,0,1,0.24176025390625,1.0428924560546875,-0.00830078125,1.0276981592178345,0.1534100621938705,-0.3306916356086731
86,1.2255,0.417,0,1,0.2162322998046875,1.02679443359375,0.0428314208984375,0.5633413791656494,0.3278716206550598,-0.2996759414672851
87,1.1926,0.4759,0,1,0.23504638671875,0.939788818359375,0.041595458984375,0.1964869648218155,0.5353443622589111,-0.3275424540042877
88,1.1525,0.5629,0,1,0.223541259765625,0.91168212890625,0.0139007568359375,0.1739888340234756,0.654082715511322,-0.2906022667884826
89,1.1099,0.662,0,1,0.2245025634765625,0.9222869873046876,0.0085296630859375,0.3671601712703705,0.5137996673583984,-0.2494087666273117
90,1.0685,0.7572,0,1,0.2369537353515625,0.95086669921875,0.05267333984375,0.5637214183807373,0.3643766343593597,-0.2508170306682586
91,1.031,0.8356,0,1,0.2472381591796875,0.9517974853515624,0.0892791748046875,0.5442406535148621,0.3239160180091858,-0.265874296426773
92,0.9994,0.889,0,1,0.242767333984375,0.95697021484375,0.1021728515625,0.3487348258495331,0.2933799624443054,-0.1962438076734542
93,0.9752,0.9137,0,1,0.22735595703125,0.9916534423828124,0.09442138671875,0.1299830377101898,0.3096713125705719,-0.1678340137004852
94,0.9591,0.9089,0,1,0.2144012451171875,1.004791259765625,0.0703277587890625,-0.002052764641121,0.4113459885120392,-0.1836222857236862
95,0.9512,0.8767,0,1,0.20623779296875,0.9876708984375,0.052947998046875,-0.0437373593449592,0.5210407972335815,-0.2145897895097732
96,0.9507,0.8224,0,1,0.2088775634765625,0.9601287841796876,0.0439910888671875,-0.0491944439709186,0.5771527886390686,-0.2244786471128463
97,0.9562,0.7543,0,1,0.219085693359375,0.9513397216796876,0.0355682373046875,-0.0573969781398773,0.5606212615966797,-0.1991866081953048
98,0.9656,0.682,0,1,0.238494873046875,0.97491455078125,0.0329437255859375,-0.0780721679329872,0.5068932771682739,-0.1457790434360504
99,0.9768,0.6143,0,1,0.2648773193359375,1.0181732177734375,0.028900146484375,-0.1562300771474838,0.4082072079181671,-0.1031673997640609
100,0.988,0.5572,0,1,0.25604248046875,0.974609375,0.0142974853515625,-0.2416648268699646,0.2717332541942596,-0.0706294253468513
101,0.9981,0.513,0,1,0.2675933837890625,0.92254638671875,-0.0017242431640625,-0.2054098844528198,0.0645105466246604,-0.0822804942727088
102,1.0064,0.4804,0,1,0.3271026611328125,0.9171600341796876,-0.02294921875,0.1105869635939598,-0.1995522528886795,-0.1481737494468689
103,1.0121,0.4565,0,1,0.344573974609375,0.902313232421875,0.000823974609375,0.5980991125106812,-0.5568552613258362,-0.2191251665353775
104,1.0146,0.4399,0,1,0.2713165283203125,0.8707733154296875,0.1486663818359375,0.7212026715278625,-1.0843907594680786,-0.2020212709903717
105,1.0136,0.4344,0,1,0.169189453125,0.9541473388671876,0.2936859130859375,0.2360727190971374,-1.6552656888961792,-0.0762532278895378
106,1.0095,0.4492,0,1,0.0852508544921875,1.018280029296875,0.2740631103515625,-0.2721726596355438,-1.265511989593506,-0.0624149069190025
107,1.0034,0.493,0,1,0.076202392578125,1.0582122802734375,0.185699462890625,-0.496980756521225,-0.4342625141143799,-0.0429416075348854
108,0.9972,0.5672,0,1,0.083221435546875,1.034393310546875,0.090301513671875,-0.5193097591400146,0.2338596284389495,-0.007815845310688
109,0.9929,0.6623,0,1,0.075408935546875,0.928009033203125,0.048553466796875,-0.411580353975296,0.5681436061859131,0.0318444818258285
110,0.9912,0.7624,0,1,0.1253509521484375,0.885955810546875,0.0261993408203125,-0.1777742505073547,0.7137426137924194,-0.0987675860524177
111,0.9914,0.8518,0,1,0.2314300537109375,0.8774261474609375,0.0175628662109375,0.0320764444768428,0.9104271531105042,-0.2235300242900848
112,0.992,0.92,0,1,0.3111419677734375,0.95855712890625,0.0018463134765625,0.1462956964969635,0.9954832196235656,-0.0522709265351295
113,0.9914,0.963,0,1,0.3678741455078125,1.0330047607421875,-0.0132598876953125,0.2099004983901977,0.9018658995628356,0.159647449851036
114,0.9897,0.9826,0,1,0.3983306884765625,0.9899139404296876,-0.0135345458984375,0.3103877007961273,0.4565683305263519,0.3143920302391052
115,0.9881,0.9828,0,1,0.3728790283203125,0.917755126953125,0.1016082763671875,0.286763072013855,-0.8480735421180725,0.3572041988372803
116,0.9879,0.969,0,1,0.3227691650390625,0.934783935546875,0.2342529296875,-0.004554271697998,-1.8983217477798464,0.1731677800416946
117,0.9897,0.9502,0,1,0.297210693359375,0.9295501708984376,0.4237213134765625,-0.1787420511245727,-1.210574984550476,0.0335422456264495
118,0.9936,0.9373,0,1,0.227874755859375,0.905029296875,0.4351654052734375,-0.4536590874195099,-0.0826698467135429,-0.065908707678318
119,0.9994,0.9368,0,1,0.2451171875,0.9500579833984376,0.4173431396484375,-0.5411474108695984,0.6632448434829712,-0.0221412554383277
120,1.0067,0.9471,0,1,0.2397918701171875,0.94622802734375,0.3462982177734375,-0.5502908229827881,1.085793137550354,-0.0987625271081924
121,1.0148,0.9636,0,1,0.248077392578125,0.9207916259765624,0.345001220703125,-0.5994653105735779,1.297321081161499,-0.1457462757825851
122,1.023,0.9843,0,1,0.280731201171875,0.8724212646484375,0.289337158203125,-0.6955761313438416,1.5377075672149658,-0.0585956685245037
123,1.0301,1.0114,0,1,0.3359375,0.83123779296875,0.28118896484375,-0.7978396415710449,1.4376670122146606,0.1845216453075409
124,1.0347,1.0493,0,1,0.3986663818359375,0.8746490478515625,0.3582916259765625,-1.1390166282653809,0.8460109233856201,0.5026727318763733
125,1.036,1.1013,0,1,0.4424896240234375,0.9648284912109376,0.465484619140625,-1.5597317218780518,0.5634157061576843,0.5574054718017578
126,1.0345,1.1679,0,1,0.48138427734375,0.95013427734375,0.44769287109375,-1.8850493431091309,0.5973837971687317,0.3887045979499817
127,1.0323,1.2481,0,1,0.3283538818359375,0.9388275146484376,0.4533538818359375,-1.862914443016052,0.4543509781360626,0.3290367424488067
128,1.0316,1.34,0,1,0.149688720703125,0.939910888671875,0.509185791015625,-1.5965511798858645,0.0746478736400604,0.2639533579349518
129,1.0339,1.439,0,1,0.1128692626953125,0.86175537109375,0.5204620361328125,-1.216468095779419,-0.1007812023162841,0.2543563842773437
130,1.0391,1.5362,0,1,0.1798095703125,0.79925537109375,0.455902099609375,-0.934708535671234,0.1969737857580185,0.3519375324249267
131,1.0457,1.6182,0,1,0.2223358154296875,0.7349090576171875,0.3392181396484375,-0.575616180896759,0.2130246609449386,0.3195327222347259
132,1.0507,1.6699,0,1,0.243927001953125,0.76019287109375,0.3984375,-0.3168953955173492,0.0036176380235701,0.2515369057655334
133,1.0511,1.6774,0,1,0.2162017822265625,0.7866668701171875,0.423919677734375,-0.2811054289340973,-0.2729156911373138,0.1120700761675834
134,1.0448,1.6318,0,1,0.2088165283203125,0.7451171875,0.4135589599609375,-0.1667133569717407,-0.3472266793251037,-0.030712105333805
135,1.0314,1.5317,0,1,0.2311553955078125,0.661163330078125,0.385284423828125,0.1447068452835083,-0.4142094254493713,-0.1245911940932273
136,1.0114,1.3843,0,1,0.26348876953125,0.615753173828125,0.409088134765625,0.5259695053100586,-0.5426265001296997,-0.170320063829422
137,0.9857,1.2053,0,1,0.2718658447265625,0.612457275390625,0.419036865234375,0.8037473559379578,-0.5708799958229065,-0.1989269405603408
138,0.9558,1.0165,0,1,0.27947998046875,0.6399383544921875,0.417877197265625,0.9918623566627502,-0.566502034664154,-0.2256160825490951
139,0.9236,0.8423,0,1,0.3357086181640625,0.7140350341796875,0.43096923828125,1.141608953475952,-0.6933928728103638,-0.2630217671394348
140,0.8918,0.7053,0,1,0.376556396484375,0.792999267578125,0.5257568359375,1.1677955389022827,-0.922315776348114,-0.2375880628824234
141,0.8639,0.6223,0,1,0.4015960693359375,0.826690673828125,0.650970458984375,0.8290154337882996,-1.1307060718536377,-0.1566359549760818
142,0.8443,0.6016,0,1,0.3577117919921875,0.801025390625,0.6638641357421875,0.3490117788314819,-1.0158792734146118,-0.0934047847986221
143,0.8368,0.6405,0,1,0.30670166015625,0.773590087890625,0.677001953125,0.100306361913681,-0.7567659616470337,-0.0932756215333938
144,0.8435,0.7247,0,1,0.3317718505859375,0.746978759765625,0.7400054931640625,0.086519181728363,-0.4212577641010284,-0.0763906463980674
145,0.8643,0.8312,0,1,0.422332763671875,0.7673187255859375,0.7980499267578125,0.0381338037550449,-0.190038651227951,0.0074699004180729
146,0.8971,0.933,0,1,0.5061798095703125,0.8576202392578125,0.7672576904296875,-0.1717320829629898,-0.0845468416810035,0.0961100235581398
147,0.9393,1.0057,0,1,0.639892578125,0.992401123046875,0.714813232421875,-0.337646484375,-0.1004760041832923,0.239573448896408
148,0.9885,1.0335,0,1,0.74798583984375,1.12713623046875,0.6835479736328125,-0.6378433108329773,0.1996076554059982,0.518757700920105
149,1.0433,1.0134,0,1,0.610626220703125,1.170654296875,0.396148681640625,-0.7705923318862915,0.2864128649234772,0.6459869742393494
150,1.1024,0.9552,0,1,0.3813018798828125,1.1799163818359375,0.3151092529296875,-0.5051441192626953,0.0116292256861925,0.4667618572711944
151,1.163,0.8752,0,1,0.2089080810546875,1.070770263671875,0.096832275390625,-0.2704671621322632,0.2330569475889206,0.2004659920930862
152,1.2204,0.7888,0,1,0.1588134765625,0.902557373046875,0.03179931640625,0.0221207477152347,-0.0292393788695335,-0.0757648050785064
153,1.2677,0.7056,0,1,0.16448974609375,0.882476806640625,0.0504913330078125,0.4148368835449219,-0.5265812277793884,-0.1446639746427536
154,1.2979,0.631,0,1,0.19622802734375,0.9790802001953124,0.053955078125,1.0422807931900024,-0.6006094217300415,-0.236724391579628
155,1.3062,0.5713,0,1,0.2879638671875,1.066070556640625,0.0280914306640625,1.586931586265564,-0.0188160315155982,-0.3064395487308502
156,1.2921,0.537,0,1,0.349578857421875,1.0597686767578125,-0.004913330078125,1.6252292394638062,0.617987871170044,-0.287589967250824
157,1.2594,0.5401,0,1,0.3587493896484375,0.9903564453125,-0.041412353515625,1.259048581123352,0.8160463571548462,-0.1740639358758926
158,1.2147,0.5883,0,1,0.3251495361328125,0.98016357421875,-0.0264739990234375,0.7851600646972656,0.6765590310096741,-0.1430215984582901
159,1.1652,0.6797,0,1,0.264923095703125,0.969390869140625,-0.0431060791015625,0.4438847601413727,0.4430152475833893,-0.1511314660310745
160,1.1166,0.8,0,1,0.193389892578125,0.9645843505859376,-0.048370361328125,0.4342728853225708,0.1198004335165023,-0.1666158735752105
161,1.0733,0.9269,0,1,0.1532440185546875,0.9553070068359376,0.02691650390625,0.6157265901565552,-0.0662935376167297,-0.2785533368587494
162,1.0375,1.0368,0,1,0.149444580078125,0.9401702880859376,0.09332275390625,0.738425612449646,0.0797313153743743,-0.4195250868797302
163,1.01,1.1128,0,1,0.1573638916015625,0.9401702880859376,0.120025634765625,0.7100259065628052,0.2670785784721374,-0.5023429989814758
164,0.9904,1.1477,0,1,0.1612091064453125,0.9550933837890624,0.1301116943359375,0.5798346400260925,0.3379990756511688,-0.5144686698913574
165,0.9774,1.1433,0,1,0.181610107421875,0.9808197021484376,0.1335601806640625,0.3829236924648285,0.2139495760202407,-0.4492821991443634
166,0.9701,1.1062,0,1,0.2016143798828125,0.9828948974609376,0.116302490234375,0.2217315882444381,0.1182182505726814,-0.258107990026474
167,0.9674,1.044,0,1,0.2005767822265625,0.976898193359375,0.1326446533203125,0.1148440241813659,0.2105404585599899,-0.1596051007509231
168,0.9683,0.9632,0,1,0.2401123046875,0.928802490234375,0.125396728515625,0.0520690605044364,0.5404011607170105,-0.2133863121271133
169,0.9719,0.8703,0,1,0.2761688232421875,0.89349365234375,0.1162872314453125,0.0293775964528322,0.6561298966407776,-0.1403592377901077
170,0.9768,0.7734,0,1,0.2900390625,0.9727630615234376,0.1154632568359375,-0.0671880915760994,0.4854178428649902,-0.0339600965380668
171,0.9818,0.6811,0,1,0.240447998046875,1.0419464111328125,0.080291748046875,-0.1719720214605331,0.4669466912746429,0.0720297172665596
172,0.9866,0.6006,0,1,0.1843719482421875,1.0177764892578125,0.0408782958984375,-0.2224850058555603,0.4322350323200226,0.051858402788639
173,0.9913,0.5363,0,1,0.221588134765625,0.9915008544921876,0.0335540771484375,-0.0787672474980354,0.2887801229953766,-0.0353718400001525
174,0.9962,0.489,0,1,0.2936553955078125,0.9643402099609376,0.024444580078125,0.3277773261070251,0.2214154750108719,-0.2440145313739776
175,1.0014,0.4574,0,1,0.3184356689453125,0.8601837158203125,0.1258544921875,0.6281861662864685,-0.1140623912215232,-0.2960191369056701
176,1.0062,0.44,0,1,0.2104339599609375,0.889129638671875,0.3240814208984375,0.2340726852416992,-1.0148566961288452,-0.0201995447278022
177,1.0096,0.4373,0,1,0.1188507080078125,0.95440673828125,0.3025360107421875,-0.3294918835163116,-0.7160542607307434,0.1706481724977493
178,1.0109,0.4509,0,1,0.0792999267578125,1.05645751953125,0.1852569580078125,-0.4821288287639618,0.1548132747411728,0.2551193833351135
179,1.0104,0.4806,0,1,0.0640411376953125,1.0892486572265625,0.0908050537109375,-0.4870897531509399,0.6492858529090881,0.2074954062700271
180,1.0093,0.5231,0,1,0.04840087890625,1.0330963134765625,0.0484466552734375,-0.428757756948471,0.8013888597488403,0.0780684351921081
181,1.009,0.5742,0,1,0.1010894775390625,0.9065704345703124,0.00030517578125,-0.2363254576921463,0.774371862411499,-0.0695543065667152
182,1.0096,0.6295,0,1,0.21405029296875,0.7997589111328125,-0.0108489990234375,0.0365558788180351,0.8810325264930725,-0.234445258975029
183,1.01,0.6853,0,1,0.2880096435546875,0.8003997802734375,-0.011016845703125,0.2445737868547439,0.9439470767974854,-0.0942274332046508
184,1.0081,0.7389,0,1,0.383209228515625,0.926727294921875,-0.0092315673828125,0.3997955918312073,0.8848618865013123,0.1520577073097229
185,1.0025,0.7883,0,1,0.4230804443359375,1.0117034912109375,-0.01715087890625,0.5137618780136108,0.4724176228046417,0.393204003572464
186,0.9938,0.832,0,1,0.3907318115234375,1.00836181640625,0.030242919921875,0.6448700428009033,-0.4459761381149292,0.4537906646728515
187,0.9844,0.8695,0,1,0.292205810546875,1.0036468505859375,0.23553466796875,0.440496951341629,-2.2575628757476807,0.1992648988962173
188,0.9775,0.9056,0,1,0.3466949462890625,0.9373626708984376,0.414947509765625,-0.061912901699543,-2.5390214920043945,-0.055953811854124
189,0.9752,0.9515,0,1,0.2150726318359375,0.8928070068359375,0.6541900634765625,-0.2377185523509979,-0.8080400824546814,0.1013271510601043
190,0.979,1.0166,0,1,0.19451904296875,0.9496612548828124,0.52459716796875,-0.3666214048862457,0.3193516135215759,0.0567642115056514
191,0.989,1.098,0,1,0.2498931884765625,0.945068359375,0.4334259033203125,-0.156528890132904,0.9616214036941528,0.021305289119482
192,1.0043,1.1813,0,1,0.30401611328125,0.9257659912109376,0.3314971923828125,-0.1685179024934768,1.4643540382385254,0.0485435687005519
193,1.0227,1.2523,0,1,0.313232421875,0.89105224609375,0.227752685546875,-0.3235173523426056,1.6734700202941897,0.0957156047224998
194,1.0412,1.3049,0,1,0.2921142578125,0.8495025634765625,0.1281585693359375,-0.4440869092941284,1.5276647806167605,0.1691501438617706
195,1.0564,1.3409,0,1,0.2775421142578125,0.865386962890625,0.1495513916015625,-0.4925540387630462,1.046782374382019,0.1390923708677292
196,1.0653,1.3642,0,1,0.315673828125,0.9368896484375,0.3092193603515625,-0.6985689997673035,0.5086424350738525,0.0259066987782716
197,1.0664,1.3761,0,1,0.373077392578125,0.957855224609375,0.4889984130859375,-1.10635244846344,0.3287430107593536,-0.0355627872049808
198,1.0608,1.3757,0,1,0.383209228515625,0.938751220703125,0.557769775390625,-1.5299031734466553,0.2994290590286255,0.0213220659643411
199,1.0515,1.3639,0,1,0.35113525390625,0.8935546875,0.5032958984375,-1.5322986841201782,0.3397839367389679,0.2267905324697494
200,1.0422,1.3453,0,1,0.26629638671875,0.837890625,0.4793701171875,-1.1307151317596436,0.4860244989395141,0.2959373891353607
201,1.0354,1.3261,0,1,0.1633148193359375,0.800201416015625,0.4322052001953125,-0.7422152757644653,0.6109051704406738,0.3187018036842346
202,1.0315,1.3094,0,1,0.154449462890625,0.8114776611328125,0.383453369140625,-0.3932098746299743,0.6469507813453674,0.3091458678245544
203,1.0292,1.2937,0,1,0.2042694091796875,0.8965606689453125,0.39208984375,-0.1858662664890289,0.5462385416030884,0.2651437819004059
204,1.0267,1.2731,0,1,0.2443389892578125,0.9124603271484376,0.3820343017578125,-0.1135297566652298,0.4358135163784027,0.1693999469280243
205,1.0229,1.2402,0,1,0.2700347900390625,0.849395751953125,0.3538818359375,-0.1628317981958389,0.1019055917859077,0.0958482325077056
206,1.0175,1.188,0,1,0.2478790283203125,0.76025390625,0.3790130615234375,-0.2102634906768798,-0.3518845438957214,0.0310255605727434
207,1.0105,1.1127,0,1,0.2401580810546875,0.7210845947265625,0.4278106689453125,-0.1653628647327423,-0.5370250940322876,-0.0041814292781054
208,1.0014,1.0153,0,1,0.230133056640625,0.699737548828125,0.4508819580078125,-0.0038112497422844,-0.5047497153282166,-0.0355143174529075
209,0.9898,0.9029,0,1,0.2929229736328125,0.70709228515625,0.4728240966796875,0.1913409382104873,-0.4545267522335052,-0.0064328657463192
210,0.9755,0.7853,0,1,0.3066253662109375,0.715118408203125,0.490997314453125,0.3275062143802643,-0.5439708828926086,0.0214094184339046
211,0.9594,0.6735,0,1,0.2928466796875,0.72259521484375,0.5009307861328125,0.3911592364311218,-0.4905689060688019,0.0429466664791107
212,0.9428,0.5773,0,1,0.2620391845703125,0.76104736328125,0.506988525390625,0.3466692566871643,-0.5512911081314087,0.0955776572227478
213,0.9275,0.5043,0,1,0.264007568359375,0.78375244140625,0.5374908447265625,0.2710586786270141,-0.6431012153625488,0.0797049477696418
214,0.9153,0.4585,0,1,0.2904510498046875,0.7780609130859375,0.5622100830078125,0.2778420150279999,-0.4860410094261169,0.1048023104667663
215,0.9079,0.4401,0,1,0.2902374267578125,0.7728424072265625,0.5467681884765625,0.2762819230556488,-0.3643422722816467,0.1326259523630142
216,0.9061,0.445,0,1,0.254638671875,0.7882843017578125,0.5877838134765625,0.2206426262855529,-0.4144459068775177,0.0212810542434453
217,0.9103,0.4659,0,1,0.2525787353515625,0.7801055908203125,0.6648101806640625,0.0966788753867149,-0.3927914798259735,-0.0951078757643699
218,0.9201,0.4945,0,1,0.3236541748046875,0.7277984619140625,0.7154693603515625,-0.0684365779161453,-0.4515357613563537,-0.1362891346216201
219,0.9348,0.5227,0,1,0.4548492431640625,0.7069549560546875,0.7204132080078125,-0.1497905552387237,-0.4506222903728485,-0.0045052696950733
220,0.9536,0.5446,0,1,0.5586395263671875,0.79693603515625,0.5254669189453125,0.068439245223999,0.0133456327021121,0.226479485630989
221,0.9755,0.5565,0,1,0.6881561279296875,0.942138671875,0.38427734375,0.4027168154716491,0.0994522869586944,0.4361371099948883
222,1.0001,0.5571,0,1,0.787200927734375,1.255340576171875,0.4544830322265625,0.436419665813446,-0.0070352726615965,0.6380395889282227
223,1.0287,0.5487,0,1,0.6973419189453125,1.667022705078125,0.45098876953125,-0.1119635552167892,0.1061517372727394,0.57696533203125
224,1.0648,0.5368,0,1,0.44476318359375,1.3136444091796875,-0.0020751953125,-0.0285906326025724,0.8890297412872314,0.225253626704216
225,1.1115,0.5276,0,1,0.23211669921875,0.9053802490234376,-0.0731658935546875,0.3510038256645202,0.7239238619804382,0.0112595790997147
226,1.1667,0.527,0,1,0.1267852783203125,0.765411376953125,-0.082916259765625,0.5623022317886353,-0.5943368673324585,-0.105779156088829
227,1.2222,0.5393,0,1,0.237152099609375,0.8444976806640625,0.019195556640625,0.9346417188644408,-1.3280556201934814,0.0070182285271584
228,1.2662,0.5687,0,1,0.2532806396484375,0.9726104736328124,0.010986328125,1.0737208127975464,-0.8950804471969604,0.1955955922603607
229,1.2895,0.619,0,1,0.252960205078125,1.0909423828125,0.02239990234375,0.7994926571846008,-0.604915201663971,0.1380864977836609
230,1.2886,0.6908,0,1,0.264862060546875,1.045684814453125,-0.0135498046875,0.5219388008117676,-0.0510085895657539,0.0391559228301048
231,1.2657,0.7772,0,1,0.18597412109375,0.9562225341796876,-0.0145416259765625,0.3812996745109558,0.3882856965065002,-0.0189089756458997
232,1.2262,0.8645,0,1,0.160980224609375,0.87628173828125,-0.00067138671875,0.3484530448913574,0.6334754824638367,-0.1716881394386291
233,1.1765,0.938,0,1,0.1611480712890625,0.8363800048828125,0.0185699462890625,0.4325340986251831,0.74635249376297,-0.2818681597709656
234,1.122,0.9876,0,1,0.179412841796875,0.874786376953125,0.048004150390625,0.5499744415283203,0.7923444509506226,-0.3359540402889251
235,1.0669,1.011,0,1,0.2264862060546875,0.962371826171875,0.0690765380859375,0.6172613501548767,0.7364606857299805,-0.3041156828403473
236,1.0154,1.0116,0,1,0.2153778076171875,1.0316925048828125,0.0955963134765625,0.6013374924659729,0.5745522379875183,-0.2523126602172851
237,0.9714,0.9961,0,1,0.1802520751953125,1.060882568359375,0.1202392578125,0.4932568371295929,0.3390425145626068,-0.3078867197036743
238,0.9386,0.9703,0,1,0.1740875244140625,1.0407562255859375,0.1363372802734375,0.3449656367301941,0.1722902804613113,-0.39525306224823
239,0.9194,0.9376,0,1,0.18499755859375,1.021392822265625,0.1340484619140625,0.1815540790557861,0.1027833670377731,-0.4123473465442657
240,0.9145,0.8988,0,1,0.198822021484375,1.0128936767578125,0.1144561767578125,0.0107921939343214,0.0667262971401214,-0.3407341539859772
241,0.9224,0.853,0,1,0.2120208740234375,1.017913818359375,0.0881805419921875,-0.0608468391001224,0.1297260373830795,-0.2308260202407837
242,0.9402,0.7991,0,1,0.2559051513671875,1.0167388916015625,0.07763671875,-0.0133304530754685,0.3673910498619079,-0.339407354593277
243,0.9642,0.7375,0,1,0.2999267578125,0.9697418212890624,0.0640869140625,0.0549673773348331,0.612603485584259,-0.4014078676700592
244,0.9904,0.6723,0,1,0.330596923828125,0.913360595703125,0.0461883544921875,0.0816738232970237,0.6782969832420349,-0.3825827836990356
245,1.0151,0.6104,0,1,0.3531951904296875,0.857696533203125,0.0395965576171875,0.1087714880704879,0.4400937557220459,-0.3012759685516357
246,1.0349,0.5589,0,1,0.4084930419921875,0.8175506591796875,0.06121826171875,0.1854361742734909,-0.1779790520668029,-0.1724319607019424
247,1.0471,0.522,0,1,0.3795013427734375,0.83221435546875,0.1943359375,0.2327959686517715,-1.0024327039718628,-0.0288095436990261
248,1.0504,0.5014,0,1,0.2587890625,0.87139892578125,0.3515777587890625,0.0921847894787788,-1.0740667581558228,0.059573583304882
249,1.045,0.4988,0,1,0.0858001708984375,0.9766845703125,0.3988494873046875,-0.1198419854044914,-0.2647690773010254,0.2429439425468444
250,1.033,0.5145,0,1,0.0129241943359375,1.058807373046875,0.27862548828125,-0.2805371284484863,0.8395692706108093,0.1375762373208999
251,1.018,0.5463,0,1,0.0224456787109375,1.1128082275390625,0.0906982421875,-0.3688600659370422,1.633162498474121,-0.0520544126629829
252,1.0041,0.5932,0,1,0.0132293701171875,1.1279449462890625,-0.00543212890625,-0.3051705658435821,1.9497324228286743,-0.2228812873363495
253,0.9949,0.6588,0,1,0.0385589599609375,1.0449371337890625,-0.0647430419921875,-0.2132129371166229,1.769918441772461,-0.3765802979469299
254,0.9924,0.7484,0,1,0.1128082275390625,0.9104461669921876,-0.15374755859375,-0.132901057600975,1.002031683921814,-0.3100287020206451
255,0.9963,0.8614,0,1,0.22705078125,0.84893798828125,-0.1021270751953125,-0.003801928833127,0.0746441408991813,-0.2186774760484695
256,1.004,0.9856,0,1,0.354736328125,0.8225555419921875,-0.063079833984375,0.1289521157741546,-0.5337909460067749,-0.0959552899003028
257,1.0118,1.1,0,1,0.43695068359375,0.8951416015625,-0.038482666015625,0.2910808324813843,-1.0284401178359983,0.2420587092638015
258,1.0168,1.1858,0,1,0.4496917724609375,0.9716644287109376,-0.0116424560546875,0.4595867693424225,-1.4764927625656128,0.572632372379303
259,1.0177,1.2366,0,1,0.432861328125,0.994964599609375,0.1582183837890625,0.5575780272483826,-2.528298139572144,0.624862551689148
260,1.0157,1.2623,0,1,0.4222564697265625,0.9537353515625,0.4027252197265625,0.4000217020511627,-2.8235905170440674,0.4091030955314636
261,1.0131,1.2847,0,1,0.2400665283203125,0.973052978515625,0.653167724609375,-0.0156189072877168,-1.5623160600662231,0.1518214792013168
262,1.0126,1.3238,0,1,0.11907958984375,0.958953857421875,0.498321533203125,-0.2530261278152466,0.3088015019893646,0.0425671674311161
263,1.0162,1.3837,0,1,0.218231201171875,1.009307861328125,0.265899658203125,-0.1287047117948532,1.1395562887191772,0.0037177728954702
264,1.0246,1.452,0,1,0.333282470703125,0.9473876953125,0.169036865234375,-0.0178394503891468,1.1300899982452393,-0.054832886904478
265,1.0364,1.5107,0,1,0.3744049072265625,0.88330078125,0.10986328125,-0.0646101534366607,1.1184197664260864,-0.0322072058916091
266,1.0493,1.5457,0,1,0.3204193115234375,0.869110107421875,0.0789947509765625,-0.1881544589996338,0.9520015120506288,0.037668015807867
267,1.06,1.5489,0,1,0.2896575927734375,0.8817138671875,0.0750885009765625,-0.2808732092380523,0.5423186421394348,0.0397615283727645
268,1.0656,1.5172,0,1,0.273406982421875,0.900848388671875,0.1022186279296875,-0.2914081513881683,0.1367107033729553,0.010627344250679
269,1.0645,1.4496,0,1,0.244903564453125,0.92926025390625,0.201263427734375,-0.3698246479034424,-0.1880761682987213,-0.0410883128643035
270,1.0563,1.3481,0,1,0.21514892578125,0.91522216796875,0.3062286376953125,-0.6471928954124451,-0.1876963973045349,-0.1466845124959945
271,1.0425,1.2192,0,1,0.2073211669921875,0.8983612060546875,0.42535400390625,-1.035993576049805,0.1269702017307281,-0.2655704319477081
272,1.0254,1.0764,0,1,0.3202972412109375,0.8856353759765625,0.6192474365234375,-1.5343152284622192,0.5017922520637512,-0.2916227877140045
273,1.0085,0.94,0,1,0.4571380615234375,0.85711669921875,0.687286376953125,-2.157274007797241,0.5282720923423767,-0.0409421063959598
274,0.9954,0.8352,0,1,0.4494171142578125,0.8864593505859375,0.508880615234375,-2.3390376567840576,0.1435678154230117,0.3694265186786651
275,0.9893,0.7857,0,1,0.26263427734375,0.845855712890625,0.3508453369140625,-1.438524603843689,0.3139629960060119,0.3890915513038635
276,0.9912,0.8049,0,1,0.1268463134765625,0.8843841552734375,0.452392578125,-0.3929840326309204,0.5533843636512756,0.3849698007106781
277,0.9997,0.8878,0,1,0.093994140625,0.969879150390625,0.629913330078125,-0.1385703980922699,0.8873839378356934,0.3379410207271576
278,1.0124,1.0128,0,1,0.12713623046875,0.912506103515625,0.42523193359375,-0.1684862226247787,1.4036389589309692,0.2345896065235138
279,1.027,1.1522,0,1,0.1880645751953125,0.886474609375,0.286865234375,-0.1770040690898895,1.1136820316314695,0.1161910519003868
280,1.0409,1.2809,0,1,0.2309722900390625,0.8187103271484375,0.2822723388671875,-0.1354523599147796,0.0078294267877936,-0.0279490761458873
281,1.0514,1.3781,0,1,0.2084808349609375,0.7237548828125,0.3551483154296875,-0.1977109462022781,-0.6675812602043152,-0.1316168755292892
282,1.0555,1.4279,0,1,0.222808837890625,0.6862945556640625,0.386077880859375,-0.1293441355228424,-1.0032215118408203,-0.1302805095911026
283,1.0508,1.4239,0,1,0.2361602783203125,0.695404052734375,0.469940185546875,0.0163787063211202,-1.2568210363388062,-0.1227514818310737
284,1.0366,1.3722,0,1,0.231597900390625,0.67919921875,0.485198974609375,0.1504638046026229,-1.0753823518753052,-0.1888247728347778
285,1.0138,1.2882,0,1,0.314239501953125,0.7136077880859375,0.498626708984375,0.3163377344608307,-0.8728159070014954,-0.1345666050910949
286,0.9851,1.1898,0,1,0.3764801025390625,0.7454833984375,0.52508544921875,0.3039186000823974,-0.8717362284660339,-0.0394568629562854
287,0.9546,1.0925,0,1,0.4145050048828125,0.774871826171875,0.5765838623046875,0.2307908684015274,-0.9155489802360536,0.038736741989851
288,0.9269,1.007,0,1,0.38616943359375,0.7816925048828125,0.622406005859375,0.1082585602998733,-0.8253474235534668,0.1123848631978035
289,0.9065,0.9392,0,1,0.3018798828125,0.774322509765625,0.5975341796875,0.0187393333762884,-0.5808484554290771,0.1241744086146354
290,0.8963,0.8896,0,1,0.2020111083984375,0.778350830078125,0.5948486328125,0.0185467861592769,-0.3830491006374359,0.0349057875573635
291,0.8974,0.8537,0,1,0.2070465087890625,0.74853515625,0.618988037109375,-0.0030189594253897,-0.2849659621715545,-0.1100362241268158
292,0.9083,0.8236,0,1,0.2789764404296875,0.6879425048828125,0.66119384765625,-0.0471704415977001,-0.2215843200683593,-0.2233188450336456
293,0.9263,0.791,0,1,0.3993988037109375,0.648834228515625,0.6906585693359375,-0.076138712465763,-0.2662988007068634,-0.2097838521003723
294,0.9484,0.7499,0,1,0.524261474609375,0.716796875,0.7335662841796875,-0.1775763779878616,-0.2445210665464401,0.0161552671343088
295,0.972,0.698,0,1,0.6355743408203125,0.8797760009765625,0.5829315185546875,-0.1785425841808319,0.1508150845766067,0.3022139072418213
296,0.9963,0.6368,0,1,0.761260986328125,1.1201629638671875,0.551666259765625,-0.0278252400457859,-0.222134530544281,0.5908710360527039
297,1.023,0.5717,0,1,0.701629638671875,1.5643157958984375,0.72515869140625,-0.3115586936473846,-0.2789032757282257,0.7985067963600159
298,1.056,0.5113,0,1,0.4402618408203125,1.5599517822265625,0.1495208740234375,-0.6135388016700745,0.634118378162384,0.4211299121379852
299,1.0998,0.466,0,1,0.3001556396484375,0.9575347900390624,-0.1275482177734375,0.0810655578970909,0.6483870148658752,-0.0135176731273531
300,1.1547,0.4438,0,1,0.198211669921875,0.721466064453125,0.00225830078125,0.3722345530986786,-0.2359400987625122,-0.0694115683436393
301,1.2136,0.4467,0,1,0.0592803955078125,0.917572021484375,-0.033355712890625,0.7996820211410522,-0.8479059934616089,-0.1137755662202835
302,1.2647,0.4731,0,1,0.1566314697265625,1.0807037353515625,-0.115478515625,1.4254846572875977,-0.8104502558708191,-0.3994227647781372
303,1.2977,0.5225,0,1,0.30291748046875,1.11669921875,-0.0502777099609375,1.5656307935714722,-0.3625760674476623,-0.3607057332992553
304,1.3079,0.5967,0,1,0.2860107421875,1.094940185546875,0.0025177001953125,1.0619103908538818,-0.0994288548827171,-0.2728951871395111
305,1.2962,0.6948,0,1,0.2766265869140625,0.923919677734375,0.0333709716796875,0.4756456315517425,0.3473513126373291,-0.2938699722290039
306,1.267,0.809,0,1,0.287506103515625,0.8095550537109375,-0.0220947265625,0.2592262327671051,1.0982322692871094,-0.3193676173686981
307,1.2248,0.9261,0,1,0.3053131103515625,0.787078857421875,-0.048431396484375,0.4717890918254852,1.4929633140563965,-0.2543617188930511
308,1.174,1.0349,0,1,0.3067626953125,0.8355255126953125,-0.02069091796875,0.8007321357727051,1.495527982711792,-0.1597726196050644
309,1.1184,1.1305,0,1,0.27606201171875,0.924896240234375,0.004150390625,1.0070719718933103,1.0920171737670898,0.004324440844357
310,1.0621,1.2128,0,1,0.19903564453125,1.00836181640625,0.061309814453125,1.028370022773743,0.6036373972892761,0.05075079575181
311,1.0097,1.2821,0,1,0.1411590576171875,1.049591064453125,0.100189208984375,0.8457291126251221,0.141006126999855,-0.1280501037836074
312,0.966,1.3354,0,1,0.0744476318359375,1.0327606201171875,0.2238922119140625,0.5427972078323364,-0.3865266740322113,-0.3857767283916473
313,0.9348,1.3673,0,1,0.0786285400390625,0.96575927734375,0.347900390625,0.0757698640227317,-0.950247049331665,-0.5492362380027771
314,0.9179,1.3731,0,1,0.1478271484375,0.9611053466796876,0.26715087890625,-0.1089776158332824,-0.9502637982368468,-0.3459132015705108
315,0.9151,1.352,0,1,0.1307373046875,0.9840545654296876,0.2481842041015625,0.0165179893374443,-0.2653866708278656,0.0685907751321792
316,0.9241,1.3052,0,1,0.2112579345703125,1.0512542724609375,0.2069244384765625,-0.0430886149406433,0.4208715856075287,-0.0355561301112175
317,0.9418,1.2341,0,1,0.280364990234375,1.022857666015625,0.123992919921875,-0.1886849552392959,0.7303705811500549,-0.1042941808700561
318,0.9649,1.142,0,1,0.2548828125,0.9712677001953124,0.04461669921875,-0.2669960260391235,0.5542712211608887,-0.1230723932385444
319,0.9901,1.0352,0,1,0.251068115234375,0.9142303466796876,0.0096435546875,-0.1326866745948791,0.1967301070690155,-0.2323195189237594
320,1.0139,0.9221,0,1,0.31793212890625,0.8702392578125,0.0327606201171875,0.1714218258857727,-0.2392258942127227,-0.294604480266571
321,1.0329,0.8104,0,1,0.360382080078125,0.810546875,0.1690673828125,0.4054204523563385,-0.9083887934684752,-0.2199054658412933
322,1.0444,0.7085,0,1,0.247344970703125,0.8642730712890625,0.3883819580078125,0.1963338255882263,-1.2327061891555786,-0.0250451657921075
323,1.0472,0.6264,0,1,0.0984954833984375,0.9691925048828124,0.332305908203125,-0.1871488541364669,-0.2570741474628448,0.233297973871231
324,1.0421,0.5722,0,1,0.0682220458984375,1.0747528076171875,0.184539794921875,-0.4014254510402679,0.818971574306488,0.2988889515399933
325,1.0316,0.5494,0,1,0.03631591796875,1.19720458984375,0.0429229736328125,-0.5078874230384827,1.2582941055297852,0.1830110996961593
326,1.0199,0.5577,0,1,-0.0504302978515625,1.20330810546875,-0.0994110107421875,-0.4489839076995849,0.9778916835784912,-0.1192784532904625
327,1.0115,0.5949,0,1,-0.0461273193359375,1.054412841796875,-0.18414306640625,-0.2133112102746963,0.0102393217384815,-0.5021616816520691
328,1.0095,0.655,0,1,0.0901336669921875,0.7929840087890625,-0.0221710205078125,0.0280388258397579,-0.6671268939971924,-0.4783974587917328
329,1.0136,0.727,0,1,0.2109527587890625,0.751861572265625,0.0541839599609375,0.0200107265263795,-0.4744820892810821,-0.4031546413898468
330,1.0205,0.7976,0,1,0.3850250244140625,0.8603668212890625,0.008331298828125,0.0911725237965583,0.0406683348119258,-0.1415832340717315
331,1.0255,0.8538,0,1,0.5231781005859375,0.9630279541015624,-0.0427398681640625,0.3387591540813446,0.1264146566390991,0.3394252061843872
332,1.026,0.8856,0,1,0.626556396484375,0.997650146484375,0.0157623291015625,0.6803867816925049,-1.1046390533447266,0.8310428857803345
333,1.0227,0.8929,0,1,0.413848876953125,1.01947021484375,0.3121795654296875,0.4978220462799072,-3.074575662612915,0.8553900122642517
334,1.0185,0.8922,0,1,0.2878875732421875,0.9243316650390624,0.446075439453125,-0.0939408764243125,-2.7957587242126465,-0.1471729427576065
335,1.0163,0.911,0,1,0.2183074951171875,0.8834075927734375,0.4623870849609375,-0.4335951209068298,-1.097724676132202,-0.1973839104175567
336,1.0176,0.9707,0,1,0.1556854248046875,0.926544189453125,0.3284454345703125,-0.4027706086635589,0.0970895290374755,0.0068741515278816
337,1.0221,1.0705,0,1,0.2450103759765625,0.964813232421875,0.2206878662109375,-0.0592726431787014,0.4372178018093109,-0.0123703833669424
338,1.0285,1.1881,0,1,0.357177734375,0.934356689453125,0.167633056640625,0.1274961680173874,0.6485777497291565,-0.0975683704018592
339,1.035,1.2937,0,1,0.4034576416015625,0.9071502685546876,0.13671875,0.0123099293559789,0.7226144075393677,0.0193121787160635
340,1.0402,1.3625,0,1,0.40216064453125,0.9163665771484376,0.11090087890625,-0.1449404060840606,0.7283463478088379,0.1261637955904007
341,1.043,1.3813,0,1,0.326263427734375,0.9386749267578124,0.15179443359375,-0.2523949742317199,0.4989504218101501,0.1509743332862854
342,1.043,1.348,0,1,0.240997314453125,0.9609527587890624,0.2256011962890625,-0.4077185094356537,0.1870931833982467,0.0960908457636833
343,1.0404,1.2684,0,1,0.1943817138671875,0.9555816650390624,0.292633056640625,-0.5546136498451233,0.2885724008083343,0.0092036183923482
344,1.0358,1.1542,0,1,0.177886962890625,0.9451446533203124,0.3568878173828125,-0.6672848463058472,0.805443525314331,-0.1185186579823494
345,1.03,1.0222,0,1,0.21002197265625,0.9376373291015624,0.4340362548828125,-0.8387772440910339,1.23252534866333,-0.224706083536148
346,1.0242,0.8938,0,1,0.3265533447265625,0.890350341796875,0.4975128173828125,-1.1243407726287842,1.191231369972229,-0.1756112426519394
347,1.0196,0.792,0,1,0.440460205078125,0.805389404296875,0.5037078857421875,-1.4555240869522097,0.7237398624420166,0.0208653341978788
348,1.0171,0.736,0,1,0.4346160888671875,0.8019866943359375,0.4658660888671875,-1.644672393798828,0.5238698720932007,0.2834916412830353
349,1.017,0.7369,0,1,0.270355224609375,0.871063232421875,0.3835601806640625,-1.5259284973144531,0.5381718277931213,0.2946324348449707
350,1.019,0.7955,0,1,0.086212158203125,0.9829559326171876,0.4782562255859375,-1.0798004865646362,0.5510171055793762,0.1897584795951843
351,1.0225,0.902,0,1,0.0207977294921875,1.0342864990234375,0.56732177734375,-0.7789649963378906,0.7654228806495667,0.015525696799159
352,1.0274,1.0372,0,1,0.118896484375,0.9196929931640624,0.5460968017578125,-0.7465644478797913,0.7275420427322388,0.0088467551395297
353,1.0339,1.1776,0,1,0.239013671875,0.7158050537109375,0.3399658203125,-0.6571541428565979,0.5932971835136414,0.0439062044024467
354,1.041,1.3,0,1,0.3235321044921875,0.603485107421875,0.245086669921875,-0.2624247074127197,0.2418057024478912,0.1464448273181915
355,1.0455,1.3846,0,1,0.3383331298828125,0.6686553955078125,0.397003173828125,0.050644002854824,-0.3332141935825348,0.2057582139968872
356,1.0439,1.4172,0,1,0.2152557373046875,0.7535858154296875,0.4818115234375,0.1890809684991836,-0.4494489133358001,0.1930581331253051
357,1.0336,1.3914,0,1,0.1459197998046875,0.75518798828125,0.440185546875,0.4215634763240814,-0.3234302699565887,0.1202001795172691
358,1.015,1.311,0,1,0.183807373046875,0.706451416015625,0.4209136962890625,0.7218974828720093,-0.46119424700737,0.0628506019711494
359,0.99,1.1893,0,1,0.210357666015625,0.6795806884765625,0.4398345947265625,0.8609869480133057,-0.6110932230949402,0.0059012984856963
360,0.961,1.0466,0,1,0.2535247802734375,0.69580078125,0.4030303955078125,0.8929080963134766,-0.675524115562439,-0.0464748255908489
361,0.931,0.9062,0,1,0.3406524658203125,0.786285400390625,0.480133056640625,0.921948254108429,-0.8953893780708313,0.0021337247453629
362,0.903,0.7898,0,1,0.3867950439453125,0.878997802734375,0.649200439453125,0.6253736019134521,-1.191509485244751,0.0727096199989318
363,0.881,0.7135,0,1,0.3761749267578125,0.865142822265625,0.736968994140625,0.232256144285202,-0.906986117362976,0.1598908603191375
364,0.8692,0.6844,0,1,0.3233489990234375,0.7781829833984375,0.64044189453125,0.1264455616474151,-0.5467301607131958,0.130063459277153
365,0.8709,0.698,0,1,0.3007659912109375,0.7301177978515625,0.5908355712890625,0.3058454096317291,-0.3490956723690033,0.1174635142087936
366,0.8861,0.7403,0,1,0.3062286376953125,0.7615966796875,0.6439361572265625,0.337649405002594,-0.3793894052505493,0.080655962228775
367,0.9123,0.7927,0,1,0.34344482421875,0.8247833251953125,0.73602294921875,0.1397749483585357,-0.2944625318050384,0.0743008628487587
368,0.9455,0.8371,0,1,0.4142303466796875,0.9276123046875,0.65557861328125,-0.1055232286453247,-0.1495615243911743,0.1331500709056854
369,0.9825,0.8594,0,1,0.5341949462890625,1.050811767578125,0.503814697265625,-0.0684962347149849,-0.1156435087323188,0.2004611939191818
370,1.0213,0.851,0,1,0.6923675537109375,1.243438720703125,0.474945068359375,-0.0100268013775348,-0.1920075267553329,0.2958252727985382
371,1.0619,0.8103,0,1,0.68890380859375,1.4718475341796875,0.4527587890625,-0.029239909723401,0.0720217302441597,0.3656029999256134
372,1.106,0.742,0,1,0.45953369140625,1.353973388671875,0.29986572265625,-0.3153840601444244,0.4360201954841614,0.204106792807579
373,1.1552,0.6565,0,1,0.158233642578125,0.83648681640625,-0.1847686767578125,-0.0144098317250609,0.6438205242156982,-0.1121566295623779
374,1.2071,0.5668,0,1,0.132659912109375,0.6268157958984375,-0.04620361328125,0.5054613351821899,-0.309141606092453,-0.2613368034362793
375,1.2537,0.487,0,1,0.0868377685546875,0.7583770751953125,0.16107177734375,0.4373786747455597,-1.127259612083435,-0.1261704564094543
376,1.284,0.4297,0,1,0.0411224365234375,0.93829345703125,0.079345703125,0.4463202357292175,-0.9843472242355348,-0.1448035240173339
377,1.2899,0.4052,0,1,0.154693603515625,1.123443603515625,-0.05316162109375,0.6732630729675293,-0.5191512703895569,-0.1971122622489929
378,1.2701,0.4184,0,1,0.2422027587890625,1.151885986328125,-0.03265380859375,0.6020448207855225,-0.2636143267154693,-0.28609699010849
379,1.2297,0.4662,0,1,0.244293212890625,1.021759033203125,0.020843505859375,0.41251140832901,0.2081244438886642,-0.2579897344112396
380,1.1776,0.538,0,1,0.225494384765625,0.892608642578125,0.0178680419921875,0.2299117594957351,0.5357446670532227,-0.264495849609375
381,1.1223,0.6194,0,1,0.215545654296875,0.8647308349609375,0.0161285400390625,0.3013161718845367,0.6805574893951416,-0.2011131346225738
382,1.0701,0.6969,0,1,0.204620361328125,0.933929443359375,0.0389404296875,0.4208742678165436,0.6337572336196899,-0.1819570213556289
383,1.0245,0.7611,0,1,0.2138214111328125,1.001556396484375,0.06268310546875,0.4523693323135376,0.506660521030426,-0.2206349074840545
384,0.9878,0.8068,0,1,0.2109832763671875,1.00958251953125,0.079681396484375,0.4073488712310791,0.4315833747386932,-0.2837683260440826
385,0.9614,0.8325,0,1,0.207275390625,0.9879150390625,0.0807647705078125,0.2952646613121032,0.4001436829566955,-0.334283709526062
386,0.9458,0.8387,0,1,0.2080078125,0.9600830078125,0.0743560791015625,0.1459502875804901,0.3705452978610992,-0.3389447629451751
387,0.9404,0.827,0,1,0.19512939453125,0.943572998046875,0.0620574951171875,0.024460868909955,0.3694209158420563,-0.2879321873188019
388,0.9432,0.8,0,1,0.2009735107421875,0.9703369140625,0.0386199951171875,-0.0362615995109081,0.3519937396049499,-0.1965940147638321
389,0.9517,0.7601,0,1,0.2125091552734375,0.998321533203125,0.022979736328125,-0.0457744114100933,0.153765320777893,-0.1817812472581863
390,0.9634,0.7099,0,1,0.257537841796875,1.0115509033203125,0.0275115966796875,-0.0082446141168475,-0.0159491393715143,-0.2272978723049163
391,0.9762,0.6515,0,1,0.2879638671875,1.0102996826171875,0.02667236328125,0.0568358525633811,-0.1901419758796692,-0.239445611834526
392,0.9891,0.5874,0,1,0.2960205078125,1.01177978515625,0.029541015625,0.1523724943399429,-0.432052344083786,-0.2419420629739761
393,1.0011,0.522,0,1,0.309783935546875,0.9391937255859376,0.0591888427734375,0.2555555999279022,-0.5955600738525391,-0.2040868252515792
394,1.0119,0.4621,0,1,0.329010009765625,0.8692474365234375,0.081085205078125,0.2804268598556518,-0.7444728016853333,-0.136245995759964
395,1.0204,0.4161,0,1,0.3929595947265625,0.824676513671875,0.1565704345703125,0.290085881948471,-1.3070261478424072,-0.0999364480376243
396,1.0253,0.3938,0,1,0.3294677734375,0.844970703125,0.305511474609375,0.2219550311565399,-1.6643747091293335,0.0260238777846097
397,1.0258,0.405,0,1,0.16632080078125,0.896820068359375,0.3816070556640625,0.0652660876512527,-1.0163112878799438,0.2420078366994857
398,1.0219,0.4552,0,1,0.03533935546875,1.050048828125,0.361358642578125,-0.0717303827404975,0.0679862424731254,0.2592321038246155
399,1.0149,0.5398,0,1,0.0148468017578125,1.13336181640625,0.2349700927734375,-0.2157453447580337,1.1759403944015503,0.0513864904642105
400,1.0077,0.6461,0,1,0.0382843017578125,1.1624908447265625,0.09912109375,-0.2861758172512054,1.9570162296295168,-0.2070131003856659
401,1.0035,0.7633,0,1,0.0689697265625,1.095489501953125,0.0129852294921875,-0.2763855159282684,2.260597944259644,-0.3910503089427948
402,1.0047,0.8884,0,1,0.119964599609375,0.9528350830078124,-0.050689697265625,-0.1796230226755142,2.0347814559936523,-0.4112312197685241
403,1.0115,1.0238,0,1,0.1884765625,0.8292236328125,-0.1132354736328125,0.0038661109283566,1.2398642301559448,-0.2778039276599884
404,1.0216,1.1677,0,1,0.319854736328125,0.7843780517578125,-0.073974609375,0.1629998385906219,0.2806481719017029,-0.1478800028562545
405,1.0307,1.3075,0,1,0.387420654296875,0.8428497314453125,-0.0313720703125,0.1997120529413223,-0.499632179737091,0.1360324025154113
406,1.0353,1.4227,0,1,0.4189605712890625,0.936798095703125,0.0016937255859375,0.1634248793125152,-1.3380056619644165,0.3833066523075104
407,1.0335,1.4963,0,1,0.325531005859375,1.020660400390625,0.0958709716796875,0.1104370281100273,-2.151448965072632,0.3860646188259125
408,1.026,1.5253,0,1,0.1562652587890625,0.9435882568359376,0.249237060546875,0.6355857849121094,-1.409878492355347,0.0376850590109825
409,1.0153,1.5207,0,1,0.156524658203125,1.01556396484375,0.5217437744140625,0.2690455913543701,-1.9500880241394043,-0.0490202717483043
410,1.0047,1.499,0,1,0.164306640625,1.0479278564453125,0.54620361328125,-0.156525433063507,-0.9158219695091248,-0.0126204537227749
411,0.9975,1.4727,0,1,0.27880859375,1.011383056640625,0.3736114501953125,-0.3871522545814514,0.1254130452871322,-0.0599062107503414
412,0.9966,1.4444,0,1,0.3608245849609375,0.9417572021484376,0.2420501708984375,-0.2320577353239059,0.41535085439682,-0.0628237053751945
413,1.0026,1.4077,0,1,0.392181396484375,0.841217041015625,0.18829345703125,-0.1015868112444877,0.4478749930858612,0.0029734193813055
414,1.0142,1.3534,0,1,0.3408050537109375,0.8170318603515625,0.155853271484375,-0.1246276795864105,0.5296335220336914,0.1145625337958335
415,1.0276,1.2755,0,1,0.259979248046875,0.86822509765625,0.12200927734375,-0.1703373789787292,0.4296807944774627,0.1865022331476211
416,1.0389,1.1741,0,1,0.2039947509765625,0.9846343994140624,0.1491851806640625,-0.1875981241464615,0.078377366065979,0.1589875221252441
417,1.0451,1.0533,0,1,0.1943511962890625,1.021453857421875,0.219757080078125,-0.1987173557281494,-0.1534590572118759,0.0678376331925392
418,1.0454,0.9199,0,1,0.2160797119140625,0.997772216796875,0.3211669921875,-0.2565324604511261,-0.1163708195090293,-0.0214810576289892
419,1.0409,0.7815,0,1,0.2441253662109375,0.9403228759765624,0.396148681640625,-0.4156304895877838,0.0819470658898353,-0.0773147642612457
420,1.0339,0.6471,0,1,0.2692413330078125,0.8829498291015625,0.3911590576171875,-0.600651741027832,0.3295589983463287,-0.1185349002480506
421,1.0265,0.527,0,1,0.3245086669921875,0.827423095703125,0.32122802734375,-0.6544422507286072,0.6117534041404724,-0.0949206501245498
422,1.0198,0.4319,0,1,0.3251800537109375,0.8357696533203125,0.3246612548828125,-0.6147816777229309,0.7482808828353882,0.0158854890614748
423,1.0139,0.3719,0,1,0.31890869140625,0.9156494140625,0.452911376953125,-0.7906829118728638,0.578761637210846,0.0527404434978961
424,1.0089,0.3534,0,1,0.3137359619140625,0.9394683837890624,0.5424346923828125,-1.1519309282302856,0.4313226342201233,0.0662658363580703
425,1.0054,0.3784,0,1,0.296722412109375,0.907470703125,0.5412139892578125,-1.3566704988479614,0.9009657502174376,0.1024573966860771
426,1.0047,0.4462,0,1,0.30023193359375,0.87274169921875,0.4369049072265625,-1.2923940420150757,1.3168578147888184,0.1691863685846328
427,1.0075,0.5538,0,1,0.2685699462890625,0.85113525390625,0.3429718017578125,-0.9990159273147584,0.8453357815742493,0.2637562751770019
428,1.013,0.6947,0,1,0.2380523681640625,0.8337249755859375,0.39630126953125,-0.5864216685295105,0.487718790769577,0.2747495472431183
429,1.0195,0.8549,0,1,0.1868743896484375,0.839630126953125,0.38848876953125,-0.3867735564708709,0.5576233267784119,0.3051628470420837
430,1.0247,1.0137,0,1,0.1679229736328125,0.8294677734375,0.291839599609375,-0.1912432014942169,0.6119680404663086,0.2685036361217499
431,1.0266,1.1485,0,1,0.2183837890625,0.8640899658203125,0.30633544921875,0.0242390260100364,0.2545001804828644,0.1967330276966095
432,1.0237,1.24,0,1,0.2188568115234375,0.8397369384765625,0.3572845458984375,0.088565818965435,-0.2100765407085418,0.0928103625774383
433,1.0159,1.2752,0,1,0.1810302734375,0.7607879638671875,0.3575897216796875,0.1318312734365463,-0.5008505582809448,-0.0095522264018654
434,1.0035,1.2501,0,1,0.157135009765625,0.7019500732421875,0.3585357666015625,0.2759604752063751,-0.7824159264564514,-0.1317164897918701
435,0.9871,1.1723,0,1,0.1742095947265625,0.7386322021484375,0.39190673828125,0.4505464136600494,-0.9496310353279114,-0.1894695311784744
436,0.9674,1.0595,0,1,0.229034423828125,0.79730224609375,0.4280242919921875,0.6192051768302917,-0.9237384796142578,-0.228334903717041
437,0.9458,0.9353,0,1,0.2894287109375,0.84210205078125,0.4971466064453125,0.7053635120391846,-0.9457870125770568,-0.2354471385478973
438,0.9248,0.8234,0,1,0.3310394287109375,0.8538360595703125,0.5848541259765625,0.5288289785385132,-1.180768370628357,-0.2017323225736618
439,0.9079,0.7426,0,1,0.360809326171875,0.8167266845703125,0.64068603515625,0.2100938409566879,-1.2171926498413086,-0.1601609140634536
440,0.8986,0.7043,0,1,0.3094329833984375,0.7666778564453125,0.6431884765625,0.0041417479515075,-1.0790822505950928,-0.1082428470253944
441,0.899,0.7105,0,1,0.26287841796875,0.7248992919921875,0.677703857421875,0.0071098413318395,-0.7320979237556458,-0.1272863149642944
442,0.9094,0.7536,0,1,0.271209716796875,0.7081756591796875,0.71478271484375,0.0589229725301265,-0.4182558357715606,-0.1018989309668541
443,0.9283,0.8177,0,1,0.3713226318359375,0.714019775390625,0.77386474609375,-0.034009899944067,-0.1437582373619079,-0.0101485075429081
444,0.9532,0.8822,0,1,0.4689788818359375,0.79736328125,0.7897186279296875,-0.3106010258197784,0.2533579766750335,0.1763369441032409
445,0.9818,0.9278,0,1,0.5450286865234375,0.9138336181640624,0.5635833740234375,-0.3338014185428619,0.763604462146759,0.4146102368831634
446,1.013,0.9437,0,1,0.5527801513671875,1.19317626953125,0.3537750244140625,-0.0031036478467285,0.5044535994529724,0.6055753827095032
447,1.0463,0.9295,0,1,0.579376220703125,1.40435791015625,0.32781982421875,0.1598040461540222,-0.0289152711629867,0.6770461201667786
448,1.083,0.8921,0,1,0.4691009521484375,1.63226318359375,0.2965850830078125,-0.2065230756998062,-0.309514969587326,0.7486332058906555
449,1.1253,0.8413,0,1,0.20245361328125,1.2359771728515625,-0.108856201171875,-0.2950950264930725,-0.2019288688898086,0.2362106740474701
450,1.174,0.7861,0,1,0.0625152587890625,0.7532196044921875,-0.2166595458984375,0.4002179801464081,-0.5547156929969788,-0.1629854589700698
451,1.2249,0.7338,0,1,0.1058807373046875,0.7604522705078125,-0.0526580810546875,0.804709792137146,-1.1686363220214844,-0.2418709546327591
452,1.2687,0.6921,0,1,0.180938720703125,0.875030517578125,-0.0020751953125,0.7474262714385986,-1.1409692764282229,-0.1302932947874069
453,1.2951,0.6699,0,1,0.170806884765625,0.9875946044921876,0.0413360595703125,0.4581169784069061,-0.9306365847587584,-0.016570720821619
454,1.2977,0.6742,0,1,0.152130126953125,1.0521240234375,0.057342529296875,0.1725552678108215,-0.5230706930160522,-0.0215039607137441
455,1.2762,0.7042,0,1,0.18988037109375,0.98858642578125,0.029998779296875,0.1957633793354034,0.1439638286828994,-0.2582424581050873
456,1.235,0.7503,0,1,0.22198486328125,0.882537841796875,0.0253753662109375,0.4999765455722809,0.6988438367843628,-0.3865253329277038
457,1.1809,0.7999,0,1,0.22406005859375,0.882110595703125,0.0307464599609375,0.6689605116844177,0.8320252895355225,-0.3374347686767578
458,1.1211,0.8439,0,1,0.232177734375,0.9378662109375,0.0513763427734375,0.578379213809967,0.7212799191474915,-0.2425487190485
459,1.0617,0.8786,0,1,0.213348388671875,0.9828643798828124,0.05743408203125,0.4138520359992981,0.5517491698265076,-0.1661362498998642
460,1.0081,0.9027,0,1,0.180572509765625,1.0063018798828125,0.0675048828125,0.3114053010940552,0.2883942425251007,-0.1554327309131622
461,0.9648,0.9142,0,1,0.147613525390625,1.0238037109375,0.0785980224609375,0.2652708292007446,0.0062227421440184,-0.2097063511610031
462,0.9347,0.9099,0,1,0.118408203125,1.0205078125,0.090972900390625,0.2101849317550659,-0.2232810258865356,-0.2992695271968841
463,0.9187,0.8866,0,1,0.1134490966796875,1.0048675537109375,0.0990447998046875,0.107121393084526,-0.3523953258991241,-0.3786429166793823
464,0.9162,0.8443,0,1,0.1553802490234375,0.9932861328125,0.0894775390625,0.0124854315072298,-0.3833537697792053,-0.3518094420433044
465,0.9249,0.7865,0,1,0.178955078125,1.01898193359375,0.090118408203125,-0.0056797238066792,-0.3143454194068908,-0.2375355958938598
466,0.9415,0.719,0,1,0.2625579833984375,0.99639892578125,0.078765869140625,0.0353284291923046,-0.1079320609569549,-0.3986195623874664
467,0.9626,0.648,0,1,0.38720703125,0.9372406005859376,0.0904388427734375,0.1268495619297027,-0.1857586801052093,-0.4081787168979645
468,0.9849,0.5797,0,1,0.466217041015625,0.885528564453125,0.1473846435546875,0.0991737246513366,-0.9747111201286316,-0.1825754046440124
469,1.0058,0.5217,0,1,0.388275146484375,0.876495361328125,0.224273681640625,0.032596293836832,-1.3180716037750244,0.0354107208549976
470,1.023,0.4832,0,1,0.33697509765625,0.8895111083984375,0.29339599609375,0.0485102795064449,-0.758818507194519,-0.0366909019649028
471,1.035,0.4716,0,1,0.2974853515625,0.8639373779296875,0.3489837646484375,0.0402574092149734,-0.2190005183219909,-0.0384978577494621
472,1.0412,0.4872,0,1,0.181488037109375,0.9211578369140624,0.3782501220703125,0.0300782732665538,0.2478753179311752,0.1973546147346496
473,1.0418,0.5219,0,1,0.1008148193359375,1.015350341796875,0.288177490234375,-0.0682570859789848,1.032214641571045,0.273429661989212
474,1.038,0.566,0,1,0.0656585693359375,1.0787200927734375,0.1527557373046875,-0.2515049278736114,1.8084731101989744,0.1674268096685409
475,1.032,0.6172,0,1,0.0362548828125,1.1145477294921875,0.0161895751953125,-0.354124516248703,2.3920419216156006,-0.0154055878520011
476,1.0264,0.6831,0,1,0.01654052734375,1.1398773193359375,-0.0565643310546875,-0.303652822971344,2.3824143409729004,-0.2501238286495209
477,1.0234,0.7767,0,1,0.032745361328125,1.0424957275390625,-0.1809844970703125,-0.1977242678403854,1.7914825677871704,-0.4019477069377899
478,1.0244,0.9058,0,1,0.113983154296875,0.9040374755859376,-0.2198944091796875,-0.1170057132840156,0.4821045994758606,-0.2992151975631714
479,1.029,1.0633,0,1,0.2736053466796875,0.8217926025390625,-0.0956878662109375,0.0152186341583728,-0.4521927535533905,-0.3520485758781433
480,1.0349,1.2269,0,1,0.3631134033203125,0.8322906494140625,-0.0417633056640625,0.1269198656082153,-0.8205055594444275,-0.1826664805412292
481,1.0389,1.3682,0,1,0.408233642578125,0.9178466796875,-0.027069091796875,0.3243967294692993,-1.1739554405212402,0.0882558226585388
482,1.0387,1.4665,0,1,0.4505462646484375,0.993560791015625,-0.021026611328125,0.5470425486564636,-1.9503740072250368,0.2518327832221985
483,1.0341,1.5172,0,1,0.4207916259765625,0.9767608642578124,0.22845458984375,0.7134645581245422,-3.187084197998047,0.2000111192464828
484,1.0269,1.5359,0,1,0.261383056640625,0.9052581787109376,0.660858154296875,0.3072502315044403,-3.329537868499756,0.0275107193738222
485,1.02,1.5505,0,1,0.09478759765625,0.978912353515625,0.68023681640625,-0.2315416187047958,-1.2150366306304932,0.0858003944158554
486,1.0164,1.5843,0,1,0.111114501953125,1.0259857177734375,0.4205169677734375,-0.3489960730075836,0.3020402789115906,0.0622913390398025
487,1.0184,1.6393,0,1,0.2352294921875,1.0001373291015625,0.2818145751953125,-0.1234428435564041,0.7218945622444153,-0.0058360509574413
488,1.0265,1.6974,0,1,0.314605712890625,0.904083251953125,0.19720458984375,-0.1084646880626678,0.9100985527038574,-0.0470340885221958
489,1.039,1.7346,0,1,0.3619232177734375,0.8707122802734375,0.111297607421875,-0.2177192717790603,1.114210605621338,0.000753674597945
490,1.0527,1.7342,0,1,0.3729248046875,0.888275146484375,0.0511016845703125,-0.2647879719734192,1.0353020429611206,0.1186076030135154
491,1.0639,1.6906,0,1,0.3515777587890625,0.931304931640625,0.0458984375,-0.2012819796800613,0.5291738510131836,0.1435087025165558
492,1.07,1.6062,0,1,0.3032379150390625,0.939788818359375,0.1083526611328125,-0.1776163280010223,-0.2741849422454834,0.0213548224419355
493,1.0697,1.4876,0,1,0.249267578125,0.9378814697265624,0.2244415283203125,-0.2921013534069061,-0.7739977240562439,0.0314018651843071
494,1.0633,1.3435,0,1,0.1960601806640625,0.9197540283203124,0.342926025390625,-0.5916465520858765,-0.7292256951332092,-0.0486532896757125
495,1.0522,1.1869,0,1,0.2286376953125,0.8587493896484375,0.3676910400390625,-0.8424622416496277,0.0922140851616859,-0.1573781669139862
496,1.0381,1.0338,0,1,0.310943603515625,0.859649658203125,0.535186767578125,-1.1686006784439087,0.8322407603263855,-0.1257704496383667
497,1.0233,0.9016,0,1,0.3393402099609375,0.9343414306640624,0.775634765625,-1.9953970909118648,0.8405429124832153,-0.0257881879806518
498,1.0109,0.8096,0,1,0.403717041015625,1.016357421875,0.785003662109375,-2.918633222579956,0.538036048412323,0.086110383272171
499,1.005,0.7785,0,1,0.3888092041015625,0.9951019287109376,0.572235107421875,-2.9248085021972656,0.0807987079024314,0.3545154631137848
500,1.0088,0.8256,0,1,0.2140655517578125,0.802459716796875,0.3499755859375,-1.8214373588562007,0.4233344793319702,0.4595561325550079
501,1.0227,0.9554,0,1,0.100830078125,0.83099365234375,0.3630523681640625,-0.574120283126831,0.925814926624298,0.4135026335716247
502,1.0428,1.1509,0,1,0.1312255859375,0.90057373046875,0.518585205078125,-0.2038801610469818,0.7669919729232788,0.2939251065254211
503,1.0637,1.3765,0,1,0.2313232421875,0.8546905517578125,0.4303131103515625,-0.4183937907218933,0.518325686454773,0.2605096101760864
504,1.0805,1.5884,0,1,0.27593994140625,0.7393646240234375,0.3085784912109375,-0.4445628225803375,0.1838084459304809,0.2179214060306549
505,1.0893,1.7465,0,1,0.260009765625,0.64410400390625,0.3169097900390625,-0.2501603066921234,-0.1455143243074417,0.0997513607144355
506,1.0875,1.8226,0,1,0.2342071533203125,0.6217193603515625,0.39178466796875,0.0325643345713615,-0.4875108003616333,0.0281296391040086
507,1.0732,1.8047,0,1,0.1988525390625,0.6491851806640625,0.4641571044921875,0.3367356657981872,-0.5499749779701233,0.0003344930300954
508,1.0466,1.6977,0,1,0.189849853515625,0.6551513671875,0.4504547119140625,0.6633644104003906,-0.3770061433315277,-0.086901344358921
509,1.0098,1.5215,0,1,0.234893798828125,0.6519622802734375,0.43634033203125,1.007631540298462,-0.2712818384170532,-0.1748442500829696
510,0.9667,1.3061,0,1,0.329620361328125,0.6693572998046875,0.475555419921875,1.1884475946426392,-0.2999981641769409,-0.195401981472969
511,0.922,1.0855,0,1,0.3805999755859375,0.7150421142578125,0.550628662109375,1.1411362886428833,-0.4610467255115509,-0.0884635522961616
512,0.8811,0.8911,0,1,0.3714447021484375,0.8063507080078125,0.63897705078125,0.8119543790817261,-0.6451292037963867,-0.0392430089414119
513,0.8492,0.7458,0,1,0.3142852783203125,0.824005126953125,0.640960693359375,0.4585944712162018,-0.696434736251831,-0.0407346449792385
514,0.8311,0.6596,0,1,0.286376953125,0.829376220703125,0.6230621337890625,0.3514850735664367,-0.5932324528694153,-0.0099841905757784
515,0.8292,0.6295,0,1,0.26873779296875,0.79364013671875,0.6997833251953125,0.386173814535141,-0.4046462774276733,-0.0041161817498505
516,0.8438,0.6428,0,1,0.2910308837890625,0.7236175537109375,0.7339019775390625,0.3214643001556396,-0.1750999093055725,0.0108494516462087
517,0.8724,0.6809,0,1,0.353729248046875,0.7025146484375,0.7552642822265625,0.1747427880764007,-0.0492647513747215,0.0926828011870384
518,0.9112,0.7236,0,1,0.422210693359375,0.7961273193359375,0.7837982177734375,-0.0599546805024147,0.0264009814709424,0.2387332171201706
519,0.9558,0.7535,0,1,0.484375,0.97271728515625,0.687774658203125,-0.2003173828125,0.1594527810811996,0.35300013422966
520,1.0028,0.7596,0,1,0.6336669921875,1.1209869384765625,0.619873046875,-0.306563138961792,0.4693214297294616,0.5002689361572266
521,1.0506,0.7402,0,1,0.707244873046875,1.282684326171875,0.4819488525390625,-0.4818691611289978,-0.0349824838340282,0.7482731342315674
522,1.0996,0.7022,0,1,0.48394775390625,1.4203643798828125,0.447784423828125,-0.5064261555671692,-0.5640154480934143,0.7539531588554382
523,1.1507,0.6579,0,1,0.1474761962890625,1.152618408203125,-0.034454345703125,-0.1070936992764473,0.2571606934070587,0.2379172295331955
524,1.2032,0.6185,0,1,0.0803680419921875,0.7935791015625,-0.21917724609375,0.6093805432319641,0.242174819111824,-0.0872028097510337
525,1.2522,0.591,0,1,0.0737457275390625,0.8178863525390625,-0.076263427734375,0.872169017791748,-0.5388975739479065,-0.1473369896411895
526,1.2894,0.5786,0,1,0.2186737060546875,0.971527099609375,-0.014801025390625,0.8822112679481506,-0.6036062836647034,-0.2125607281923294
527,1.3072,0.5837,0,1,0.3745880126953125,1.017578125,-0.0175933837890625,0.9115110635757446,-0.2354844212532043,0.0727604925632476
528,1.3021,0.6076,0,1,0.318634033203125,1.0812225341796875,0.0646514892578125,0.7712322473526001,0.1442447900772094,0.183522954583168
529,1.2762,0.648,0,1,0.2653045654296875,1.032684326171875,0.0757904052734375,0.5718565583229065,0.3296695053577423,-0.0912521481513977
530,1.2353,0.699,0,1,0.203155517578125,0.9380645751953124,0.1267852783203125,0.6003286838531494,0.1529213786125183,-0.1363083124160766
531,1.1861,0.7517,0,1,0.1562042236328125,0.9165802001953124,0.17095947265625,0.6623572111129761,-0.0606202036142349,-0.1970116049051284
532,1.1347,0.7975,0,1,0.1375579833984375,0.9054412841796876,0.1514739990234375,0.5942380428314209,0.0866821631789207,-0.3042967915534973
533,1.0853,0.8298,0,1,0.1476593017578125,0.9178466796875,0.1075897216796875,0.4862860143184662,0.3594817221164703,-0.3997247517108917
534,1.041,0.8458,0,1,0.158966064453125,0.942413330078125,0.0925750732421875,0.4168204069137573,0.5922223329544067,-0.383972704410553
535,1.0035,0.8461,0,1,0.16876220703125,0.9654083251953124,0.0945892333984375,0.3669204711914062,0.7286560535430908,-0.2850224077701568
536,0.974,0.8345,0,1,0.1750030517578125,1.000946044921875,0.0849151611328125,0.303244024515152,0.795139491558075,-0.1351650059223175
537,0.9532,0.8165,0,1,0.1866912841796875,1.0453948974609375,0.07513427734375,0.2339546978473663,0.7155959010124207,-0.1314304620027542
538,0.9416,0.7973,0,1,0.2359161376953125,1.0461273193359375,0.059783935546875,0.2108113020658493,0.632554829120636,-0.2502591013908386
539,0.9392,0.7803,0,1,0.27716064453125,1.034454345703125,0.052581787109375,0.2368450313806533,0.4953199923038482,-0.2974902689456939
540,0.9453,0.7664,0,1,0.3177642822265625,1.0246124267578125,0.0499114990234375,0.2961011528968811,0.3808259069919586,-0.3513766825199127
541,0.9587,0.7548,0,1,0.3855743408203125,0.929229736328125,0.0729217529296875,0.423082023859024,-0.1500057429075241,-0.3966434895992279
542,0.977,0.7443,0,1,0.399322509765625,0.8520965576171875,0.2026214599609375,0.4746293723583221,-1.5396573543548584,-0.3798786103725433
543,0.9973,0.7376,0,1,0.346923828125,0.7932891845703125,0.3614044189453125,0.3883455991744995,-1.8203686475753784,-0.2327152639627456
544,1.016,0.7429,0,1,0.221282958984375,0.8453216552734375,0.4718170166015625,0.2980729639530182,-0.8663092255592346,0.0425325483083725
545,1.0303,0.7684,0,1,0.108154296875,0.9056396484375,0.4346771240234375,0.1938592195510864,0.3853577971458435,0.2267407327890396
546,1.0386,0.8143,0,1,0.021209716796875,1.0020751953125,0.295196533203125,0.0720648691058158,1.4301550388336182,0.2751407623291015
547,1.0409,0.8749,0,1,-0.0017242431640625,1.077606201171875,0.1168670654296875,-0.0872664600610733,2.293008327484131,0.0959153473377227
548,1.0388,0.9473,0,1,0.0227508544921875,1.116302490234375,-0.0221405029296875,-0.1937636137008667,2.7800629138946533,-0.1695901006460189
549,1.0348,1.0369,0,1,0.0208892822265625,1.124847412109375,-0.1947479248046875,-0.3214488625526428,2.5252764225006104,-0.326181560754776
550,1.0314,1.1522,0,1,0.082550048828125,1.0776824951171875,-0.3680267333984375,-0.548119843006134,0.9184632897377014,-0.2884972989559173
551,1.0311,1.2936,0,1,0.210357666015625,0.991241455078125,-0.2572174072265625,-0.23371022939682,-0.7526183724403381,-0.3903642892837524
552,1.0348,1.4469,0,1,0.333831787109375,0.835479736328125,-0.074920654296875,0.113269031047821,-1.4408401250839231,-0.4084820449352264
553,1.0415,1.5895,0,1,0.389434814453125,0.7535247802734375,-0.0278167724609375,0.235206127166748,-1.682634949684143,-0.1610908806324005
554,1.048,1.7028,0,1,0.4222259521484375,0.7695465087890625,-0.002838134765625,0.3239317238330841,-1.82439124584198,0.2296462506055832
555,1.0509,1.7783,0,1,0.41448974609375,0.906158447265625,0.031402587890625,0.3985154330730438,-1.922994613647461,0.5681707859039307
556,1.0478,1.819,0,1,0.3762054443359375,1.0506439208984375,0.152130126953125,0.4049317836761474,-2.5055181980133057,0.5309781432151794
557,1.039,1.8368,0,1,0.3321533203125,1.0850982666015625,0.299530029296875,0.0859527215361595,-3.397782325744629,0.0902177765965461
558,1.0276,1.8514,0,1,0.3027191162109375,1.0265960693359375,0.4639892578125,-0.2786239087581634,-3.09433913230896,-0.0691455155611038
559,1.0179,1.8834,0,1,0.12799072265625,0.9967041015625,0.6916961669921875,-0.367278128862381,-1.2059624195098877,-0.0511950105428695
560,1.0137,1.9418,0,1,0.16656494140625,0.9912261962890624,0.5141448974609375,-0.4514089822769165,0.1150120720267295,-0.166657954454422
561,1.0174,2.0146,0,1,0.3036041259765625,1.0261688232421875,0.3848114013671875,-0.3515942394733429,0.8150274157524109,-0.2454800605773925
562,1.0294,2.0748,0,1,0.4154052734375,0.9719696044921876,0.227264404296875,-0.4007173180580139,1.0134004354476929,-0.1853094100952148
563,1.0477,2.0961,0,1,0.4624481201171875,0.8897705078125,0.11065673828125,-0.4672550857067108,1.019742488861084,0.033565416932106
564,1.069,2.0636,0,1,0.4170074462890625,0.8175048828125,0.0439910888671875,-0.4691949188709259,1.0074211359024048,0.1072385683655738
565,1.0886,1.976,0,1,0.38055419921875,0.734130859375,0.0300140380859375,-0.3421573340892792,1.0129948854446411,0.0594742447137832
566,1.1017,1.8426,0,1,0.333740234375,0.7665863037109375,0.104583740234375,-0.3191729187965393,0.7704263925552368,0.210025668144226
567,1.1043,1.6784,0,1,0.2938995361328125,0.8856048583984375,0.2464752197265625,-0.5648766756057739,0.4209767878055572,0.2234029918909073
568,1.0947,1.4995,0,1,0.2614898681640625,0.9319000244140624,0.3404083251953125,-0.894058346748352,0.4282107353210449,0.1106301099061966
569,1.0744,1.3215,0,1,0.24334716796875,0.9906158447265624,0.4887237548828125,-1.1297342777252195,0.7992337942123413,-0.0014178669080138
570,1.0478,1.1602,0,1,0.2535858154296875,1.0279998779296875,0.677001953125,-1.478885293006897,1.1860265731811523,-0.0629864260554313
571,1.0213,1.0327,0,1,0.2904052734375,0.9922027587890624,0.6110382080078125,-1.7518821954727173,1.3551212549209597,0.0170431658625602
572,1.0014,0.9557,0,1,0.2761688232421875,0.8897552490234375,0.485626220703125,-1.5935837030410769,1.0075185298919678,0.1541397720575332
573,0.9922,0.9408,0,1,0.213287353515625,0.7602996826171875,0.386444091796875,-1.1625664234161377,0.795143187046051,0.2079742401838302
574,0.9937,0.9881,0,1,0.1887054443359375,0.7295379638671875,0.375244140625,-0.707727313041687,0.9511026740074158,0.2165235131978988
575,1.0022,1.0845,0,1,0.2322235107421875,0.773468017578125,0.4230194091796875,-0.500526487827301,0.7142523527145386,0.3130884170532226
576,1.0125,1.206,0,1,0.27984619140625,0.81591796875,0.4617767333984375,-0.3883216381072998,0.4155391454696655,0.3511396646499634
577,1.02,1.3248,0,1,0.2692108154296875,0.7880859375,0.440765380859375,-0.2489325851202011,0.4368777275085449,0.3658988773822784
578,1.0221,1.4147,0,1,0.228302001953125,0.761688232421875,0.414276123046875,-0.0937555208802223,0.3583762645721435,0.3260737061500549
579,1.0181,1.4563,0,1,0.18017578125,0.7293548583984375,0.358245849609375,0.1019103825092315,0.1136346831917762,0.1992015242576599
580,1.0078,1.4396,0,1,0.2023468017578125,0.70953369140625,0.3989105224609375,0.3981300592422485,-0.3648818433284759,0.0887506380677223
581,0.9919,1.3646,0,1,0.2166595458984375,0.7032470703125,0.5018463134765625,0.630983293056488,-0.6640315055847168,0.0435003377497196
582,0.9715,1.2425,0,1,0.214935302734375,0.7091522216796875,0.527618408203125,0.7739047408103943,-0.3924053311347961,0.0584225617349147
583,0.9486,1.093,0,1,0.2061004638671875,0.756622314453125,0.470306396484375,0.9149449467658995,-0.2493158131837844,0.039352998137474
584,0.9257,0.9395,0,1,0.2111968994140625,0.797119140625,0.508758544921875,0.923200249671936,-0.6047849655151367,-0.0783046558499336
585,0.9057,0.8036,0,1,0.2707672119140625,0.8379058837890625,0.570098876953125,0.7938401103019714,-0.697121262550354,-0.1851592063903808
586,0.8913,0.702,0,1,0.3218994140625,0.8591766357421875,0.664398193359375,0.5574885606765747,-0.6055240035057068,-0.1043261364102363
587,0.885,0.6428,0,1,0.3068389892578125,0.7859649658203125,0.6490325927734375,0.2595854997634887,-0.4748674631118774,-0.0629515349864959
588,0.8887,0.6246,0,1,0.2619781494140625,0.7261505126953125,0.6456451416015625,0.1116666123270988,-0.3869053721427917,-0.0642354413866996
589,0.9023,0.6371,0,1,0.2689971923828125,0.6918487548828125,0.6817626953125,0.0251932367682456,-0.3164402544498443,-0.0418752767145633
590,0.9238,0.6646,0,1,0.33477783203125,0.7370452880859375,0.7490386962890625,-0.0430960729718208,-0.2269846796989441,0.0158175788819789
591,0.9505,0.6911,0,1,0.4796905517578125,0.817352294921875,0.8483734130859375,-0.2440912276506424,-0.0755679979920387,0.1769755780696869
592,0.9802,0.7042,0,1,0.6576385498046875,0.8906707763671875,0.621337890625,-0.3465638160705566,0.5267607569694519,0.5329275727272034
593,1.0121,0.6989,0,1,0.730712890625,1.1033477783203125,0.42340087890625,0.0512344241142272,0.7968982458114624,0.9808169007301332
594,1.0469,0.6798,0,1,0.7028350830078125,1.4551544189453125,0.4128265380859375,0.2109401971101761,0.3632580935955047,1.095281958580017
595,1.0865,0.6583,0,1,0.369476318359375,1.65814208984375,0.226043701171875,-0.2281724512577057,0.0671111270785331,0.5994147062301636
596,1.1334,0.6454,0,1,0.085540771484375,0.9928741455078124,-0.315765380859375,0.2137767374515533,0.5347877740859985,-0.0082949474453926
597,1.187,0.646,0,1,0.0867462158203125,0.7097930908203125,-0.303924560546875,0.8898409605026245,0.015204519033432,-0.2936854064464569
598,1.2413,0.6598,0,1,0.01416015625,0.8980560302734375,0.0325927734375,0.9006451368331909,-0.7288382053375244,-0.4620701670646667
599,1.2859,0.6857,0,1,0.1533355712890625,0.996490478515625,0.020416259765625,0.7291324734687805,-0.6944735646247864,-0.6268021464347839
600,1.3114,0.7234,0,1,0.2696685791015625,1.091583251953125,-0.0008392333984375,0.9225453734397888,-0.7595143914222717,-0.2964415252208709
601,1.3136,0.7731,0,1,0.23822021484375,1.1262664794921875,0.1122894287109375,0.9550087451934814,-0.7986335158348083,0.03361601755023
602,1.2939,0.8334,0,1,0.26031494140625,1.0036468505859375,0.1739044189453125,0.6483361721038818,-0.6172171235084534,-0.0565948374569416
603,1.2576,0.9002,0,1,0.253997802734375,0.8656768798828125,0.1938629150390625,0.4110770225524902,-0.3959952592849731,-0.1433571577072143
604,1.211,0.965,0,1,0.2413177490234375,0.782318115234375,0.183197021484375,0.3940714001655578,-0.2463583797216415,-0.2138057649135589
605,1.1592,1.0169,0,1,0.218353271484375,0.8477630615234375,0.183197021484375,0.4810574352741241,-0.0497758127748966,-0.1603665053844452
606,1.1061,1.0453,0,1,0.2070770263671875,0.9570770263671876,0.17840576171875,0.5017600655555725,0.4875267744064331,-0.1023082584142685
607,1.055,1.0447,0,1,0.2006988525390625,1.055084228515625,0.1461334228515625,0.3290324807167053,0.9265244007110596,-0.1139135211706161
608,1.0095,1.0168,0,1,0.1839447021484375,1.06964111328125,0.108154296875,0.0527116805315017,1.0585553646087646,-0.1566774994134903
609,0.9737,0.9701,0,1,0.1312713623046875,1.0215301513671875,0.059844970703125,-0.1687413454055786,0.9024912118911744,-0.2257124930620193
610,0.95,0.9164,0,1,0.0996246337890625,0.98907470703125,0.0283966064453125,-0.2528375685214996,0.5834011435508728,-0.3379029333591461
611,0.9393,0.8657,0,1,0.117919921875,0.975738525390625,0.0045928955078125,-0.2231747657060623,0.2804345786571502,-0.4052817225456238
612,0.9401,0.823,0,1,0.1735687255859375,0.984344482421875,0.0167236328125,-0.1065860986709594,0.1165444552898407,-0.2854831516742706
613,0.9494,0.7876,0,1,0.2309722900390625,1.0549468994140625,0.0473480224609375,-0.0536480471491813,0.2348013222217559,-0.2436976134777069
614,0.9641,0.7552,0,1,0.292205810546875,0.9901885986328124,0.011749267578125,-0.0596723854541778,0.3035798668861389,-0.3122313916683197
615,0.9814,0.7211,0,1,0.293426513671875,0.894805908203125,-0.015594482421875,0.1092473939061164,0.0018234663875773,-0.3588774800300598
616,0.9986,0.6825,0,1,0.32421875,0.8469390869140625,-0.015594482421875,0.409747838973999,-0.5418770909309387,-0.4123974144458771
617,1.0131,0.6412,0,1,0.4593353271484375,0.7844085693359375,0.0619964599609375,0.6989687085151672,-1.692778706550598,-0.2992274463176727
618,1.0224,0.6071,0,1,0.366607666015625,0.884765625,0.3074951171875,0.5788353681564331,-2.545893669128418,-0.0530437752604484
619,1.0252,0.5982,0,1,0.214691162109375,0.9347686767578124,0.4097747802734375,0.2555484175682068,-1.7361538410186768,0.12886743247509
620,1.0221,0.633,0,1,0.0386962890625,1.015594482421875,0.4400482177734375,-0.0136252650991082,-0.5631778836250305,0.2123349010944366
621,1.0156,0.7168,0,1,-0.008392333984375,1.0810394287109375,0.3002777099609375,-0.2130510210990905,0.6064568758010864,0.0668778344988823
622,1.0087,0.8371,0,1,0.0715179443359375,1.0852203369140625,0.1103363037109375,-0.3220954835414886,1.4943835735321045,-0.0530682764947414
623,1.0046,0.9727,0,1,0.109527587890625,1.0444488525390625,-0.00189208984375,-0.3691985607147217,1.9413295984268188,-0.0543098449707031
624,1.0048,1.1066,0,1,0.136016845703125,0.993988037109375,-0.068939208984375,-0.3649281561374664,1.7292064428329468,-0.0552627220749855
625,1.0095,1.2304,0,1,0.2368927001953125,0.900054931640625,-0.1498565673828125,-0.2456374615430832,1.0824273824691772,-0.1129734218120575
626,1.017,1.3382,0,1,0.315338134765625,0.8467254638671875,-0.1221771240234375,-0.0418079011142253,0.2452023029327392,-0.058689147233963
627,1.0247,1.4205,0,1,0.3914794921875,0.8648529052734375,-0.0485687255859375,0.011805260553956,-0.3252638578414917,0.088483527302742
628,1.0297,1.464,0,1,0.4149932861328125,0.9167327880859376,-0.01336669921875,0.0524533540010452,-0.6361674070358276,0.3226097524166107
629,1.0306,1.4582,0,1,0.3583831787109375,0.971832275390625,0.0241851806640625,0.1986308097839355,-0.9267507791519164,0.4593065977096557
630,1.0274,1.4035,0,1,0.286895751953125,1.0331268310546875,0.1197662353515625,0.3862369060516357,-1.3615200519561768,0.1597302705049514
631,1.0214,1.3127,0,1,0.2529144287109375,0.9887237548828124,0.2618865966796875,0.2489696145057678,-2.1424148082733154,-0.075415663421154
632,1.015,1.2093,0,1,0.102691650390625,0.9852142333984376,0.5814056396484375,0.116856575012207,-1.518462061882019,-0.1168802827596664
633,1.0105,1.1185,0,1,0.193145751953125,0.9282989501953124,0.5948944091796875,-0.3278156816959381,-0.0005432848702184,-0.0250536873936653
634,1.0099,1.0566,0,1,0.2703857421875,0.9128570556640624,0.43133544921875,-0.3729144632816314,1.443556308746338,0.0094712655991315
635,1.0139,1.0273,0,1,0.314422607421875,0.8909759521484375,0.2478790283203125,-0.44269859790802,1.5613298416137695,-0.0532586947083473
636,1.0218,1.0283,0,1,0.285247802734375,0.829864501953125,0.170318603515625,-0.4010310471057892,1.413434386253357,-0.03044312633574
637,1.031,1.056,0,1,0.25433349609375,0.8466949462890625,0.2314910888671875,-0.5050650238990784,1.0996387004852295,-0.0865639224648475
638,1.0384,1.1047,0,1,0.3111572265625,0.9161224365234376,0.4176483154296875,-0.9597601294517516,0.5510258674621582,-0.163142055273056
639,1.0419,1.1655,0,1,0.39190673828125,0.9591827392578124,0.5975189208984375,-1.5998127460479736,0.32012739777565,0.0132175348699092
640,1.0414,1.2298,0,1,0.3993988037109375,0.98260498046875,0.6596527099609375,-2.081634998321533,0.3137398064136505,0.2463176250457763
641,1.0398,1.294,0,1,0.373779296875,0.951385498046875,0.6687774658203125,-2.2339234352111816,0.264384776353836,0.2943032681941986
642,1.0405,1.3606,0,1,0.3095855712890625,0.8408660888671875,0.479339599609375,-1.8463919162750244,0.6519727110862732,0.3889586627483368
643,1.0456,1.4339,0,1,0.077239990234375,0.8289031982421875,0.4104461669921875,-1.2444968223571775,0.6570284962654114,0.3613938987255096
644,1.0546,1.514,0,1,-0.007659912109375,0.8764495849609375,0.4769439697265625,-0.7908821105957031,0.5847252607345581,0.2700839340686798
645,1.0647,1.5929,0,1,0.0235595703125,0.9051055908203124,0.54058837890625,-0.962594509124756,0.1696481555700302,0.231154128909111
646,1.0729,1.657,0,1,0.163116455078125,0.845123291015625,0.4306488037109375,-1.1328532695770264,-0.3435595035552978,0.3015545308589935
647,1.0771,1.6929,0,1,0.239349365234375,0.740325927734375,0.3537139892578125,-0.8796756863594055,-0.3909307420253753,0.2312753051519394
648,1.0756,1.6923,0,1,0.251708984375,0.6922760009765625,0.4302978515625,-0.5452294945716858,-0.363051176071167,0.1074106097221374
649,1.0671,1.6521,0,1,0.2226409912109375,0.709625244140625,0.518798828125,-0.2903791069984436,-0.3503031432628631,0.0371969044208526
650,1.0511,1.5725,0,1,0.205413818359375,0.673065185546875,0.4759368896484375,0.0086467517539858,-0.4616192877292633,-0.0788748413324356
651,1.0282,1.457,0,1,0.1738128662109375,0.6182708740234375,0.40472412109375,0.4754166007041931,-0.3478671610355377,-0.135045975446701
652,0.9998,1.3132,0,1,0.1896209716796875,0.6133880615234375,0.400665283203125,0.8798860311508179,-0.3765656352043152,-0.1791543066501617
653,0.9673,1.1543,0,1,0.2043304443359375,0.6267242431640625,0.438201904296875,1.0938640832901,-0.5210496187210083,-0.2289085537195205
654,0.9322,0.9986,0,1,0.2381744384765625,0.6649932861328125,0.4615478515625,1.2478952407836914,-0.6802472472190857,-0.2666285037994385
655,0.8969,0.8663,0,1,0.282684326171875,0.7563934326171875,0.5314178466796875,1.3497363328933716,-0.9175468683242798,-0.2566999793052673
656,0.8646,0.7761,0,1,0.30718994140625,0.847900390625,0.6455230712890625,1.1961134672164917,-1.0778422355651855,-0.2437508702278137
657,0.8396,0.7403,0,1,0.3406829833984375,0.8755035400390625,0.6976318359375,0.7824918627738953,-0.942937195301056,-0.2233340144157409
658,0.8263,0.7614,0,1,0.34417724609375,0.8035125732421875,0.6765289306640625,0.2736872136592865,-0.8319827318191528,-0.1800597757101059
659,0.8282,0.8301,0,1,0.39593505859375,0.6864013671875,0.64697265625,-0.0389740318059921,-0.856635332107544,-0.241574540734291
660,0.8458,0.9275,0,1,0.4979248046875,0.6162261962890625,0.7006988525390625,-0.1003569662570953,-0.8049782514572144,-0.1882074624300003
661,0.8767,1.0311,0,1,0.6039581298828125,0.6633453369140625,0.78314208984375,-0.1273622214794159,-0.4389067888259887,0.041538655757904
662,0.9171,1.1193,0,1,0.6974639892578125,0.904693603515625,0.9231719970703124,-0.4957825839519501,0.1852950304746627,0.3825998306274414
663,0.9644,1.176,0,1,0.7274169921875,1.1851348876953125,0.792205810546875,-0.8848344683647156,0.5846791863441467,0.7866817712783813
664,1.0181,1.1949,0,1,0.7013397216796875,1.398406982421875,0.65875244140625,-0.945542812347412,0.95621919631958,1.021175742149353
665,1.0792,1.1825,0,1,0.47930908203125,1.5847320556640625,0.4244232177734375,-1.1418968439102173,0.5686866044998169,1.017377853393555
666,1.1491,1.1542,0,1,0.0471038818359375,1.371368408203125,-0.1426849365234375,-0.6841050982475281,0.3309683501720428,0.3654935657978058
667,1.2257,1.1248,0,1,-0.0451507568359375,0.599090576171875,-0.531463623046875,0.7363051772117615,0.0038285604678094,-0.2724419236183166
668,1.3018,1.1027,0,1,0.0138397216796875,0.63116455078125,-0.124603271484375,1.7252024412155151,-1.0798404216766355,-0.3671732246875763
669,1.3647,1.0924,0,1,0.1138458251953125,1.0148468017578125,0.3056793212890625,1.5144240856170654,-0.355504035949707,-0.6582034826278687
670,1.4023,1.0991,0,1,0.3766632080078125,1.2229156494140625,0.05902099609375,1.4814245700836182,0.3797558546066284,-0.3217537999153137
671,1.4089,1.1271,0,1,0.4122314453125,1.1845855712890625,0.0218505859375,1.2949918508529663,0.2813680171966553,0.1296136528253555
672,1.3868,1.1754,0,1,0.3944091796875,0.98480224609375,0.0371246337890625,0.8641400933265686,0.0203193854540586,0.1182989478111267
673,1.3437,1.2355,0,1,0.361572265625,0.783355712890625,0.0516815185546875,0.6164810657501221,0.0050261840224266,-0.194147378206253
674,1.2873,1.2931,0,1,0.310577392578125,0.7401885986328125,0.055999755859375,0.5301802158355713,-0.0038160434924066,-0.1095448732376098
675,1.2237,1.3318,0,1,0.2483673095703125,0.812957763671875,0.0907745361328125,0.6403536200523376,-0.1305082142353058,-0.0076203690841794
676,1.1572,1.3384,0,1,0.1950225830078125,0.9570159912109376,0.1953277587890625,0.7803975343704224,-0.1446456015110016,-0.0435085967183113
677,1.0916,1.3076,0,1,0.1647491455078125,1.0366668701171875,0.347015380859375,0.6713277697563171,0.1793340742588043,-0.1728775054216385
678,1.0319,1.2419,0,1,0.158599853515625,1.05242919921875,0.293975830078125,0.3821926414966583,0.6722667813301086,-0.2227292209863662
679,0.983,1.1505,0,1,0.1436004638671875,1.0685577392578125,0.1804962158203125,0.2219784706830978,0.998225212097168,-0.2274275571107864
680,0.9491,1.0468,0,1,0.1337127685546875,1.059417724609375,0.0801544189453125,0.154024451971054,1.0491621494293213,-0.2694163024425506
681,0.9321,0.9459,0,1,0.125030517578125,1.005523681640625,0.033905029296875,0.1244801431894302,0.9733254313468932,-0.3411749005317688
682,0.9311,0.8616,0,1,0.130950927734375,0.951202392578125,0.04766845703125,0.107410080730915,0.8961768746376038,-0.3861753940582275
683,0.9427,0.803,0,1,0.1634521484375,0.9185943603515624,0.0486602783203125,0.10819011926651,0.8077213168144226,-0.3188120722770691
684,0.9619,0.7733,0,1,0.2278289794921875,0.959808349609375,0.0564117431640625,0.1804296970367431,0.5678083300590515,-0.1880053281784057
685,0.9834,0.7685,0,1,0.34326171875,0.9861297607421876,0.11810302734375,0.2010963559150695,0.1283385306596756,-0.1982281357049942
686,1.0031,0.7791,0,1,0.35546875,0.966064453125,0.1448974609375,0.016309730708599,-0.4236380755901336,-0.0875090733170509
687,1.0187,0.7928,0,1,0.2757110595703125,0.922515869140625,0.1431732177734375,-0.1059938073158264,-0.6433160901069641,-0.009302687831223
688,1.0293,0.7992,0,1,0.3065643310546875,0.90472412109375,0.190216064453125,0.0118848886340856,-0.641158401966095,-0.0147424610331654
689,1.0346,0.7928,0,1,0.330047607421875,0.7901153564453125,0.343109130859375,0.095444232225418,-0.5320897102355957,-0.0353880859911441
690,1.0345,0.7727,0,1,0.2261199951171875,0.83447265625,0.4181365966796875,-0.1428471654653549,0.1228670701384544,0.1055285558104515
691,1.0294,0.7408,0,1,0.132232666015625,0.9750213623046876,0.25323486328125,-0.3002423942089081,1.2431907653808594,0.343131273984909
692,1.0205,0.7029,0,1,0.0873870849609375,1.065277099609375,0.1212158203125,-0.3396821916103363,1.9097408056259155,0.3286111652851105
693,1.0098,0.672,0,1,0.056427001953125,1.1370849609375,0.024810791015625,-0.339059829711914,2.011528730392456,0.1018011942505836
694,1.0002,0.6665,0,1,-0.018096923828125,1.1241455078125,-0.198272705078125,-0.2060192078351974,1.3139057159423828,-0.2066434621810913
695,0.9946,0.7001,0,1,0.0414886474609375,0.945556640625,-0.13153076171875,0.0839300528168678,0.0339795388281345,-0.4013761878013611
696,0.9943,0.7727,0,1,0.1387176513671875,0.794036865234375,0.0327606201171875,0.151640385389328,-0.5860786437988281,-0.2612691521644592
697,0.9982,0.869,0,1,0.21673583984375,0.832672119140625,0.0504913330078125,0.1508387774229049,-0.5354599356651306,-0.2482737302780151
698,1.003,0.9665,0,1,0.3267669677734375,0.9304962158203124,0.02581787109375,0.3674062490463257,-0.4241811037063598,-0.1743800640106201
699,1.0056,1.0452,0,1,0.6069488525390625,0.9483795166015624,0.2441558837890625,0.5845140814781189,-1.1203175783157349,0.0655214861035347
700,1.0052,1.0948,0,1,0.54083251953125,0.933807373046875,0.45562744140625,-0.0701817497611045,-2.7667059898376465,0.5680104494094849
701,1.0034,1.1209,0,1,0.349945068359375,0.9617462158203124,0.4942779541015625,-0.2835632562637329,-2.18532943725586,0.4992542862892151
702,1.0032,1.1411,0,1,0.277801513671875,0.9139251708984376,0.5365447998046875,-0.0746073946356773,-0.3793936669826507,-0.0248049478977918
703,1.0068,1.1704,0,1,0.223114013671875,0.8953094482421875,0.48614501953125,0.1469396501779556,1.0415220260620115,0.0473304986953735
704,1.015,1.2109,0,1,0.220458984375,0.9134674072265624,0.4149169921875,0.197495236992836,1.5583796501159668,0.2545289695262909
705,1.0267,1.2559,0,1,0.2336578369140625,0.9568328857421876,0.2796783447265625,0.0559396967291832,1.4352866411209106,0.1834502518177032
706,1.0398,1.2994,0,1,0.22344970703125,0.9258270263671876,0.19970703125,-0.1125025749206543,0.9940919876098632,0.155070275068283
707,1.0517,1.336,0,1,0.2061004638671875,0.8804168701171875,0.1515655517578125,-0.2519113421440124,0.5381345748901367,0.1187857687473297
708,1.0598,1.3587,0,1,0.1875457763671875,0.901092529296875,0.1521148681640625,-0.2912925481796264,0.2930875420570373,0.1122828647494316
709,1.0621,1.3586,0,1,0.1826629638671875,0.89794921875,0.1496124267578125,-0.2994535565376282,0.259939968585968,-0.0026615632232278
710,1.0574,1.3271,0,1,0.228179931640625,0.8854217529296875,0.2207183837890625,-0.3308751285076141,0.1861514896154403,-0.1170637756586074
711,1.0461,1.2603,0,1,0.30133056640625,0.9271087646484376,0.3930511474609375,-0.5879868268966675,0.0186434593051671,-0.2077257633209228
712,1.03,1.1614,0,1,0.396514892578125,0.9313201904296876,0.604644775390625,-1.0775901079177856,-0.2559422850608825,-0.2056951075792312
713,1.0126,1.0422,0,1,0.4350433349609375,0.9255523681640624,0.6803436279296875,-1.766534447669983,-0.5541796088218689,-0.0421045757830143
714,0.9986,0.9236,0,1,0.38787841796875,0.8803558349609375,0.6322479248046875,-2.117149591445923,-0.5118361115455627,0.0677196606993675
715,0.9922,0.8318,0,1,0.3426055908203125,0.8366241455078125,0.468109130859375,-1.8448246717453003,-0.3113197982311249,0.1238151490688324
716,0.9949,0.7899,0,1,0.2092742919921875,0.7789764404296875,0.35504150390625,-0.9945516586303712,-0.1688782274723053,0.1856755912303924
717,1.0052,0.8076,0,1,0.167022705078125,0.775970458984375,0.400390625,-0.3812357783317566,-0.2067862004041671,0.1817713975906372
718,1.0187,0.8754,0,1,0.196044921875,0.8299102783203125,0.3896636962890625,-0.1329540610313415,-0.1139571964740753,0.1371075212955474
719,1.0308,0.9679,0,1,0.2491912841796875,0.8854827880859375,0.4778594970703125,-0.1239813342690467,0.1221576035022735,0.080749437212944
720,1.038,1.0543,0,1,0.233184814453125,0.85772705078125,0.40185546875,-0.3090952634811401,0.2780182957649231,0.0392488688230514
721,1.0391,1.1081,0,1,0.2396087646484375,0.744903564453125,0.32562255859375,-0.3055079877376556,-0.1228971630334854,-0.1008259430527687
722,1.0339,1.1143,0,1,0.285430908203125,0.683563232421875,0.3672943115234375,-0.0790631249547004,-0.5858168601989746,-0.1550665497779846
723,1.0225,1.0709,0,1,0.3110809326171875,0.6841278076171875,0.449951171875,0.1497703194618225,-0.8490069508552551,-0.1421243846416473
724,1.0054,0.9877,0,1,0.29718017578125,0.68414306640625,0.4840240478515625,0.2967171669006347,-0.8865266442298889,-0.1415643244981765
725,0.9837,0.8828,0,1,0.310302734375,0.709228515625,0.501708984375,0.4091925621032715,-0.7981299161911011,-0.1359216123819351
726,0.9597,0.7765,0,1,0.327789306640625,0.755157470703125,0.5345001220703125,0.3966064751148224,-0.677533745765686,-0.1148861050605773
727,0.9361,0.6862,0,1,0.3346405029296875,0.7622528076171875,0.5442047119140625,0.3509947657585144,-0.7532881498336792,-0.1708484441041946
728,0.9161,0.623,0,1,0.33026123046875,0.75677490234375,0.6080322265625,0.2694514393806457,-0.8836789131164551,-0.1445388048887252
729,0.9024,0.5917,0,1,0.3057861328125,0.7413482666015625,0.6287384033203125,0.1838630437850952,-0.790503978729248,-0.1161769405007362
730,0.8969,0.5913,0,1,0.27606201171875,0.7061767578125,0.635467529296875,0.1828800737857818,-0.5265908241271973,-0.1295228451490402
731,0.8998,0.6156,0,1,0.2492523193359375,0.6876983642578125,0.671173095703125,0.1780999600887298,-0.287847489118576,-0.1430532932281494
732,0.9103,0.6534,0,1,0.3032684326171875,0.6631011962890625,0.705352783203125,0.1228092759847641,-0.2173666805028915,-0.1638070493936538
733,0.9263,0.6911,0,1,0.4272003173828125,0.6858978271484375,0.79693603515625,-0.0758060812950134,-0.1223317682743072,-0.0715982839465141
734,0.9461,0.716,0,1,0.55999755859375,0.8211212158203125,0.7954559326171875,-0.4228149056434631,-0.0666040629148483,0.1315812021493911
735,0.9694,0.7198,0,1,0.7606658935546875,1.1083984375,0.8150787353515625,-0.7084213495254517,0.1646549999713897,0.4643586277961731
736,0.998,0.7022,0,1,0.8241119384765625,1.5714874267578125,0.75848388671875,-0.955265998840332,0.5313743948936462,0.9570721983909608
737,1.0367,0.6729,0,1,0.6393890380859375,1.7760162353515625,0.3143310546875,-0.6190783977508545,1.054481029510498,0.9171881675720216
738,1.0906,0.648,0,1,0.3092803955078125,1.0391845703125,-0.2722930908203125,0.192415252327919,1.1988643407821655,0.2371092140674591
739,1.1604,0.6436,0,1,0.186187744140625,0.471435546875,-0.2589111328125,0.8058797121047974,0.4169173240661621,-0.2548043131828308
740,1.2374,0.6681,0,1,0.0970458984375,0.6128387451171875,-0.011260986328125,0.9430349469184875,-0.7223366498947144,-0.2840756773948669
741,1.3054,0.7216,0,1,0.16571044921875,1.126678466796875,-0.0243682861328125,1.1962815523147583,-0.726557731628418,-0.3347060978412628
742,1.3493,0.799,0,1,0.2602996826171875,1.30596923828125,-0.055145263671875,1.6153185367584229,-0.4581017792224884,-0.2014359086751938
743,1.3625,0.8941,0,1,0.2630462646484375,1.1948394775390625,0.0824737548828125,1.342012882232666,-0.1870021075010299,0.032032236456871
744,1.3475,1.0,0,1,0.251251220703125,0.9782257080078124,0.0594482421875,0.7625250816345215,0.2863590717315674,0.0859402045607566
745,1.3115,1.1069,0,1,0.2125244140625,0.845245361328125,0.0693206787109375,0.4178201556205749,0.5624138116836548,0.000637560733594
746,1.262,1.201,0,1,0.146575927734375,0.813232421875,0.030059814453125,0.3989575207233429,0.6376901865005493,-0.0752854347229003
747,1.2046,1.2682,0,1,0.11956787109375,0.891937255859375,0.003448486328125,0.6033777594566345,0.4401185214519501,-0.2165560126304626
748,1.1437,1.2988,0,1,0.1297149658203125,0.97308349609375,0.0624237060546875,0.7826029062271118,0.2406259179115295,-0.3800442814826965
749,1.0834,1.2903,0,1,0.1218719482421875,1.0033721923828125,0.088134765625,0.7486470937728882,0.3059575259685516,-0.4672942161560058
750,1.0279,1.2472,0,1,0.130218505859375,0.981536865234375,0.0845489501953125,0.6130426526069641,0.3278769254684448,-0.5045180320739746
751,0.9814,1.1789,0,1,0.1508026123046875,0.97393798828125,0.07940673828125,0.4189927279949188,0.2432565987110138,-0.4093403816223144
752,0.9467,1.0958,0,1,0.1531524658203125,0.9741973876953124,0.0688629150390625,0.2327634692192077,0.0942151844501495,-0.2152052521705627
753,0.9249,1.0055,0,1,0.173248291015625,0.98345947265625,0.0734405517578125,0.1076132804155349,-0.1652691215276718,-0.1583539545536041
754,0.9156,0.9121,0,1,0.2475433349609375,1.00347900390625,0.09588623046875,0.083043485879898,-0.2167626619338989,-0.2482721209526062
755,0.9172,0.8173,0,1,0.3329925537109375,1.006011962890625,0.139923095703125,0.0564715303480625,-0.1298703849315643,-0.230253979563713
756,0.9277,0.7226,0,1,0.3538055419921875,0.971466064453125,0.16265869140625,-0.0727996379137039,-0.2159038037061691,-0.1175601854920387
757,0.9446,0.6301,0,1,0.3161773681640625,0.9518890380859376,0.1470794677734375,-0.0939414054155349,-0.4708961546421051,-0.1472011655569076
758,0.9655,0.5434,0,1,0.4150848388671875,0.914154052734375,0.261505126953125,0.101341538131237,-0.5811331868171692,-0.195515438914299
759,0.9876,0.4676,0,1,0.400909423828125,0.912384033203125,0.461944580078125,0.0543141029775142,-0.394956111907959,-0.0633009448647499
760,1.0087,0.408,0,1,0.27313232421875,0.888275146484375,0.387664794921875,-0.1132903397083282,0.5633328557014465,0.0681090131402015
761,1.0272,0.369,0,1,0.1365203857421875,0.9717864990234376,0.2811126708984375,-0.0562355741858482,1.4021553993225098,0.3169505298137665
762,1.0419,0.3555,0,1,0.0720977783203125,1.0424652099609375,0.18707275390625,-0.1541482955217361,1.7821191549301147,0.2709710597991943
763,1.0522,0.3757,0,1,0.033233642578125,1.068695068359375,0.0771942138671875,-0.3432306051254272,2.0095791816711426,0.0705601871013641
764,1.0582,0.4393,0,1,-0.0100555419921875,1.013458251953125,-0.0077667236328125,-0.425067126750946,1.8603203296661377,-0.18763168156147
765,1.0604,0.5521,0,1,-0.0265655517578125,0.915252685546875,-0.1766815185546875,-0.3126876056194305,1.189726710319519,-0.3843604624271393
766,1.0591,0.7094,0,1,0.078399658203125,0.79559326171875,-0.1345062255859375,0.0340887270867824,0.3101581335067749,-0.3095626533031463
767,1.0537,0.8922,0,1,0.178466796875,0.822296142578125,-0.023162841796875,0.1990936547517776,-0.1756860762834549,-0.1607814282178878
768,1.043,1.0708,0,1,0.3148040771484375,0.945831298828125,0.0028228759765625,0.3049479126930237,-0.2250914424657821,-0.0252944380044937
769,1.027,1.2135,0,1,0.395294189453125,1.0467987060546875,-0.003936767578125,0.4447660148143768,-0.3472237288951874,0.2177757322788238
770,1.0078,1.2977,0,1,0.44873046875,1.0186920166015625,0.027069091796875,0.6109893321990967,-0.7984194159507751,0.3942998945713043
771,0.9891,1.3174,0,1,0.4671630859375,0.9254608154296876,0.360504150390625,0.4436213672161102,-2.5653483867645264,0.5249055624008179
772,0.9752,1.2869,0,1,0.193206787109375,0.932861328125,0.6298675537109375,0.1611798405647277,-2.245999813079834,0.1245888024568557
773,0.9693,1.2349,0,1,0.4037322998046875,0.843505859375,0.8441314697265625,-0.1837309449911117,0.3927134573459625,-0.0626268982887268
774,0.9734,1.1889,0,1,0.322784423828125,0.8622589111328125,0.6123504638671875,0.0185118988156318,1.6279442310333252,0.2312177717685699
775,0.9877,1.164,0,1,0.3011627197265625,0.930328369140625,0.400054931640625,0.3407344222068786,1.9681476354599,0.3464136123657226
776,1.0104,1.1665,0,1,0.2986602783203125,0.959136962890625,0.2039031982421875,0.1561789512634277,1.996289849281311,0.263155996799469
777,1.0377,1.1996,0,1,0.2423858642578125,0.9638214111328124,0.076141357421875,-0.1537064760923385,1.672173023223877,0.3850376904010772
778,1.0647,1.2626,0,1,0.1389923095703125,1.003875732421875,0.0166015625,-0.3671489655971527,1.1520648002624512,0.3532440662384033
779,1.087,1.3473,0,1,0.0846099853515625,0.97943115234375,-0.0029449462890625,-0.2828636467456817,0.5149773359298706,0.1414862871170044
780,1.1014,1.4366,0,1,0.1300506591796875,0.915863037109375,0.07269287109375,-0.1333484649658203,-0.142148345708847,-0.0150167662650346
781,1.106,1.507,0,1,0.192840576171875,0.9080047607421876,0.30413818359375,-0.2171560227870941,-0.5154979825019836,0.0083372918888926
782,1.1007,1.5366,0,1,0.2534332275390625,0.90313720703125,0.4530181884765625,-0.7189499139785767,-0.6558537483215332,-0.0038946068380028
783,1.0869,1.5139,0,1,0.315643310546875,0.8894195556640625,0.4854888916015625,-1.0561095476150513,-0.4633458256721496,-0.0413905829191207
784,1.0677,1.4422,0,1,0.3410491943359375,0.900726318359375,0.5527801513671875,-1.206982970237732,-0.4139620363712311,-0.0116342855617403
785,1.0471,1.3367,0,1,0.336151123046875,0.9070892333984376,0.5814666748046875,-1.2795809507369995,-0.2734147608280182,-0.01970100030303
786,1.0291,1.2188,0,1,0.2969818115234375,0.875640869140625,0.5564727783203125,-1.3287458419799805,-0.0182202830910682,0.0247466247528791
787,1.0169,1.1094,0,1,0.2087860107421875,0.8218536376953125,0.4352569580078125,-1.1636245250701904,0.1628523021936416,0.029713686555624
788,1.0113,1.0242,0,1,0.20166015625,0.808197021484375,0.423492431640625,-0.9082910418510436,0.0863854885101318,0.0742265582084655
789,1.0112,0.9704,0,1,0.209716796875,0.832183837890625,0.416168212890625,-0.7512625455856323,-0.0159035995602607,0.1127079054713249
790,1.0139,0.9461,0,1,0.2225341796875,0.829620361328125,0.3618316650390625,-0.488015741109848,-0.0375495068728923,0.081653319299221
791,1.0165,0.9418,0,1,0.2774658203125,0.8284759521484375,0.4237518310546875,-0.2458960562944412,-0.0100931143388152,0.0763467028737068
792,1.0171,0.9433,0,1,0.2653656005859375,0.8130340576171875,0.4364776611328125,-0.1774658560752868,-0.1545701324939727,0.0242856312543153
793,1.0143,0.9363,0,1,0.20556640625,0.7307586669921875,0.4046173095703125,-0.0250856447964906,-0.5116864442825317,-0.0883612856268882
794,1.0079,0.9109,0,1,0.1746063232421875,0.730560302734375,0.442138671875,0.1728785634040832,-0.7793290615081787,-0.1414024084806442
795,0.9977,0.8654,0,1,0.181396484375,0.7158660888671875,0.4322357177734375,0.3163411915302276,-0.9105022549629213,-0.2389342784881591
796,0.9837,0.8064,0,1,0.282318115234375,0.7093658447265625,0.4080047607421875,0.5268638134002686,-0.7797530293464661,-0.2434145212173462
797,0.9666,0.746,0,1,0.389678955078125,0.7322235107421875,0.4906463623046875,0.5399990677833557,-1.077218532562256,-0.1865557581186294
798,0.9478,0.6977,0,1,0.407867431640625,0.770538330078125,0.621337890625,0.293303519487381,-1.361467361450195,-0.0808493122458458
799,0.93,0.673,0,1,0.3458251953125,0.798248291015625,0.6621551513671875,0.0424060449004173,-1.051856517791748,-0.0533724091947078
800,0.9166,0.6784,0,1,0.2711334228515625,0.776763916015625,0.6178741455078125,0.0776732265949249,-0.5216530561447144,-0.0635214522480964
801,0.9106,0.7118,0,1,0.238922119140625,0.76690673828125,0.6325836181640625,0.1410141140222549,-0.1587763279676437,-0.0582143031060695
802,0.9133,0.761,0,1,0.25238037109375,0.77789306640625,0.628997802734375,-0.0137594882398843,0.036800093948841,-0.1306738555431366
803,0.9242,0.8082,0,1,0.2688751220703125,0.781890869140625,0.6335296630859375,-0.2157360166311264,-0.0589181780815124,-0.1994720995426178
804,0.9416,0.8365,0,1,0.3173065185546875,0.768890380859375,0.6744537353515625,-0.3587368428707123,-0.2713281810283661,-0.2383134961128235
805,0.9632,0.8359,0,1,0.4400482177734375,0.7818450927734375,0.6902923583984375,-0.4838769137859344,-0.3574207127094269,-0.1811175942420959
806,0.987,0.8058,0,1,0.6235504150390625,0.8748779296875,0.6602325439453125,-0.5804953575134277,-0.326175719499588,0.0757293850183487
807,1.0121,0.7532,0,1,0.71624755859375,1.00811767578125,0.57177734375,-0.481400191783905,-0.1850753128528595,0.4835781157016754
808,1.0391,0.6895,0,1,0.7059783935546875,1.2291717529296875,0.5677490234375,-0.3351601660251617,-0.1653652638196945,0.7025943398475647
809,1.0701,0.6271,0,1,0.5092926025390625,1.3846435546875,0.3236236572265625,-0.3141957521438598,0.1751337349414825,0.5079212784767151
810,1.1071,0.5758,0,1,0.3035125732421875,1.1007080078125,-0.0460052490234375,0.2150675654411316,0.4288224577903747,0.1236279308795929
811,1.15,0.541,0,1,0.1837158203125,0.886627197265625,-0.050933837890625,0.6182248592376709,0.0068389978259801,-0.0729655548930168
812,1.1945,0.5241,0,1,0.1224822998046875,1.00146484375,-0.041595458984375,0.9905822277069092,-0.4867233037948608,-0.1920133829116821
813,1.2333,0.5251,0,1,0.25323486328125,1.081512451171875,-0.093048095703125,1.4918514490127563,-0.521301805973053,-0.1898727267980575
814,1.2595,0.5469,0,1,0.3094329833984375,1.071258544921875,-0.066558837890625,1.5957562923431396,-0.207772895693779,0.0289837140589952
815,1.2696,0.5943,0,1,0.2584381103515625,1.1000213623046875,-0.0019378662109375,1.109765887260437,-0.2154641151428222,0.0157800279557704
816,1.2637,0.6687,0,1,0.2313079833984375,1.0234375,0.06561279296875,0.4624904096126556,-0.0702115818858146,-0.1624443084001541
817,1.2444,0.7634,0,1,0.1658782958984375,0.923736572265625,0.063079833984375,0.0089223887771368,0.3822245895862579,-0.2651243507862091
818,1.2149,0.8629,0,1,0.1291656494140625,0.8619537353515625,0.026611328125,-0.0527838505804538,0.7090181708335876,-0.3703844547271728
819,1.1781,0.9495,0,1,0.1120147705078125,0.832550048828125,0.0019989013671875,0.2539121806621551,0.6898199915885925,-0.4340627491474151
820,1.136,1.0108,0,1,0.099456787109375,0.8627777099609375,0.0260467529296875,0.7359605431556702,0.4446922242641449,-0.4493194818496704
821,1.0904,1.0421,0,1,0.133514404296875,0.9310760498046876,0.0917205810546875,0.9579778909683228,0.1620568186044693,-0.4659136235713959
822,1.0439,1.0462,0,1,0.172698974609375,0.9595947265625,0.1390228271484375,0.7690074443817139,0.0619672313332557,-0.4066905379295349
823,0.9997,1.0297,0,1,0.2203216552734375,0.9299774169921876,0.192474365234375,0.3394241333007812,-0.093877226114273,-0.2713934183120727
824,0.9612,0.9988,0,1,0.21734619140625,0.9554290771484376,0.189971923828125,-0.0747509375214576,-0.4289335012435913,-0.0592838302254676
825,0.9314,0.9563,0,1,0.1876983642578125,1.0098876953125,0.160552978515625,-0.1719291508197784,-0.1462560147047042,-0.0641773864626884
826,0.9124,0.9029,0,1,0.207183837890625,1.0172119140625,0.118316650390625,-0.0789648592472076,0.5097023844718933,-0.1123539730906486
827,0.9049,0.8393,0,1,0.2249603271484375,1.035400390625,0.097625732421875,-0.0416068322956562,0.9489367604255676,-0.1770330965518951
828,0.9086,0.7702,0,1,0.2825927734375,1.0128936767578125,0.0636138916015625,-0.0422001853585243,1.034443974494934,-0.2504095733165741
829,0.9219,0.7045,0,1,0.345489501953125,0.92864990234375,0.048431396484375,0.0396033339202404,0.624938428401947,-0.1909928619861602
830,0.9422,0.6516,0,1,0.3778839111328125,0.8410797119140625,0.107147216796875,0.104182593524456,-0.2240086048841476,-0.0725301280617713
831,0.9657,0.6161,0,1,0.3802947998046875,0.799560546875,0.2222747802734375,0.0830408260226249,-0.9291813969612122,0.0723402425646781
832,0.9881,0.5976,0,1,0.286590576171875,0.83880615234375,0.377716064453125,-0.0309352781623601,-0.7301921844482422,0.2024322003126144
833,1.0059,0.5941,0,1,0.1372528076171875,0.928802490234375,0.3444976806640625,-0.1476669609546661,0.4099198877811432,0.3640868663787842
834,1.0172,0.6031,0,1,0.0547943115234375,1.067047119140625,0.2075042724609375,-0.2173688113689422,1.252854824066162,0.3863202631473541
835,1.022,0.6236,0,1,0.052734375,1.190155029296875,0.082305908203125,-0.273008644580841,1.6639379262924194,0.194468542933464
836,1.0227,0.6582,0,1,0.0130767822265625,1.18389892578125,-0.0189056396484375,-0.2731564342975616,1.615317940711975,-0.0550470054149627
837,1.0228,0.7121,0,1,-0.0242919921875,1.026092529296875,-0.0931854248046875,-0.1562090367078781,0.8539689779281616,-0.316131055355072
838,1.0249,0.7865,0,1,0.0601654052734375,0.8181915283203125,-0.02276611328125,0.0738672986626625,0.0351835526525974,-0.3525452613830566
839,1.0291,0.8736,0,1,0.147491455078125,0.8291015625,0.0221710205078125,0.2735588252544403,-0.3820384442806244,-0.3517449796199798
840,1.0333,0.9576,0,1,0.3134765625,0.915252685546875,0.0289306640625,0.4969778060913086,-0.44519904255867,-0.3522368669509887
841,1.0343,1.0231,0,1,0.5815277099609375,0.9393310546875,0.1215667724609375,0.6721461415290833,-0.9306302070617676,0.0010146644199267
842,1.0311,1.0628,0,1,0.468597412109375,0.9431304931640624,0.4029998779296875,0.1470664143562317,-2.68088436126709,0.694950520992279
843,1.0252,1.0824,0,1,0.5202178955078125,0.811279296875,0.67474365234375,0.1756706237792968,-0.714228630065918,0.7898378968238831
844,1.0194,1.0963,0,1,0.363739013671875,0.8753204345703125,0.506011962890625,0.165982574224472,1.2493131160736084,0.4389363527297973
845,1.0165,1.1165,0,1,0.2933502197265625,0.8932952880859375,0.2719879150390625,0.1150432303547859,1.2819632291793823,0.2382754236459732
846,1.0179,1.147,0,1,0.18780517578125,1.00262451171875,0.19580078125,0.1263709813356399,0.8764215111732483,0.3375202417373657
847,1.0231,1.1846,0,1,0.2114410400390625,1.0515594482421875,0.15277099609375,-0.0880859196186065,0.604464054107666,0.2509163916110992
848,1.0305,1.2206,0,1,0.2442169189453125,0.9751129150390624,0.084808349609375,-0.1396154165267944,0.5395950675010681,0.1752410531044006
849,1.0386,1.243,0,1,0.268341064453125,0.886474609375,0.062774658203125,0.0464636385440826,0.1564370095729828,0.1039362549781799
850,1.0456,1.2402,0,1,0.2716217041015625,0.8708648681640625,0.1496734619140625,0.1278780698776245,-0.5279943346977234,0.1329801529645919
851,1.0494,1.2045,0,1,0.2302398681640625,0.9207611083984376,0.2656097412109375,-0.0731695517897605,-0.94778174161911,0.1490699052810669
852,1.0487,1.1367,0,1,0.1710205078125,0.991119384765625,0.3956146240234375,-0.2975605726242065,-0.904830038547516,0.1077919751405716
853,1.0436,1.0462,0,1,0.182464599609375,1.0142059326171875,0.4373779296875,-0.373881995677948,-0.356069415807724,-0.0226911976933479
854,1.0357,0.9461,0,1,0.2578125,0.9699859619140624,0.4073638916015625,-0.2869486808776855,0.3429243266582489,-0.1056617125868797
855,1.0278,0.8475,0,1,0.352752685546875,0.8931427001953125,0.3583984375,-0.1980598270893097,0.8442489504814148,-0.13668754696846
856,1.022,0.7591,0,1,0.41357421875,0.8111114501953125,0.336334228515625,-0.2860754430294037,0.93680340051651,-0.0531063601374626
857,1.019,0.6883,0,1,0.376739501953125,0.8298492431640625,0.421722412109375,-0.6079352498054504,0.6737890839576721,0.0706834942102432
858,1.0185,0.6416,0,1,0.3041229248046875,0.8998870849609375,0.5910491943359375,-1.2148102521896362,0.4781002700328827,-0.0263064391911029
859,1.02,0.6241,0,1,0.278594970703125,0.9071197509765624,0.5540008544921875,-1.717515230178833,0.4554538130760193,-0.0419868640601635
860,1.0231,0.6405,0,1,0.276641845703125,0.8907470703125,0.4960479736328125,-1.7578260898590088,0.0474141202867031,0.1131025850772857
861,1.028,0.6944,0,1,0.226959228515625,0.8630828857421875,0.46124267578125,-1.354540228843689,-0.0434497408568859,0.168093666434288
862,1.0341,0.7845,0,1,0.1730499267578125,0.7713623046875,0.3754730224609375,-0.6226398944854736,0.4643916487693786,0.1292013972997665
863,1.0397,0.9008,0,1,0.1754608154296875,0.8156890869140625,0.4607696533203125,-0.1197900474071502,0.8407309055328369,0.1373203098773956
864,1.0427,1.0252,0,1,0.2826080322265625,0.8440704345703125,0.3953094482421875,-0.0652394592761993,0.7525302171707153,0.1605172455310821
865,1.0416,1.1369,0,1,0.3044281005859375,0.80096435546875,0.3631134033203125,-0.0212296545505523,0.3693799078464508,0.1726183742284774
866,1.0355,1.2171,0,1,0.2556304931640625,0.7436981201171875,0.2886505126953125,0.0498170927166938,0.0502415969967842,0.1395355314016342
867,1.0245,1.2515,0,1,0.256195068359375,0.7176971435546875,0.3131103515625,0.1760802268981933,-0.5124244093894958,0.0477922894060611
868,1.0086,1.2332,0,1,0.227294921875,0.725250244140625,0.394561767578125,0.2594997584819793,-0.8855276703834534,-0.0315422117710113
869,0.9882,1.1667,0,1,0.268707275390625,0.71319580078125,0.3929595947265625,0.3157664835453033,-1.00360369682312,-0.1059828922152519
870,0.9645,1.0668,0,1,0.3247833251953125,0.69915771484375,0.4772491455078125,0.428951621055603,-1.1429866552352903,-0.0833625346422195
871,0.9392,0.9553,0,1,0.353790283203125,0.69580078125,0.5616912841796875,0.3873224258422851,-1.0787930488586426,-0.0350325517356395
872,0.9152,0.8538,0,1,0.37908935546875,0.7443389892578125,0.5854949951171875,0.274286150932312,-0.8464338183403015,0.0037177728954702
873,0.8955,0.778,0,1,0.3662567138671875,0.8054656982421875,0.6082000732421875,0.2541308104991913,-0.5974157452583313,0.002453037770465
874,0.8831,0.7342,0,1,0.3202667236328125,0.8378448486328125,0.647064208984375,0.2082067281007766,-0.4113057851791382,-0.0063881245441734
875,0.8806,0.7185,0,1,0.246673583984375,0.7931671142578125,0.6680450439453125,0.0841793268918991,-0.0924740061163902,-0.0473227761685848
876,0.8888,0.7196,0,1,0.2243194580078125,0.7531585693359375,0.6202239990234375,0.0080411480739712,0.139270007610321,-0.104140780866146
877,0.9069,0.7228,0,1,0.284881591796875,0.7732086181640625,0.6416015625,0.0074145067483186,0.0790391564369201,-0.1475268751382827
878,0.9324,0.7151,0,1,0.382720947265625,0.850433349609375,0.798919677734375,-0.2335624247789383,-0.2449759244918823,-0.1952073127031326
879,0.9627,0.6891,0,1,0.47943115234375,0.9632415771484376,0.8448486328125,-0.587061882019043,-0.3873301446437835,-0.0907128602266311
880,0.9965,0.6456,0,1,0.56292724609375,1.1510772705078125,0.787445068359375,-0.7344369888305664,-0.1940536350011825,0.1371480077505111
881,1.0347,0.5924,0,1,0.5684661865234375,1.38909912109375,0.5211029052734375,-0.584134578704834,0.3652466833591461,0.3382827043533325
882,1.0791,0.5406,0,1,0.4539642333984375,1.413360595703125,0.2237091064453125,-0.4357267022132873,0.3978112936019897,0.2624087035655975
883,1.1308,0.5001,0,1,0.222381591796875,1.006378173828125,-0.1672210693359375,-0.1649082601070404,0.4269009828567505,-0.1728226393461227
884,1.1874,0.4767,0,1,0.06536865234375,0.667633056640625,-0.251983642578125,0.3347707986831665,-0.4159588515758514,-0.4672561287879944
885,1.2412,0.4722,0,1,0.05010986328125,0.7208709716796875,-0.0226593017578125,0.7037158012390137,-1.3756390810012815,-0.4867166578769684
886,1.2811,0.4885,0,1,0.221405029296875,1.0238037109375,-0.0398712158203125,0.916490912437439,-1.23245108127594,-0.3850784301757812
887,1.2983,0.5302,0,1,0.4123687744140625,1.194793701171875,-0.088653564453125,1.2287704944610596,-0.8239961266517639,0.0105525096878409
888,1.2906,0.6015,0,1,0.39752197265625,1.2313232421875,-0.0048980712890625,1.095886468887329,-0.564415454864502,0.3109655976295471
889,1.2629,0.7012,0,1,0.38140869140625,1.05224609375,0.054412841796875,0.7053515315055847,-0.2936864793300628,-0.0178820621222257
890,1.2235,0.8199,0,1,0.3447723388671875,0.8007354736328125,0.072052001953125,0.4001958668231964,0.1358459889888763,-0.2753985524177551
891,1.18,0.9407,0,1,0.2695159912109375,0.7789764404296875,0.0261688232421875,0.2917506396770477,0.5304883718490601,-0.1599414646625518
892,1.1366,1.0439,0,1,0.1818389892578125,0.882293701171875,0.0031890869140625,0.4617231488227844,0.4746168553829193,-0.1040299981832504
893,1.0948,1.1137,0,1,0.1266326904296875,0.98895263671875,0.10809326171875,0.6627819538116455,0.203132078051567,-0.1979056298732757
894,1.0557,1.142,0,1,0.1055908203125,1.0233917236328125,0.242156982421875,0.5652205348014832,0.127821072936058,-0.3567219078540802
895,1.0209,1.1287,0,1,0.1188812255859375,1.00408935546875,0.20098876953125,0.2635192573070526,0.2475389540195465,-0.3914228975772857
896,0.9926,1.0794,0,1,0.0648040771484375,1.0286712646484375,0.09820556640625,0.1301811784505844,0.3811060786247253,-0.3260747790336609
897,0.9725,1.0032,0,1,0.0516815185546875,1.0218048095703125,0.0333404541015625,0.1163050383329391,0.3641004562377929,-0.3084286749362945
898,0.9614,0.9097,0,1,0.075775146484375,0.9710693359375,0.0277252197265625,0.0617970563471317,0.1885035932064056,-0.3169241547584533
899,0.9587,0.8086,0,1,0.14324951171875,0.9582977294921876,0.053863525390625,0.015392804518342,0.0858965292572975,-0.2842003107070923
900,0.9625,0.7076,0,1,0.2575836181640625,1.0203399658203125,0.06378173828125,0.0481454245746135,0.2453668862581253,-0.2456433176994323
901,0.9707,0.6125,0,1,0.359771728515625,1.00909423828125,0.0817413330078125,0.0348924696445465,0.3189705312252044,-0.1037546247243881
902,0.9815,0.5273,0,1,0.3646697998046875,0.95245361328125,0.07037353515625,-0.0756002217531204,-0.068015269935131,0.0960847213864326
903,0.9935,0.4545,0,1,0.3331298828125,0.895294189453125,0.086334228515625,-0.0767781361937522,-0.5591620802879333,0.1132759600877761
904,1.0053,0.396,0,1,0.3992462158203125,0.8505706787109375,0.173980712890625,0.094114251434803,-1.0533651113510132,0.0493840612471103
905,1.0153,0.3561,0,1,0.3574066162109375,0.8545989990234375,0.45123291015625,0.0662812888622284,-1.311069130897522,0.0229484587907791
906,1.0221,0.3414,0,1,0.2243499755859375,0.8797760009765625,0.503021240234375,-0.3167944550514221,-0.2406293898820877,0.0519659966230392
907,1.0255,0.3572,0,1,0.08514404296875,0.9644927978515624,0.3095703125,-0.3903957009315491,1.325101375579834,0.2333216667175293
908,1.026,0.4047,0,1,0.0818939208984375,1.0470123291015625,0.1259765625,-0.2853233516216278,1.99594521522522,0.1287808865308761
909,1.0248,0.4844,0,1,0.080322265625,1.0975494384765625,0.0214996337890625,-0.1830960512161255,2.006173610687256,-0.0204887632280588
910,1.023,0.5981,0,1,0.06158447265625,1.016845703125,-0.0587615966796875,-0.1031205281615257,1.6113677024841309,-0.1774525493383407
911,1.022,0.7444,0,1,0.088409423828125,0.894439697265625,-0.0972442626953125,0.0330421067774295,0.7598752379417419,-0.194690391421318
912,1.0217,0.9128,0,1,0.1350860595703125,0.89117431640625,-0.0528106689453125,0.3871107101440429,0.6282961368560791,-0.2214354574680328
913,1.0212,1.0835,0,1,0.21978759765625,0.961090087890625,-0.054534912109375,0.995676040649414,1.4552955627441406,-0.4336638152599334
914,1.0191,1.2361,0,1,0.5582122802734375,0.8466796875,0.3245849609375,0.2984969317913055,-1.0895774364471436,-0.0910987481474876
915,1.0151,1.3573,0,1,0.5182342529296875,0.83984375,0.3459625244140625,-0.0901948735117912,-1.5677342414855957,0.526685893535614
916,1.01,1.4419,0,1,0.3411407470703125,0.938232421875,0.4592742919921875,-0.1066185906529426,-0.961534321308136,0.3726033866405487
917,1.0056,1.4894,0,1,0.3396148681640625,0.9752197265625,0.3884124755859375,-0.0265503842383623,-0.2971776127815246,0.0660519897937774
918,1.0037,1.4992,0,1,0.284912109375,0.99871826171875,0.38031005859375,0.0941227674484252,-0.1080721393227577,0.1930442899465561
919,1.0056,1.468,0,1,0.2646331787109375,0.99420166015625,0.363128662109375,0.0198804978281259,0.1807799041271209,0.2134502232074737
920,1.0118,1.3932,0,1,0.257110595703125,0.947723388671875,0.28460693359375,-0.0881482362747192,0.3838661611080169,0.1788126230239868
921,1.0218,1.277,0,1,0.24407958984375,0.8819732666015625,0.242523193359375,-0.0386917367577552,0.349936693906784,0.1539237797260284
922,1.0334,1.1284,0,1,0.242401123046875,0.8645172119140625,0.2579803466796875,0.0032924660481512,0.2595671117305755,0.1390047520399093
923,1.0439,0.9603,0,1,0.2013092041015625,0.8915557861328125,0.3030242919921875,-0.1638754904270172,0.0626410096883773,0.1811346411705017
924,1.0504,0.7873,0,1,0.140228271484375,0.9206390380859376,0.3310699462890625,-0.3646551966667175,0.1830148249864578,0.1533437520265579
925,1.0515,0.6235,0,1,0.1495513916015625,0.9168853759765624,0.2707977294921875,-0.4258703589439392,0.5042314529418945,0.0966194868087768
926,1.0468,0.4816,0,1,0.210784912109375,0.91912841796875,0.21673583984375,-0.3104929029941559,0.5552568435668945,0.0514562651515007
927,1.0372,0.3724,0,1,0.3012542724609375,0.8793487548828125,0.2497100830078125,-0.2526471614837646,0.3021465539932251,-0.0495390556752681
928,1.0242,0.302,0,1,0.30096435546875,0.9102020263671876,0.4384002685546875,-0.519655168056488,-0.0748819634318351,-0.0131197962909936
929,1.0099,0.2709,0,1,0.2769775390625,0.9488525390625,0.6688385009765625,-1.2306190729141235,-0.2519933581352234,-0.1209799498319625
930,0.9973,0.2777,0,1,0.305938720703125,0.91400146484375,0.6208038330078125,-1.9233559370040891,-0.1072684004902839,-0.104515753686428
931,0.9896,0.3238,0,1,0.3135223388671875,0.861175537109375,0.5712432861328125,-1.9520717859268188,0.0751376301050186,-0.0100901843979954
932,0.9891,0.4129,0,1,0.30523681640625,0.8219757080078125,0.45953369140625,-1.594918727874756,-0.0474636554718017,0.1300687938928604
933,0.9958,0.5457,0,1,0.2183685302734375,0.812774658203125,0.4276580810546875,-0.7984801530838013,0.4693243503570556,0.263604462146759
934,1.0075,0.7132,0,1,0.1283416748046875,0.8396453857421875,0.44427490234375,-0.2932665050029754,0.8603885173797607,0.2575689554214477
935,1.0206,0.8961,0,1,0.1796875,0.8493499755859375,0.3104095458984375,-0.1523173600435257,0.6918391585350037,0.2036322206258773
936,1.0315,1.0695,0,1,0.2799530029296875,0.817626953125,0.378662109375,-0.104929082095623,0.2696927189826965,0.1293505281209945
937,1.0373,1.2082,0,1,0.2997894287109375,0.740509033203125,0.3830413818359375,-0.1145622655749321,-0.1004432514309883,0.2295591533184051
938,1.0365,1.2921,0,1,0.226715087890625,0.7304229736328125,0.42218017578125,-0.0320705845952034,-0.3746833205223083,0.1170765534043312
939,1.0283,1.3097,0,1,0.171478271484375,0.672607421875,0.3249359130859375,0.1850108653306961,-0.3698291778564453,-0.0246392991393804
940,1.0128,1.2613,0,1,0.2187652587890625,0.662628173828125,0.320465087890625,0.5083441734313965,-0.8533908128738403,-0.0721873790025711
941,0.9903,1.1596,0,1,0.288665771484375,0.6650390625,0.4315948486328125,0.6257991790771484,-1.234994888305664,-0.0309158377349376
942,0.9623,1.0284,0,1,0.376708984375,0.728302001953125,0.5202484130859375,0.6543983221054077,-1.1656494140625,-0.0024804682470858
943,0.9315,0.8963,0,1,0.395050048828125,0.7599029541015625,0.6193084716796875,0.5421215891838074,-1.1701178550720217,-0.0334216058254241
944,0.9023,0.7893,0,1,0.338592529296875,0.7589569091796875,0.6657867431640625,0.3020586669445038,-0.8855215907096863,-0.0408893749117851
945,0.8798,0.7236,0,1,0.26934814453125,0.7852020263671875,0.6627960205078125,0.113831490278244,-0.5573580861091614,-0.0453592240810394
946,0.8679,0.7015,0,1,0.22210693359375,0.7879638671875,0.70538330078125,0.0618742853403091,-0.4068553745746612,-0.0784247666597366
947,0.8689,0.7136,0,1,0.24298095703125,0.7279815673828125,0.7774200439453125,0.0470862872898578,-0.2136654108762741,-0.1466538906097412
948,0.8828,0.7428,0,1,0.3115081787109375,0.7157745361328125,0.82781982421875,-0.0356621220707893,-0.1002376526594162,-0.1482310146093368
949,0.9081,0.7703,0,1,0.3683624267578125,0.8392333984375,0.8264923095703125,-0.339216947555542,-0.0504474602639675,-0.1300482749938964
950,0.9427,0.7814,0,1,0.4954071044921875,1.1012420654296875,0.794952392578125,-0.6549993753433228,-0.0162854958325624,-0.0215708054602146
951,0.985,0.7699,0,1,0.7614288330078125,1.369293212890625,0.8430023193359375,-1.1410462856292725,0.7329556941986084,0.3720550537109375
952,1.0358,0.7411,0,1,0.7823028564453125,1.5182647705078125,0.5525360107421875,-1.6187028884887695,0.8261751532554626,0.7878347039222717
953,1.0968,0.711,0,1,0.430206298828125,1.1338958740234375,0.2080078125,-1.4405994415283203,0.430184930562973,0.3312985599040985
954,1.1673,0.699,0,1,0.0418853759765625,0.5364837646484375,-0.2198028564453125,-0.247778370976448,0.2546570599079132,-0.4387176930904388
955,1.2395,0.7172,0,1,-0.0098419189453125,0.4925384521484375,-0.00189208984375,1.0606310367584229,-0.696064829826355,-0.4420349299907684
956,1.2993,0.7669,0,1,-0.0532684326171875,0.9051971435546876,-0.0140533447265625,1.9008677005767824,-0.7635698318481445,-0.2600733935832977
957,1.3328,0.8448,0,1,0.25628662109375,1.4067230224609375,-0.07733154296875,2.449409008026123,-0.4261574447154999,-0.6184096932411194
958,1.3342,0.9501,0,1,0.5246429443359375,1.496612548828125,-0.0115509033203125,1.9600729942321775,-0.438254565000534,-0.3209758996963501
959,1.3092,1.0829,0,1,0.35614013671875,1.1402587890625,-0.026031494140625,0.9738487601280212,-0.9978238940238952,0.1039583534002304
960,1.2693,1.2369,0,1,0.3598785400390625,0.829864501953125,0.0225982666015625,0.3853317201137543,-0.6774940490722656,-0.0552352927625179
961,1.225,1.3946,0,1,0.310943603515625,0.7919158935546875,0.0767059326171875,0.2257127612829208,0.091429516673088,-0.1171396747231483
962,1.1819,1.5301,0,1,0.2762603759765625,0.7997894287109375,0.0350341796875,0.3769014775753021,0.5681731700897217,-0.182548776268959
963,1.1413,1.6175,0,1,0.1824493408203125,0.8801727294921875,0.1207122802734375,0.660956621170044,0.3774391710758209,-0.107859618961811
964,1.1026,1.6405,0,1,0.1056060791015625,1.0135955810546875,0.1771240234375,0.7419739961624146,-0.230556771159172,-0.169627383351326
965,1.0658,1.5968,0,1,0.128662109375,1.0440521240234375,0.1474456787109375,0.6214814186096191,-0.4298536479473114,-0.3074827194213867
966,1.0323,1.4958,0,1,0.1139984130859375,1.0083160400390625,0.10772705078125,0.3849713802337646,-0.4752427041530609,-0.3683508634567261
967,1.0042,1.3545,0,1,0.1128692626953125,0.9471893310546876,0.108184814453125,0.1667825877666473,-0.4508619904518127,-0.3768639266490936
968,0.9831,1.1922,0,1,0.1322784423828125,0.892547607421875,0.1060028076171875,0.0090193273499608,-0.2502761483192444,-0.2563793063163757
969,0.969,1.0255,0,1,0.17877197265625,0.900115966796875,0.1057281494140625,-0.0409476980566978,0.1628299355506897,-0.2425095736980438
970,0.9608,0.8672,0,1,0.2852020263671875,0.8810272216796875,0.0892791748046875,-0.0415612906217575,0.7705920338630676,-0.2064109593629837
971,0.9566,0.7271,0,1,0.331085205078125,0.9209136962890624,0.0569915771484375,-0.0803901776671409,1.1588598489761353,-0.0115141766145825
972,0.9549,0.6149,0,1,0.33447265625,1.0192413330078125,0.0294647216796875,-0.1581118702888488,1.1860387325286863,0.1071951612830162
973,0.9551,0.5405,0,1,0.28790283203125,1.0576171875,-0.0072479248046875,-0.1662315875291824,0.7861467599868774,-0.0007752461824566
974,0.9576,0.5091,0,1,0.2712860107421875,0.9548797607421876,-0.0117645263671875,0.0432462729513645,0.2076000571250915,-0.156641811132431
975,0.963,0.5169,0,1,0.2620849609375,0.95416259765625,0.0457916259765625,0.2783767580986023,-0.3404550552368164,-0.0264044422656297
976,0.971,0.5518,0,1,0.32025146484375,0.933563232421875,0.205963134765625,0.3071317076683044,-0.6148525476455688,-0.1114421039819717
977,0.9807,0.5987,0,1,0.27874755859375,0.886322021484375,0.393707275390625,-0.1614570766687393,-0.687322199344635,0.0213553551584482
978,0.9908,0.6453,0,1,0.1674957275390625,0.85931396484375,0.261962890625,-0.3562015295028686,0.1482967883348465,0.3341689109802246
979,0.9998,0.6838,0,1,0.1202545166015625,0.8923187255859375,0.1235504150390625,-0.1725632548332214,1.0329227447509766,0.4475836455821991
980,1.006,0.712,0,1,0.095550537109375,1.000762939453125,0.0758056640625,-0.1991722285747528,1.29902982711792,0.3701383769512176
981,1.0085,0.7335,0,1,0.018585205078125,1.1717376708984375,-0.0309295654296875,-0.2913785874843597,1.2827482223510742,0.1109994873404502
982,1.0081,0.7561,0,1,0.0132293701171875,1.2205657958984375,-0.17340087890625,-0.0225788112729787,1.0102118253707886,-0.2559982240200043
983,1.0072,0.7868,0,1,0.095977783203125,1.047821044921875,-0.101409912109375,0.3520286083221435,0.5822620987892151,-0.3166849911212921
984,1.0089,0.8269,0,1,0.1762847900390625,0.964599609375,0.0058746337890625,0.523023784160614,0.5983699560165405,-0.3000559508800506
985,1.0143,0.8722,0,1,0.4797821044921875,0.8449554443359375,0.1827545166015625,0.5394855737686157,0.3345295190811157,-0.259789764881134
986,1.0226,0.916,0,1,0.6333160400390625,0.74859619140625,0.43341064453125,-0.3945957720279693,-1.751132845878601,0.4962523579597473
987,1.0321,0.9546,0,1,0.3679962158203125,0.7449493408203125,0.488861083984375,-0.0696461871266365,-0.1843320280313491,0.6837649941444397
988,1.0407,0.9878,0,1,0.4784698486328125,0.835723876953125,0.4586029052734375,0.2075012624263763,1.2859493494033811,0.4125566780567169
989,1.0471,1.0173,0,1,0.291259765625,0.9301300048828124,0.3557281494140625,0.1879392713308334,1.2428208589553833,0.3686760365962982
990,1.0509,1.045,0,1,0.16424560546875,1.0161895751953125,0.2655029296875,0.1786099523305893,1.0687049627304075,0.3578502833843231
991,1.052,1.072,0,1,0.144622802734375,1.0518646240234375,0.2259063720703125,0.1079792007803917,0.7899268865585327,0.2900720238685608
992,1.0514,1.097,0,1,0.135223388671875,1.011199951171875,0.2147369384765625,0.0509601198136806,0.3359290063381195,0.14373479783535
993,1.05,1.1143,0,1,0.1676025390625,0.96173095703125,0.2709197998046875,-0.0323909632861614,-0.2085372358560562,0.0567157417535781
994,1.0484,1.1145,0,1,0.146270751953125,0.9234771728515624,0.3147735595703125,-0.1252758949995041,-0.4002675116062164,0.073638267815113
995,1.0465,1.0889,0,1,0.173370361328125,0.9234771728515624,0.354248046875,-0.1602011173963546,-0.3375159800052643,0.0411136150360107
996,1.044,1.0336,0,1,0.19403076171875,0.903106689453125,0.37689208984375,-0.2120510041713714,-0.2617104351520538,-0.0490839220583438
997,1.0406,0.9504,0,1,0.22760009765625,0.8874053955078125,0.42718505859375,-0.2122611254453659,0.0140343261882662,-0.0831912904977798
998,1.0361,0.8458,0,1,0.2728271484375,0.92108154296875,0.4701080322265625,-0.3295294344425201,0.2218538373708725,-0.079291358590126
999,1.0311,0.729,0,1,0.3532257080078125,0.894439697265625,0.4645233154296875,-0.5045755505561829,0.3756990432739258,-0.0885261371731758
1000,1.0264,0.6119,0,1,0.3938751220703125,0.8687896728515625,0.4567413330078125,-0.631727933883667,0.709290623664856,-0.0012903015594929
1001,1.0231,0.5086,0,1,0.32867431640625,0.89984130859375,0.4930877685546875,-0.945928990840912,0.6463121771812439,-0.0844925120472908
1002,1.0221,0.4337,0,1,0.2948760986328125,0.8704681396484375,0.59869384765625,-1.3802074193954468,0.5665534138679504,-0.1666741967201233
1003,1.0239,0.4005,0,1,0.313385009765625,0.8419647216796875,0.5804901123046875,-1.6213902235031128,0.823989748954773,-0.0403114706277847
1004,1.0284,0.4194,0,1,0.2370758056640625,0.8406219482421875,0.42840576171875,-1.5475133657455444,0.6388329267501831,0.1804992109537124
1005,1.0347,0.4944,0,1,0.1285858154296875,0.8296051025390625,0.24700927734375,-1.025068759918213,0.5516684651374817,0.1600274890661239
1006,1.0408,0.6198,0,1,0.2021331787109375,0.793060302734375,0.364959716796875,-0.7585611939430237,0.1204513162374496,0.1775361746549606
1007,1.044,0.7784,0,1,0.2816009521484375,0.8019866943359375,0.360382080078125,-0.7778826951980591,-0.1511708796024322,0.2698522508144378
1008,1.0418,0.9454,0,1,0.247161865234375,0.8000335693359375,0.3795928955078125,-0.5764284133911133,-0.3847053349018097,0.2974444627761841
1009,1.0335,1.0949,0,1,0.1649017333984375,0.7744140625,0.4713592529296875,-0.2641903758049011,-0.3978046178817749,0.1413147896528244
1010,1.0194,1.2054,0,1,0.14141845703125,0.6798095703125,0.4259490966796875,0.136521890759468,-0.3771163821220398,0.0402616672217845
1011,1.0004,1.2629,0,1,0.193328857421875,0.637359619140625,0.405364990234375,0.5823222994804382,-0.5562981367111206,-0.0422457233071327
1012,0.9776,1.2633,0,1,0.2279815673828125,0.62518310546875,0.4007568359375,0.8779760003089905,-0.7891284227371216,-0.0460689589381217
1013,0.9517,1.2145,0,1,0.235198974609375,0.6657257080078125,0.4391021728515625,0.9343301057815552,-1.0377918481826782,-0.0963185429573059
1014,0.924,1.1347,0,1,0.291259765625,0.7471466064453125,0.493194580078125,0.9010230302810668,-1.235035061836243,-0.166282445192337
1015,0.8965,1.0478,0,1,0.334197998046875,0.804229736328125,0.6299285888671875,0.6498832106590271,-1.3682200908660889,-0.151689663529396
1016,0.8727,0.9763,0,1,0.338165283203125,0.7698516845703125,0.6930694580078125,0.2584241032600403,-1.131811022758484,-0.1187554150819778
1017,0.8568,0.9352,0,1,0.2987518310546875,0.7127227783203125,0.693145751953125,0.0186658296734094,-0.8536600470542908,-0.1049903333187103
1018,0.8519,0.9281,0,1,0.279815673828125,0.6812744140625,0.77667236328125,-0.0040615871548652,-0.6656619310379028,-0.1172387450933456
1019,0.8596,0.9476,0,1,0.3096923828125,0.715850830078125,0.875,0.0323675274848938,-0.4346241652965545,-0.0824458748102188
1020,0.8798,0.9789,0,1,0.35430908203125,0.9197235107421876,0.9870758056640624,-0.1248790845274925,-0.0291344486176967,-0.0060467072762548
1021,0.9118,1.0041,0,1,0.4862060546875,1.152557373046875,0.9420623779296876,-0.5235926508903503,0.4356159269809723,0.0904380232095718
1022,0.9561,1.0095,0,1,0.7389373779296875,1.272125244140625,0.7950592041015625,-0.9368636012077332,1.097817063331604,0.3184472322463989
1023,1.0134,0.9919,0,1,0.7086334228515625,1.3686981201171875,0.42266845703125,-1.2078346014022827,0.8211771845817566,0.5860216617584229
1024,1.0837,0.9602,0,1,0.356414794921875,1.0706024169921875,0.1744232177734375,-0.9712290167808532,0.0981132537126541,0.211616113781929
1025,1.1627,0.9278,0,1,0.095611572265625,0.7468109130859375,0.0408477783203125,-0.3627286553382873,-0.1542590707540512,-0.210902914404869
1026,1.2408,0.9036,0,1,0.00537109375,0.751922607421875,0.06451416015625,0.2280483394861221,-0.7156470417976379,-0.2326217889785766
1027,1.3046,0.8893,0,1,0.0304412841796875,1.0094757080078125,-0.019287109375,1.177990198135376,-0.8503822088241577,-0.3709146976470947
1028,1.3425,0.885,0,1,0.240020751953125,1.301361083984375,-0.0734100341796875,1.7816872596740725,-0.94240003824234,-0.5506740808486938
1029,1.3503,0.8954,0,1,0.4325408935546875,1.2919464111328125,-0.0701141357421875,1.4382596015930176,-0.8996147513389587,-0.4165239930152893
1030,1.332,0.9284,0,1,0.4069366455078125,1.0383453369140625,-0.082122802734375,0.8855492472648621,-1.1528451442718506,-0.0184290744364261
1031,1.2961,0.9882,0,1,0.3443145751953125,0.8856964111328125,0.0340576171875,0.481743723154068,-0.8351502418518066,-0.0226813443005085
1032,1.2513,1.0699,0,1,0.2954864501953125,0.8323211669921875,0.079559326171875,0.218228742480278,-0.0871359705924987,-0.2277319580316543
1033,1.203,1.1581,0,1,0.29034423828125,0.8046875,0.0368804931640625,0.2262869328260421,0.543490469455719,-0.291176974773407
1034,1.1542,1.2326,0,1,0.257293701171875,0.8560028076171875,0.0140838623046875,0.513903021812439,0.73298579454422,-0.1909353286027908
1035,1.1064,1.2768,0,1,0.2168731689453125,0.9472198486328124,0.03082275390625,0.8009305000305176,0.5650676488876343,-0.1411432772874832
1036,1.0608,1.2834,0,1,0.1678466796875,1.002349853515625,0.077056884765625,0.8451253771781921,0.2956761121749878,-0.1989357322454452
1037,1.0195,1.2545,0,1,0.111175537109375,1.0189361572265625,0.0958709716796875,0.6329670548439026,0.0724491700530052,-0.4095097482204437
1038,0.9851,1.1977,0,1,0.0872802734375,1.011474609375,0.071533203125,0.3764042556285858,-0.2072746306657791,-0.6276916265487671
1039,0.9597,1.1226,0,1,0.104827880859375,0.96630859375,0.08074951171875,0.2320103347301483,-0.4851642847061157,-0.6806904077529907
1040,0.9441,1.0392,0,1,0.17474365234375,0.9041748046875,0.1187591552734375,0.1970225274562835,-0.7107345461845398,-0.412289023399353
1041,0.9378,0.9569,0,1,0.2386474609375,0.9530029296875,0.234130859375,0.0796002894639968,-0.8841079473495483,-0.0240552686154842
1042,0.939,0.8837,0,1,0.3323211669921875,1.01031494140625,0.268585205078125,-0.1595955193042755,-0.6080899238586426,0.0498652942478656
1043,0.946,0.8242,0,1,0.297607421875,1.0756988525390625,0.2162933349609375,-0.2865310907363891,-0.0096004297956824,0.0643931031227111
1044,0.9578,0.7784,0,1,0.2195281982421875,1.062255859375,0.1306304931640625,-0.2437109351158142,0.507170557975769,-0.1760626435279846
1045,0.9736,0.7427,0,1,0.2239990234375,0.9207611083984376,0.0892181396484375,0.0085234474390745,0.5527760982513428,-0.2810378074645996
1046,0.992,0.7129,0,1,0.3680419921875,0.788604736328125,0.1968536376953125,0.3097684979438782,0.0627656430006027,-0.4181543588638305
1047,1.0101,0.6861,0,1,0.3862457275390625,0.74639892578125,0.383544921875,0.0693468526005745,-0.4828236401081085,-0.1516952514648437
1048,1.0247,0.6608,0,1,0.236114501953125,0.8227081298828125,0.3165435791015625,-0.3600442111492157,0.4009130597114563,0.2300289422273636
1049,1.0329,0.6376,0,1,0.128692626953125,0.9545440673828124,0.150054931640625,-0.5231633186340332,1.7147841453552246,0.547456681728363
1050,1.0336,0.6222,0,1,0.069915771484375,1.0554046630859375,0.034271240234375,-0.6180610656738281,2.140232563018799,0.5422899127006531
1051,1.0277,0.6284,0,1,-0.0262298583984375,1.1347198486328125,-0.0897369384765625,-0.5470521450042725,1.7488688230514526,0.3220179975032806
1052,1.018,0.6717,0,1,-0.1060333251953125,1.0979156494140625,-0.3505096435546875,0.3400177657604217,1.6394853591918943,-0.1643596440553665
1053,1.0084,0.7606,0,1,0.1239471435546875,0.97528076171875,-0.125579833984375,0.6811487078666687,1.0223596096038818,-0.3040336668491363
1054,1.0023,0.8907,0,1,0.2799224853515625,0.9496002197265624,-0.0513458251953125,0.6324304342269897,0.969671070575714,-0.3931907117366791
1055,1.0008,1.0457,0,1,0.49676513671875,0.85797119140625,-0.14129638671875,0.6687929630279541,-0.335435003042221,-0.2396394908428192
1056,1.0035,1.2044,0,1,0.5718231201171875,0.7996673583984375,0.2847137451171875,0.652134120464325,-3.3080782890319824,0.2105561792850494
1057,1.0088,1.3528,0,1,0.4481048583984375,0.8146820068359375,0.6900177001953125,-0.1007332652807235,-3.149263381958008,0.509421706199646
1058,1.0159,1.4906,0,1,0.31817626953125,0.94549560546875,0.6684112548828125,-0.5982794165611267,-0.8668842315673828,0.4242261052131653
1059,1.0248,1.6223,0,1,0.270263671875,1.0026397705078125,0.4836273193359375,-0.3149094879627228,0.4935023784637451,0.1781945079565048
1060,1.0362,1.7412,0,1,0.25146484375,1.03106689453125,0.4321746826171875,0.2303559780120849,0.7024715542793274,0.2229563891887664
1061,1.0503,1.8295,0,1,0.2763519287109375,0.992889404296875,0.3883056640625,0.243669643998146,1.1279085874557495,0.1000491008162498
1062,1.0664,1.8699,0,1,0.2752532958984375,0.8906402587890625,0.2505340576171875,0.0032679650466889,1.345361351966858,0.0613411217927932
1063,1.0825,1.8552,0,1,0.22613525390625,0.8449554443359375,0.1871795654296875,-0.1144245788455009,1.0664093494415283,0.1422609984874725
1064,1.0956,1.7895,0,1,0.2125701904296875,0.9058380126953124,0.247711181640625,-0.2780396044254303,0.6125680804252625,0.1794805377721786
1065,1.1024,1.683,0,1,0.2464141845703125,0.9207611083984376,0.2559967041015625,-0.5298886299133301,0.3354687988758087,0.2339616268873214
1066,1.1009,1.5473,0,1,0.2202301025390625,0.8975067138671875,0.2337646484375,-0.6505937576293945,0.3988520503044128,0.2174521684646606
1067,1.0909,1.3943,0,1,0.2431640625,0.8873138427734375,0.2952728271484375,-0.6670504808425903,0.421708345413208,0.1202853992581367
1068,1.0738,1.2365,0,1,0.296173095703125,0.902801513671875,0.4554595947265625,-0.7823395133018494,0.3790988624095917,0.0693748146295547
1069,1.0524,1.0864,0,1,0.3377227783203125,0.9548187255859376,0.6970672607421875,-1.1783124208450315,0.3845974802970886,0.0459448546171188
1070,1.0309,0.9568,0,1,0.3604736328125,0.947509765625,0.7330322265625,-1.6468327045440674,0.6905126571655273,0.0809662193059921
1071,1.0142,0.8611,0,1,0.264312744140625,0.9011077880859376,0.5355224609375,-1.574742555618286,0.7773972153663635,0.1653956174850464
1072,1.006,0.8115,0,1,0.12725830078125,0.810302734375,0.39056396484375,-0.978488266468048,0.7473556995391846,0.1795705556869506
1073,1.0072,0.8136,0,1,0.1221923828125,0.7704620361328125,0.377349853515625,-0.4430874288082123,0.7357645630836487,0.1703158020973205
1074,1.0147,0.8615,0,1,0.152374267578125,0.790985107421875,0.3761444091796875,-0.2284768521785736,0.4656241536140442,0.2255955785512924
1075,1.0238,0.9379,0,1,0.195892333984375,0.8435821533203125,0.419097900390625,-0.2382924556732177,0.1403408646583557,0.1411379426717758
1076,1.0301,1.0188,0,1,0.190185546875,0.794281005859375,0.447052001953125,-0.2570147514343261,-0.017478859052062,0.048872735351324
1077,1.0309,1.0799,0,1,0.17364501953125,0.713775634765625,0.43450927734375,-0.1042020320892334,-0.1056121811270713,-0.0225721541792154
1078,1.0249,1.1021,0,1,0.14642333984375,0.6611328125,0.42120361328125,0.100928746163845,-0.2578046321868896,-0.0482751205563545
1079,1.0119,1.0762,0,1,0.176361083984375,0.6398773193359375,0.392852783203125,0.3253613114356994,-0.4032340049743652,-0.092389315366745
1080,0.992,1.0039,0,1,0.1895599365234375,0.7073516845703125,0.453765869140625,0.4515882134437561,-0.8358248472213745,-0.0755948945879936
1081,0.9664,0.8983,0,1,0.2894744873046875,0.7490386962890625,0.557159423828125,0.436758428812027,-1.2141255140304563,-0.0847745388746261
1082,0.9379,0.7814,0,1,0.3393096923828125,0.759857177734375,0.669525146484375,0.2750512659549713,-1.2590887546539309,-0.0466953329741954
1083,0.9106,0.6776,0,1,0.3084869384765625,0.75201416015625,0.6717071533203125,0.04218740016222,-0.9777838587760924,-0.0504160374402999
1084,0.8895,0.6067,0,1,0.2657012939453125,0.770599365234375,0.6498870849609375,-0.0293642804026603,-0.7814335227012634,-0.040873397141695
1085,0.8782,0.5775,0,1,0.2221221923828125,0.76397705078125,0.650970458984375,0.0023430490400642,-0.501509964466095,-0.0069987871684134
1086,0.8787,0.5871,0,1,0.186798095703125,0.7497406005859375,0.643402099609375,-0.0257200114428997,-0.3050624430179596,-0.0409844517707824
1087,0.8901,0.6227,0,1,0.1680450439453125,0.729156494140625,0.65704345703125,-0.1179647222161293,-0.3644187152385711,-0.1189772561192512
1088,0.9103,0.6676,0,1,0.222686767578125,0.697235107421875,0.6916046142578125,-0.2412874549627304,-0.5612683892250061,-0.2303719520568847
1089,0.9356,0.7072,0,1,0.3436279296875,0.743804931640625,0.83544921875,-0.3662096858024597,-0.6330384612083435,-0.2283500880002975
1090,0.9634,0.7332,0,1,0.607635498046875,0.8878326416015625,0.9333343505859376,-0.7579867839813232,-0.363571286201477,-0.0610529668629169
1091,0.9931,0.7448,0,1,0.8995819091796875,1.16302490234375,0.8945770263671875,-1.300233006477356,0.4281231164932251,0.470047652721405
1092,1.0275,0.748,0,1,0.8197021484375,1.4121246337890625,0.7559814453125,-1.5347528457641602,0.3439120948314667,0.647494912147522
1093,1.0712,0.7544,0,1,0.4394378662109375,1.3555755615234375,0.2925872802734375,-1.2259137630462646,0.3254790306091308,0.3221580684185028
1094,1.1274,0.7754,0,1,0.14642333984375,0.8369293212890625,-0.1280364990234375,-0.138823390007019,0.5406299233436584,-0.0914249867200851
1095,1.1923,0.8152,0,1,0.078582763671875,0.5536041259765625,-0.09100341796875,0.6014280319213867,-0.1448615789413452,-0.1973570138216018
1096,1.255,0.8682,0,1,0.051788330078125,0.815643310546875,-0.0951385498046875,1.1669700145721436,-0.6470780968666077,-0.0695415288209915
1097,1.3013,0.9259,0,1,0.1328582763671875,1.1608123779296875,-0.293426513671875,2.151500940322876,-0.7304523587226868,-0.1856228560209274
1098,1.3216,0.9863,0,1,0.3786773681640625,1.4949951171875,0.1370086669921875,2.7644081115722656,-0.4436099231243133,-0.4531227350234985
1099,1.3157,1.0571,0,1,0.4970550537109375,1.2668609619140625,0.1512908935546875,1.7457010746002195,0.9143076539039612,-0.2213997691869735
1100,1.2913,1.1492,0,1,0.40850830078125,0.9600067138671876,-0.1368865966796875,0.9386609196662904,0.8373785614967346,0.058283545076847
1101,1.258,1.2643,0,1,0.3616943359375,0.833740234375,-0.0017242431640625,0.658774197101593,0.3651372194290161,-0.1116117462515831
1102,1.2225,1.3898,0,1,0.3171539306640625,0.867401123046875,0.0767822265625,0.4378257989883423,0.4938730895519256,-0.022964971140027
1103,1.1873,1.5029,0,1,0.1284637451171875,0.960693359375,0.070587158203125,0.6196520924568176,0.3399604856967926,0.1135201677680015
1104,1.153,1.5802,0,1,0.0238189697265625,1.04656982421875,0.0902252197265625,0.8635765910148621,-0.0196746345609426,-0.1364459991455078
1105,1.1198,1.6061,0,1,0.026397705078125,1.019439697265625,0.092254638671875,0.921414852142334,-0.1369668990373611,-0.4272975325584411
1106,1.0886,1.5769,0,1,0.064605712890625,0.9201202392578124,0.1058197021484375,0.7594845294952393,-0.1732745766639709,-0.5754654407501221
1107,1.0604,1.4998,0,1,0.1696624755859375,0.845458984375,0.1305389404296875,0.4787812232971191,-0.2279439568519592,-0.4156307578086853
1108,1.0354,1.3877,0,1,0.21820068359375,0.90179443359375,0.1352386474609375,0.2389308214187622,-0.1854963600635528,-0.0068067735992372
1109,1.0132,1.2534,0,1,0.3249053955078125,0.92633056640625,0.1634521484375,0.0811664909124374,0.0075987973250448,0.0619962587952613
1110,0.9936,1.1066,0,1,0.40106201171875,0.910186767578125,0.1706085205078125,-0.0101860584691166,0.2531276047229767,0.2651829421520233
1111,0.9772,0.9547,0,1,0.3039398193359375,0.990447998046875,0.1280364990234375,-0.0854267477989196,0.3359889388084411,0.388079822063446
1112,0.9651,0.8051,0,1,0.2043304443359375,1.05792236328125,0.077667236328125,-0.1083160862326622,0.3780386447906494,0.0362506806850433
1113,0.9583,0.6664,0,1,0.17120361328125,0.9310455322265624,0.0436248779296875,-0.0630575269460678,0.2867121994495392,-0.1646110564470291
1114,0.9572,0.5456,0,1,0.18048095703125,0.819488525390625,0.1202392578125,0.0616559088230133,-0.0749014019966125,-0.138183444738388
1115,0.9605,0.447,0,1,0.2840423583984375,0.8910369873046875,0.3663330078125,0.0389476642012596,-0.2933259010314941,-0.0717666000127792
1116,0.9661,0.3713,0,1,0.341339111328125,0.9668426513671876,0.4788818359375,-0.2748659253120422,0.0805070921778678,0.0017800568602979
1117,0.9727,0.3177,0,1,0.260345458984375,0.9720458984375,0.28912353515625,-0.2702410817146301,1.0090850591659546,0.2177285999059677
1118,0.98,0.2873,0,1,0.152801513671875,0.9639129638671876,0.10247802734375,-0.0292708035558462,1.5874834060668943,0.5068551898002625
1119,0.9879,0.2858,0,1,0.065521240234375,1.0509490966796875,-0.1313629150390625,-0.1483521908521652,1.4608274698257446,0.3744130134582519
1120,0.9966,0.3212,0,1,-0.001678466796875,1.14678955078125,-0.2991485595703125,-0.3551905751228332,0.2299035042524337,-0.0318495407700538
1121,1.006,0.3957,0,1,0.039337158203125,1.0690155029296875,-0.205718994140625,-0.173772320151329,-1.1461960077285769,-0.3996118605136871
1122,1.0166,0.5026,0,1,0.152587890625,0.9268646240234376,0.0293426513671875,-0.0647715404629707,-1.531999945640564,-0.3790711462497711
1123,1.028,0.6307,0,1,0.2332000732421875,0.9492340087890624,0.1287689208984375,0.0256273318082094,-1.139451026916504,-0.3079304099082947
1124,1.0389,0.7689,0,1,0.48333740234375,0.9125823974609376,0.4731597900390625,-0.1570300906896591,-0.5339651107788086,-0.1251989305019378
1125,1.0479,0.9041,0,1,0.603515625,0.8381195068359375,0.3900299072265625,-0.5214487910270691,-0.4364444315433502,0.3913493752479553
1126,1.0547,1.0217,0,1,0.5184783935546875,0.8092803955078125,0.3807373046875,-0.2070099115371704,-0.7871412038803101,0.66520756483078
1127,1.0596,1.1093,0,1,0.20526123046875,0.9339752197265624,0.4211578369140625,0.2719510793685913,-0.4506012499332428,0.447966068983078
1128,1.0629,1.162,0,1,0.499176025390625,0.80816650390625,0.6637420654296875,0.8443562984466553,2.569175958633423,0.1661524921655655
1129,1.0651,1.1879,0,1,0.2462158203125,0.9512939453125,0.44683837890625,0.5805158615112305,4.468587398529053,0.364324688911438
1130,1.0669,1.2124,0,1,0.243499755859375,1.0112762451171875,-0.087615966796875,0.2897023856639862,2.085763692855835,0.3327398598194122
1131,1.0687,1.2662,0,1,0.244598388671875,0.9313201904296876,0.012359619140625,0.2974218428134918,0.547899067401886,0.0032253544777631
1132,1.0701,1.362,0,1,0.2384490966796875,0.8875274658203125,0.094818115234375,-0.1954075843095779,-0.4046167135238647,0.0809502452611923
1133,1.0697,1.4845,0,1,0.2031707763671875,0.928436279296875,0.2906951904296875,-0.3077375888824463,-0.8077215552330017,0.1353061646223068
1134,1.0663,1.6018,0,1,0.2006683349609375,0.94793701171875,0.4247894287109375,-0.2299786061048507,-0.7643749117851257,0.1571680456399917
1135,1.0595,1.6829,0,1,0.2631683349609375,0.8989410400390625,0.3676300048828125,-0.1189823150634765,-0.0011467571603134,0.1793796122074127
1136,1.0499,1.7063,0,1,0.2191925048828125,0.8919525146484375,0.2001190185546875,-0.0313238352537155,0.3246236145496368,0.1971945613622665
1137,1.0386,1.6613,0,1,0.233154296875,0.94677734375,0.224609375,-0.0447229966521263,0.1462184637784958,0.1582362353801727
1138,1.0267,1.5481,0,1,0.2665252685546875,0.9791717529296876,0.316802978515625,-0.2814295589923858,-0.1892173290252685,0.0676813125610351
1139,1.0154,1.3777,0,1,0.2680511474609375,0.9862060546875,0.4525299072265625,-0.5600467920303345,-0.3400302827358246,-0.0365912988781929
1140,1.0063,1.1697,0,1,0.2225189208984375,0.9683990478515624,0.5624237060546875,-0.85125732421875,0.035569179803133,-0.1486142426729202
1141,1.0014,0.9503,0,1,0.2607421875,0.8681488037109375,0.4977569580078125,-0.9298626780509948,0.8101983070373535,-0.1824952363967895
1142,1.002,0.7482,0,1,0.312957763671875,0.87945556640625,0.59246826171875,-1.0977203845977783,0.6212595701217651,-0.0749338939785957
1143,1.008,0.5896,0,1,0.333099365234375,0.848480224609375,0.57952880859375,-1.403882384300232,0.1771105974912643,-0.0659827440977096
1144,1.0186,0.4935,0,1,0.26629638671875,0.8076934814453125,0.4814605712890625,-1.4339438676834106,0.1374803632497787,-0.015166969038546
1145,1.0317,0.4692,0,1,0.1719512939453125,0.7917938232421875,0.486663818359375,-1.3330588340759275,-0.3726265728473663,0.0435152538120746
1146,1.0444,0.5146,0,1,0.17828369140625,0.730316162109375,0.362579345703125,-1.139062523841858,-0.2117644548416137,0.0574869960546493
1147,1.0534,0.6174,0,1,0.2221221923828125,0.693084716796875,0.30218505859375,-0.5822620987892151,-0.2724573612213135,0.1131689026951789
1148,1.0551,0.7558,0,1,0.264251708984375,0.759002685546875,0.5537261962890625,-0.1810038685798645,-0.5775759816169739,0.1148341745138168
1149,1.0478,0.9024,0,1,0.19622802734375,0.797943115234375,0.4834747314453125,-0.0689167529344558,-0.3177060484886169,0.0184557065367698
1150,1.0318,1.0295,0,1,0.1964263916015625,0.6792144775390625,0.36572265625,0.1901124119758606,-0.3246513307094574,-0.1127140298485755
1151,1.009,1.1154,0,1,0.339202880859375,0.5984649658203125,0.324371337890625,0.4198582470417022,-0.8070600628852844,-0.1163798719644546
1152,0.9816,1.1493,0,1,0.44744873046875,0.667388916015625,0.4949188232421875,0.4995826482772827,-1.1964203119277954,0.0368799865245819
1153,0.9519,1.1346,0,1,0.4592437744140625,0.7591552734375,0.609649658203125,0.4225746989250183,-0.905430793762207,0.0190589129924774
1154,0.9234,1.0853,0,1,0.3810882568359375,0.766632080078125,0.646636962890625,0.268534243106842,-0.504039466381073,-0.1032928302884101
1155,0.9003,1.0173,0,1,0.238677978515625,0.735626220703125,0.6338348388671875,0.1867821365594864,-0.2970721423625946,-0.1147891655564308
1156,0.8864,0.9419,0,1,0.1593780517578125,0.6887969970703125,0.617706298828125,0.2201012074947357,-0.0031774174422025,-0.1624608188867569
1157,0.8832,0.8645,0,1,0.112884521484375,0.6577606201171875,0.540008544921875,0.2972426116466522,0.1180656552314758,-0.1980925798416137
1158,0.8892,0.7868,0,1,0.066497802734375,0.7069549560546875,0.5086822509765625,0.3168472051620483,-0.0576758123934268,-0.262892872095108
1159,0.9013,0.7101,0,1,0.0506591796875,0.8229522705078125,0.62799072265625,0.1424849778413772,-0.4336883127689361,-0.4160121381282806
1160,0.9162,0.6377,0,1,0.1359710693359375,0.9637603759765624,0.9030609130859376,-0.3382653892040252,-1.0088366270065308,-0.5557348728179932
1161,0.9333,0.5765,0,1,0.36297607421875,1.2152099609375,1.0740966796875,-0.9459547996520996,-0.935236930847168,-0.4764637649059295
1162,0.9556,0.5369,0,1,0.7305145263671875,1.34893798828125,0.784942626953125,-1.1948591470718384,-0.0801571533083915,-0.0465949326753616
1163,0.9888,0.5291,0,1,0.9124298095703124,1.2729949951171875,0.385589599609375,-0.8863561749458313,0.3347614705562591,0.6273102760314941
1164,1.0379,0.5581,0,1,0.809051513671875,0.948516845703125,0.19439697265625,-0.5675404071807861,0.4581971168518066,0.5780548453330994
1165,1.1028,0.6204,0,1,0.540771484375,0.446014404296875,0.092620849609375,-0.3125888109207153,-0.5119690299034119,-0.0342541113495826
1166,1.1757,0.7053,0,1,0.0820465087890625,0.6210784912109375,0.1100921630859375,0.5373031497001648,-1.0449098348617554,0.0033316144254058
1167,1.2423,0.7996,0,1,-0.001434326171875,0.9328155517578124,-0.1779632568359375,1.8823542594909668,-0.7107468247413635,-0.2344010472297668
1168,1.2887,0.8959,0,1,0.1396942138671875,1.3303680419921875,-0.1982574462890625,3.146172046661377,-0.4436823725700378,-0.4609510898590088
1169,1.3078,0.9989,0,1,0.2772064208984375,1.6025543212890625,0.4226531982421875,2.575272560119629,0.6584407687187195,-0.8403636813163757
1170,1.3023,1.1209,0,1,0.320892333984375,1.1100006103515625,-0.0560302734375,0.9736226797103882,0.8176016211509705,-0.2697899341583252
1171,1.2811,1.2676,0,1,0.2689666748046875,0.805450439453125,-0.0579986572265625,0.218939796090126,-0.1219219118356704,0.1112703308463096
1172,1.2522,1.4261,0,1,0.2969512939453125,0.753570556640625,0.0234375,0.0112116420641541,-0.2086884975433349,0.1747052371501922
1173,1.2191,1.5672,0,1,0.2598114013671875,0.806854248046875,0.113311767578125,0.2850343883037567,-0.04041213914752,0.1117012277245521
1174,1.1821,1.6583,0,1,0.2057342529296875,0.884429931640625,0.281494140625,0.5059183239936829,0.0692400559782981,-0.1753909885883331
1175,1.1414,1.6774,0,1,0.1651458740234375,1.0162200927734375,0.1490478515625,0.7028303146362305,0.0524389743804931,-0.1099717766046524
1176,1.0984,1.6188,0,1,0.1582489013671875,1.0960235595703125,0.043609619140625,0.7016230821609497,0.0759038180112838,-0.1548375189304351
1177,1.0567,1.4929,0,1,0.1217803955078125,1.0592803955078125,0.0127410888671875,0.4638118743896484,-0.1969418227672577,-0.3202848136425018
1178,1.0205,1.3203,0,1,0.1583099365234375,0.9781341552734376,0.0605926513671875,0.1951646953821182,-0.3363292813301086,-0.430409699678421
1179,0.9929,1.1248,0,1,0.206939697265625,0.9133758544921876,0.0818634033203125,-0.011323494836688,-0.0574377253651618,-0.3483918011188507
1180,0.9752,0.9285,0,1,0.289337158203125,0.936981201171875,0.06451416015625,-0.0843694731593132,0.3445435464382171,-0.3296884298324585
1181,0.9664,0.7488,0,1,0.3910980224609375,0.94732666015625,0.037750244140625,0.0373178124427795,0.7019101977348328,-0.2432765662670135
1182,0.9648,0.5986,0,1,0.4170379638671875,0.92608642578125,0.0478363037109375,0.2031818777322769,0.6031551361083984,-0.0364650674164295
1183,0.9686,0.486,0,1,0.3201446533203125,0.9798583984375,0.114105224609375,0.1442842036485672,0.0035678369458764,0.0297507047653198
1184,0.9759,0.413,0,1,0.2509307861328125,0.9652862548828124,0.1289825439453125,-0.076914757490158,-0.41624915599823,-0.185236170887947
1185,0.9853,0.3755,0,1,0.190399169921875,0.903045654296875,0.0970916748046875,-0.1645886749029159,-0.5508964657783508,-0.12854865193367
1186,0.9948,0.3661,0,1,0.1986236572265625,0.8834991455078125,0.1331939697265625,-0.0530000999569892,-0.6956432461738586,-0.102323442697525
1187,1.0026,0.3781,0,1,0.229888916015625,0.8812103271484375,0.3655853271484375,0.0030551783274859,-0.8406712412834167,-0.1190608739852905
1188,1.0071,0.4064,0,1,0.1754302978515625,0.8899383544921875,0.445068359375,-0.3667428493499756,-0.4792139828205108,0.0619632378220558
1189,1.0077,0.447,0,1,0.15411376953125,0.9372100830078124,0.2558441162109375,-0.4519781172275543,0.6652632355690002,0.2844263911247253
1190,1.005,0.4966,0,1,0.1575775146484375,0.9862060546875,0.10931396484375,-0.4888724684715271,1.439869403839111,0.4017682075500488
1191,1.0002,0.5547,0,1,0.1122283935546875,1.062286376953125,0.05859375,-0.6459433436393738,1.7403161525726318,0.3377788364887237
1192,0.995,0.6258,0,1,0.06121826171875,1.1121826171875,-0.1139984130859375,-0.6881552338600159,1.7330387830734253,0.1108250543475151
1193,0.9915,0.7164,0,1,0.0667724609375,1.101287841796875,-0.2885284423828125,-0.3976767957210541,0.7769969701766968,-0.2118366211652755
1194,0.9915,0.8274,0,1,0.1949310302734375,1.0175323486328125,-0.1578826904296875,0.1073717325925827,-0.3470889925956726,-0.4020547568798065
1195,0.9963,0.9487,0,1,0.2868499755859375,0.958709716796875,0.0114288330078125,0.2142230719327926,-0.493735671043396,-0.4070396721363067
1196,1.0055,1.0621,0,1,0.3244476318359375,0.9256134033203124,0.0292205810546875,0.2445729970932006,-0.2798103392124176,-0.302563339471817
1197,1.0173,1.1486,0,1,0.3575439453125,0.9149627685546876,0.015655517578125,0.417702704668045,-0.3494512140750885,-0.1713933199644088
1198,1.0289,1.1942,0,1,0.4028472900390625,0.8853912353515625,0.034149169921875,0.6913925409317017,-0.7258940935134888,-0.0995068848133087
1199,1.0381,1.1964,0,1,0.48760986328125,0.8129730224609375,0.45062255859375,0.2914869785308838,-2.8344223499298096,0.1067701205611229
1200,1.0435,1.1695,0,1,0.3990325927734375,0.8953857421875,0.5182342529296875,-0.6891036033630371,-3.9634580612182617,0.1177479401230812
1201,1.0452,1.146,0,1,0.2756500244140625,0.9086151123046876,0.56640625,-0.71697998046875,-2.3612356185913086,-0.0522240549325943
1202,1.0445,1.1618,0,1,0.183685302734375,0.874725341796875,0.602325439453125,-0.3100973963737488,-0.1542231291532516,-0.0206320416182279
1203,1.0433,1.2329,0,1,0.161865234375,0.9152069091796876,0.4980926513671875,-0.0250374432653188,1.2162177562713623,0.1538899689912796
1204,1.0429,1.3476,0,1,0.212158203125,0.950897216796875,0.3673553466796875,0.0020623519085347,1.72701895236969,0.1098364889621734
1205,1.0438,1.48,0,1,0.25006103515625,0.9161834716796876,0.2364349365234375,-0.0441458895802497,1.9256463050842283,0.0501651652157306
1206,1.0456,1.6071,0,1,0.276397705078125,0.8970794677734375,0.2021484375,-0.1479769498109817,1.6504138708114624,0.0760622769594192
1207,1.047,1.7132,0,1,0.3382415771484375,0.86041259765625,0.2360076904296875,-0.439707338809967,0.721919059753418,0.0994940996170044
1208,1.0466,1.787,0,1,0.416900634765625,0.8609161376953125,0.35791015625,-0.6855706572532654,0.0506221652030944,0.2213483601808548
1209,1.0436,1.8184,0,1,0.3910675048828125,0.9206085205078124,0.5455474853515625,-0.8806272149085999,0.4707011878490448,0.3824506998062134
1210,1.0386,1.8014,0,1,0.2602386474609375,1.01312255859375,0.6009521484375,-1.144206166267395,1.0952787399291992,0.2974364757537842
1211,1.0338,1.7396,0,1,0.179595947265625,1.0605621337890625,0.629241943359375,-1.250922679901123,1.4201644659042358,0.066763587296009
1212,1.0322,1.6477,0,1,0.2098236083984375,0.964752197265625,0.58953857421875,-1.3495137691497805,1.2171621322631836,-0.0176543612033128
1213,1.0363,1.5472,0,1,0.1880340576171875,0.812408447265625,0.4084320068359375,-1.2595819234848022,0.9390755891799928,0.0698158293962478
1214,1.0459,1.4583,0,1,0.1817626953125,0.7561798095703125,0.2507476806640625,-1.0255396366119385,0.5074898600578308,0.0491057597100734
1215,1.0579,1.3925,0,1,0.22857666015625,0.77392578125,0.269561767578125,-0.8204999566078186,-0.2603916525840759,0.0592894218862056
1216,1.0673,1.3507,0,1,0.27093505859375,0.774688720703125,0.358612060546875,-0.7020004987716675,-0.5651443600654602,0.1034491583704948
1217,1.0695,1.3253,0,1,0.3284912109375,0.8195343017578125,0.4848480224609375,-0.7383571267127991,-0.588556706905365,0.1452517360448837
1218,1.0627,1.306,0,1,0.3082427978515625,0.812408447265625,0.5141448974609375,-0.7314350605010986,-0.3673300743103027,0.1590687483549118
1219,1.0478,1.283,0,1,0.241607666015625,0.7050018310546875,0.41522216796875,-0.4673605263233185,-0.1129859387874603,0.0532243400812149
1220,1.027,1.2489,0,1,0.2159271240234375,0.647705078125,0.4311981201171875,-0.0866619274020195,-0.3634381294250488,-0.0394456759095191
1221,1.0026,1.1974,0,1,0.212432861328125,0.623291015625,0.4267120361328125,0.2911055982112884,-0.380874365568161,-0.0920846536755561
1222,0.9759,1.1257,0,1,0.2140045166015625,0.6520538330078125,0.4503021240234375,0.5941738486289978,-0.4619631171226501,-0.1150605455040931
1223,0.9479,1.0362,0,1,0.233001708984375,0.6707000732421875,0.4719390869140625,0.79140704870224,-0.6828131675720215,-0.1610746383666992
1224,0.9197,0.9379,0,1,0.2381134033203125,0.692962646484375,0.5118255615234375,0.920364499092102,-0.9130341410636902,-0.2060844600200653
1225,0.8932,0.8452,0,1,0.2259063720703125,0.760589599609375,0.563140869140625,0.9658513069152832,-1.0252909660339355,-0.2168193906545639
1226,0.8708,0.774,0,1,0.213714599609375,0.8206787109375,0.6307830810546875,0.8678160905838013,-0.9875200986862184,-0.251869261264801
1227,0.8554,0.737,0,1,0.21820068359375,0.85308837890625,0.6708984375,0.5879167914390564,-0.8015912175178528,-0.2705785036087036
1228,0.8497,0.7394,0,1,0.2218475341796875,0.8341827392578125,0.6910552978515625,0.2927509248256683,-0.6508001089096069,-0.2712392210960388
1229,0.8557,0.7763,0,1,0.2391357421875,0.761810302734375,0.7180633544921875,0.066954530775547,-0.6635828018188477,-0.3417860865592956
1230,0.8735,0.8351,0,1,0.2992401123046875,0.68206787109375,0.7735595703125,0.0022695458028465,-0.6744639277458191,-0.3289012014865875
1231,0.9016,0.8999,0,1,0.36077880859375,0.7080230712890625,0.943115234375,-0.1531682461500167,-0.4153814911842346,-0.1796168982982635
1232,0.9376,0.9553,0,1,0.4832611083984375,0.8549957275390625,0.928253173828125,-0.489807516336441,0.1004893258213996,0.0898031219840049
1233,0.9795,0.9895,0,1,0.6602630615234375,1.105438232421875,0.7169952392578125,-0.6363199949264526,0.9024699330329896,0.5168061256408691
1234,1.0266,0.998,0,1,0.69073486328125,1.3914642333984375,0.3093414306640625,-0.3629781901836395,0.8680317997932434,0.8938388824462891
1235,1.0796,0.9853,0,1,0.6793212890625,1.6701202392578125,0.3940582275390625,-0.038890141993761,0.1813386380672454,0.9168959856033324
1236,1.1399,0.9611,0,1,0.3768310546875,1.3887481689453125,0.05596923828125,-0.3997298181056976,0.4803266525268554,0.3389618098735809
1237,1.2071,0.9338,0,1,0.1466522216796875,0.578033447265625,-0.3589935302734375,0.0575679540634155,0.2628191113471985,-0.3323566317558288
1238,1.2757,0.9075,0,1,0.0977020263671875,0.546142578125,-0.104278564453125,0.8006958961486816,-1.185476541519165,-0.3730031251907348
1239,1.3336,0.885,0,1,0.206817626953125,0.90557861328125,0.1193695068359375,1.288653016090393,-1.2395625114440918,-0.3751547038555145
1240,1.3677,0.873,0,1,0.35205078125,1.119171142578125,0.080963134765625,1.498617172241211,-0.5384030342102051,-0.1916844844818115
1241,1.3708,0.8808,0,1,0.3137054443359375,1.1042938232421875,0.122894287109375,1.1811788082122805,-0.139194369316101,0.0886185467243194
1242,1.3444,0.914,0,1,0.25665283203125,0.9868316650390624,0.06243896484375,0.6049023866653442,0.0040083238855004,0.1373234987258911
1243,1.2956,0.9682,0,1,0.224456787109375,0.89154052734375,0.051971435546875,0.3301075994968414,0.0325574092566967,0.039834763854742
1244,1.2331,1.0292,0,1,0.1881256103515625,0.8452911376953125,0.0486297607421875,0.3728020787239074,0.1210657060146331,-0.0326972268521785
1245,1.165,1.0785,0,1,0.18292236328125,0.901519775390625,0.0722198486328125,0.5017890930175781,0.3267256617546081,-0.1283846050500869
1246,1.0976,1.1006,0,1,0.189300537109375,0.999176025390625,0.08917236328125,0.5781480073928833,0.6011859774589539,-0.2152143120765686
1247,1.036,1.0895,0,1,0.18115234375,1.033782958984375,0.093170166015625,0.5281301140785217,0.726104736328125,-0.3205862641334533
1248,0.9849,1.0484,0,1,0.1689910888671875,1.0017547607421875,0.0853729248046875,0.3966719806194305,0.6489348411560059,-0.3854981660842895
1249,0.9474,0.9875,0,1,0.147918701171875,0.9864501953125,0.076751708984375,0.2964510917663574,0.4488752782344818,-0.3996994495391845
1250,0.925,0.9179,0,1,0.1339111328125,0.9954376220703124,0.072967529296875,0.2121798992156982,0.2015192657709121,-0.3880305588245392
1251,0.9171,0.8482,0,1,0.141357421875,0.9820556640625,0.0789031982421875,0.1669234782457351,0.0658189579844474,-0.3414220511913299
1252,0.9211,0.7826,0,1,0.1631927490234375,0.96282958984375,0.0877685546875,0.1486792266368866,0.0939216986298561,-0.2446896433830261
1253,0.9337,0.7216,0,1,0.22821044921875,0.9408111572265624,0.0919189453125,0.1577126681804657,0.2232093811035156,-0.2681989669799804
1254,0.951,0.6642,0,1,0.3235321044921875,0.8958740234375,0.1128082275390625,0.1742863208055496,0.1978646069765091,-0.194245383143425
1255,0.9694,0.6091,0,1,0.3525390625,0.9115447998046876,0.18756103515625,-0.0351153761148452,-0.3119712173938751,-0.0467856153845787
1256,0.9858,0.5563,0,1,0.2817840576171875,0.955078125,0.157562255859375,-0.2692716717720032,-0.574432909488678,0.038464568555355
1257,0.9984,0.5072,0,1,0.183837890625,0.9239349365234376,0.096099853515625,-0.2037685662508011,-0.3894686698913574,0.0139403166249394
1258,1.0066,0.4646,0,1,0.2628173828125,0.97723388671875,0.1394195556640625,0.099050149321556,-0.4220502972602844,-0.0271629113703966
1259,1.0103,0.4315,0,1,0.3554840087890625,0.967437744140625,0.43426513671875,0.2102834582328796,-0.6129320859909058,-0.0877879112958908
1260,1.0108,0.4096,0,1,0.26800537109375,0.9623870849609376,0.4126129150390625,-0.1690388172864914,-0.0047260457649827,-0.0153541890904307
1261,1.0101,0.3995,0,1,0.1689605712890625,0.9406585693359376,0.225341796875,-0.1930485516786575,1.2420296669006348,0.2334404438734054
1262,1.0099,0.4027,0,1,0.099884033203125,1.0028076171875,0.1266937255859375,-0.2152244299650192,1.7303071022033691,0.3241386711597442
1263,1.0109,0.4252,0,1,0.0662841796875,1.061248779296875,0.0466766357421875,-0.2737117111682892,1.6931723356246948,0.1299816966056823
1264,1.0132,0.4763,0,1,0.0360565185546875,1.0120391845703125,-0.0327606201171875,-0.1790640205144882,1.226783275604248,-0.0886257365345954
1265,1.0164,0.5613,0,1,0.077484130859375,0.9054718017578124,-0.0684051513671875,0.0320777744054794,0.4033040404319763,-0.2011693269014358
1266,1.0197,0.6743,0,1,0.16387939453125,0.8607025146484375,0.0158538818359375,0.1377903521060943,-0.2676135897636413,-0.1370060592889785
1267,1.0213,0.7975,0,1,0.2754364013671875,0.9173431396484376,0.031951904296875,0.154008999466896,-0.5001136660575867,-0.1454328298568725
1268,1.0198,0.9084,0,1,0.353515625,0.990570068359375,0.033599853515625,0.2916065454483032,-0.6647052764892578,-0.0623762905597686
1269,1.0148,0.9895,0,1,0.49017333984375,0.9369964599609376,0.163116455078125,0.4366516172885895,-1.4633110761642456,0.0842642784118652
1270,1.0077,1.0361,0,1,0.443115234375,0.8802642822265625,0.48468017578125,-0.061001569032669,-2.788158655166626,0.2737090289592743
1271,1.0007,1.0596,0,1,0.3430633544921875,0.90478515625,0.548675537109375,-0.4598957002162933,-2.177629947662353,0.1781897097826004
1272,0.9965,1.0819,0,1,0.296478271484375,0.8889923095703125,0.5424346923828125,-0.3142839074134826,-0.5747897624969482,-0.0616047754883766
1273,0.9968,1.1194,0,1,0.2198486328125,0.913116455078125,0.4801788330078125,0.0130731910467147,0.6982874870300293,0.1802701652050018
1274,1.0022,1.173,0,1,0.233306884765625,0.98065185546875,0.3419036865234375,0.1533799618482589,1.2749196290969849,0.2348045259714126
1275,1.012,1.2324,0,1,0.28125,0.9513702392578124,0.2274932861328125,0.1421691179275512,1.445713758468628,0.1917081773281097
1276,1.0244,1.2871,0,1,0.28509521484375,0.8787994384765625,0.20068359375,0.1633902639150619,1.7683861255645752,0.237564355134964
1277,1.0368,1.3327,0,1,0.193115234375,0.894012451171875,0.1295623779296875,-0.0373335219919681,1.3382328748703003,0.1866817325353622
1278,1.0466,1.3684,0,1,0.1487274169921875,0.9246978759765624,0.09295654296875,-0.1946477741003036,0.6930685043334961,0.1504734009504318
1279,1.0513,1.3927,0,1,0.1365814208984375,0.98138427734375,0.135040283203125,-0.2881921231746673,0.1197184100747108,0.0617278143763542
1280,1.0499,1.3987,0,1,0.1085968017578125,1.03302001953125,0.3191986083984375,-0.3824959695339203,-0.2390834242105484,-0.0968253463506698
1281,1.0431,1.3773,0,1,0.132171630859375,1.0078277587890625,0.441619873046875,-0.5757618546485901,-0.1780283153057098,-0.2597942948341369
1282,1.0335,1.323,0,1,0.1740264892578125,0.9771575927734376,0.510955810546875,-0.720488429069519,0.0563735254108905,-0.315972089767456
1283,1.0242,1.2375,0,1,0.2662811279296875,0.9178009033203124,0.5150146484375,-0.8590537309646606,0.2252752035856247,-0.3235839307308197
1284,1.0181,1.1305,0,1,0.34954833984375,0.8784942626953125,0.5733184814453125,-1.1046192646026611,0.2126400917768478,-0.258971095085144
1285,1.017,1.0176,0,1,0.3584747314453125,0.8386688232421875,0.53741455078125,-1.4747637510299685,0.1516089588403701,-0.1144975498318672
1286,1.0209,0.9165,0,1,0.3417816162109375,0.7849578857421875,0.3765869140625,-1.5807794332504272,-0.0144476490095257,-0.0492647513747215
1287,1.0285,0.8447,0,1,0.2951507568359375,0.8115234375,0.3708953857421875,-1.416797161102295,-0.1915398687124252,-0.0751741155982017
1288,1.0372,0.8142,0,1,0.2297821044921875,0.873138427734375,0.42633056640625,-1.195852756500244,-0.3260745108127594,-0.075958676636219
1289,1.044,0.8288,0,1,0.2275543212890625,0.84765625,0.517486572265625,-1.1331076622009275,-0.574273943901062,-0.0614476464688777
1290,1.0472,0.883,0,1,0.2618865966796875,0.7745208740234375,0.4720306396484375,-1.1098593473434448,-0.6209266781806946,0.04802718013525
1291,1.0457,0.9651,0,1,0.23480224609375,0.6660614013671875,0.3260345458984375,-0.7816830277442932,-0.5220869183540344,0.0956966951489448
1292,1.039,1.0594,0,1,0.2274932861328125,0.667510986328125,0.42218017578125,-0.2511169016361236,-0.5939967632293701,0.0447317846119403
1293,1.0263,1.1484,0,1,0.21722412109375,0.7118988037109375,0.492340087890625,0.1287702322006225,-0.4219504296779632,-0.0427021905779838
1294,1.0074,1.2144,0,1,0.1848297119140625,0.756134033203125,0.481597900390625,0.4031085669994354,-0.3178237676620483,-0.1087009161710739
1295,0.9837,1.2436,0,1,0.1716156005859375,0.7623748779296875,0.44732666015625,0.5853212475776672,-0.2881729304790497,-0.2310489267110824
1296,0.9576,1.2297,0,1,0.2061614990234375,0.721466064453125,0.3492431640625,0.7843789458274841,-0.2298595607280731,-0.288366824388504
1297,0.9316,1.1763,0,1,0.284759521484375,0.74139404296875,0.409820556640625,0.9834558367729188,-0.6401709318161011,-0.2717556059360504
1298,0.908,1.0958,0,1,0.379913330078125,0.7578887939453125,0.5236053466796875,0.9213016629219056,-1.1481536626815796,-0.2381782084703445
1299,0.8887,1.0072,0,1,0.4157257080078125,0.786468505859375,0.6879730224609375,0.6148727536201477,-1.3949579000473022,-0.1345876455307006
1300,0.8765,0.9313,0,1,0.401763916015625,0.8011322021484375,0.7892303466796875,0.1656715273857116,-1.3271290063858032,-0.0636615306138992
1301,0.8741,0.8843,0,1,0.3608245849609375,0.7584991455078125,0.7510528564453125,-0.0732859298586845,-0.9681461453437804,-0.0370815880596637
1302,0.8835,0.873,0,1,0.29656982421875,0.686859130859375,0.7081756591796875,0.0722366496920585,-0.4895728826522827,-0.02586355432868
1303,0.9047,0.8919,0,1,0.289886474609375,0.6797637939453125,0.737457275390625,0.1973357051610946,0.0610297992825508,-0.0179073605686426
1304,0.935,0.9259,0,1,0.3351898193359375,0.73272705078125,0.7075653076171875,0.1641753613948822,0.5164266228675842,0.0385298170149326
1305,0.9704,0.9565,0,1,0.4629669189453125,0.795654296875,0.7424774169921875,-0.1068169921636581,0.7111444473266602,0.1304317712783813
1306,1.007,0.9699,0,1,0.5955047607421875,0.89996337890625,0.5976715087890625,-0.5308641195297241,0.5440470576286316,0.3967023491859436
1307,1.0425,0.961,0,1,0.71673583984375,1.0518646240234375,0.526641845703125,-0.6844326853752136,0.0330594144761562,0.7280118465423584
1308,1.0765,0.9332,0,1,0.68255615234375,1.2700042724609375,0.6462249755859375,-0.5099596381187439,0.4013088047504425,0.9120663404464722
1309,1.1108,0.8955,0,1,0.3657989501953125,1.498138427734375,0.3698272705078125,-0.5924239158630371,0.7004358768463135,0.5685473084449768
1310,1.1481,0.8585,0,1,0.1047515869140625,1.1043701171875,-0.2362518310546875,0.1881507337093353,0.6852473020553589,0.03091930039227
1311,1.1892,0.8304,0,1,0.0726318359375,0.7450103759765625,-0.111328125,0.9854886531829834,0.0616572387516498,-0.1637306064367294
1312,1.23,0.8154,0,1,0.048309326171875,0.865631103515625,-0.0004425048828125,1.1597986221313477,-0.4726200103759765,-0.0497172214090824
1313,1.2624,0.8156,0,1,0.1324615478515625,1.1489715576171875,-0.1094818115234375,1.560999870300293,-0.5222232341766357,-0.0767294019460678
1314,1.2791,0.8336,0,1,0.325897216796875,1.1922607421875,-0.0736083984375,1.6942636966705322,-0.3601451218128204,0.0202868953347206
1315,1.2779,0.8733,0,1,0.2751922607421875,1.15545654296875,0.061981201171875,1.2330914735794067,-0.1667048335075378,0.0393468737602233
1316,1.2614,0.935,0,1,0.2682342529296875,1.00799560546875,0.054779052734375,0.5951062440872192,0.2714959681034088,-0.1902104169130325
1317,1.2344,1.0122,0,1,0.2365264892578125,0.9090728759765624,0.0437164306640625,0.259796679019928,0.401867002248764,-0.3082587718963623
1318,1.2012,1.0903,0,1,0.1962127685546875,0.8901824951171875,0.0083465576171875,0.3948703408241272,0.2368831187486648,-0.3038917183876037
1319,1.1646,1.1522,0,1,0.1514129638671875,0.9024810791015624,0.0712127685546875,0.7982189059257507,-0.2413873225450515,-0.3126828074455261
1320,1.1264,1.1852,0,1,0.123687744140625,0.913360595703125,0.3026123046875,0.9221163392066956,-0.7300925850868225,-0.4273143112659454
1321,1.088,1.1859,0,1,0.1609649658203125,0.912994384765625,0.286376953125,0.5069207549095154,-0.6901821494102478,-0.4752416312694549
1322,1.0511,1.1593,0,1,0.15106201171875,0.96697998046875,0.1864471435546875,0.3017627894878387,-0.4847677648067474,-0.3657516241073608
1323,1.0179,1.1135,0,1,0.1451416015625,0.9966583251953124,0.1455841064453125,0.2060386538505554,-0.2392685115337371,-0.242436870932579
1324,0.9904,1.0547,0,1,0.142974853515625,1.013824462890625,0.12567138671875,0.1108106672763824,0.0662948638200759,-0.1778152734041214
1325,0.9701,0.9853,0,1,0.1644439697265625,1.0012054443359375,0.1073760986328125,0.0397040024399757,0.4644723236560821,-0.2402826398611068
1326,0.958,0.907,0,1,0.217559814453125,0.944183349609375,0.0729217529296875,0.030948594212532,0.7530606985092163,-0.2892248928546905
1327,0.9537,0.8237,0,1,0.26708984375,0.9129791259765624,0.0543670654296875,0.0556677877902984,0.7890735864639282,-0.2333512306213379
1328,0.9557,0.7427,0,1,0.3267669677734375,0.9547271728515624,0.0554351806640625,0.0444271191954612,0.5765498876571655,-0.1803008019924163
1329,0.9621,0.6719,0,1,0.34033203125,0.977874755859375,0.05560302734375,-0.0719130709767341,0.024525050073862,-0.1107102707028389
1330,0.9709,0.6152,0,1,0.252349853515625,0.9270172119140624,0.0590057373046875,-0.1653846949338913,-0.5997598767280579,-0.176625907421112
1331,0.9804,0.5729,0,1,0.2371978759765625,0.906036376953125,0.0419464111328125,-0.0690339282155036,-1.0017783641815186,-0.1375770419836044
1332,0.9891,0.5456,0,1,0.3038787841796875,0.92315673828125,0.105072021484375,0.2489368468523025,-1.4361492395401,-0.2149048447608947
1333,0.9957,0.538,0,1,0.36248779296875,0.90972900390625,0.278076171875,0.375826895236969,-1.8951627016067505,-0.2240972816944122
1334,0.9996,0.5588,0,1,0.2659759521484375,0.9058074951171876,0.4449462890625,-0.0082547338679432,-1.6265101432800293,0.0618263483047485
1335,1.0011,0.6155,0,1,0.127197265625,0.949462890625,0.340911865234375,-0.3731362819671631,-0.078754998743534,0.3497034013271332
1336,1.0011,0.7072,0,1,0.0807037353515625,1.058441162109375,0.18133544921875,-0.4215877056121826,1.199802041053772,0.3869700729846954
1337,1.001,0.8234,0,1,0.0605926513671875,1.111358642578125,0.073150634765625,-0.4208758473396301,1.699599266052246,0.2105606943368911
1338,1.0023,0.9507,0,1,0.0170135498046875,1.070037841796875,0.023956298828125,-0.3609105348587036,1.6032551527023315,-0.0073391394689679
1339,1.0059,1.0789,0,1,0.02789306640625,0.9668121337890624,-0.0667266845703125,-0.2364775240421295,1.279076337814331,-0.2055302560329437
1340,1.0118,1.2,0,1,0.1573333740234375,0.860137939453125,-0.0741119384765625,-0.0258331950753927,0.8447014093399048,-0.2586866915225982
1341,1.0187,1.305,0,1,0.305755615234375,0.88916015625,-0.0417633056640625,0.1397919803857803,0.8061668276786804,-0.1673109680414199
1342,1.024,1.3832,0,1,0.4296112060546875,0.93389892578125,-0.0352783203125,0.199697658419609,0.632270097732544,0.1534231156110763
1343,1.0261,1.4245,0,1,0.4447479248046875,0.95733642578125,-0.036529541015625,0.2973051965236664,0.0644410401582717,0.4962289333343506
1344,1.0248,1.4229,0,1,0.374359130859375,0.9692535400390624,-0.0325775146484375,0.5232115387916565,-0.8838112950325012,0.5629528164863586
1345,1.0211,1.3812,0,1,0.2999725341796875,0.9525146484375,0.149505615234375,0.5650705695152283,-2.700233221054077,0.0029688919894397
1346,1.0164,1.3158,0,1,0.1564178466796875,0.9810333251953124,0.12786865234375,0.2758337259292602,-3.1600711345672607,-0.2300462573766708
1347,1.0122,1.2561,0,1,0.2403564453125,0.951202392578125,0.74462890625,0.2631900906562805,-1.597985863685608,-0.184610053896904
1348,1.0098,1.2309,0,1,0.239593505859375,0.9764404296875,0.5853424072265625,-0.4635663330554962,0.1510805934667587,0.0408350490033626
1349,1.0112,1.2504,0,1,0.26971435546875,0.941253662109375,0.326080322265625,-0.4935745596885681,0.9566442370414734,0.0685622841119766
1350,1.0173,1.3036,0,1,0.3072662353515625,0.8934478759765625,0.2004852294921875,-0.2034441977739334,1.0977970361709597,0.0081846928223967
1351,1.0273,1.3692,0,1,0.317138671875,0.88055419921875,0.1890106201171875,-0.1930099427700042,1.047756314277649,0.0727178826928138
1352,1.0387,1.4269,0,1,0.2767486572265625,0.8908233642578125,0.1940765380859375,-0.4593723714351654,0.9388875961303712,0.1278301328420639
1353,1.0483,1.4627,0,1,0.2321319580078125,0.8981475830078125,0.2296295166015625,-0.6805444359779358,1.0727050304412842,0.0653606280684471
1354,1.0535,1.4704,0,1,0.2462158203125,0.8842315673828125,0.3421478271484375,-0.9422841668128968,1.270921230316162,-0.0541718937456607
1355,1.0529,1.4525,0,1,0.3141326904296875,0.8803253173828125,0.458984375,-1.3862826824188232,1.214389443397522,-0.0740566477179527
1356,1.047,1.4196,0,1,0.3580474853515625,0.9246673583984376,0.607025146484375,-1.833580017089844,0.7939565181732178,-0.0361374989151954
1357,1.0379,1.387,0,1,0.3254852294921875,0.9724884033203124,0.64630126953125,-2.099206924438477,0.3045298159122467,0.0560662001371383
1358,1.0292,1.37,0,1,0.2440643310546875,0.8973236083984375,0.4602813720703125,-1.7449997663497925,0.4698708355426788,0.2215829938650131
1359,1.0239,1.3788,0,1,0.1107940673828125,0.8953399658203125,0.4471282958984375,-0.9647554159164428,0.6552452445030212,0.3056464791297912
1360,1.0236,1.4138,0,1,0.0555572509765625,0.957489013671875,0.5294952392578125,-0.5575956106185913,0.6594223976135254,0.2165048718452453
1361,1.0278,1.4643,0,1,0.09869384765625,0.8596343994140625,0.3990478515625,-0.5200690031051636,0.6108774542808533,0.1427813917398452
1362,1.0346,1.5121,0,1,0.195281982421875,0.7469940185546875,0.32891845703125,-0.4304874837398529,0.3479380011558532,0.1727555245161056
1363,1.0413,1.5383,0,1,0.27081298828125,0.725677490234375,0.39190673828125,-0.3275440335273742,-0.1116674095392227,0.1703719943761825
1364,1.0443,1.5274,0,1,0.2497711181640625,0.716217041015625,0.4499664306640625,-0.2517715096473694,-0.4881225228309631,0.1140301674604415
1365,1.0409,1.4713,0,1,0.165740966796875,0.6837921142578125,0.4481658935546875,-0.0319006741046905,-0.4966315925121307,0.0455515049397945
1366,1.0296,1.3708,0,1,0.1763763427734375,0.63287353515625,0.4281005859375,0.3285030424594879,-0.4821815490722656,-0.0369138084352016
1367,1.0103,1.2348,0,1,0.25469970703125,0.6114654541015625,0.4234466552734375,0.6325119137763977,-0.5214471817016602,-0.0410803258419036
1368,0.9839,1.0788,0,1,0.306182861328125,0.660614013671875,0.4670867919921875,0.7962814569473267,-0.6503590941429138,0.0081133199855685
1369,0.9525,0.922,0,1,0.31158447265625,0.7649078369140625,0.5531768798828125,0.6963883638381958,-0.6839396953582764,0.0660112425684928
1370,0.9198,0.7836,0,1,0.2682647705078125,0.8330535888671875,0.587493896484375,0.4767204821109772,-0.6685360074043274,0.0296002365648746
1371,0.8904,0.6782,0,1,0.2447662353515625,0.8142547607421875,0.6260986328125,0.308950126171112,-0.6428064107894897,-0.0303800106048584
1372,0.8693,0.6123,0,1,0.2442474365234375,0.7461700439453125,0.6338653564453125,0.2820892035961151,-0.4209075570106506,-0.0566262602806091
1373,0.8597,0.5837,0,1,0.2412872314453125,0.6764068603515625,0.6697235107421875,0.2598358392715454,-0.3086284101009369,-0.0894065797328949
1374,0.8627,0.5834,0,1,0.2565155029296875,0.662353515625,0.7454376220703125,0.1227448284626007,-0.2354751080274582,-0.0806626230478286
1375,0.8769,0.5983,0,1,0.3144378662109375,0.70843505859375,0.858306884765625,-0.0561317130923271,-0.1152765229344368,-0.0375332608819007
1376,0.9005,0.6146,0,1,0.4217071533203125,0.87115478515625,0.9412384033203124,-0.5060003399848938,0.0251956339925527,0.1043820679187774
1377,0.9319,0.622,0,1,0.66265869140625,1.07843017578125,0.825439453125,-0.9263704419136048,0.3622210621833801,0.4067994654178619
1378,0.9715,0.6184,0,1,0.74945068359375,1.2965240478515625,0.5592803955078125,-1.1205343008041382,0.5498154759407043,0.8735978007316589
1379,1.0208,0.6109,0,1,0.5867919921875,1.3699951171875,0.404571533203125,-0.8219074606895447,0.1489343494176864,0.7281031608581543
1380,1.0805,0.6114,0,1,0.258514404296875,1.300506591796875,0.2229461669921875,-0.5572525858879089,0.2357797622680664,0.2958758771419525
1381,1.1487,0.6277,0,1,0.025177001953125,1.0028839111328125,-0.1008453369140625,-0.125916913151741,0.381429374217987,-0.1453713029623031
1382,1.2192,0.6594,0,1,0.01373291015625,0.6883392333984375,-0.22808837890625,0.561133086681366,-0.2329586893320083,-0.3784562349319458
1383,1.2815,0.6998,0,1,0.0468292236328125,0.9628143310546876,0.1461639404296875,0.8797422647476196,-1.066598415374756,-0.4033543765544891
1384,1.3246,0.7437,0,1,0.2755889892578125,1.15924072265625,0.0032196044921875,1.4757555723190308,-1.0450547933578491,-0.5350916385650635
1385,1.342,0.7928,0,1,0.4665985107421875,1.2083740234375,0.1278533935546875,2.1297082901000977,-0.465374618768692,-0.225066140294075
1386,1.3341,0.8552,0,1,0.3878173828125,1.1034088134765625,0.2109375,1.7531511783599854,0.2506303489208221,-0.0203068703413009
1387,1.3066,0.9391,0,1,0.3530731201171875,0.792022705078125,0.0671844482421875,0.9753428101539612,0.4360364377498626,-0.1497010737657547
1388,1.2662,1.0449,0,1,0.32977294921875,0.6486358642578125,0.01141357421875,0.7629623413085938,0.5622681379318237,-0.1354417204856872
1389,1.2178,1.1619,0,1,0.286956787109375,0.7265625,0.0298919677734375,0.934946358203888,0.4502838253974914,0.0027675570454448
1390,1.1638,1.2732,0,1,0.163787841796875,0.984832763671875,0.227294921875,1.0274230241775513,0.1328525841236114,0.082736425101757
1391,1.1066,1.3622,0,1,0.0869140625,1.1546630859375,0.28228759765625,0.7547475695610046,0.009630256332457,0.000429301551776
1392,1.0511,1.4164,0,1,0.0624542236328125,1.1098480224609375,0.1920928955078125,0.4649844467639923,0.3220502138137817,-0.1890948265790939
1393,1.0032,1.4282,0,1,0.0336151123046875,1.0664825439453125,0.0744171142578125,0.3269560039043426,0.4603782594203949,-0.4123484194278717
1394,0.9682,1.3959,0,1,0.0723876953125,1.0179290771484375,0.014068603515625,0.317026674747467,0.3277126252651214,-0.5918169617652893
1395,0.9489,1.3238,0,1,0.0949859619140625,1.0217132568359375,0.0156097412109375,0.3281243443489074,0.3073122799396515,-0.5607764720916748
1396,0.9446,1.2216,0,1,0.0992584228515625,1.0040740966796875,0.030426025390625,0.2429111748933792,0.3343119323253631,-0.4512563943862915
1397,0.9524,1.1015,0,1,0.1243743896484375,0.9939117431640624,0.035247802734375,0.0785816237330436,0.3561487793922424,-0.3147227764129638
1398,0.9683,0.9758,0,1,0.184326171875,0.9618072509765624,0.0308990478515625,-0.0345435962080955,0.4647658169269562,-0.3283837437629699
1399,0.9878,0.8543,0,1,0.222442626953125,0.921478271484375,0.008819580078125,-0.0186202898621559,0.5386842489242554,-0.2886770665645599
1400,1.0066,0.7451,0,1,0.2531585693359375,0.9020233154296876,-0.000946044921875,0.0334255993366241,0.4100485146045685,-0.2215116173028946
1401,1.0212,0.6532,0,1,0.30975341796875,0.9203643798828124,0.0093841552734375,0.0168817788362503,0.0724896490573883,-0.0686581581830978
1402,1.0296,0.5798,0,1,0.3378143310546875,0.8895263671875,0.024658203125,-0.0792314410209655,-0.4108019173145294,0.1278136223554611
1403,1.031,0.5232,0,1,0.3433990478515625,0.8339691162109375,0.02398681640625,-0.0647646114230156,-0.8630764484405518,0.262594074010849
1404,1.0256,0.4825,0,1,0.388214111328125,0.873626708984375,0.090087890625,0.1583081483840942,-1.326960206031799,0.3267733156681061
1405,1.0147,0.4623,0,1,0.33837890625,0.923187255859375,0.352935791015625,-0.0640130713582038,-2.1784121990203857,0.252987265586853
1406,1.0005,0.4726,0,1,0.275665283203125,0.90704345703125,0.3949737548828125,-0.3926961421966553,-1.5467413663864136,0.059586364775896
1407,0.9859,0.5234,0,1,0.1185760498046875,0.9387359619140624,0.363922119140625,-0.3683380782604217,0.2377238720655441,0.2325874418020248
1408,0.9737,0.6161,0,1,0.0717010498046875,1.0759124755859375,0.238128662109375,-0.2972071766853332,1.4342451095581057,0.2325576096773147
1409,0.9661,0.7405,0,1,0.1284637451171875,1.137542724609375,0.1105804443359375,-0.0989862382411956,1.9561314582824707,0.0989135280251503
1410,0.965,0.8836,0,1,0.1333465576171875,1.0254974365234375,0.04974365234375,0.051670916378498,1.8747793436050413,0.0277232397347688
1411,0.9708,1.0353,0,1,0.19940185546875,0.879791259765625,-0.0269622802734375,0.0516741126775741,1.3905330896377563,-0.1636765450239181
1412,0.9823,1.186,0,1,0.268890380859375,0.822479248046875,-0.01666259765625,-0.0627930760383606,0.2637796998023987,-0.0718379691243171
1413,0.9961,1.3218,0,1,0.2863616943359375,0.960906982421875,0.0619354248046875,-0.1401078402996063,-0.95376455783844,0.0677659958600997
1414,1.0085,1.4261,0,1,0.2673187255859375,1.0212249755859375,0.215423583984375,-0.1400700211524963,-1.469915747642517,0.0805451795458793
1415,1.0173,1.487,0,1,0.250091552734375,1.0192108154296875,0.3481597900390625,-0.1065879613161087,-1.27220618724823,0.0232459343969821
1416,1.0225,1.5036,0,1,0.2454376220703125,0.9872283935546876,0.409454345703125,-0.0901000648736953,-0.9716790914535522,-0.0197569262236356
1417,1.0254,1.4816,0,1,0.1411285400390625,1.017242431640625,0.4610595703125,-0.0522621385753154,-0.6020323038101196,-0.0127570740878582
1418,1.0282,1.4291,0,1,0.5023956298828125,0.7726287841796875,0.6116485595703125,0.1783979684114456,1.1076680421829224,0.02909423597157
1419,1.0322,1.3549,0,1,0.3595123291015625,0.8873443603515625,0.41729736328125,0.1748809963464737,1.989138126373291,0.1705333888530731
1420,1.0382,1.2715,0,1,0.33868408203125,0.8977203369140625,0.23468017578125,0.0617144964635372,0.8636322617530823,0.1940477639436721
1421,1.0456,1.1928,0,1,0.2165374755859375,0.9154510498046876,0.194183349609375,-0.0470878817141056,0.3712212145328522,0.1339415609836578
1422,1.0525,1.1266,0,1,0.1710968017578125,0.93341064453125,0.128143310546875,-0.2274326235055923,0.2482833117246627,0.1669066995382309
1423,1.057,1.0707,0,1,0.13897705078125,0.9730682373046876,0.131561279296875,-0.3065788447856903,-0.0299752093851566,0.1939875781536102
1424,1.0575,1.0177,0,1,0.0880126953125,1.0000152587890625,0.2342071533203125,-0.4038121700286865,-0.4763566851615906,0.0838275253772735
1425,1.0536,0.9606,0,1,0.1031494140625,0.9703216552734376,0.33917236328125,-0.5096584558486938,-0.4868370294570923,-0.0819377452135086
1426,1.0462,0.8973,0,1,0.1747283935546875,0.9309234619140624,0.3649749755859375,-0.6097165942192078,-0.0826962143182754,-0.1900005638599395
1427,1.0367,0.8302,0,1,0.342437744140625,0.879852294921875,0.3344573974609375,-0.6453608870506287,0.2266432642936706,-0.2543292045593261
1428,1.0268,0.7645,0,1,0.4133453369140625,0.862518310546875,0.35565185546875,-0.7739138007164001,0.1602210998535156,-0.107139766216278
1429,1.0177,0.7067,0,1,0.392303466796875,0.8899078369140625,0.449676513671875,-1.2472577095031738,-0.4418173432350158,0.0473560653626918
1430,1.0106,0.6647,0,1,0.3681793212890625,0.8925628662109375,0.5101470947265625,-1.6722116470336914,-0.553658664226532,0.017446368932724
1431,1.0066,0.6488,0,1,0.3913116455078125,0.867645263671875,0.56329345703125,-1.9428257942199707,-0.2554767727851867,0.0464511215686798
1432,1.0066,0.6699,0,1,0.3279266357421875,0.8713836669921875,0.4389495849609375,-1.8671128749847408,-0.0029435919132083,0.1913696974515915
1433,1.0106,0.7355,0,1,0.2134857177734375,0.8671112060546875,0.4796142578125,-1.5227304697036743,-0.1164669543504715,0.2085486799478531
1434,1.0178,0.8451,0,1,0.1429443359375,0.842559814453125,0.441070556640625,-1.2889281511306765,-0.1565054506063461,0.2091974318027496
1435,1.0264,0.9878,0,1,0.18902587890625,0.7745819091796875,0.3539581298828125,-0.9342725872993468,-0.1798019856214523,0.236454352736473
1436,1.0335,1.1439,0,1,0.2392578125,0.73321533203125,0.37860107421875,-0.6025734543800354,-0.3806045949459076,0.2463152408599853
1437,1.0363,1.2889,0,1,0.27667236328125,0.69342041015625,0.4452667236328125,-0.2930955290794372,-0.3208693563938141,0.1388494968414306
1438,1.0326,1.3989,0,1,0.2700347900390625,0.67669677734375,0.492828369140625,-0.0546600483357906,-0.3226057589054107,-0.0010357033461332
1439,1.0214,1.4546,0,1,0.2379302978515625,0.640838623046875,0.4475250244140625,0.3271618783473968,-0.1710681468248367,-0.0816285535693168
1440,1.0029,1.4459,0,1,0.2402191162109375,0.594970703125,0.38751220703125,0.8088696599006653,-0.1907787322998047,-0.1612312346696853
1441,0.9782,1.3751,0,1,0.2700958251953125,0.593658447265625,0.3993072509765625,1.1402342319488523,-0.5518985986709595,-0.2180463075637817
1442,0.9487,1.258,0,1,0.273712158203125,0.6298065185546875,0.4183197021484375,1.2759031057357788,-0.7798622250556946,-0.2845606207847595
1443,0.9161,1.1209,0,1,0.30743408203125,0.699462890625,0.4476470947265625,1.272963047027588,-0.8874536752700806,-0.3167318701744079
1444,0.8833,0.9932,0,1,0.2991943359375,0.80035400390625,0.5933380126953125,1.1284886598587036,-1.040604829788208,-0.2609700858592987
1445,0.8543,0.8999,0,1,0.304412841796875,0.8478851318359375,0.73236083984375,0.7159842252731323,-1.0991888046264648,-0.2918582260608673
1446,0.8338,0.8555,0,1,0.315216064453125,0.8306884765625,0.7919921875,0.2328537553548813,-0.948984444141388,-0.3209894597530365
1447,0.8269,0.8618,0,1,0.332489013671875,0.79180908203125,0.87884521484375,-0.128327876329422,-0.8464122414588928,-0.3214763104915619
1448,0.8368,0.9084,0,1,0.4120941162109375,0.80841064453125,1.032806396484375,-0.4104021787643432,-0.6373535394668579,-0.2437335699796676
1449,0.8655,0.9779,0,1,0.5377197265625,0.988037109375,1.1737823486328125,-1.0552051067352295,-0.0498437210917472,0.0117863519117236
1450,0.9133,1.0525,0,1,0.8242340087890625,1.163543701171875,0.9148406982421876,-1.63077712059021,0.851020872592926,0.6175186038017273
1451,0.98,1.1216,0,1,0.778228759765625,1.1310577392578125,0.2379302978515625,-1.226467490196228,1.5687350034713743,1.3005512952804563
1452,1.0627,1.185,0,1,0.54638671875,1.0319976806640625,0.090576171875,-0.2659171521663666,0.3942780792713165,0.8992069959640503
1453,1.1544,1.2463,0,1,0.2055206298828125,1.07135009765625,0.2787017822265625,0.0699750930070877,-0.0345209576189518,0.4054777324199676
1454,1.2442,1.3024,0,1,-0.131134033203125,1.0645751953125,-0.02618408203125,0.2679193317890167,0.0612274035811424,-0.1310925036668777
1455,1.3205,1.3418,0,1,-0.180267333984375,0.9654083251953124,-0.1940460205078125,1.2532614469528198,-0.5149751901626587,-0.6036297082901001
1456,1.3735,1.3548,0,1,0.02093505859375,0.9217376708984376,-0.0371551513671875,1.997926354408264,-0.6425136923789978,-0.8925642967224121
1457,1.397,1.3439,0,1,0.3145904541015625,1.0877685546875,0.035400390625,2.27825927734375,-0.1651002764701843,-0.5511260032653809
1458,1.39,1.3251,0,1,0.430908203125,1.1490478515625,0.10089111328125,1.857194304466248,0.319449633359909,0.1021625846624374
1459,1.3571,1.3178,0,1,0.4524383544921875,1.0725860595703125,-0.011199951171875,1.1054877042770386,0.4557928144931793,0.3610828220844269
1460,1.3065,1.3328,0,1,0.460296630859375,0.951904296875,-0.0199737548828125,0.7133228778839111,0.49881511926651,-0.0225351359695196
1461,1.2479,1.3676,0,1,0.4288787841796875,0.791595458984375,0.0158843994140625,0.5038352012634277,0.6450024247169495,-0.1960275620222091
1462,1.1885,1.4088,0,1,0.3462982177734375,0.7885589599609375,0.042877197265625,0.3528198301792145,0.7555744647979736,-0.0651009753346443
1463,1.1328,1.4396,0,1,0.2691497802734375,0.8374786376953125,0.028228759765625,0.3302527368068695,0.623814046382904,0.0626226365566253
1464,1.0824,1.4458,0,1,0.199188232421875,0.9326324462890624,0.0292205810546875,0.4671144485473633,0.3461004197597503,0.1468522995710373
1465,1.0381,1.419,0,1,0.1036834716796875,1.0413970947265625,0.0619964599609375,0.661702036857605,-0.043274238705635,0.0740888714790344
1466,1.001,1.357,0,1,-0.014892578125,1.1571044921875,0.24066162109375,0.6074300408363342,-0.2181933224201202,-0.2685374617576599
1467,0.9731,1.2639,0,1,0.0544891357421875,1.092864990234375,0.235076904296875,0.1481934636831283,0.0073697655461728,-0.6444447636604309
1468,0.9565,1.149,0,1,0.0983123779296875,1.0013885498046875,0.116851806640625,-0.0533497743308544,0.1786405891180038,-0.5153789520263672
1469,0.952,1.0232,0,1,0.100006103515625,0.940185546875,0.0765380859375,-0.0355452112853527,0.2048032134771347,-0.2326998263597488
1470,0.9581,0.8964,0,1,0.1337890625,0.939453125,0.086578369140625,0.0115519938990473,0.335485577583313,-0.2256855964660644
1471,0.9712,0.7764,0,1,0.2392425537109375,0.935760498046875,0.0715484619140625,0.0453720092773437,0.6969758868217468,-0.253551572561264
1472,0.987,0.6697,0,1,0.2869415283203125,0.959503173828125,0.0528106689453125,0.0131522873416543,0.8272712826728821,-0.0562331788241863
1473,1.0018,0.5829,0,1,0.29461669921875,0.97784423828125,0.0177459716796875,-0.1198054999113082,0.5544365644454956,0.0975822135806083
1474,1.0134,0.521,0,1,0.253204345703125,0.91192626953125,0.0059967041015625,-0.1661732643842697,0.1485434025526046,0.1297862231731414
1475,1.0204,0.4843,0,1,0.2545623779296875,0.8661651611328125,0.0079345703125,-0.1400370001792907,-0.1967551410198211,0.0399106629192829
1476,1.0224,0.4677,0,1,0.326812744140625,0.90838623046875,0.0327911376953125,0.0891788750886917,-0.5010103583335876,0.0327536836266517
1477,1.0194,0.4644,0,1,0.302459716796875,1.028900146484375,0.338104248046875,0.209561213850975,-1.1091620922088623,0.0616263449192047
1478,1.0127,0.4704,0,1,0.1848907470703125,1.100616455078125,0.4605712890625,-0.3860049545764923,-1.0326292514801023,0.0585400089621543
1479,1.0053,0.4867,0,1,0.0394287109375,1.0278778076171875,0.2846527099609375,-0.4468781650066376,0.4157426059246063,0.1771936863660812
1480,1.0006,0.5159,0,1,0.04736328125,1.002593994140625,0.1376495361328125,-0.2353067994117736,1.2185077667236328,0.0295211412012577
1481,1.0006,0.5593,0,1,0.0884552001953125,1.00592041015625,0.05438232421875,-0.0668128505349159,1.322961449623108,-0.0591991394758224
1482,1.0053,0.6173,0,1,0.128875732421875,0.935516357421875,0.01495361328125,0.0329659394919872,1.123664379119873,-0.1039623543620109
1483,1.0129,0.689,0,1,0.2220001220703125,0.885711669921875,-0.0156097412109375,0.1382582783699035,0.8036602735519409,-0.2182873338460922
1484,1.0205,0.77,0,1,0.348876953125,0.7831268310546875,-0.0101318359375,0.2735279500484466,0.1453982144594192,-0.1686481386423111
1485,1.0252,0.851,0,1,0.4857330322265625,0.787322998046875,0.1298675537109375,0.1745486408472061,-1.2292789220809937,0.2442523539066314
1486,1.0249,0.9228,0,1,0.4310455322265625,0.9295654296875,0.2391510009765625,-0.1030960232019424,-2.259551763534546,0.5970343947410583
1487,1.0191,0.9842,0,1,0.3479156494140625,1.028350830078125,0.2995452880859375,-0.0849732160568237,-1.9192094802856443,0.4956422448158264
1488,1.0098,1.0432,0,1,0.1678314208984375,1.020782470703125,0.508209228515625,0.7215800285339355,0.6748902797698975,-0.2172250002622604
1489,1.0005,1.1081,0,1,0.300506591796875,0.9425048828125,0.503997802734375,0.4100746214389801,1.788438081741333,0.1715664267539978
1490,0.9949,1.182,0,1,0.3121337890625,0.97625732421875,0.2994537353515625,0.2371789962053299,1.5923324823379517,0.2839401066303253
1491,0.9952,1.2628,0,1,0.3381195068359375,0.9261932373046876,0.296356201171875,0.367119163274765,1.3037999868392944,0.0968423932790756
1492,1.0015,1.3452,0,1,0.2325286865234375,0.9347381591796876,0.2708740234375,0.0782090499997139,0.8057851791381836,0.0952825769782066
1493,1.0123,1.4197,0,1,0.246673583984375,0.8889923095703125,0.2655029296875,-0.2141032367944717,0.512263298034668,0.108714759349823
1494,1.0248,1.4728,0,1,0.2673797607421875,0.8775482177734375,0.3024749755859375,-0.3697966933250427,0.2729343175888061,0.1823482364416122
1495,1.036,1.4907,0,1,0.30133056640625,0.844512939453125,0.2528533935546875,-0.4042356312274933,0.4430463910102844,0.2085787802934646
1496,1.0431,1.4647,0,1,0.271697998046875,0.867889404296875,0.1474456787109375,-0.4037104547023773,0.7251390814781189,0.2085292339324951
1497,1.0444,1.3946,0,1,0.2234649658203125,0.9209747314453124,0.123260498046875,-0.5057612061500549,0.4023703336715698,0.1072814464569091
1498,1.0394,1.2885,0,1,0.2233123779296875,0.9534454345703124,0.291259765625,-0.5922020673751831,-0.1740626096725464,-0.0375124886631965
1499,1.0291,1.1596,0,1,0.2078094482421875,0.9982757568359376,0.55267333984375,-0.8433565497398376,-0.5163850784301758,-0.1366819441318512
1500,1.0162,1.0238,0,1,0.2160186767578125,1.02325439453125,0.737335205078125,-1.242834210395813,-0.6021468639373779,-0.2427119761705398
1501,1.0053,0.8989,0,1,0.2381134033203125,0.950286865234375,0.7303924560546875,-1.5202056169509888,-0.2876307070255279,-0.2612563669681549
1502,1.0006,0.8031,0,1,0.25677490234375,0.7920379638671875,0.5356597900390625,-1.3569597005844116,0.0948487445712089,-0.0714675262570381
1503,1.0046,0.7505,0,1,0.2519683837890625,0.708526611328125,0.30328369140625,-0.8250148296356201,0.4644672870635986,0.084352433681488
1504,1.0154,0.7454,0,1,0.2374420166015625,0.7437744140625,0.210357666015625,-0.2012377679347992,0.420914739370346,0.1030978858470916
1505,1.0283,0.7793,0,1,0.246795654296875,0.872772216796875,0.28448486328125,-0.0356589294970035,-0.0607680082321167,0.0745029971003532
