id,ASVM,GSVM,walking_nonwalking,normal_abnormal,ax,ay,az,gx,gy,gz
1,0.7841,2.6388,0,0,0.0002899169921875,0.8119659423828125,-0.0483551025390625,0.3611731231212616,-2.8672080039978027,0.3213393986225128
2,0.7928,2.1974,0,0,-0.230224609375,0.75,-0.09417724609375,0.4392703175544739,-2.2633626461029053,-0.02281157299876213
3,0.8069,1.8007,0,0,-0.3854827880859375,0.69854736328125,-0.113555908203125,0.6198377013206482,-1.3041661977767944,-0.3553767502307892
4,0.8284,1.4614,0,0,-0.4544219970703125,0.66143798828125,-0.1661224365234375,0.716473400592804,-0.6027258038520813,-0.4835911691188812
5,0.8588,1.1893,0,0,-0.4497222900390625,0.61590576171875,-0.248260498046875,0.41834238171577454,-0.1669945865869522,-0.40004435181617737
6,0.8985,0.9908,0,0,-0.430572509765625,0.610107421875,-0.3692779541015625,-0.23519493639469147,0.220773383975029,-0.22732104361057281
7,0.9468,0.8686,0,0,-0.3304290771484375,0.6735992431640625,-0.43109130859375,-0.8598622679710388,0.6729366183280945,-0.25728586316108704
8,1.0018,0.8216,0,0,-0.2103271484375,0.7430877685546875,-0.448089599609375,-1.0722386837005615,0.914016604423523,-0.2696775496006012
9,1.0607,0.8453,0,0,-0.0874176025390625,0.812744140625,-0.4371185302734375,-1.0718739032745361,0.643697202205658,-0.2189302146434784
10,1.1198,0.9321,0,0,0.0237884521484375,0.8962249755859375,-0.5235443115234375,-0.9521514773368835,-0.09240423142910004,-0.09593851119279861
11,1.1754,1.0725,0,0,0.2162933349609375,1.0842132568359375,-0.6752166748046875,-0.6524243950843811,-0.897733747959137,0.17633667588233948
12,1.2242,1.2546,0,0,0.4478912353515625,1.232177734375,-0.772674560546875,-0.3245282769203186,-0.5534115433692932,0.7788718342781067
13,1.2634,1.4653,0,0,0.37738037109375,1.30670166015625,-0.680877685546875,-0.2167900949716568,0.7251611948013306,1.065003752708435
14,1.2915,1.6904,0,0,0.0708160400390625,1.2504119873046875,-0.8079986572265625,0.3457065224647522,0.3227066695690155,0.5305736064910889
15,1.308,1.9155,0,0,0.1501922607421875,0.98504638671875,-1.00689697265625,1.1310127973556519,-1.640503168106079,0.4495868682861328
16,1.3134,2.1268,0,0,0.046417236328125,0.636474609375,-0.659698486328125,0.3109051585197449,-2.0986876487731934,0.38428881764411926
17,1.3087,2.3125,0,0,-0.2431182861328125,0.7352294921875,-0.085906982421875,-1.473130226135254,-1.9309214353561401,-0.16376523673534393
18,1.2952,2.4634,0,0,-0.400604248046875,0.998870849609375,0.3641357421875,-3.1171610355377197,-1.2926262617111206,-0.8800117373466492
19,1.2743,2.574,0,0,-0.4135284423828125,1.1662139892578125,0.5044097900390625,-3.7904767990112305,-0.37392300367355347,-1.0841846466064453
20,1.2476,2.6425,0,0,-0.6608428955078125,1.32659912109375,-0.0108642578125,-2.421579360961914,0.44969499111175537,-1.0499773025512695
21,1.2166,2.6699,0,0,-0.817352294921875,1.375732421875,-0.5893707275390625,0.4936038553714752,0.16893228888511658,-0.7835147976875305
22,1.1833,2.6594,0,0,-0.5860748291015625,1.0525360107421875,-0.7426300048828125,2.7649552822113037,-0.1516806036233902,-0.3186000883579254
23,1.1498,2.6147,0,0,-0.244598388671875,0.7702484130859375,-0.20550537109375,1.7636357545852661,-0.2874639928340912,-0.0763978362083435
24,1.1185,2.5395,0,0,-0.0601959228515625,0.7207794189453125,0.72003173828125,-1.8735886812210083,0.10914938896894455,-0.001547030289657414
25,1.0913,2.4367,0,0,-0.164520263671875,0.870758056640625,0.5794830322265625,-3.4723165035247803,0.045094773173332214,0.053634464740753174
26,1.0695,2.309,0,0,-0.053253173828125,0.91302490234375,0.194671630859375,-2.687774419784546,-0.03554361313581467,0.394546240568161
27,1.0538,2.1594,0,0,-0.0205841064453125,0.9794158935546875,0.0980682373046875,-1.1748963594436646,0.7211847901344299,0.6090531945228577
28,1.0438,1.9915,0,0,0.0181427001953125,0.9834442138671875,0.1740570068359375,-0.10322971642017365,1.7837560176849365,0.6021130084991455
29,1.0384,1.8102,0,0,0.143463134765625,0.969329833984375,0.3560791015625,-0.03280828148126602,2.294074058532715,0.8503832817077637
30,1.0358,1.6222,0,0,0.0990447998046875,0.9871673583984375,0.354095458984375,-0.5580861568450928,1.9398471117019653,1.0451157093048096
31,1.034,1.4359,0,0,0.0245208740234375,1.0028839111328125,0.2257537841796875,-0.9891025424003601,1.070794701576233,0.9019008278846741
32,1.0312,1.2604,0,0,-0.0564117431640625,1.034698486328125,-0.100494384765625,-1.042302131652832,-0.17113180458545685,0.5273681879043579
33,1.0259,1.1052,0,0,-0.215972900390625,0.9681854248046875,-0.9055938720703125,0.2440347671508789,0.42264872789382935,-0.00472577940672636
34,1.0174,0.9786,0,0,-0.0165557861328125,0.974945068359375,0.0987091064453125,-0.23606020212173462,0.5400477647781372,0.11341816931962967
35,1.0058,0.8863,0,0,0.005035400390625,1.0395660400390625,0.2512969970703125,-0.7794955372810364,0.5964365005493164,0.12285641580820084
36,0.9923,0.831,0,0,0.04315185546875,0.973419189453125,0.1641693115234375,-0.6912660598754883,0.5923141837120056,0.1263752430677414
37,0.9782,0.8114,0,0,0.04296875,0.8949432373046875,0.0973968505859375,-0.3823942542076111,0.5750129818916321,0.10327525436878204
38,0.9654,0.8227,0,0,0.041839599609375,0.8578033447265625,0.0850372314453125,-0.27159741520881653,0.4383011758327484,0.04880242794752121
39,0.9558,0.8564,0,0,0.037353515625,0.8924407958984375,0.0943145751953125,-0.4403235912322998,0.03803979232907295,0.030919300392270088
40,0.951,0.9018,0,0,0.0158538818359375,0.92816162109375,0.06988525390625,-0.768246054649353,-0.5317714810371399,0.03225167840719223
41,0.952,0.9469,0,0,-0.0189056396484375,0.970733642578125,-0.033203125,-1.1616977453231812,-0.766223669052124,0.03910985216498375
42,0.9591,0.9803,0,0,-0.057098388671875,0.9994659423828125,-0.1566619873046875,-1.311893105506897,-0.5424273014068604,0.02401585318148136
43,0.9723,0.9923,0,0,-0.05023193359375,0.961181640625,-0.1623077392578125,-0.9949143528938293,-0.10425610095262527,0.030372019857168198
44,0.9907,0.9762,0,0,-0.0443267822265625,0.976593017578125,-0.06170654296875,-0.5606182813644409,0.366116464138031,-0.009388442151248455
45,1.013,0.9297,0,0,-0.039520263671875,0.961761474609375,-0.0084228515625,-0.4330939054489136,0.684110164642334,-0.040407076478004456
46,1.0375,0.8545,0,0,-0.01007080078125,0.981536865234375,-0.0049285888671875,-0.48402366042137146,0.9123867154121399,-0.04849163442850113
47,1.0623,0.7572,0,0,0.0837249755859375,1.04876708984375,0.0143280029296875,-0.47439661622047424,1.0051870346069336,-0.055219314992427826
48,1.0856,0.6485,0,0,0.1248321533203125,1.1372528076171875,-0.01898193359375,-0.3721242845058441,0.8656554222106934,-0.06379043310880661
49,1.1059,0.5424,0,0,0.1218719482421875,1.1782684326171875,0.007293701171875,-0.31314221024513245,0.5902403593063354,-0.09962353110313416
50,1.1219,0.4545,0,0,0.067718505859375,1.1631011962890625,0.0401458740234375,-0.2871284484863281,0.21132156252861023,-0.11789441108703613
51,1.1332,0.4011,0,0,-0.0209197998046875,1.076812744140625,-0.0197906494140625,-0.17000874876976013,0.08103599399328232,-0.17570577561855316
52,1.1398,0.3962,0,0,-0.017791748046875,1.080474853515625,-0.10089111328125,-0.04640664532780647,0.1899547576904297,-0.20911327004432678
53,1.1423,0.4506,0,0,0.134796142578125,1.1934661865234375,-0.0821380615234375,0.060986123979091644,0.3106423020362854,-0.11791971325874329
54,1.142,0.5697,0,0,0.1890716552734375,1.240753173828125,-0.03118896484375,0.15218287706375122,0.48639655113220215,-0.010054764337837696
55,1.1402,0.7531,0,0,0.1830902099609375,1.2270050048828125,0.0733642578125,0.23664236068725586,0.4070780277252197,0.11975489556789398
56,1.1384,0.9934,0,0,0.164886474609375,1.1002044677734375,0.0795135498046875,0.3801095187664032,0.0700208991765976,0.19147329032421112
57,1.1379,1.2773,0,0,0.129180908203125,1.0612640380859375,0.0660247802734375,0.6671698093414307,-0.45360690355300903,0.28842779994010925
58,1.1392,1.5868,0,0,-0.036651611328125,1.0216217041015625,0.00579833984375,1.1193434000015259,-1.1369777917861938,0.16415032744407654
59,1.1423,1.9007,0,0,-0.2117462158203125,0.943359375,-0.1233978271484375,1.8787908554077148,-1.46401846408844,-0.07027283310890198
60,1.1463,2.1969,0,0,-0.216583251953125,0.938385009765625,0.118682861328125,2.176301956176758,-0.9256644248962402,-0.19686219096183777
61,1.1493,2.4556,0,0,-0.172515869140625,1.0232696533203125,0.20635986328125,2.0917530059814453,0.027770377695560455,-0.05265389010310173
62,1.1493,2.6604,0,0,-0.3293609619140625,1.297027587890625,0.1654205322265625,2.085725784301758,1.8494058847427368,-0.0054182009771466255
63,1.144,2.8011,0,0,-0.535064697265625,1.3875885009765625,-0.008636474609375,2.422762155532837,3.271919012069702,-0.3454199731349945
64,1.1316,2.8735,0,0,-0.4437255859375,1.164825439453125,-0.0018463134765625,2.7994985580444336,2.754843235015869,-0.40955743193626404
65,1.1109,2.8801,0,0,-0.2694244384765625,0.9790191650390625,0.1568450927734375,2.530269145965576,1.419254183769226,-0.07763727009296417
66,1.0817,2.8283,0,0,-0.205841064453125,0.897064208984375,-0.101806640625,2.3715195655822754,0.3720718324184418,0.14366714656352997
67,1.0448,2.7288,0,0,-0.1800994873046875,0.8408355712890625,0.181884765625,1.7711848020553589,-0.7157018780708313,-0.046658314764499664
68,1.0016,2.5935,0,0,0.179229736328125,0.951751708984375,-0.13836669921875,1.24179208278656,-0.8510634303092957,0.3032666742801666
69,0.9548,2.4335,0,0,0.3043670654296875,1.0747833251953125,-0.3324127197265625,1.4647010564804077,-0.36046019196510315,0.9988476037979126
70,0.9075,2.2579,0,0,0.131561279296875,1.0726470947265625,-0.1727142333984375,1.4061434268951416,-0.8161821961402893,1.0120265483856201
71,0.8632,2.0735,0,0,0.0887908935546875,0.94586181640625,-0.100555419921875,1.1861966848373413,-1.9604828357696533,0.6656720042228699
72,0.8256,1.8856,0,0,-0.0152740478515625,0.730926513671875,-0.0662078857421875,0.9679916501045227,-2.531073570251465,0.34995773434638977
73,0.7983,1.6986,0,0,-0.1483306884765625,0.60455322265625,-0.08282470703125,0.8933494091033936,-2.3049254417419434,0.04821839556097984
74,0.784,1.5171,0,0,-0.31097412109375,0.5784912109375,-0.13067626953125,0.8739895224571228,-1.8693516254425049,-0.2150108367204666
75,0.7846,1.3463,0,0,-0.37603759765625,0.6199188232421875,-0.1751861572265625,0.7257547974586487,-1.199722409248352,-0.320165753364563
76,0.8006,1.1916,0,0,-0.417022705078125,0.608795166015625,-0.24847412109375,0.2254541665315628,-0.4700964093208313,-0.24952886998653412
77,0.8313,1.0589,0,0,-0.39349365234375,0.596099853515625,-0.3845062255859375,-0.3416673243045807,-0.09394673258066177,-0.1720615029335022
78,0.8749,0.953,0,0,-0.3253936767578125,0.6812286376953125,-0.521820068359375,-0.6829700469970703,0.24335406720638275,-0.29649290442466736
79,0.9286,0.8777,0,0,-0.198394775390625,0.78314208984375,-0.5959625244140625,-0.7397558093070984,0.6334624290466309,-0.3831327259540558
80,0.9889,0.8349,0,0,-0.09228515625,0.8811798095703125,-0.59332275390625,-0.6231133937835693,0.8041521310806274,-0.3209250271320343
81,1.0519,0.8246,0,0,0.003204345703125,0.936309814453125,-0.52239990234375,-0.478934109210968,0.40150508284568787,-0.17433612048625946
82,1.1138,0.8452,0,0,0.0759735107421875,0.947052001953125,-0.5349884033203125,-0.2938569188117981,-0.4073600471019745,0.008705873973667622
83,1.1707,0.8939,0,0,0.154998779296875,0.9142913818359375,-0.5946044921875,-0.1731499433517456,-1.1876212358474731,0.15974518656730652
84,1.2193,0.9665,0,0,0.2480926513671875,0.9480438232421875,-0.610870361328125,-0.45111098885536194,-1.381246566772461,0.34650760889053345
85,1.2568,1.0584,0,0,0.1417694091796875,1.0536956787109375,-0.6371307373046875,-0.9296067357063293,-0.5713077187538147,0.42142847180366516
86,1.2812,1.1646,0,0,-0.0442047119140625,1.057403564453125,-0.8033447265625,-0.791862428188324,0.17984646558761597,0.35819196701049805
87,1.2914,1.2798,0,0,-0.1409759521484375,0.9490509033203125,-0.980133056640625,-0.011718708090484142,-0.30160006880760193,0.4162400960922241
88,1.2874,1.399,0,0,-0.284942626953125,1.0399017333984375,-0.67327880859375,-0.18868069350719452,-1.2535842657089233,0.2591428756713867
89,1.2702,1.5172,0,0,-0.392181396484375,1.207733154296875,-0.1332244873046875,-1.4617358446121216,-1.0450388193130493,-0.28460803627967834
90,1.2419,1.6299,0,0,-0.38067626953125,1.1610565185546875,0.3587493896484375,-2.7153124809265137,-0.3539927005767822,-0.5690118074417114
91,1.2053,1.7329,0,0,-0.602447509765625,1.177337646484375,0.205352783203125,-2.339317798614502,-0.06220025569200516,-0.7614712715148926
92,1.1638,1.8226,0,0,-0.7176971435546875,1.132568359375,-0.2144775390625,-0.2629733085632324,-0.25495800375938416,-0.7128909230232239
93,1.1209,1.8951,0,0,-0.38641357421875,0.8468780517578125,-0.2222442626953125,1.3451138734817505,-0.6583608388900757,-0.08467121422290802
94,1.08,1.9464,0,0,-0.076873779296875,0.76629638671875,-0.1007232666015625,1.2171673774719238,-0.12906689941883087,0.2050040066242218
95,1.0438,1.9722,0,0,-0.120269775390625,0.8722076416015625,0.4452667236328125,-0.9680502414703369,0.3874017894268036,-0.1292562633752823
96,1.0141,1.9683,0,0,-0.099273681640625,0.951812744140625,0.379486083984375,-2.1505022048950195,0.7161709070205688,-0.011350925080478191
97,0.9918,1.9315,0,0,-0.014923095703125,1.01312255859375,0.187103271484375,-2.241787910461426,0.9535658359527588,0.5138750672340393
98,0.9765,1.8608,0,0,0.0103302001953125,1.012786865234375,0.1566925048828125,-1.8949402570724487,1.4239144325256348,0.9073845148086548
99,0.9676,1.7586,0,0,0.0453643798828125,0.9695281982421875,0.126922607421875,-1.28123140335083,1.94071364402771,1.132785677909851
100,0.9634,1.6309,0,0,0.03387451171875,0.9049530029296875,0.0741729736328125,-0.5668597221374512,1.7559906244277954,1.1246129274368286
101,0.9624,1.4868,0,0,-0.021820068359375,0.8769378662109375,0.0305938720703125,-0.05705476552248001,0.716767430305481,0.8358887434005737
102,0.9628,1.3381,0,0,-0.1393585205078125,0.956787109375,-0.5440826416015625,0.8847936987876892,0.38145333528518677,0.1348869800567627
103,0.9635,1.1969,0,0,0.008697509765625,1.0506439208984375,-0.0872039794921875,0.15996010601520538,0.4080476760864258,0.021433386951684952
104,0.9635,1.0748,0,0,-0.0057373046875,1.0266265869140625,0.113494873046875,-0.9896602034568787,0.26803651452064514,0.1866348534822464
105,0.9628,0.9806,0,0,-0.0057830810546875,1.0150146484375,0.16339111328125,-1.217803955078125,0.16158916056156158,0.21079346537590027
106,0.9616,0.9195,0,0,-0.0294952392578125,0.9436492919921875,0.1573486328125,-0.9236902594566345,-0.018142251297831535,0.12346121668815613
107,0.9606,0.8926,0,0,-0.0503082275390625,0.845855712890625,0.101348876953125,-0.5345209240913391,-0.08133240789175034,-0.07243558764457703
108,0.9606,0.8966,0,0,-0.03094482421875,0.848052978515625,0.0979766845703125,-0.41176730394363403,-0.2550991475582123,-0.1699613481760025
109,0.9625,0.9248,0,0,-0.02294921875,0.8637847900390625,0.111358642578125,-0.641965389251709,-0.5142862200737,-0.10738371312618256
110,0.9668,0.9674,0,0,-0.0686187744140625,0.9758148193359375,0.09002685546875,-1.0014013051986694,-0.7153929471969604,-0.05965640768408775
111,0.9736,1.0131,0,0,-0.0499114990234375,1.0477294921875,-0.0057830810546875,-1.266669750213623,-0.7307919263839722,-0.028234301134943962
112,0.983,1.0507,0,0,-0.079620361328125,1.007965087890625,-0.1883697509765625,-1.2944608926773071,-0.3904295265674591,0.08358997106552124
113,0.9945,1.0701,0,0,-0.1091156005859375,0.964019775390625,-0.2271728515625,-0.9439840912818909,0.1699805110692978,0.0581384040415287
114,1.0076,1.0639,0,0,-0.0647125244140625,0.9411163330078125,-0.0677032470703125,-0.5372024774551392,0.30073240399360657,0.01769670471549034
115,1.0216,1.028,0,0,-0.051971435546875,0.997222900390625,0.0361785888671875,-0.45628151297569275,0.49483051896095276,0.026815634220838547
116,1.0359,0.9625,0,0,-0.0514678955078125,1.0520172119140625,0.00732421875,-0.6645947694778442,0.8239951133728027,-0.016440225765109062
117,1.0498,0.872,0,0,0.0398101806640625,1.069122314453125,-0.101837158203125,-0.7649352550506592,1.0667201280593872,-0.06045854836702347
118,1.0631,0.7657,0,0,0.1380767822265625,1.0822601318359375,-0.133880615234375,-0.5512714385986328,1.2031413316726685,-0.11757882684469223
119,1.0755,0.6568,0,0,0.167877197265625,1.1092681884765625,-0.0664215087890625,-0.2877905070781708,0.9806696772575378,-0.2263849377632141
120,1.0871,0.5615,0,0,0.1717071533203125,1.1263580322265625,-0.02972412109375,-0.26146888732910156,0.520395815372467,-0.24433517456054688
121,1.0981,0.4973,0,0,0.1485137939453125,1.0542144775390625,-0.0465087890625,-0.3407285511493683,0.1679980605840683,-0.1135135143995285
122,1.109,0.4807,0,0,0.0833282470703125,1.00567626953125,-0.08984375,-0.3371428847312927,0.15136341750621796,-0.03591086342930794
123,1.1199,0.5253,0,0,0.01165771484375,1.036376953125,-0.066314697265625,-0.2748528718948364,0.249908909201622,-0.03413160517811775
124,1.1312,0.6392,0,0,0.04571533203125,1.1880340576171875,-0.0773773193359375,-0.12895958125591278,0.11714659631252289,0.0014423680258914828
125,1.1428,0.8239,0,0,0.0807647705078125,1.2197418212890625,-0.0773468017578125,0.19685368239879608,0.055205997079610825,0.05498362332582474
126,1.1544,1.0733,0,0,0.1287841796875,1.249725341796875,0.06329345703125,0.5659249424934387,-0.3437158167362213,0.14039333164691925
127,1.1656,1.374,0,0,0.0712127685546875,1.12396240234375,0.0715789794921875,0.884947657585144,-0.7712583541870117,0.11018482595682144
128,1.1753,1.7067,0,0,0.02801513671875,1.069854736328125,0.11749267578125,1.2565768957138062,-1.2377674579620361,-0.003457315731793642
129,1.1826,2.048,0,0,-0.050567626953125,0.974700927734375,0.0471343994140625,1.7098082304000854,-1.5897774696350098,0.09661548584699631
130,1.1859,2.3735,0,0,-0.094696044921875,1.0602874755859375,0.052703857421875,2.3279154300689697,-1.1943587064743042,0.23165667057037354
131,1.184,2.6604,0,0,-0.1820831298828125,1.1830902099609375,0.2388458251953125,2.3662891387939453,0.04144730791449547,0.18966473639011383
132,1.1758,2.8896,0,0,-0.3316802978515625,1.3357391357421875,0.2686614990234375,2.1212143898010254,2.270772695541382,-0.1367035210132599
133,1.1605,3.0484,0,0,-0.4622650146484375,1.3690032958984375,0.0017242431640625,2.2525253295898438,3.8556296825408936,-0.44099125266075134
134,1.138,3.1308,0,0,-0.4383544921875,1.1528472900390625,-0.1083984375,2.9652693271636963,2.7874834537506104,-0.5722835063934326
135,1.1091,3.138,0,0,-0.252105712890625,0.934478759765625,0.157562255859375,2.7640042304992676,1.0459752082824707,-0.24313674867153168
136,1.075,3.0768,0,0,-0.177978515625,0.8462371826171875,0.038360595703125,2.2775535583496094,-0.3254806399345398,-0.018258633092045784
137,1.0374,2.9581,0,0,-0.077545166015625,0.8680877685546875,0.0724334716796875,1.701623558998108,-1.5979112386703491,-0.0024610271211713552
138,0.9982,2.7945,0,0,0.221038818359375,0.9925994873046875,-0.193695068359375,1.4026187658309937,-1.9251959323883057,0.4623412787914276
139,0.9592,2.5986,0,0,0.229888916015625,1.0186767578125,-0.1684722900390625,1.3237366676330566,-1.0254096984863281,0.8507963418960571
140,0.9224,2.3816,0,0,0.115509033203125,0.9850311279296875,-0.0631256103515625,1.0459240674972534,-1.1246355772018433,0.7406474351882935
141,0.8895,2.1528,0,0,0.0229034423828125,0.8860015869140625,0.0040740966796875,0.6558883786201477,-2.090315818786621,0.3484154939651489
142,0.8622,1.92,0,0,-0.0754241943359375,0.8264923095703125,0.0147705078125,0.393045037984848,-2.835188150405884,0.07473336160182953
143,0.8419,1.6902,0,0,-0.1683197021484375,0.796478271484375,0.0402984619140625,0.28631430864334106,-2.717663526535034,-0.04105103015899658
144,0.8298,1.4701,0,0,-0.3615570068359375,0.7459564208984375,-0.0252838134765625,0.40988898277282715,-1.7751071453094482,-0.12915079295635223
145,0.8269,1.2667,0,0,-0.4868621826171875,0.68121337890625,-0.1485595703125,0.790800929069519,-0.6692600846290588,-0.16455858945846558
146,0.8337,1.0872,0,0,-0.4848175048828125,0.626220703125,-0.2328338623046875,0.9092127680778503,-0.14222770929336548,0.09892578423023224
147,0.8504,0.938,0,0,-0.4836883544921875,0.6109771728515625,-0.3715362548828125,0.4523687958717346,0.04559598118066788,0.22081440687179565
148,0.8769,0.8245,0,0,-0.401580810546875,0.656646728515625,-0.4692840576171875,-0.2130662053823471,0.528095543384552,0.018152372911572456
149,0.9124,0.75,0,0,-0.2712554931640625,0.7536773681640625,-0.4821014404296875,-0.503071129322052,0.7737867832183838,-0.17853832244873047
150,0.9557,0.715,0,0,-0.19757080078125,0.86456298828125,-0.4669342041015625,-0.3223751187324524,0.5868760347366333,-0.2740621864795685
151,1.005,0.7176,0,0,-0.1231536865234375,0.9035186767578125,-0.4473876953125,-0.08911868929862976,0.016219982877373695,-0.22833490371704102
152,1.058,0.7533,0,0,-0.0284576416015625,0.8591461181640625,-0.4748992919921875,0.004447478801012039,-0.5993201732635498,-0.039687223732471466
153,1.1117,0.8154,0,0,0.1267852783203125,0.834259033203125,-0.5334014892578125,-0.1275571584701538,-0.7956781983375549,0.2710762321949005
154,1.1629,0.8965,0,0,0.241485595703125,0.893035888671875,-0.5465240478515625,-0.5629384517669678,-0.1942584216594696,0.5382392406463623
155,1.208,0.989,0,0,0.227081298828125,0.9568939208984375,-0.525360107421875,-1.1567165851593018,0.6905906796455383,0.5898542404174805
156,1.2437,1.0861,0,0,0.084564208984375,1.0267333984375,-0.6594696044921875,-1.2843070030212402,0.34435898065567017,0.34572330117225647
157,1.2671,1.1832,0,0,0.041229248046875,1.1220550537109375,-0.80206298828125,-0.8252816796302795,-0.6284285187721252,0.2666359543800354
158,1.2764,1.2776,0,0,0.006866455078125,1.2375335693359375,-0.722137451171875,-0.3774908185005188,-1.543216347694397,0.27602386474609375
159,1.2711,1.3688,0,0,-0.1904144287109375,1.2871246337890625,-0.5108184814453125,-0.35910090804100037,-1.800915002822876,0.0322578065097332
160,1.252,1.458,0,0,-0.4257354736328125,1.1717529296875,-0.1600189208984375,-0.7900424599647522,-0.8697636127471924,-0.34744396805763245
161,1.2217,1.5468,0,0,-0.63836669921875,1.052276611328125,0.1181640625,-1.4057120084762573,0.4600277841091156,-0.6376603841781616
162,1.1838,1.6364,0,0,-0.8608856201171875,1.060455322265625,0.0167694091796875,-1.2926770448684692,0.7066293358802795,-0.8542179465293884
163,1.1427,1.7263,0,0,-0.784271240234375,0.9740142822265625,-0.3629608154296875,0.0354570597410202,-0.8513563871383667,-0.5288830399513245
164,1.1032,1.8135,0,0,-0.279815673828125,0.8011016845703125,-0.162750244140625,0.4883965849876404,-1.3895891904830933,0.02941754274070263
165,1.0692,1.8923,0,0,0.0052337646484375,0.752777099609375,0.246368408203125,-0.5981715321540833,0.07874301820993423,0.16647472977638245
166,1.0439,1.9548,0,0,-0.040557861328125,0.8066558837890625,0.4275665283203125,-1.8253284692764282,1.137114405632019,0.039440881460905075
167,1.0287,1.9918,0,0,-0.07049560546875,0.8705291748046875,0.3616180419921875,-2.2705459594726562,1.3811979293823242,-0.03278511017560959
168,1.0236,1.9951,0,0,-0.06585693359375,0.989715576171875,0.236846923828125,-1.8856213092803955,1.7107584476470947,0.017495902255177498
169,1.0269,1.9584,0,0,-0.0259246826171875,1.0566558837890625,0.2427978515625,-1.1934205293655396,1.9442622661590576,0.22499635815620422
170,1.036,1.8796,0,0,0.05224609375,1.044219970703125,0.270111083984375,-0.6994278430938721,1.9399253129959106,0.6002234816551208
171,1.0475,1.761,0,0,0.0633392333984375,1.0010986328125,0.37384033203125,-0.7881036400794983,1.5292216539382935,0.8585866093635559
172,1.058,1.6095,0,0,0.0654296875,0.9979705810546875,0.3633270263671875,-1.294545292854309,0.6604421138763428,0.8359236717224121
173,1.0645,1.436,0,0,-0.04046630859375,1.013641357421875,0.08038330078125,-1.510633111000061,-0.28806161880493164,0.5141858458518982
174,1.065,1.2538,0,0,-0.215545654296875,0.9641265869140625,-1.1873016357421875,0.443669855594635,0.9606639742851257,0.009307481348514557
175,1.0587,1.0771,0,0,-0.025604248046875,0.9881744384765625,0.0163726806640625,-0.2092839777469635,0.5284335017204285,0.20906133949756622
176,1.0458,0.9191,0,0,-0.0825958251953125,0.9622344970703125,0.1511993408203125,-0.8485920429229736,0.26061347126960754,0.12606818974018097
177,1.028,0.7903,0,0,-0.0286407470703125,0.9884490966796875,0.113525390625,-0.7487519979476929,0.03857988119125366,0.10281772166490555
178,1.0073,0.6973,0,0,-0.03692626953125,0.954864501953125,0.0550689697265625,-0.3464386463165283,0.081263966858387,-0.05283791571855545
179,0.9865,0.6421,0,0,-9.1552734375e-05,0.89849853515625,0.031463623046875,-0.16588963568210602,0.2490854561328888,-0.1699213981628418
180,0.9683,0.6223,0,0,0.0354156494140625,0.905303955078125,-0.0341644287109375,-0.3832501769065857,0.3759709596633911,-0.099336177110672
181,0.9548,0.6311,0,0,0.00921630859375,0.9776458740234375,-0.059295654296875,-0.7431095838546753,0.10337565839290619,-0.03837641701102257
182,0.948,0.6588,0,0,0.0165252685546875,0.975738525390625,-0.06488037109375,-0.8298401832580566,-0.23469851911067963,0.05217691883444786
183,0.9488,0.6942,0,0,-0.0300445556640625,0.9835205078125,-0.0379180908203125,-0.6378957629203796,-0.22097338736057281,0.01727592572569847
184,0.9574,0.726,0,0,-0.0634307861328125,0.9404754638671875,0.0040740966796875,-0.6289457082748413,-0.16262567043304443,-0.02027011848986149
185,0.9733,0.7446,0,0,-0.0864410400390625,0.9199066162109375,-0.00555419921875,-0.8298279643058777,-0.19525498151779175,-0.04069656506180763
186,0.9951,0.7433,0,0,-0.069976806640625,0.9310150146484375,-0.011993408203125,-0.9398614764213562,-0.2725985050201416,-0.044310737401247025
187,1.0209,0.7192,0,0,-0.040374755859375,0.9923858642578125,-0.0204010009765625,-0.8558707237243652,-0.1126282811164856,-0.09689618647098541
188,1.0485,0.6742,0,0,0.02020263671875,1.051910400390625,-0.0121002197265625,-0.6417357921600342,0.24595090746879578,-0.16461610794067383
189,1.0755,0.6145,0,0,0.046478271484375,1.1031341552734375,-0.0131378173828125,-0.41265547275543213,0.5571181178092957,-0.18304678797721863
190,1.0997,0.5503,0,0,0.0715789794921875,1.1781768798828125,0.001220703125,-0.2969096899032593,0.708763062953949,-0.20507805049419403
191,1.1196,0.4947,0,0,0.099853515625,1.2076263427734375,-6.103515625e-05,-0.26948580145835876,0.639513373374939,-0.14747707545757294
192,1.134,0.462,0,0,0.073211669921875,1.1334381103515625,-0.0135650634765625,-0.22662435472011566,0.4106155037879944,0.07791849970817566
193,1.1426,0.4662,0,0,0.046783447265625,1.116668701171875,0.0010223388671875,-0.24052339792251587,0.12844052910804749,0.18475359678268433
194,1.1459,0.5185,0,0,0.03900146484375,1.0777740478515625,-0.04876708984375,-0.31483250856399536,0.10152928531169891,0.16919274628162384
195,1.1447,0.6261,0,0,0.0673828125,1.13275146484375,-0.0568389892578125,-0.15751372277736664,0.22428050637245178,0.11279872059822083
196,1.1406,0.7906,0,0,0.105499267578125,1.228118896484375,0.0107574462890625,0.22240670025348663,0.058823101222515106,0.18842875957489014
197,1.1351,1.0074,0,0,0.1038665771484375,1.1680145263671875,0.0713653564453125,0.5389606952667236,-0.2646721303462982,0.22148151695728302
198,1.1299,1.2662,0,0,0.0721435546875,1.181427001953125,0.0592803955078125,0.854550302028656,-0.6745685935020447,0.23776516318321228
199,1.1263,1.5513,0,0,-0.0675506591796875,1.15008544921875,0.0234375,1.2689627408981323,-0.921413779258728,0.1519320011138916
200,1.1252,1.8444,0,0,-0.197265625,0.9654083251953125,-0.0059814453125,1.7542377710342407,-0.6930708885192871,-0.023450730368494987
201,1.1264,2.1258,0,0,-0.2470550537109375,0.844635009765625,0.031036376953125,2.2612264156341553,-0.2666865587234497,-0.19480809569358826
202,1.1292,2.3775,0,0,-0.2559661865234375,0.9778594970703125,0.147857666015625,2.345663070678711,0.6497902870178223,-0.20127718150615692
203,1.1319,2.5846,0,0,-0.3339691162109375,1.19805908203125,0.2066497802734375,2.227933406829834,2.12623929977417,-0.2056780606508255
204,1.1324,2.7374,0,0,-0.4054718017578125,1.2132568359375,0.066314697265625,2.3181233406066895,3.0362966060638428,-0.18588517606258392
205,1.1284,2.8318,0,0,-0.4162445068359375,1.113739013671875,-0.0126190185546875,2.6460609436035156,2.3276312351226807,-0.08910351246595383
206,1.1177,2.8689,0,0,-0.2769317626953125,1.0142059326171875,0.096588134765625,2.499577045440674,1.0028740167617798,0.08047273755073547
207,1.0985,2.854,0,0,-0.2790374755859375,0.9604949951171875,0.0128326416015625,2.287367105484009,-0.03488900884985924,-0.05504674091935158
208,1.0701,2.7947,0,0,0.0074005126953125,0.9651336669921875,0.024627685546875,1.6796815395355225,-1.028717041015625,0.06082713231444359
209,1.0327,2.6993,0,0,0.277069091796875,1.110198974609375,-0.2662200927734375,1.709012746810913,-0.581000566482544,0.7277553677558899
210,0.9878,2.5753,0,0,0.248504638671875,1.1359100341796875,-0.182708740234375,1.6247540712356567,-0.24976056814193726,1.124634861946106
211,0.9382,2.4286,0,0,0.181732177734375,1.072845458984375,-0.1449127197265625,1.390728235244751,-1.3971773386001587,1.0248368978500366
212,0.8877,2.2637,0,0,0.0792236328125,0.89642333984375,-0.086029052734375,1.1057870388031006,-2.5025479793548584,0.6390710473060608
213,0.8408,2.0846,0,0,-0.0341949462890625,0.74615478515625,-0.0133209228515625,0.840871274471283,-2.72391676902771,0.32696452736854553
214,0.8024,1.8954,0,0,-0.25213623046875,0.677032470703125,0.0033111572265625,0.7128698825836182,-2.384643077850342,0.004257861990481615
215,0.7768,1.7016,0,0,-0.3797149658203125,0.6192779541015625,-0.0407867431640625,0.7356484532356262,-1.8985129594802856,-0.25847601890563965
216,0.7678,1.5096,0,0,-0.4662933349609375,0.58135986328125,-0.1219635009765625,0.7688269019126892,-1.40773606300354,-0.2556661367416382
217,0.7774,1.3272,0,0,-0.456146240234375,0.537384033203125,-0.1527252197265625,0.29310137033462524,-0.6770357489585876,-0.0036639769095927477
218,0.8062,1.1627,0,0,-0.4530487060546875,0.4938507080078125,-0.279541015625,-0.3998083770275116,0.15498079359531403,0.10099292546510696
219,0.8531,1.0238,0,0,-0.3984832763671875,0.5601348876953125,-0.39019775390625,-0.8664341568946838,0.7269095182418823,-0.22784169018268585
220,0.915,0.9169,0,0,-0.2750396728515625,0.7097625732421875,-0.4824676513671875,-0.9713440537452698,0.7056724429130554,-0.41403287649154663
221,0.9874,0.8467,0,0,-0.114776611328125,0.8561859130859375,-0.570556640625,-0.7005969882011414,0.2892877459526062,-0.3213135898113251
222,1.0651,0.8156,0,0,-0.02789306640625,0.9489593505859375,-0.5832672119140625,-0.3976192772388458,-0.13413943350315094,-0.18924875557422638
223,1.142,0.8236,0,0,0.0664825439453125,0.9560699462890625,-0.573638916015625,-0.3156154751777649,-0.780492901802063,-0.05444326624274254
224,1.2123,0.8685,0,0,0.1373748779296875,0.9535064697265625,-0.585601806640625,-0.4611481726169586,-0.9032440781593323,0.0587322898209095
225,1.2708,0.946,0,0,0.19287109375,1.0695343017578125,-0.55535888671875,-0.8601523041725159,-0.3459020256996155,0.27786704897880554
226,1.3134,1.0503,0,0,0.049285888671875,1.23828125,-0.584625244140625,-1.1490581035614014,0.1782110184431076,0.4028651714324951
227,1.3377,1.1744,0,0,-0.1337890625,1.3296661376953125,-0.9194183349609375,-0.45480799674987793,0.5042293071746826,0.29080653190612793
228,1.3431,1.3108,0,0,-0.0789031982421875,1.26336669921875,-1.173095703125,0.8286694884300232,-0.2564046084880829,0.5405982732772827
229,1.3305,1.4522,0,0,-0.2618865966796875,1.0078887939453125,-0.70538330078125,0.6245725154876709,-1.456549048423767,0.36818841099739075
230,1.3028,1.5915,0,0,-0.4548492431640625,0.82275390625,0.0494232177734375,-0.8455877304077148,-1.834223985671997,-0.27250102162361145
231,1.2638,1.7229,0,0,-0.5809783935546875,0.81427001953125,0.4278106689453125,-2.375060558319092,-0.5269349217414856,-0.7312310338020325
232,1.2178,1.8412,0,0,-0.6176910400390625,1.0202484130859375,0.2577056884765625,-2.5729877948760986,0.7216362357139587,-0.924401581287384
233,1.1693,1.9421,0,0,-0.642669677734375,1.1666259765625,-0.514007568359375,-0.4646851122379303,0.220548614859581,-0.658488392829895
234,1.1223,2.0216,0,0,-0.243682861328125,1.0921173095703125,-0.25927734375,0.8539673686027527,-0.8916002511978149,-0.020605143159627914
235,1.0803,2.0752,0,0,0.015960693359375,0.888458251953125,-0.037384033203125,0.3418406844139099,-0.5515164136886597,0.08212362974882126
236,1.0455,2.0982,0,0,0.03094482421875,0.8165435791015625,0.4739532470703125,-1.4637812376022339,0.8414374589920044,-0.09872018545866013
237,1.0192,2.0865,0,0,-0.0525665283203125,0.8900909423828125,0.41400146484375,-2.448162317276001,1.4922690391540527,0.012367187067866325
238,1.0016,2.0371,0,0,-0.017852783203125,0.9955902099609375,0.2560272216796875,-2.4435436725616455,1.5912792682647705,0.42041724920272827
239,0.9918,1.9498,0,0,-0.052520751953125,1.0519561767578125,0.21148681640625,-1.9049474000930786,1.7508007287979126,0.7253816723823547
240,0.9883,1.8279,0,0,0.0047760009765625,1.0018463134765625,0.1845550537109375,-1.2169135808944702,1.880429744720459,0.9294013977050781
241,0.9889,1.6784,0,0,0.009796142578125,0.9506378173828125,0.192108154296875,-0.7600153088569641,1.3967459201812744,0.9747222661972046
242,0.9914,1.5117,0,0,-0.0536956787109375,0.9403839111328125,0.1683807373046875,-0.6516651511192322,0.5347787141799927,0.6985623240470886
243,0.9939,1.3399,0,0,-0.1797637939453125,0.935821533203125,-0.124420166015625,-0.5509901642799377,-0.5458292365074158,0.13006453216075897
244,0.9946,1.1753,0,0,-0.1736602783203125,0.901336669921875,-0.587127685546875,0.3954479992389679,-0.05959542095661163,-0.2253526896238327
245,0.9926,1.029,0,0,-0.0515899658203125,1.001312255859375,0.062347412109375,-0.3851383626461029,0.5251588225364685,0.0062547000125050545
246,0.9876,0.9096,0,0,0.0084075927734375,1.0785675048828125,0.22906494140625,-1.0568437576293945,0.7123183608055115,0.1039612889289856
247,0.9799,0.8224,0,0,-0.0108642578125,1.0296478271484375,0.1432952880859375,-1.1014759540557861,0.6003300547599792,0.08907394856214523
248,0.9708,0.7697,0,0,-0.0027923583984375,0.9226531982421875,0.026092529296875,-0.7293931841850281,0.5404102206230164,0.019633622840046883
249,0.9616,0.75,0,0,0.0072784423828125,0.8773651123046875,-0.00225830078125,-0.42084336280822754,0.45235735177993774,0.004348409362137318
250,0.9541,0.7593,0,0,0.03759765625,0.8668212890625,-0.0562286376953125,-0.43231919407844543,0.3699303865432739,-0.03341121971607208
251,0.95,0.7909,0,0,0.0473175048828125,0.9431915283203125,-0.0828094482421875,-0.6817111968994141,0.032464731484651566,0.026200978085398674
252,0.9505,0.8367,0,0,-0.005859375,1.003997802734375,-0.0230865478515625,-0.8377410173416138,-0.4521520137786865,0.11797856539487839
253,0.9565,0.8874,0,0,-0.0723876953125,0.997528076171875,0.025970458984375,-0.7354734539985657,-0.47017228603363037,0.04808710142970085
254,0.9684,0.934,0,0,-0.080810546875,0.922149658203125,0.070098876953125,-0.688599169254303,-0.3176615834236145,-0.05825238674879074
255,0.9858,0.9687,0,0,-0.1021881103515625,0.87872314453125,0.0891571044921875,-0.8016953468322754,-0.18992066383361816,-0.11160509288311005
256,1.0079,0.9858,0,0,-0.1495819091796875,0.93719482421875,0.036102294921875,-0.8823830485343933,0.04541941359639168,-0.13968919217586517
257,1.0333,0.9828,0,0,-0.1490631103515625,1.0634765625,-0.02532958984375,-0.8672053813934326,0.4495277404785156,-0.12500718235969543
258,1.0604,0.9614,0,0,-0.062347412109375,1.1150054931640625,-0.0858917236328125,-0.7416898012161255,0.985978901386261,-0.13047252595424652
259,1.0874,0.9274,0,0,0.03271484375,1.1245269775390625,-0.1063079833984375,-0.4861752390861511,1.4818885326385498,-0.09691562503576279
260,1.1126,0.8907,0,0,0.05352783203125,1.1170806884765625,-0.0915985107421875,-0.34400635957717896,1.5091882944107056,-0.07009093463420868
261,1.1347,0.8642,0,0,0.0817413330078125,1.1009674072265625,-0.0369720458984375,-0.21868494153022766,1.143936038017273,-0.08940871059894562
262,1.1526,0.8624,0,0,0.1434326171875,1.0927734375,-0.0136260986328125,0.0561535507440567,0.7755985260009766,-0.04412112385034561
263,1.1659,0.899,0,0,0.1755523681640625,1.1709747314453125,-0.008636474609375,0.25386449694633484,0.4872298538684845,-0.027086744084954262
264,1.1745,0.9845,0,0,0.2361297607421875,1.3013458251953125,-0.0460662841796875,0.1663716733455658,0.35563185811042786,0.09513556957244873
265,1.1789,1.1242,0,0,0.17926025390625,1.254302978515625,-0.0263671875,0.2185046374797821,0.013758689165115356,0.22292815148830414
266,1.1798,1.3169,0,0,0.077178955078125,1.1564178466796875,-0.0025634765625,0.4741308093070984,-0.5511427521705627,0.27022111415863037
267,1.178,1.5541,0,0,-0.0140228271484375,1.145904541015625,0.0162200927734375,0.8950559496879578,-1.0505709648132324,0.23429426550865173
268,1.1742,1.8216,0,0,-0.117950439453125,1.0889129638671875,0.0626373291015625,1.4197766780853271,-1.2835618257522583,0.08806461095809937
269,1.1689,2.1005,0,0,-0.20819091796875,0.9747314453125,0.03997802734375,1.9207305908203125,-1.2727150917053223,-0.11185356229543686
270,1.162,2.3702,0,0,-0.22857666015625,0.984527587890625,0.111328125,2.249999523162842,-0.4558005630970001,-0.16547603905200958
271,1.1529,2.6107,0,0,-0.272430419921875,1.1060638427734375,0.1827239990234375,2.2623953819274902,0.9685924649238586,-0.11176727712154388
272,1.141,2.8056,0,0,-0.347625732421875,1.241912841796875,0.2290802001953125,2.0762104988098145,2.969738245010376,-0.12994281947612762
273,1.1252,2.944,0,0,-0.467926025390625,1.2213592529296875,-0.0579833984375,2.288597583770752,4.061619758605957,-0.24559591710567474
274,1.1048,3.0208,0,0,-0.3479461669921875,1.067138671875,-0.00286865234375,2.7868635654449463,2.474506378173828,-0.09311050176620483
275,1.0795,3.0373,0,0,-0.223663330078125,0.9651336669921875,0.0662384033203125,2.5505714416503906,0.59781414270401,0.1479489803314209
276,1.0494,2.9994,0,0,-0.157623291015625,0.9238739013671875,0.11724853515625,2.0106492042541504,-0.9921968579292297,0.09394966810941696
277,1.0152,2.9157,0,0,0.106109619140625,0.9661865234375,-0.0998382568359375,1.5265271663665771,-1.6602550745010376,0.36069613695144653
278,0.9782,2.795,0,0,0.2379913330078125,1.023712158203125,-0.1550750732421875,1.4271332025527954,-0.8556065559387207,0.8308444619178772
279,0.9403,2.6451,0,0,0.1759033203125,1.033966064453125,-0.0839691162109375,1.1971888542175293,-0.6771425008773804,0.9637556672096252
280,0.904,2.4717,0,0,0.12567138671875,0.988922119140625,-0.09869384765625,1.050959825515747,-1.6801118850708008,0.7583673596382141
281,0.8718,2.2787,0,0,0.090606689453125,0.858612060546875,0.0108184814453125,0.7516998648643494,-2.7654261589050293,0.5238776206970215
282,0.8465,2.0693,0,0,-0.0748443603515625,0.7554931640625,0.06689453125,0.40246862173080444,-3.0408451557159424,0.26316025853157043
283,0.8307,1.8473,0,0,-0.2793426513671875,0.6784210205078125,0.0854949951171875,0.21008533239364624,-2.643873929977417,-0.09686849266290665
284,0.8262,1.6182,0,0,-0.4490203857421875,0.6630401611328125,0.0260467529296875,0.22726191580295563,-1.9938546419143677,-0.37171974778175354
285,0.8343,1.3897,0,0,-0.5129547119140625,0.6594696044921875,-0.10308837890625,0.3975540101528168,-1.3278888463974,-0.41559508442878723
286,0.8553,1.1716,0,0,-0.541778564453125,0.6160736083984375,-0.21661376953125,0.3627888560295105,-0.6572747826576233,-0.13669100403785706
287,0.8882,0.9753,0,0,-0.5605316162109375,0.583984375,-0.34014892578125,-0.0026040389202535152,-0.3014298975467682,0.1127886027097702
288,0.9316,0.8118,0,0,-0.4635467529296875,0.663299560546875,-0.4189910888671875,-0.5549353957176208,0.047865524888038635,0.02213592827320099
289,0.983,0.6915,0,0,-0.3177032470703125,0.751739501953125,-0.498046875,-0.7575939297676086,0.6007121801376343,-0.09288067370653152
290,1.0392,0.6223,0,0,-0.1702728271484375,0.8475189208984375,-0.5637054443359375,-0.5394211411476135,0.5923898220062256,-0.01961950771510601
291,1.0969,0.6095,0,0,-0.0220794677734375,0.9297943115234375,-0.6001129150390625,-0.24979278445243835,0.05580467730760574,0.1763438731431961
292,1.1526,0.655,0,0,0.1353302001953125,1.01678466796875,-0.57464599609375,-0.14153875410556793,-0.14580407738685608,0.4017341136932373
293,1.2033,0.7573,0,0,0.2689056396484375,1.1192474365234375,-0.49884033203125,-0.4026598334312439,0.14893116056919098,0.6729773283004761
294,1.2462,0.9117,0,0,0.32440185546875,1.1676177978515625,-0.4469757080078125,-0.815838634967804,0.1705877184867859,0.8871974945068359
295,1.2794,1.1107,0,0,0.2265472412109375,1.1809234619140625,-0.67254638671875,-0.4657416045665741,-0.23649056255817413,0.7131689786911011
296,1.3015,1.3443,0,0,0.27691650390625,1.0887451171875,-0.887603759765625,0.5185331702232361,-0.758001446723938,0.6756988167762756
297,1.3123,1.6014,0,0,0.1006011962890625,0.860748291015625,-0.7954864501953125,0.5407982468605042,-1.5064021348953247,0.6864942312240601
298,1.3119,1.8695,0,0,-0.2116546630859375,0.833740234375,-0.2879486083984375,-0.9349128007888794,-1.8912752866744995,0.25993889570236206
299,1.3013,2.1362,0,0,-0.3947296142578125,1.0640716552734375,0.1167144775390625,-2.3605024814605713,-0.44671329855918884,-0.5183624625205994
300,1.2818,2.3893,0,0,-0.578857421875,1.247711181640625,0.490631103515625,-3.0265016555786133,0.5069255232810974,-0.9910847544670105
301,1.2555,2.6171,0,0,-0.97052001953125,1.4051055908203125,-0.0446319580078125,-1.5527435541152954,0.2858336269855499,-1.1991713047027588
302,1.2249,2.8083,0,0,-0.962432861328125,1.230621337890625,-0.58111572265625,1.6101405620574951,-0.940610408782959,-0.8942058682441711
303,1.1928,2.9528,0,0,-0.4329833984375,0.6944427490234375,-0.55535888671875,2.848172903060913,-1.8860479593276978,-0.36730051040649414
304,1.1621,3.041,0,0,-0.1853179931640625,0.527313232421875,0.38751220703125,0.20094935595989227,-1.141901969909668,-0.4362470805644989
305,1.135,3.0654,0,0,-0.1128387451171875,0.7973785400390625,0.68853759765625,-2.431307554244995,1.3481265306472778,-0.506057620048523
306,1.1134,3.0212,0,0,0.009735107421875,0.99700927734375,0.39532470703125,-3.1296050548553467,2.420433282852173,0.19526909291744232
307,1.0979,2.9076,0,0,-0.0658721923828125,1.131439208984375,0.3004608154296875,-2.752134084701538,2.641432762145996,0.7839603424072266
308,1.088,2.7292,0,0,0.000946044921875,1.096405029296875,0.261444091796875,-1.7523291110992432,2.613584041595459,1.1120151281356812
309,1.0825,2.4958,0,0,0.0852813720703125,0.9794158935546875,0.2957916259765625,-0.9116913676261902,2.3992183208465576,1.3624495267868042
310,1.0795,2.2228,0,0,0.060516357421875,0.9412384033203125,0.3569488525390625,-0.7215502262115479,1.7375954389572144,1.2478184700012207
311,1.0768,1.9291,0,0,0.0257110595703125,0.971405029296875,0.3091583251953125,-0.8895373344421387,0.8563000559806824,0.7889036536216736
312,1.0723,1.6355,0,0,-0.002410888671875,0.9815521240234375,0.1700439453125,-1.1277496814727783,-0.11986967921257019,0.20030167698860168
313,1.0647,1.3624,0,0,-0.1568756103515625,0.9340667724609375,-1.3138427734375,0.35097745060920715,1.3427051305770874,-0.13865774869918823
314,1.053,1.1273,0,0,-0.01031494140625,0.99298095703125,-0.0161895751953125,-0.2656087577342987,0.8488160371780396,0.17076987028121948
315,1.0378,0.9428,0,0,-0.021392822265625,1.0377197265625,0.1396942138671875,-0.8459704518318176,0.3420521318912506,0.15296104550361633
316,1.02,0.8158,0,0,0.0431365966796875,1.0274200439453125,0.0619049072265625,-0.6110471487045288,0.18361350893974304,0.07745431363582611
317,1.0015,0.7466,0,0,0.030670166015625,0.9570770263671875,0.042266845703125,-0.1722244918346405,0.22938285768032074,-0.15630865097045898
318,0.9846,0.7292,0,0,0.0833892822265625,0.8683624267578125,0.01629638671875,-0.16631947457790375,0.42216429114341736,-0.23837901651859283
319,0.9714,0.7522,0,0,0.0760955810546875,0.879302978515625,-0.0279388427734375,-0.547153115272522,0.3691452741622925,-0.1604384034872055
320,0.9636,0.8004,0,0,0.0346832275390625,0.97686767578125,-0.03106689453125,-0.8998568058013916,-0.31573665142059326,-0.012820190750062466
321,0.9624,0.8572,0,0,0.005218505859375,0.972137451171875,-0.03875732421875,-0.8317097425460815,-0.7146955132484436,0.050285276025533676
322,0.968,0.9065,0,0,-0.0401611328125,0.9645843505859375,0.0204925537109375,-0.6940842270851135,-0.6913299560546875,-0.01859605498611927
323,0.98,0.9349,0,0,-0.0943603515625,0.874542236328125,0.077392578125,-0.9295758605003357,-0.7330984473228455,-0.17372146248817444
324,0.997,0.9335,0,0,-0.1152496337890625,0.9092254638671875,-0.013427734375,-1.1763134002685547,-0.7594344615936279,-0.24072739481925964
325,1.0175,0.899,0,0,-0.109832763671875,1.0098419189453125,-0.1337738037109375,-0.8988940715789795,-0.2995571494102478,-0.277842253446579
326,1.0393,0.8342,0,0,-0.0276031494140625,1.132080078125,-0.0510101318359375,-0.5240688323974609,0.1514347940683365,-0.25023168325424194
327,1.0606,0.7472,0,0,0.0218505859375,1.1913604736328125,-0.039764404296875,-0.35321345925331116,0.6551927328109741,-0.2028215527534485
328,1.0798,0.6511,0,0,0.0540313720703125,1.1434173583984375,-0.03564453125,-0.2465895414352417,0.935023307800293,-0.19151030480861664
329,1.096,0.5618,0,0,0.0954742431640625,1.1187744140625,0.0212249755859375,-0.11090254783630371,0.7051365971565247,-0.1429414451122284
330,1.1087,0.4966,0,0,0.0529327392578125,1.0668487548828125,0.0364837646484375,-0.13407205045223236,0.28453904390335083,-0.10665667057037354
331,1.1181,0.4716,0,0,0.0213623046875,1.0244293212890625,-0.02825927734375,-0.2926885783672333,0.12377334386110306,-0.015031945891678333
332,1.1249,0.5,0,0,0.0597686767578125,1.1157684326171875,0.0142974853515625,-0.32573574781417847,-0.009206547401845455,0.12218396365642548
333,1.1299,0.59,0,0,0.0629119873046875,1.1400604248046875,-0.0232391357421875,-0.21637864410877228,0.27135801315307617,0.16558869183063507
334,1.1343,0.7438,0,0,0.012176513671875,1.2012176513671875,-0.0179595947265625,0.048461541533470154,0.38460972905158997,0.15126727521419525
335,1.1388,0.957,0,0,0.0035400390625,1.188079833984375,-0.00726318359375,0.4358007311820984,0.06740167737007141,0.11210816353559494
336,1.1442,1.2187,0,0,0.0386505126953125,1.1885528564453125,-0.0200653076171875,0.9625867605209351,-0.15828338265419006,0.08841534703969955
337,1.1503,1.5127,0,0,0.01824951171875,1.14727783203125,0.0181732177734375,1.5869898796081543,-0.4242143929004669,0.10634507983922958
338,1.1567,1.8196,0,0,-0.0336761474609375,0.9543304443359375,0.1285400390625,1.9513678550720215,-0.5075896978378296,0.24758103489875793
339,1.1623,2.1184,0,0,-0.13323974609375,0.8555145263671875,0.076080322265625,2.2834036350250244,-0.4568074941635132,0.22749680280685425
340,1.1651,2.3895,0,0,-0.175201416015625,1.041473388671875,0.121795654296875,2.4052653312683105,-0.16535887122154236,0.1836145669221878
341,1.1632,2.6161,0,0,-0.2901153564453125,1.233154296875,0.1466827392578125,2.433830499649048,1.172156572341919,-0.009751430712640285
342,1.1548,2.7865,0,0,-0.33758544921875,1.3422698974609375,0.204986572265625,2.174832582473755,2.5626139640808105,-0.1390923708677292
343,1.1383,2.8945,0,0,-0.4881439208984375,1.35845947265625,-0.11590576171875,2.489579200744629,2.9287009239196777,-0.3244473338127136
344,1.1133,2.9397,0,0,-0.3287506103515625,1.1230010986328125,0.0055999755859375,2.8146579265594482,1.3850359916687012,-0.22597907483577728
345,1.0803,2.9263,0,0,-0.216094970703125,0.9330291748046875,0.0500335693359375,2.5503435134887695,0.07736136764287949,-0.025067269802093506
346,1.0409,2.8621,0,0,-0.0263824462890625,0.8747100830078125,0.043212890625,1.9840654134750366,-1.2642992734909058,0.18502311408519745
347,0.9975,2.7564,0,0,0.1653594970703125,0.924957275390625,-0.131134033203125,1.6651023626327515,-1.3365678787231445,0.5952932238578796
348,0.9528,2.6184,0,0,0.2046356201171875,0.9569091796875,-0.0778961181640625,1.313687801361084,-0.8439112901687622,0.927472710609436
349,0.9102,2.4562,0,0,0.1374969482421875,0.956085205078125,-0.0640411376953125,1.0013808012008667,-1.2195533514022827,0.8699034452438354
350,0.8728,2.2761,0,0,0.12689208984375,0.911529541015625,-0.0459136962890625,0.7801533341407776,-2.2401390075683594,0.6583371162414551
351,0.8434,2.0832,0,0,0.0420684814453125,0.829742431640625,0.0118865966796875,0.5675981640815735,-2.8823673725128174,0.49350905418395996
352,0.8244,1.882,0,0,-0.2098846435546875,0.7313995361328125,0.0351715087890625,0.42357975244522095,-2.6195340156555176,0.1180504709482193
353,0.8173,1.6772,0,0,-0.4088287353515625,0.6568145751953125,0.01312255859375,0.3841886818408966,-1.985769271850586,-0.38078275322914124
354,0.8227,1.474,0,0,-0.5007476806640625,0.6209259033203125,-0.08746337890625,0.45295870304107666,-1.1857538223266602,-0.6081770658493042
355,0.8403,1.2789,0,0,-0.51287841796875,0.5950469970703125,-0.14178466796875,0.24809955060482025,-0.7151386141777039,-0.3211175799369812
356,0.869,1.0985,0,0,-0.50732421875,0.5425567626953125,-0.3239898681640625,-0.11750452220439911,-0.2499120980501175,0.08977196365594864
357,0.9068,0.94,0,0,-0.4747314453125,0.6278228759765625,-0.47808837890625,-0.4587060511112213,0.5857340693473816,-0.11449968069791794
358,0.9514,0.8102,0,0,-0.3313751220703125,0.7312469482421875,-0.5453643798828125,-0.7009309530258179,1.184217929840088,-0.4001639187335968
359,1.0001,0.7152,0,0,-0.2165069580078125,0.8801727294921875,-0.57196044921875,-0.6261366009712219,1.0512785911560059,-0.4812273383140564
360,1.0504,0.6604,0,0,-0.1168060302734375,1.0039520263671875,-0.5584564208984375,-0.4164787232875824,0.4154145121574402,-0.4121185839176178
361,1.0998,0.6496,0,0,0.065032958984375,1.0263519287109375,-0.5855712890625,-0.1834811419248581,-0.3812600076198578,-0.14473214745521545
362,1.1463,0.6851,0,0,0.1981048583984375,0.9961395263671875,-0.5588836669921875,-0.0627581924200058,-0.6075104475021362,0.19289515912532806
363,1.1882,0.7663,0,0,0.222198486328125,0.989105224609375,-0.480499267578125,-0.21297885477542877,-0.13898904621601105,0.4096122682094574
364,1.2241,0.8902,0,0,0.1969451904296875,1.035552978515625,-0.4947662353515625,-0.4563717842102051,0.15474243462085724,0.45126038789749146
365,1.2529,1.0507,0,0,0.1177520751953125,1.0498199462890625,-0.687774658203125,-0.3559088408946991,-0.06502320617437363,0.34715476632118225
366,1.2736,1.2395,0,0,0.18475341796875,0.9568939208984375,-0.8520660400390625,0.0216528307646513,-0.8376003503799438,0.5720392465591431
367,1.2852,1.4463,0,0,0.10565185546875,0.7495269775390625,-0.7136383056640625,-0.17846427857875824,-1.6529889106750488,0.6465875506401062
368,1.2872,1.6598,0,0,-0.1724853515625,0.8924713134765625,-0.3936614990234375,-1.0862834453582764,-1.8269699811935425,0.17346686124801636
369,1.2793,1.8693,0,0,-0.4338226318359375,1.2093048095703125,-0.0423736572265625,-2.1858372688293457,-0.7568530440330505,-0.5708270072937012
370,1.262,2.065,0,0,-0.610809326171875,1.380218505859375,0.31768798828125,-2.9220077991485596,0.09751324355602264,-0.9642440676689148
371,1.2365,2.2382,0,0,-0.9005584716796875,1.4894256591796875,-0.025360107421875,-1.661703109741211,0.1406809538602829,-0.8430106043815613
372,1.2052,2.3818,0,0,-0.8950042724609375,1.2786102294921875,-0.5624542236328125,1.333109974861145,-0.5675060153007507,-0.36139175295829773
373,1.1711,2.4897,0,0,-0.488922119140625,0.7177734375,-0.4998321533203125,2.7073135375976562,-0.8613901138305664,-0.07317753881216049
374,1.1378,2.5562,0,0,-0.1201171875,0.51788330078125,0.18218994140625,0.5802444815635681,-0.23594968020915985,0.01774703897535801
375,1.1085,2.5766,0,0,-0.178253173828125,0.6945037841796875,0.7402801513671875,-2.5868618488311768,0.7558157444000244,-0.35548460483551025
376,1.0857,2.5472,0,0,-0.163330078125,0.89453125,0.474517822265625,-3.457191228866577,0.9267022609710693,-0.17400242388248444
377,1.0708,2.466,0,0,-0.0940704345703125,0.9832305908203125,0.1964111328125,-2.5977745056152344,0.9882631301879883,0.33153292536735535
378,1.0635,2.3342,0,0,-0.0358428955078125,1.044952392578125,0.13861083984375,-1.2890692949295044,1.348365068435669,0.6491513848304749
379,1.0626,2.1565,0,0,0.0558624267578125,1.0247344970703125,0.233734130859375,-0.4269140362739563,2.120636463165283,0.8749061822891235
380,1.0656,1.9413,0,0,0.0769195556640625,0.965179443359375,0.291290283203125,-0.19911256432533264,2.423386335372925,0.9897576570510864
381,1.0696,1.7009,0,0,0.080810546875,0.9698944091796875,0.3694000244140625,-0.5801835060119629,1.8400118350982666,0.9275898933410645
382,1.0717,1.4501,0,0,0.0785675048828125,1.0223236083984375,0.26788330078125,-1.0767402648925781,0.854839563369751,0.6666675209999084
383,1.0695,1.205,0,0,-0.0924224853515625,1.0767974853515625,-1.2603607177734375,-0.7167400121688843,0.390325129032135,0.2084922194480896
384,1.0615,0.9814,0,0,-0.0096282958984375,0.9809417724609375,-0.3055419921875,-0.4015823304653168,-0.023018766194581985,0.08831202238798141
385,1.0477,0.7924,0,0,-0.0255126953125,0.9912567138671875,0.08013916015625,-0.5263359546661377,-0.1768818348646164,0.19663982093334198
386,1.0288,0.6476,0,0,-0.0047454833984375,0.9921417236328125,0.144775390625,-0.43240439891815186,0.16610296070575714,0.24016332626342773
387,1.0068,0.5515,0,0,-0.03985595703125,0.921356201171875,0.105316162109375,-0.29764634370803833,0.26502180099487305,0.11234837770462036
388,0.984,0.5033,0,0,-0.0506439208984375,0.8812103271484375,-0.0166778564453125,-0.23240022361278534,0.22841639816761017,-0.07815072685480118
389,0.9632,0.4975,0,0,-0.01409912109375,0.894073486328125,-0.1100311279296875,-0.3350629508495331,0.08847793191671371,-0.11330099403858185
390,0.9466,0.5246,0,0,0.025604248046875,0.93402099609375,-0.053375244140625,-0.5324604511260986,-0.0982767716050148,0.008927981369197369
391,0.9363,0.5726,0,0,0.022705078125,1.00616455078125,0.0052642822265625,-0.6936288475990295,-0.41826409101486206,0.06399629265069962
392,0.9336,0.6285,0,0,0.0021209716796875,0.9878082275390625,-0.02154541015625,-0.7081792950630188,-0.45144733786582947,0.08287198096513748
393,0.9392,0.6801,0,0,-0.0467071533203125,0.920196533203125,-0.020782470703125,-0.7096266746520996,-0.35322171449661255,0.05548163503408432
394,0.9526,0.7174,0,0,-0.079010009765625,0.887664794921875,-0.016143798828125,-0.7715433239936829,-0.4151412844657898,-0.013350958935916424
395,0.973,0.734,0,0,-0.080169677734375,0.8896331787109375,-0.039764404296875,-0.7770757675170898,-0.47532472014427185,-0.08516789227724075
396,0.9985,0.7271,0,0,-0.074798583984375,0.9584503173828125,-0.0605621337890625,-0.6505870819091797,-0.2547984719276428,-0.1513330638408661
397,1.027,0.6985,0,0,0.014251708984375,1.04046630859375,-0.000579833984375,-0.5064709186553955,-0.0008338357438333333,-0.1399184912443161
398,1.0562,0.6538,0,0,0.05780029296875,1.07550048828125,0.0734710693359375,-0.458612322807312,0.05793094262480736,-0.09482025355100632
399,1.0836,0.6022,0,0,0.0571441650390625,1.1102447509765625,0.0429534912109375,-0.487569123506546,0.21754564344882965,-0.08391167968511581
400,1.1075,0.5552,0,0,0.1044769287109375,1.17596435546875,0.0170440673828125,-0.5275503993034363,0.5060511827468872,-0.08799909800291061
401,1.1266,0.5261,0,0,0.1247711181640625,1.1930999755859375,0.000579833984375,-0.6016315221786499,0.730885922908783,-0.009807090274989605
402,1.1402,0.5281,0,0,0.0661773681640625,1.1347808837890625,-0.078216552734375,-0.5669078826904297,0.6784781217575073,0.03725149855017662
403,1.1485,0.5732,0,0,0.0436553955078125,1.1142425537109375,-0.1363983154296875,-0.399994820356369,0.5523238778114319,0.08234014362096786
404,1.1526,0.6705,0,0,0.058197021484375,1.1486053466796875,-0.13250732421875,-0.1255888193845749,0.3454255759716034,0.08926649391651154
405,1.1536,0.8243,0,0,0.0697784423828125,1.184600830078125,-0.0890350341796875,0.18275409936904907,0.2755948305130005,0.09475500136613846
406,1.1533,1.0336,0,0,0.1261444091796875,1.2414093017578125,0.0472259521484375,0.40939098596572876,0.10694508999586105,0.1823466420173645
407,1.1531,1.291,0,0,0.13983154296875,1.1439056396484375,0.066558837890625,0.6885890364646912,-0.26464125514030457,0.19246399402618408
408,1.1541,1.5832,0,0,0.11688232421875,1.0958251953125,0.110504150390625,1.045835018157959,-0.8879029750823975,0.20763841271400452
409,1.1567,1.8922,0,0,-0.0115966796875,1.010894775390625,0.1397857666015625,1.367243766784668,-1.593516230583191,0.16325336694717407
410,1.1604,2.1974,0,0,-0.16302490234375,0.9055328369140625,-0.03924560546875,1.9575510025024414,-1.8267908096313477,0.059961605817079544
411,1.164,2.4773,0,0,-0.140655517578125,0.9338531494140625,0.1342926025390625,2.3224189281463623,-1.1247245073318481,0.07096178829669952
412,1.1656,2.7129,0,0,-0.3145599365234375,1.1494598388671875,0.217041015625,2.2457242012023926,0.472849041223526,-0.13358895480632782
413,1.163,2.8888,0,0,-0.556304931640625,1.327392578125,0.2272796630859375,2.1575613021850586,2.5370187759399414,-0.6552603840827942
414,1.154,2.9953,0,0,-0.6335906982421875,1.27679443359375,-0.005767822265625,2.6877639293670654,2.8816680908203125,-1.1237818002700806
415,1.1374,3.0291,0,0,-0.51544189453125,1.1159210205078125,0.092559814453125,2.969528913497925,1.9197132587432861,-0.934116005897522
416,1.1123,2.9932,0,0,-0.2916717529296875,0.9685211181640625,0.12890625,2.602447271347046,0.6769739389419556,-0.26996544003486633
417,1.0793,2.8955,0,0,-0.2553863525390625,0.8764190673828125,-0.033172607421875,2.3855068683624268,-0.30856528878211975,0.018259432166814804
418,1.0396,2.7477,0,0,-0.01043701171875,0.9235687255859375,0.07550048828125,1.764085292816162,-1.5374735593795776,0.21549633145332336
419,0.9955,2.5631,0,0,0.2348175048828125,1.0183258056640625,-0.1903228759765625,1.3973270654678345,-1.1538372039794922,0.6767350435256958
420,0.9496,2.3552,0,0,0.2255706787109375,1.0501251220703125,-0.2562408447265625,1.476029872894287,-0.38263580203056335,0.9975343942642212
421,0.905,2.1363,0,0,0.082244873046875,0.9570465087890625,-0.1416473388671875,1.3223159313201904,-0.9591310620307922,0.7408741116523743
422,0.8651,1.9174,0,0,0.002838134765625,0.8023223876953125,-0.053131103515625,1.1076699495315552,-2.13900089263916,0.29553231596946716
423,0.8328,1.7075,0,0,-0.08087158203125,0.712158203125,0.005401611328125,0.8352067470550537,-2.5620250701904297,0.027607925236225128
424,0.8107,1.5144,0,0,-0.273345947265625,0.669586181640625,-0.0734100341796875,0.7365946769714355,-1.8846274614334106,-0.16440625488758087
425,0.8008,1.3445,0,0,-0.4622039794921875,0.606689453125,-0.18048095703125,0.836003303527832,-0.9051807522773743,-0.35725507140159607
426,0.8042,1.2026,0,0,-0.5172119140625,0.5814208984375,-0.245025634765625,0.7287766933441162,-0.24364088475704193,-0.2670082747936249
427,0.8212,1.0918,0,0,-0.5068817138671875,0.6068115234375,-0.376129150390625,0.3361971974372864,0.3610817790031433,-0.13285711407661438
428,0.851,1.0132,0,0,-0.4191436767578125,0.67254638671875,-0.4970245361328125,-0.16693732142448425,0.8717857599258423,-0.25626668334007263
429,0.8923,0.9654,0,0,-0.2926177978515625,0.716217041015625,-0.51275634765625,-0.594371497631073,0.9766413569450378,-0.35591283440589905
430,0.9429,0.9449,0,0,-0.13800048828125,0.7534332275390625,-0.4831390380859375,-0.7035488486289978,0.4968603551387787,-0.24308907985687256
431,1.0001,0.9465,0,0,-0.01995849609375,0.8201904296875,-0.4793853759765625,-0.6536398530006409,-0.08306718617677689,-0.023486416786909103
432,1.0606,0.9638,0,0,0.1093292236328125,0.8901214599609375,-0.4796295166015625,-0.6321505308151245,-0.5854893326759338,0.20009900629520416
433,1.1208,0.9904,0,0,0.2546844482421875,0.9526519775390625,-0.4918365478515625,-0.6675897836685181,-0.8015446662902832,0.4624198377132416
434,1.1769,1.0204,0,0,0.2694091796875,0.975982666015625,-0.527191162109375,-0.7556192278862,-0.6893789768218994,0.5702238082885742
435,1.2254,1.0497,0,0,0.17205810546875,0.94500732421875,-0.6336822509765625,-0.8810756802558899,-0.6145036220550537,0.44552820920944214
436,1.2631,1.0763,0,0,0.0423431396484375,0.99639892578125,-0.7940521240234375,-0.9173498153686523,-0.8028005957603455,0.41605687141418457
437,1.2877,1.101,0,0,-0.13934326171875,1.0856475830078125,-0.8187713623046875,-0.7381722927093506,-0.8698174357414246,0.27470505237579346
438,1.2977,1.127,0,0,-0.281585693359375,1.1849517822265625,-0.698333740234375,-0.3863663375377655,-1.08146333694458,0.03677026554942131
439,1.2932,1.1594,0,0,-0.3766021728515625,1.2109832763671875,-0.5105438232421875,-0.05367894098162651,-1.54177987575531,-0.03149028122425079
440,1.2754,1.2042,0,0,-0.5618896484375,1.1379241943359375,-0.1708831787109375,-0.23584608733654022,-1.2415508031845093,-0.20580002665519714
441,1.2467,1.267,0,0,-0.7313995361328125,1.0122222900390625,0.1952056884765625,-1.1569701433181763,-0.015870310366153717,-0.47526293992996216
442,1.2104,1.3516,0,0,-0.80926513671875,0.9972076416015625,0.1835784912109375,-1.6185358762741089,0.7560911178588867,-0.6611582040786743
443,1.1703,1.4587,0,0,-0.759735107421875,0.9553070068359375,-0.35113525390625,-0.5805664658546448,-0.056898169219493866,-0.4057709276676178
444,1.1304,1.5844,0,0,-0.4155426025390625,0.888671875,-0.406097412109375,0.49549737572669983,-0.6003580093383789,-0.20518377423286438
445,1.0941,1.7204,0,0,-0.0029754638671875,0.8291015625,-0.1328887939453125,0.09770525246858597,0.015798404812812805,-0.04808337241411209
446,1.0637,1.8544,0,0,0.083648681640625,0.8477020263671875,0.2051849365234375,-1.1071058511734009,0.9292680025100708,0.047450073063373566
447,1.0406,1.9716,0,0,-0.0197601318359375,0.888397216796875,0.4984130859375,-2.341555118560791,1.5599205493927002,-0.003085272153839469
448,1.0248,2.0571,0,0,0.007080078125,0.9348907470703125,0.3798675537109375,-2.8254616260528564,1.5077043771743774,0.2387838214635849
449,1.0152,2.0987,0,0,-0.017974853515625,1.033477783203125,0.188812255859375,-2.2660539150238037,1.457438349723816,0.445799320936203
450,1.01,2.0892,0,0,0.0016937255859375,1.096160888671875,0.1670684814453125,-1.3596489429473877,1.9638557434082031,0.6594309210777283
451,1.0069,2.0272,0,0,0.0616455078125,1.0872650146484375,0.185089111328125,-0.6609542369842529,2.2086546421051025,0.9018206596374512
452,1.0038,1.918,0,0,0.0732879638671875,1.044158935546875,0.1617889404296875,-0.4279846251010895,1.736657977104187,1.0027559995651245
453,0.9989,1.7722,0,0,0.00042724609375,0.8285675048828125,-0.6033782958984375,-0.2089707851409912,1.006300449371338,0.6973851919174194
454,0.991,1.6044,0,0,-0.051727294921875,0.904205322265625,-0.262664794921875,-0.6845077872276306,-0.7807376384735107,0.07227366417646408
455,0.9799,1.4306,0,0,-0.104888916015625,1.0429840087890625,-0.017425537109375,-0.8777355551719666,-1.5485130548477173,0.005634449888020754
456,0.9661,1.2663,0,0,-0.185760498046875,0.968597412109375,-0.02618408203125,-0.5240501761436462,-0.5263586044311523,-0.07671181857585907
457,0.9506,1.1245,0,0,-0.1583099365234375,0.86212158203125,-0.06402587890625,-0.07701195776462555,0.7054663300514221,-0.06099943816661835
458,0.9351,1.014,0,0,-0.0400390625,0.8650360107421875,-0.039031982421875,-0.03063647262752056,1.3043200969696045,-0.04752224683761597
459,0.9215,0.939,0,0,0.0449676513671875,0.93719482421875,0.0135955810546875,-0.24750487506389618,0.9474565386772156,-0.06269454210996628
460,0.9118,0.8988,0,0,0.0702972412109375,0.9622650146484375,0.034637451171875,-0.5092717409133911,0.09525168687105179,-0.019415775313973427
461,0.9078,0.888,0,0,0.0460357666015625,0.91583251953125,0.015655517578125,-0.6338368654251099,-0.45111018419265747,0.019757991656661034
462,0.9108,0.8979,0,0,-0.00054931640625,0.9083709716796875,-0.00018310546875,-0.6382728815078735,-0.5849140882492065,-0.06365594267845154
463,0.9218,0.9179,0,0,-0.020050048828125,0.9090576171875,0.0258636474609375,-0.6877272725105286,-0.5989643931388855,-0.09313473850488663
464,0.941,0.9367,0,0,-0.0362701416015625,0.9313507080078125,0.060546875,-0.8271546363830566,-0.620232880115509,-0.05994988605380058
465,0.9677,0.9447,0,0,-0.055023193359375,0.9214630126953125,0.07122802734375,-1.0061595439910889,-0.672156810760498,-0.01143002137541771
466,1.0007,0.9354,0,0,-0.103759765625,0.9325408935546875,-0.0400543212890625,-1.1186003684997559,-0.44307276606559753,-0.010696852579712868
467,1.0379,0.9063,0,0,-0.12493896484375,0.9703369140625,-0.1058807373046875,-1.0340311527252197,-0.10558900982141495,-0.10633283108472824
468,1.0767,0.8599,0,0,-0.0906219482421875,1.03533935546875,-0.03436279296875,-0.7911322116851807,0.1963527351617813,-0.17638781666755676
469,1.1143,0.8033,0,0,-0.05841064453125,1.1504058837890625,0.00091552734375,-0.6642389893531799,0.546700656414032,-0.16300703585147858
470,1.1481,0.7478,0,0,0.0228424072265625,1.1754150390625,-0.044830322265625,-0.6297140121459961,0.9245477914810181,-0.17159491777420044
471,1.1758,0.7075,0,0,0.181243896484375,1.1839752197265625,-0.015869140625,-0.42838409543037415,1.0925586223602295,-0.18515920639038086
472,1.1958,0.6972,0,0,0.2265472412109375,1.2203369140625,0.0122222900390625,-0.21623297035694122,0.7604405879974365,-0.13284246623516083
473,1.2074,0.7304,0,0,0.2095947265625,1.276336669921875,-0.0092926025390625,-0.21549367904663086,0.14113156497478485,0.0035441347863525152
474,1.2111,0.8172,0,0,0.1698760986328125,1.2938385009765625,-0.1107940673828125,-0.21782393753528595,-0.12397147715091705,0.21546012163162231
475,1.2079,0.9619,0,0,0.0796051025390625,1.3294525146484375,-0.062469482421875,0.0644301250576973,-0.27750083804130554,0.3998320996761322
476,1.1999,1.1623,0,0,-0.036346435546875,1.2117156982421875,0.0023193359375,0.42625144124031067,-0.34211045503616333,0.37855449318885803
477,1.1889,1.4091,0,0,-0.0363311767578125,1.1102294921875,0.031768798828125,0.8946884274482727,-0.4603407084941864,0.2781946063041687
478,1.1771,1.6868,0,0,-0.095428466796875,1.0391387939453125,0.092376708984375,1.3224235773086548,-0.7481029629707336,0.18275809288024902
479,1.1657,1.9752,0,0,-0.2419891357421875,0.9244384765625,0.05029296875,1.7815839052200317,-1.1814218759536743,-0.09280237555503845
480,1.1554,2.2525,0,0,-0.2306671142578125,0.87786865234375,0.001495361328125,2.449528932571411,-1.0137256383895874,-0.18761436641216278
481,1.1456,2.4973,0,0,-0.2089080810546875,1.04290771484375,0.213714599609375,2.5526347160339355,0.07748547196388245,0.018495652824640274
482,1.1355,2.6918,0,0,-0.4694366455078125,1.283203125,0.2147979736328125,2.321124792098999,1.8227052688598633,-0.2665430009365082
483,1.1233,2.8234,0,0,-0.537322998046875,1.2865447998046875,0.058746337890625,2.404496192932129,3.0716872215270996,-0.7226570248603821
484,1.1076,2.8864,0,0,-0.4166717529296875,1.087066650390625,0.0145721435546875,2.665673017501831,2.567983627319336,-0.624564528465271
485,1.0872,2.8815,0,0,-0.283355712890625,1.0133209228515625,0.0830230712890625,2.448728084564209,1.1405349969863892,-0.17675825953483582
486,1.0613,2.8152,0,0,-0.277618408203125,0.9564056396484375,-0.0183868408203125,2.2517802715301514,-0.15633021295070648,-0.15428410470485687
487,1.03,2.698,0,0,-0.0482635498046875,0.8932037353515625,0.12493896484375,1.607771873474121,-1.4322253465652466,-0.06629779934883118
488,0.9939,2.5423,0,0,0.2143096923828125,0.9855804443359375,-0.16009521484375,1.3418222665786743,-1.4424748420715332,0.5051334500312805
489,0.9544,2.3604,0,0,0.1717681884765625,1.0076446533203125,-0.157867431640625,1.4480173587799072,-0.699800968170166,0.8203867673873901
490,0.9135,2.1632,0,0,0.014739990234375,0.9696807861328125,-0.0675048828125,1.3491235971450806,-0.9868375062942505,0.499821275472641
491,0.8736,1.9598,0,0,-0.064727783203125,0.8576202392578125,-0.0725860595703125,1.1843719482421875,-1.6653307676315308,0.007552192080765963
492,0.8374,1.7571,0,0,-0.10736083984375,0.7611083984375,-0.0250091552734375,0.9438570141792297,-2.0667598247528076,-0.16985321044921875
493,0.8078,1.5604,0,0,-0.167022705078125,0.7655792236328125,-0.00048828125,0.5938955545425415,-2.308573007583618,0.052323926240205765
494,0.7875,1.3744,0,0,-0.3781890869140625,0.72906494140625,-0.0845489501953125,0.4623790979385376,-1.677712082862854,0.23314642906188965
495,0.7788,1.2031,0,0,-0.435394287109375,0.6502685546875,-0.1736297607421875,0.5206695795059204,-0.802097499370575,0.4127822518348694
496,0.7834,1.0501,0,0,-0.4304046630859375,0.5888519287109375,-0.237518310546875,0.36525920033454895,-0.29241669178009033,0.4638212025165558
497,0.8023,0.9191,0,0,-0.3756561279296875,0.5780792236328125,-0.3931121826171875,-0.03314250707626343,0.33163467049598694,0.3040834665298462
498,0.8357,0.8129,0,0,-0.32623291015625,0.619781494140625,-0.502899169921875,-0.4059102237224579,0.815910279750824,0.08725261688232422
499,0.8826,0.7336,0,0,-0.2738037109375,0.6764678955078125,-0.497833251953125,-0.5237106084823608,0.810380756855011,-0.06896548718214035
500,0.9409,0.6825,0,0,-0.2230224609375,0.75347900390625,-0.4681396484375,-0.41707924008369446,0.40310725569725037,-0.17380614578723907
501,1.0078,0.6603,0,0,-0.1624908447265625,0.8031158447265625,-0.477874755859375,-0.37598827481269836,-0.23028114438056946,-0.21396128833293915
502,1.0792,0.6667,0,0,-0.0290679931640625,0.8670196533203125,-0.4861907958984375,-0.4645130932331085,-0.7682614922523499,-0.1188768520951271
503,1.1507,0.7011,0,0,0.0668182373046875,0.9803466796875,-0.533782958984375,-0.5882661938667297,-0.5596036314964294,0.04025581106543541
504,1.2173,0.7622,0,0,0.0555572509765625,1.05108642578125,-0.644927978515625,-0.7041648030281067,0.09344233572483063,0.14607279002666473
505,1.2743,0.8483,0,0,0.043487548828125,1.036468505859375,-0.780548095703125,-0.7040455341339111,0.34322527050971985,0.31257787346839905
506,1.3175,0.9575,0,0,0.1600494384765625,1.0026702880859375,-0.918670654296875,-0.332231730222702,0.329128623008728,0.5201534628868103
507,1.3438,1.0875,0,0,0.157135009765625,0.9915771484375,-0.8656005859375,-0.01708604209125042,-0.21835283935070038,0.46328404545783997
508,1.3513,1.2356,0,0,-0.0646209716796875,1.0939483642578125,-0.6043701171875,-0.3220107853412628,-1.4960041046142578,0.2221134901046753
509,1.3401,1.3989,0,0,-0.388916015625,1.2435760498046875,-0.1203460693359375,-1.151531457901001,-1.8289990425109863,-0.2378261387348175
510,1.312,1.5743,0,0,-0.6220855712890625,1.3240509033203125,0.3642578125,-2.1796157360076904,-0.4003585875034332,-0.5809717774391174
511,1.2704,1.7578,0,0,-0.853790283203125,1.454803466796875,0.3404541015625,-2.2320291996002197,0.7926139831542969,-0.6246289610862732
512,1.2204,1.9445,0,0,-0.9854278564453125,1.2572479248046875,-0.419189453125,0.019100457429885864,-0.03350043669342995,-0.3396467864513397
513,1.1677,2.1275,0,0,-0.4642181396484375,0.7330169677734375,-0.2721405029296875,1.6691277027130127,-1.4798043966293335,0.03181705251336098
514,1.118,2.298,0,0,-0.14007568359375,0.5593719482421875,0.122528076171875,0.6420133113861084,-0.6393437385559082,-0.12921097874641418
515,1.0762,2.4451,0,0,-0.1143646240234375,0.623077392578125,0.4978485107421875,-1.3958178758621216,0.6709016561508179,-0.4482020139694214
516,1.0455,2.5568,0,0,-0.0965728759765625,0.74951171875,0.3547210693359375,-2.3390238285064697,1.6514216661453247,-0.330478310585022
517,1.0272,2.6222,0,0,-0.13006591796875,0.935577392578125,0.2335052490234375,-2.398275852203369,2.428025960922241,0.007305849809199572
518,1.0204,2.6328,0,0,-0.09478759765625,1.108428955078125,0.239837646484375,-1.971343755722046,2.9797399044036865,0.42666876316070557
519,1.0227,2.5847,0,0,-0.010345458984375,1.179595947265625,0.30108642578125,-1.4144322872161865,3.078437328338623,0.9502824544906616
520,1.0305,2.4797,0,0,0.0472412109375,1.0602264404296875,0.3842620849609375,-1.1238778829574585,2.1528358459472656,1.2875198125839233
521,1.04,2.3251,0,0,0.05926513671875,0.9791107177734375,0.3552398681640625,-1.1151052713394165,1.0958508253097534,1.1712387800216675
522,1.0476,2.133,0,0,0.02032470703125,0.963897705078125,0.23028564453125,-1.2367783784866333,0.05884866788983345,0.8160405158996582
523,1.0505,1.9187,0,0,0.0159149169921875,0.9213409423828125,0.000640869140625,-1.2266151905059814,-0.32285821437835693,0.31034401059150696
524,1.0472,1.6987,0,0,-0.0735321044921875,0.9486541748046875,-1.238311767578125,0.44976264238357544,2.719240427017212,0.06090116873383522
525,1.0376,1.4885,0,0,-0.0194244384765625,1.022552490234375,-0.0779876708984375,-0.1865278035402298,1.62534499168396,0.18670330941677094
526,1.023,1.301,0,0,0.010101318359375,1.0103912353515625,0.1163787841796875,-0.7282297015190125,0.21791741251945496,0.1370244324207306
527,1.0056,1.1446,0,0,0.0570526123046875,1.002777099609375,0.108978271484375,-0.4674111306667328,-0.3167414665222168,0.019182482734322548
528,0.9885,1.0228,0,0,0.049102783203125,0.84613037109375,0.1093597412109375,-0.24285578727722168,-0.37207821011543274,-0.17334914207458496
529,0.9745,0.9339,0,0,0.07049560546875,0.8230743408203125,0.0804443359375,-0.38078543543815613,-0.13346324861049652,-0.20597846806049347
530,0.9663,0.8717,0,0,0.06536865234375,0.9067840576171875,-0.0024261474609375,-0.8976698517799377,-0.0601741261780262,-0.13355752825737
531,0.9656,0.8268,0,0,0.003326416015625,0.9556427001953125,-0.067291259765625,-1.2925468683242798,-0.26756513118743896,-0.03495372086763382
532,0.973,0.7889,0,0,-0.0349273681640625,0.9229888916015625,-0.0902099609375,-1.107526183128357,-0.3454340994358063,-0.0639273151755333
533,0.9881,0.7489,0,0,-0.0652008056640625,0.934173583984375,-0.0342559814453125,-0.8684192895889282,-0.44594311714172363,-0.1718793511390686
534,1.0093,0.7008,0,0,-0.096893310546875,0.971588134765625,-0.0977325439453125,-0.8289192914962769,-0.33544352650642395,-0.25825977325439453
535,1.0346,0.6428,0,0,-0.0502166748046875,1.0364227294921875,-0.0939788818359375,-0.6919462084770203,0.10496743023395538,-0.2775493264198303
536,1.0614,0.5782,0,0,0.0384979248046875,1.13690185546875,0.0024261474609375,-0.5141969919204712,0.33920469880104065,-0.25321441888809204
537,1.0872,0.5149,0,0,0.0983734130859375,1.183380126953125,-0.0382537841796875,-0.3994688391685486,0.5611644983291626,-0.25042903423309326
538,1.1102,0.4647,0,0,0.11407470703125,1.19805908203125,-0.0406036376953125,-0.34167584776878357,0.7470688819885254,-0.24664440751075745
539,1.1288,0.4412,0,0,0.09130859375,1.1859893798828125,-0.000701904296875,-0.18281029164791107,0.46476954221725464,-0.2129809856414795
540,1.1427,0.4582,0,0,0.032073974609375,1.1009674072265625,-0.009796142578125,-0.16178250312805176,0.08821960538625717,-0.02497352659702301
541,1.152,0.5271,0,0,0.0005645751953125,1.09698486328125,-0.05029296875,-0.17270226776599884,-0.0023318638559430838,0.07654723525047302
542,1.1575,0.6549,0,0,-0.013458251953125,1.1396942138671875,-0.0850067138671875,-0.05403047800064087,0.1763388067483902,0.12403140217065811
543,1.1604,0.8426,0,0,0.0420989990234375,1.2705535888671875,-0.023529052734375,0.29665642976760864,0.21438446640968323,0.1372116506099701
544,1.162,1.0842,0,0,0.0484771728515625,1.1982574462890625,0.0146331787109375,0.6944770216941833,0.02955389767885208,0.1356544941663742
545,1.1632,1.3673,0,0,0.066650390625,1.1314544677734375,0.03582763671875,1.0849097967147827,-0.30767154693603516,0.14064127206802368
546,1.1645,1.6739,0,0,-0.0748748779296875,1.051910400390625,0.024993896484375,1.5226463079452515,-0.7149631381034851,0.10354024171829224
547,1.1656,1.9827,0,0,-0.1341705322265625,0.92828369140625,0.0256195068359375,2.0880558490753174,-0.5231673121452332,0.03642245754599571
548,1.1656,2.2714,0,0,-0.1538238525390625,0.9560546875,0.13812255859375,2.3843486309051514,-0.23151364922523499,0.1445625126361847
549,1.1628,2.5198,0,0,-0.2572784423828125,1.105621337890625,0.1865081787109375,2.3393588066101074,0.6333354115486145,0.16589602828025818
550,1.1554,2.7115,0,0,-0.3563232421875,1.3116455078125,0.1398162841796875,2.249732494354248,2.250929832458496,0.004857605788856745
551,1.1416,2.8366,0,0,-0.44140625,1.3544921875,-0.089385986328125,2.464505195617676,3.534813165664673,-0.17435476183891296
552,1.12,2.8918,0,0,-0.312835693359375,1.148834228515625,-0.031585693359375,2.7992472648620605,2.534788131713867,-0.060013800859451294
553,1.0902,2.8804,0,0,-0.2490692138671875,1.0302886962890625,-0.0162811279296875,2.5396728515625,0.9373011589050293,0.157035693526268
554,1.0527,2.8109,0,0,-0.225250244140625,0.913604736328125,0.0821990966796875,2.0294299125671387,-0.07315996289253235,0.0067756143398582935
555,1.009,2.695,0,0,0.0139923095703125,0.89642333984375,-0.01123046875,1.2827831506729126,-1.2070543766021729,0.135742649435997
556,0.9612,2.545,0,0,0.20452880859375,0.9635162353515625,-0.19598388671875,1.169180989265442,-1.2067863941192627,0.6064241528511047
557,0.9125,2.3723,0,0,0.1164093017578125,0.975616455078125,-0.1410369873046875,1.240537166595459,-0.9629942774772644,0.7843731045722961
558,0.8661,2.1863,0,0,0.02825927734375,0.936431884765625,-0.089874267578125,1.2475100755691528,-1.4120782613754272,0.4753345549106598
559,0.8257,1.9943,0,0,0.01959228515625,0.8360443115234375,-0.0453338623046875,1.1811110973358154,-2.0193824768066406,0.22951894998550415
560,0.7944,1.8019,0,0,-0.0753936767578125,0.7346649169921875,0.01409912109375,1.0632790327072144,-2.4242093563079834,0.1541898399591446
561,0.7753,1.6141,0,0,-0.2373809814453125,0.624298095703125,-0.0062713623046875,0.9031549096107483,-2.3981716632843018,0.023623304441571236
562,0.7704,1.4361,0,0,-0.404205322265625,0.570098876953125,-0.105255126953125,0.8283395171165466,-1.7347601652145386,-0.24355460703372955
563,0.7808,1.2736,0,0,-0.4747314453125,0.59490966796875,-0.176177978515625,0.5514581203460693,-0.8964892625808716,-0.32404279708862305
564,0.8066,1.1323,0,0,-0.5069122314453125,0.588226318359375,-0.261688232421875,0.0056951697915792465,-0.2768979072570801,-0.2010769098997116
565,0.8468,1.018,0,0,-0.446929931640625,0.5763702392578125,-0.4194793701171875,-0.45024704933166504,0.15644073486328125,-0.14869093894958496
566,0.8995,0.935,0,0,-0.3225250244140625,0.669830322265625,-0.5443267822265625,-0.7523003816604614,0.4663589298725128,-0.2506854832172394
567,0.962,0.8862,0,0,-0.2071685791015625,0.8095245361328125,-0.598724365234375,-0.806425154209137,0.7201038599014282,-0.31765732169151306
568,1.0308,0.8724,0,0,-0.1073150634765625,0.9410858154296875,-0.6121978759765625,-0.6217354536056519,0.8426367044448853,-0.25105246901512146
569,1.1021,0.8925,0,0,-0.0145263671875,0.9390716552734375,-0.6077880859375,-0.33444616198539734,0.4798142611980438,-0.05518975108861923
570,1.1719,0.9436,0,0,0.1240386962890625,0.8727874755859375,-0.61151123046875,-0.13432344794273376,-0.5460572242736816,0.20367109775543213
571,1.2361,1.0216,0,0,0.2647857666015625,0.8644561767578125,-0.6026611328125,-0.27794986963272095,-1.0060184001922607,0.44615644216537476
572,1.2907,1.1217,0,0,0.3559112548828125,0.98284912109375,-0.5748138427734375,-0.881372332572937,-0.7801647782325745,0.6343210339546204
573,1.3324,1.2389,0,0,0.251007080078125,1.1552886962890625,-0.59759521484375,-1.4046012163162231,-0.46082353591918945,0.5806833505630493
574,1.3584,1.3689,0,0,0.121856689453125,1.1576385498046875,-0.807037353515625,-0.8603517413139343,-0.6412140727043152,0.439792275428772
575,1.3671,1.5081,0,0,0.056121826171875,1.132232666015625,-0.954010009765625,0.26591503620147705,-1.4839348793029785,0.4800012409687042
576,1.3586,1.6538,0,0,-0.187347412109375,1.24285888671875,-0.630157470703125,-0.02418336644768715,-1.7328096628189087,0.22377105057239532
577,1.3343,1.804,0,0,-0.5091094970703125,1.22296142578125,0.0023956298828125,-1.536794900894165,-1.5591199398040771,-0.4200896918773651
578,1.2971,1.9564,0,0,-0.7421417236328125,1.216064453125,0.4830169677734375,-2.5988881587982178,-0.7175980806350708,-0.9631510972976685
579,1.2512,2.1083,0,0,-1.023681640625,1.2138824462890625,0.099700927734375,-1.5745660066604614,0.08002958446741104,-1.2002067565917969
580,1.2017,2.2548,0,0,-0.9582672119140625,0.903656005859375,-0.2433013916015625,0.8971462845802307,-0.3460239768028259,-0.6381610631942749
581,1.1538,2.3888,0,0,-0.4966583251953125,0.5508880615234375,-0.1634674072265625,1.7834553718566895,-1.1228049993515015,-0.08162295818328857
582,1.1117,2.5002,0,0,-0.1558380126953125,0.552825927734375,0.1915435791015625,0.3075844645500183,-0.5586662292480469,-0.12112216651439667
583,1.0789,2.5771,0,0,-0.0551300048828125,0.8277740478515625,0.4727325439453125,-1.9147869348526,0.7335109710693359,-0.2771168351173401
584,1.0567,2.6072,0,0,-0.025787353515625,1.0393829345703125,0.3700714111328125,-2.808544158935547,1.5205004215240479,0.15249286592006683
585,1.0448,2.58,0,0,0.0263519287109375,1.12567138671875,0.2914886474609375,-2.788632392883301,2.0137596130371094,0.7952231168746948
586,1.0414,2.4896,0,0,0.054473876953125,1.09027099609375,0.266448974609375,-2.221837282180786,2.5301008224487305,1.2718234062194824
587,1.0435,2.3368,0,0,0.0615997314453125,0.9780120849609375,0.220947265625,-1.38535475730896,2.851980447769165,1.4635441303253174
588,1.0478,2.13,0,0,0.0439910888671875,0.915008544921875,0.2689208984375,-0.898691713809967,2.3881707191467285,1.2736951112747192
589,1.0508,1.8844,0,0,0.060028076171875,0.9116973876953125,0.1923065185546875,-0.6587430238723755,0.958245575428009,0.9123939275741577
590,1.0499,1.6204,0,0,-0.0900115966796875,0.9746551513671875,-1.3188629150390625,0.9177679419517517,0.4083736538887024,0.11844142526388168
591,1.0435,1.3605,0,0,0.0639190673828125,1.0207366943359375,-0.1793365478515625,0.0660269558429718,-0.34567803144454956,-0.11310844868421555
592,1.0313,1.1267,0,0,0.0540008544921875,1.0111846923828125,0.1457061767578125,-1.031175971031189,-0.22024182975292206,0.17397844791412354
593,1.0144,0.9367,0,0,-0.0237884521484375,1.0330657958984375,0.149078369140625,-1.035267949104309,0.10427287220954895,0.16413195431232452
594,0.9947,0.8025,0,0,-0.045806884765625,0.9387664794921875,0.098114013671875,-0.4492952525615692,0.030460704118013382,0.0906209796667099
595,0.9751,0.7288,0,0,-0.0634765625,0.86376953125,0.0674285888671875,-0.16667287051677704,0.11339899897575378,-0.08090656995773315
596,0.9582,0.7127,0,0,0.02056884765625,0.8217010498046875,-0.031219482421875,-0.3713400065898895,0.06967228651046753,-0.10358738154172897
597,0.9466,0.7445,0,0,0.058013916015625,0.8984375,-0.0358734130859375,-0.8243325352668762,-0.11604537814855576,-0.02593439444899559
598,0.9422,0.8096,0,0,0.0231475830078125,1.0035552978515625,-0.0312042236328125,-0.9558559060096741,-0.43789613246917725,0.052028581500053406
599,0.9459,0.8904,0,0,-0.0183563232421875,0.9775390625,0.00555419921875,-0.8036048412322998,-0.6829255819320679,0.02907266467809677
600,0.9575,0.969,0,0,-0.0586395263671875,0.911865234375,0.0861053466796875,-0.7694916129112244,-0.8600106239318848,-0.09862617403268814
601,0.9763,1.0299,0,0,-0.09698486328125,0.86767578125,0.0965576171875,-0.9614123106002808,-0.8648237586021423,-0.19932562112808228
602,1.0005,1.0615,0,0,-0.1322784423828125,0.8931121826171875,0.001800537109375,-1.1024788618087769,-0.5139533281326294,-0.21078360080718994
603,1.0279,1.0583,0,0,-0.122283935546875,1.008880615234375,-0.055419921875,-1.0493792295455933,-0.1041993722319603,-0.20689965784549713
604,1.0561,1.0212,0,0,-0.0508270263671875,1.166839599609375,-0.074371337890625,-0.8152420520782471,0.3603576421737671,-0.1783100813627243
605,1.0832,0.9576,0,0,0.060211181640625,1.2307586669921875,-0.1082000732421875,-0.5730723142623901,1.0363720655441284,-0.13568273186683655
606,1.1074,0.8807,0,0,0.1402435302734375,1.207366943359375,-0.10931396484375,-0.3663673400878906,1.4713985919952393,-0.14598330855369568
607,1.1281,0.8077,0,0,0.2105560302734375,1.18408203125,-0.0396575927734375,-0.21667292714118958,1.1914372444152832,-0.12017327547073364
608,1.145,0.7575,0,0,0.1701812744140625,1.0835113525390625,-0.0372161865234375,-0.1823785901069641,0.6531815528869629,-0.0909608006477356
609,1.1586,0.7487,0,0,0.087921142578125,1.03802490234375,-0.091461181640625,-0.26732519268989563,0.2945866286754608,0.04464203491806984
610,1.1698,0.7958,0,0,0.042938232421875,1.159271240234375,-0.061187744140625,-0.17039570212364197,0.13615916669368744,0.13093458116054535
611,1.1794,0.908,0,0,0.0104522705078125,1.2083587646484375,-0.0896148681640625,0.0723935067653656,0.16709311306476593,0.1407688409090042
612,1.1881,1.0866,0,0,0.0269775390625,1.1719512939453125,-0.0276031494140625,0.44103437662124634,0.008737298659980297,0.10544227063655853
613,1.1962,1.325,0,0,0.068756103515625,1.172393798828125,0.0060577392578125,0.9350435733795166,-0.3469145596027374,0.07118656486272812
614,1.2031,1.6092,0,0,0.1017913818359375,1.113189697265625,0.0742645263671875,1.4961851835250854,-0.8521636128425598,0.09186866879463196
615,1.208,1.9194,0,0,0.0764312744140625,1.002960205078125,0.208099365234375,1.7556668519973755,-1.348658800125122,0.38289064168930054
616,1.2092,2.2327,0,0,-0.0859527587890625,1.0401153564453125,0.021575927734375,2.3195157051086426,-1.3837260007858276,0.5215883255004883
617,1.2052,2.5256,0,0,-0.2476348876953125,1.2274017333984375,0.2144012451171875,2.4641811847686768,-0.8650218844413757,0.1487005203962326
618,1.1941,2.7768,0,0,-0.37493896484375,1.3487396240234375,0.265869140625,2.1704678535461426,0.8808546662330627,-0.3753099739551544
619,1.1751,2.9694,0,0,-0.55584716796875,1.34619140625,0.0820465087890625,2.242462158203125,2.902923345565796,-0.8684616088867188
620,1.1477,3.0922,0,0,-0.5721893310546875,1.1735076904296875,-0.032806396484375,2.813039779663086,2.8256258964538574,-1.0774211883544922
621,1.1125,3.1409,0,0,-0.3331451416015625,1.011199951171875,0.106170654296875,2.8690125942230225,1.4570194482803345,-0.5546104907989502
622,1.0711,3.1169,0,0,-0.2642974853515625,0.816375732421875,-0.0031280517578125,2.6465930938720703,0.24925163388252258,-0.039813727140426636
623,1.0254,3.027,0,0,-0.0866546630859375,0.7792510986328125,0.1141357421875,2.0121588706970215,-1.5590325593948364,0.18499648571014404
624,0.978,2.8814,0,0,0.139801025390625,0.8933563232421875,-0.0693511962890625,1.5241843461990356,-2.244229793548584,0.5642841458320618
625,0.9315,2.6923,0,0,0.19964599609375,1.0064849853515625,-0.1865386962890625,1.5147676467895508,-1.2780134677886963,0.9299739599227905
626,0.8885,2.4722,0,0,0.0707855224609375,1.008056640625,-0.0608062744140625,1.3569260835647583,-0.9869150519371033,0.7493863701820374
627,0.8515,2.2332,0,0,0.06610107421875,0.92547607421875,-0.0128021240234375,1.0950044393539429,-1.7231980562210083,0.4253702163696289
628,0.8227,1.9865,0,0,-0.0102996826171875,0.7998199462890625,0.042755126953125,0.7627533078193665,-2.393272876739502,0.34664955735206604
629,0.8041,1.7423,0,0,-0.1988525390625,0.69635009765625,0.04534912109375,0.5403801202774048,-2.4895122051239014,0.20567752420902252
630,0.7971,1.5098,0,0,-0.368621826171875,0.6516265869140625,-0.016693115234375,0.4572647511959076,-1.8675774335861206,0.03497582674026489
631,0.8027,1.2977,0,0,-0.4829864501953125,0.62030029296875,-0.1297760009765625,0.4746306836605072,-1.0222045183181763,0.0619208924472332
632,0.8212,1.1135,0,0,-0.5584564208984375,0.60540771484375,-0.1967010498046875,0.2652905285358429,-0.40370672941207886,0.23526684939861298
633,0.8523,0.9638,0,0,-0.5451812744140625,0.5679779052734375,-0.3733978271484375,-0.1646920144557953,0.15641464293003082,0.1826808601617813
634,0.895,0.8537,0,0,-0.4300689697265625,0.6406707763671875,-0.4911041259765625,-0.6146815419197083,0.7279441952705383,-0.07608465105295181
635,0.9477,0.7868,0,0,-0.304901123046875,0.7692718505859375,-0.5517425537109375,-0.7629548907279968,1.106842279434204,-0.25503361225128174
636,1.0082,0.7652,0,0,-0.240325927734375,0.8595428466796875,-0.5677490234375,-0.5375585556030273,1.0746169090270996,-0.30287599563598633
637,1.0738,0.7893,0,0,-0.1509857177734375,0.8650360107421875,-0.542327880859375,-0.2671819031238556,0.39031660556793213,-0.2955211400985718
638,1.1411,0.8584,0,0,-0.01153564453125,0.8592987060546875,-0.5366973876953125,-0.15373629331588745,-0.514954686164856,-0.15485429763793945
639,1.2066,0.9699,0,0,0.17401123046875,0.9079742431640625,-0.5645904541015625,-0.2752712666988373,-1.022883653640747,0.14914128184318542
640,1.2665,1.1196,0,0,0.3731536865234375,1.065673828125,-0.564422607421875,-0.6837535500526428,-0.5619344711303711,0.6747995018959045
641,1.3171,1.3015,0,0,0.319366455078125,1.1944122314453125,-0.5994110107421875,-1.0923919677734375,0.5116766095161438,0.8808008432388306
642,1.3551,1.5083,0,0,0.1983489990234375,1.0964508056640625,-1.0212249755859375,-0.27462249994277954,0.6604330539703369,0.6247304677963257
643,1.3782,1.7311,0,0,0.2005462646484375,0.8995361328125,-1.052978515625,0.47940096259117126,-0.5982288122177124,0.6845511794090271
644,1.3851,1.9601,0,0,-0.1417694091796875,0.993072509765625,-0.4420928955078125,-0.628441572189331,-2.135181188583374,0.27965882420539856
645,1.3758,2.1853,0,0,-0.4892578125,1.1757965087890625,0.2386627197265625,-2.4177048206329346,-1.797777771949768,-0.6335883736610413
646,1.3518,2.3968,0,0,-0.6830291748046875,1.3394012451171875,0.5953826904296875,-3.4380576610565186,-0.3585416376590729,-1.1187009811401367
647,1.316,2.5854,0,0,-0.99267578125,1.4649505615234375,0.0883636474609375,-2.1065688133239746,0.8235799074172974,-0.9307572245597839
648,1.2726,2.7425,0,0,-1.0440521240234375,1.162750244140625,-0.611053466796875,1.297232985496521,-0.2548530697822571,-0.38344061374664307
649,1.2263,2.8603,0,0,-0.486297607421875,0.684051513671875,-0.4864501953125,2.920947313308716,-1.5261465311050415,-0.2234535962343216
650,1.1821,2.9313,0,0,-0.124359130859375,0.5343475341796875,0.160919189453125,1.0804699659347534,-0.6072680950164795,-0.44676151871681213
651,1.144,2.9492,0,0,-0.0345916748046875,0.7557830810546875,0.6837615966796875,-1.9128180742263794,1.1923848390579224,-0.6242614388465881
652,1.1149,2.9092,0,0,-0.039642333984375,0.9336395263671875,0.4860992431640625,-3.0176196098327637,2.093341112136841,-0.21939440071582794
653,1.096,2.8096,0,0,-0.0802764892578125,1.06097412109375,0.3163299560546875,-2.8249731063842773,2.4564619064331055,0.3115059435367584
654,1.0866,2.6528,0,0,-0.026702880859375,1.1169281005859375,0.2908172607421875,-1.9870390892028809,2.4455699920654297,0.7901529669761658
655,1.0847,2.446,0,0,0.034912109375,1.027923583984375,0.3217620849609375,-1.2183948755264282,2.42099666595459,1.2121609449386597
656,1.0872,2.2013,0,0,0.0460968017578125,0.9546966552734375,0.39691162109375,-0.9824177622795105,1.874441385269165,1.284818410873413
657,1.0905,1.9346,0,0,0.0802154541015625,0.9604644775390625,0.338104248046875,-1.125182867050171,0.86896812915802,1.1209572553634644
658,1.0914,1.664,0,0,0.0008087158203125,0.9561767578125,0.1681060791015625,-1.2876216173171997,-0.246565043926239,0.5938670635223389
659,1.0872,1.4078,0,0,-0.2013092041015625,0.913543701171875,-1.63323974609375,0.4463665783405304,0.8323507308959961,-0.1475662887096405
660,1.0768,1.1814,0,0,-0.010223388671875,0.9524688720703125,-0.1246795654296875,-0.11374281346797943,0.46711260080337524,-0.08250659704208374
661,1.0601,0.9967,0,0,-0.0323638916015625,1.045440673828125,0.15301513671875,-0.9557605981826782,0.06977508962154388,0.007889880798757076
662,1.0386,0.8594,0,0,0.00604248046875,1.0640869140625,0.0855560302734375,-0.8035236597061157,0.1780959665775299,-0.05944282189011574
663,1.0148,0.77,0,0,0.018463134765625,0.9124298095703125,0.0596771240234375,-0.3454335629940033,0.23300528526306152,-0.14532603323459625
664,0.9917,0.7234,0,0,0.034210205078125,0.827911376953125,0.074676513671875,-0.2595413029193878,0.2848610281944275,-0.17009955644607544
665,0.9722,0.7101,0,0,0.0535125732421875,0.8652191162109375,-0.0073089599609375,-0.6091693043708801,0.2307669073343277,-0.21090158820152283
666,0.9588,0.7188,0,0,0.0526275634765625,0.9568328857421875,-0.049652099609375,-1.1002404689788818,-0.32241320610046387,-0.10373251885175705
667,0.9535,0.7373,0,0,-0.0234527587890625,0.9493865966796875,-0.0900726318359375,-1.1142098903656006,-0.5790132880210876,-0.0731343999505043
668,0.9571,0.7554,0,0,-0.054901123046875,0.957489013671875,-0.050567626953125,-0.8403631448745728,-0.4287034273147583,-0.09369266778230667
669,0.9693,0.7661,0,0,-0.0853271484375,0.936279296875,-0.020904541015625,-0.7838827967643738,-0.29336291551589966,-0.13128958642482758
670,0.9893,0.7664,0,0,-0.127166748046875,0.9434661865234375,-0.04437255859375,-0.8798263669013977,-0.19441235065460205,-0.2092863768339157
671,1.0154,0.758,0,0,-0.1089324951171875,0.98858642578125,-0.071502685546875,-0.7533901333808899,-0.05291168391704559,-0.27524834871292114
672,1.0455,0.7468,0,0,-0.05108642578125,1.1191558837890625,-0.057373046875,-0.4053661525249481,0.2578403353691101,-0.25018641352653503
673,1.0776,0.7417,0,0,-0.00762939453125,1.168792724609375,-0.0570831298828125,-0.2255931794643402,0.6170064806938171,-0.1510654091835022
674,1.1097,0.7537,0,0,0.048858642578125,1.1751251220703125,-0.04583740234375,-0.20722348988056183,1.0654873847961426,-0.14941079914569855
675,1.1401,0.794,0,0,0.1465301513671875,1.1444549560546875,-0.0344696044921875,-0.1196582242846489,1.1397836208343506,-0.09019327908754349
676,1.1676,0.8724,0,0,0.1796722412109375,1.1105804443359375,-0.043243408203125,-0.08762412518262863,0.902359127998352,0.06294461339712143
677,1.1915,0.9952,0,0,0.20391845703125,1.1597747802734375,-0.07025146484375,0.01727113127708435,0.573678195476532,0.15926821529865265
678,1.2112,1.1642,0,0,0.2226409912109375,1.2185211181640625,-0.0885009765625,0.17024603486061096,0.370222806930542,0.2548155188560486
679,1.2264,1.3754,0,0,0.140960693359375,1.284332275390625,-0.01202392578125,0.4265121817588806,-0.26374590396881104,0.3708252012729645
680,1.2369,1.6192,0,0,0.007293701171875,1.221099853515625,-0.04754638671875,0.8374909162521362,-0.9762027263641357,0.3725285530090332
681,1.2422,1.881,0,0,-0.0857086181640625,1.1198577880859375,-0.0550079345703125,1.4788343906402588,-1.437042236328125,0.20065933465957642
682,1.2418,2.1429,0,0,-0.0615386962890625,1.05963134765625,0.0281219482421875,2.1149206161499023,-1.43362295627594,0.3017510771751404
683,1.2348,2.386,0,0,-0.073577880859375,1.0344390869140625,0.22967529296875,2.2997937202453613,-1.2682737112045288,0.5014410018920898
684,1.2205,2.5923,0,0,-0.326263427734375,1.1876983642578125,0.2083740234375,2.2641382217407227,-0.30336812138557434,0.20460613071918488
685,1.1982,2.7478,0,0,-0.428955078125,1.299560546875,0.215728759765625,2.2204368114471436,1.5232468843460083,-0.3074731230735779
686,1.1678,2.8432,0,0,-0.576202392578125,1.347808837890625,-0.0374603271484375,2.543964385986328,2.864298105239868,-0.7241526246070862
687,1.1297,2.8754,0,0,-0.472503662109375,1.14642333984375,-0.0785980224609375,3.0789735317230225,2.2405142784118652,-0.7053347229957581
688,1.0854,2.8474,0,0,-0.2357025146484375,0.9934234619140625,0.0796661376953125,2.7999651432037354,0.9469814896583557,-0.14557982981204987
689,1.0366,2.7673,0,0,-0.16876220703125,0.9328765869140625,-0.1574249267578125,2.4339704513549805,-0.38287174701690674,0.30359265208244324
690,0.9859,2.6465,0,0,-0.173675537109375,0.8299560546875,-0.0137481689453125,1.8678096532821655,-1.332719326019287,0.09711083769798279
691,0.936,2.4978,0,0,0.06585693359375,0.81817626953125,-0.0952301025390625,1.2722649574279785,-1.0449525117874146,0.22636575996875763
692,0.8896,2.3333,0,0,0.11474609375,0.8676605224609375,-0.11102294921875,1.0858677625656128,-0.5376594662666321,0.4605273902416229
693,0.849,2.1628,0,0,0.0207061767578125,0.887115478515625,-0.0554656982421875,1.0367710590362549,-1.1078025102615356,0.3901994228363037
694,0.8163,1.9938,0,0,-0.01202392578125,0.872650146484375,-0.0543670654296875,1.0709015130996704,-1.9269325733184814,0.17950531840324402
695,0.7934,1.8312,0,0,-0.056976318359375,0.813018798828125,0.0040740966796875,1.0286140441894531,-2.450162887573242,0.17510896921157837
696,0.7813,1.6782,0,0,-0.2575836181640625,0.706085205078125,0.02313232421875,0.9547104835510254,-2.4713597297668457,0.0019590212032198906
697,0.7811,1.5375,0,0,-0.42010498046875,0.6350860595703125,-0.052703857421875,0.9422567486763,-1.8761836290359497,-0.2729923725128174
698,0.7931,1.4115,0,0,-0.5097503662109375,0.6046600341796875,-0.15216064453125,0.9064143300056458,-0.879652202129364,-0.38144057989120483
699,0.8174,1.3028,0,0,-0.51654052734375,0.593353271484375,-0.2705230712890625,0.5718371272087097,-0.03296327590942383,-0.17205485701560974
700,0.8537,1.2136,0,0,-0.469024658203125,0.63134765625,-0.466156005859375,-0.04320073500275612,0.5793059468269348,0.019695939496159554
701,0.9009,1.1457,0,0,-0.3372344970703125,0.716400146484375,-0.599151611328125,-0.6598151922225952,1.074578881263733,-0.04337596893310547
702,0.9577,1.0998,0,0,-0.21746826171875,0.7844390869140625,-0.6097869873046875,-0.9501948356628418,1.2787375450134277,-0.17536915838718414
703,1.0219,1.0753,0,0,-0.093170166015625,0.8225860595703125,-0.5302734375,-0.856635332107544,0.8913866281509399,-0.14000290632247925
704,1.0906,1.0705,0,0,0.0218963623046875,0.8317718505859375,-0.4615631103515625,-0.6359125375747681,0.21295195817947388,0.04120602458715439
705,1.1603,1.0824,0,0,0.0640716552734375,0.865997314453125,-0.470703125,-0.4514598548412323,-0.43267765641212463,0.09891246259212494
706,1.2268,1.1071,0,0,0.2180633544921875,0.91827392578125,-0.5547943115234375,-0.4998526871204376,-0.837958037853241,0.2900339663028717
707,1.2855,1.1405,0,0,0.303741455078125,0.9196319580078125,-0.7677459716796875,-0.7888123393058777,-0.7942555546760559,0.6272005438804626
708,1.332,1.1787,0,0,0.2277069091796875,1.0014495849609375,-0.8257293701171875,-1.2941490411758423,-0.3756343424320221,0.645402193069458
709,1.3627,1.2187,0,0,0.05743408203125,1.0843658447265625,-0.9503326416015625,-1.0879178047180176,-0.5586329102516174,0.5464305877685547
710,1.3751,1.2592,0,0,-0.10198974609375,1.2515106201171875,-0.920623779296875,-0.38880687952041626,-0.9471878409385681,0.4002917408943176
711,1.3684,1.3004,0,0,-0.300018310546875,1.480712890625,-0.6180267333984375,-0.2626335024833679,-1.2700241804122925,0.08718310296535492
712,1.3439,1.3446,0,0,-0.4388427734375,1.3992156982421875,-0.106170654296875,-0.7566080689430237,-1.7793793678283691,-0.11341497302055359
713,1.3046,1.3951,0,0,-0.607452392578125,1.134552001953125,0.5095977783203125,-1.6474295854568481,-1.3496378660202026,-0.21383719146251678
714,1.2551,1.4559,0,0,-0.7999267578125,1.004241943359375,0.468048095703125,-1.7362537384033203,-0.13915789127349854,-0.3776410222053528
715,1.2009,1.5299,0,0,-0.8574676513671875,0.8028564453125,-0.1773223876953125,-0.16175401210784912,0.2763010859489441,-0.3416617214679718
716,1.1473,1.6183,0,0,-0.484344482421875,0.5644378662109375,-0.1936492919921875,1.0850183963775635,-0.3023841083049774,-0.1840774267911911
717,1.099,1.7193,0,0,-0.2570953369140625,0.6490631103515625,-0.0537109375,0.5006101131439209,-0.04776832088828087,-0.36192384362220764
718,1.0593,1.8276,0,0,-0.253021240234375,0.878692626953125,0.3431854248046875,-0.9361982941627502,0.7063464522361755,-0.7400514483451843
719,1.0299,1.9353,0,0,-0.120941162109375,0.9880828857421875,0.2819061279296875,-1.6263985633850098,1.2844929695129395,-0.38152897357940674
720,1.0105,2.0325,0,0,-0.0652008056640625,1.069915771484375,0.2203369140625,-1.835740327835083,1.9990395307540894,0.21563614904880524
721,0.9997,2.1097,0,0,-0.069580078125,1.134674072265625,0.225494384765625,-1.7647255659103394,2.499718189239502,0.5222770571708679
722,0.9951,2.1588,0,0,0.087615966796875,1.09649658203125,0.3239898681640625,-1.5677850246429443,2.0406084060668945,0.9969974756240845
723,0.9941,2.1743,0,0,0.052703857421875,0.95758056640625,0.3818511962890625,-1.56361985206604,1.1654080152511597,1.1853828430175781
724,0.994,2.1542,0,0,0.05596923828125,0.9236602783203125,0.2868194580078125,-1.5516319274902344,0.12893694639205933,1.0027661323547363
725,0.9929,2.0995,0,0,0.010101318359375,0.923553466796875,0.1077880859375,-1.2752248048782349,-0.32527557015419006,0.576137363910675
726,0.9894,2.0136,0,0,0.0247955322265625,0.8962249755859375,-0.2966156005859375,-0.7336750626564026,0.3779510259628296,0.14585360884666443
727,0.9831,1.9016,0,0,-0.0030059814453125,0.95263671875,-0.6759033203125,0.3846725821495056,3.4261438846588135,0.1295529305934906
728,0.9744,1.7697,0,0,-0.0623779296875,1.004058837890625,-0.04852294921875,-0.7174803614616394,1.9881858825683594,0.19904039800167084
729,0.9647,1.6242,0,0,0.0087127685546875,0.944732666015625,0.0331268310546875,-1.0404019355773926,0.011468903161585331,0.07878615707159042
730,0.9555,1.4714,0,0,0.045196533203125,0.967559814453125,0.0362701416015625,-0.5134084224700928,-0.8896420001983643,-0.04398610070347786
731,0.9488,1.3168,0,0,0.0489501953125,0.866851806640625,0.0621490478515625,-0.22513458132743835,-1.1128897666931152,-0.15490329265594482
732,0.9464,1.1649,0,0,0.0731201171875,0.85467529296875,-0.01446533203125,-0.6694422364234924,-0.9504733681678772,-0.20676542818546295
733,0.9496,1.0193,0,0,0.0404815673828125,0.943572998046875,-0.10687255859375,-1.1757975816726685,-0.5115509033203125,-0.08515963703393936
734,0.9592,0.883,0,0,-0.04248046875,0.97137451171875,-0.1181488037109375,-1.084975242614746,-0.24083471298217773,-0.02346617728471756
735,0.9752,0.7584,0,0,-0.1029510498046875,0.93817138671875,-0.125946044921875,-0.7052791118621826,-0.15535949170589447,-0.10274075716733932
736,0.9967,0.648,0,0,-0.09613037109375,0.9306488037109375,-0.088104248046875,-0.5206556916236877,-0.15341858565807343,-0.1640230268239975
737,1.0223,0.5543,0,0,-0.0625762939453125,0.94879150390625,-0.046234130859375,-0.46391040086746216,-0.1540159285068512,-0.21336713433265686
738,1.05,0.4804,0,0,0.0325927734375,1.0384521484375,0.0500335693359375,-0.3203822672367096,-0.18577998876571655,-0.24350906908512115
739,1.0776,0.4296,0,0,0.0637969970703125,1.072296142578125,0.09576416015625,-0.2896091938018799,-0.15884238481521606,-0.17628075182437897
740,1.1031,0.4057,0,0,0.044219970703125,1.1760711669921875,0.073028564453125,-0.464928537607193,-0.04090002924203873,-0.05265442281961441
741,1.1249,0.4129,0,0,0.041015625,1.265869140625,0.05828857421875,-0.5878925323486328,0.09379760175943375,0.04360739886760712
742,1.1419,0.455,0,0,0.0059356689453125,1.1941375732421875,-0.0193023681640625,-0.49379000067710876,0.3243336081504822,0.05109221115708351
743,1.154,0.5355,0,0,-0.00860595703125,1.1201019287109375,-0.126922607421875,-0.2700701057910919,0.7232908606529236,0.07380364835262299
744,1.1617,0.6566,0,0,0.0031280517578125,1.169342041015625,-0.119598388671875,-0.0944034680724144,0.8752707839012146,0.17662404477596283
745,1.166,0.8185,0,0,0.046722412109375,1.20599365234375,-0.066650390625,0.129673033952713,0.6946887373924255,0.22564378380775452
746,1.1683,1.0184,0,0,0.1321868896484375,1.2469024658203125,0.008941650390625,0.3544448912143707,0.30773013830184937,0.23691295087337494
747,1.1701,1.2504,0,0,0.107269287109375,1.104736328125,-0.00531005859375,0.5332266092300415,-0.043174635618925095,0.17111502587795258
748,1.1722,1.505,0,0,0.0559539794921875,1.0967864990234375,-0.0909271240234375,1.0110512971878052,-0.3553999066352844,0.10947642475366592
749,1.175,1.7695,0,0,-0.073822021484375,1.0530242919921875,-0.0627593994140625,1.7173393964767456,-0.8573466539382935,0.05289863422513008
750,1.1779,2.0291,0,0,-0.116363525390625,0.961639404296875,0.0606689453125,2.166957378387451,-1.0050103664398193,0.0984426811337471
751,1.1797,2.2687,0,0,-0.1075897216796875,0.9601593017578125,0.1503143310546875,2.2816827297210693,-0.891076922416687,0.2726437747478485
752,1.1782,2.4737,0,0,-0.2953643798828125,1.177581787109375,0.1950836181640625,2.1625757217407227,0.09420879185199738,0.09718327224254608
753,1.1712,2.6323,0,0,-0.46484375,1.350830078125,0.1662445068359375,2.0464844703674316,1.845970869064331,-0.4230836033821106
754,1.1568,2.7364,0,0,-0.551177978515625,1.3504791259765625,-0.012298583984375,2.4271581172943115,2.7835047245025635,-0.8405343890190125
755,1.1335,2.7824,0,0,-0.3721160888671875,1.0991363525390625,0.087982177734375,2.6740877628326416,1.8463480472564697,-0.5684863328933716
756,1.101,2.7711,0,0,-0.30517578125,0.9665374755859375,0.088043212890625,2.375054359436035,0.626351535320282,-0.13287734985351562
757,1.0598,2.7072,0,0,-0.2757415771484375,0.8719482421875,-0.0151519775390625,2.2470874786376953,-0.4534686803817749,-0.07307607680559158
758,1.0119,2.598,0,0,-0.0049896240234375,0.897308349609375,-0.01422119140625,1.8102658987045288,-1.4859412908554077,0.14420032501220703
759,0.9597,2.4527,0,0,0.2266387939453125,1.0164794921875,-0.217071533203125,1.6528911590576172,-1.0689339637756348,0.7197089195251465
760,0.9068,2.2808,0,0,0.15631103515625,1.0149383544921875,-0.181182861328125,1.509759545326233,-0.6653689742088318,0.937187135219574
761,0.8571,2.0915,0,0,0.040985107421875,0.913909912109375,-0.0982818603515625,1.2347536087036133,-1.2615090608596802,0.6609635353088379
762,0.8145,1.8934,0,0,-0.0380706787109375,0.7734222412109375,-0.0421600341796875,0.8968474268913269,-1.8920097351074219,0.32806575298309326
763,0.7828,1.6942,0,0,-0.142242431640625,0.6888885498046875,0.0139312744140625,0.5511366724967957,-2.177506446838379,0.16000032424926758
764,0.7654,1.5014,0,0,-0.305267333984375,0.647216796875,-0.03436279296875,0.40164196491241455,-2.0096099376678467,0.03941052407026291
765,0.7644,1.3216,0,0,-0.440673828125,0.6196136474609375,-0.0862274169921875,0.4124903678894043,-1.4101885557174683,-0.046721432358026505
766,0.781,1.1613,0,0,-0.4889678955078125,0.5703125,-0.1598968505859375,0.386290967464447,-0.59430330991745,0.02069436013698578
767,0.8148,1.0262,0,0,-0.47845458984375,0.5145416259765625,-0.256805419921875,-0.020354805514216423,-0.01082521677017212,0.06646477431058884
768,0.8643,0.9211,0,0,-0.424560546875,0.5593414306640625,-0.4166717529296875,-0.551633894443512,0.46743243932724,-0.11319313198328018
769,0.9266,0.8501,0,0,-0.329345703125,0.6856689453125,-0.5109100341796875,-0.9473189115524292,1.015710711479187,-0.30383020639419556
770,0.9976,0.8161,0,0,-0.261016845703125,0.81756591796875,-0.5466156005859375,-1.002639651298523,1.2002555131912231,-0.40285104513168335
771,1.073,0.8212,0,0,-0.150787353515625,0.9030303955078125,-0.5643768310546875,-0.7447303533554077,0.8134641647338867,-0.341826856136322
772,1.1479,0.8663,0,0,0.0220489501953125,0.951934814453125,-0.6043243408203125,-0.400787889957428,-0.11554177850484848,-0.09001591056585312
773,1.2177,0.9511,0,0,0.233001708984375,0.9844512939453125,-0.7133941650390625,-0.11010946333408356,-0.80425626039505,0.27002403140068054
774,1.2782,1.0732,0,0,0.460357666015625,1.1371917724609375,-0.7486724853515625,-0.077342189848423,-0.6230212450027466,0.7301956415176392
775,1.3264,1.228,0,0,0.38995361328125,1.2907867431640625,-0.5607757568359375,-0.576137900352478,0.3438471257686615,0.8923190236091614
776,1.3599,1.4087,0,0,0.0709686279296875,1.143402099609375,-0.78619384765625,-0.42551109194755554,0.11043143272399902,0.42998307943344116
777,1.3778,1.6062,0,0,0.1072845458984375,0.8822784423828125,-1.073486328125,0.5507481098175049,-0.9140807390213013,0.5422313213348389
778,1.3799,1.8102,0,0,-0.0417633056640625,0.8100128173828125,-0.62396240234375,0.09675610065460205,-1.8514373302459717,0.4959453046321869
779,1.3672,2.0099,0,0,-0.3573760986328125,1.0111236572265625,-0.0753936767578125,-1.4757448434829712,-1.90864098072052,-0.29612618684768677
780,1.3415,2.1954,0,0,-0.5433502197265625,1.192596435546875,0.42333984375,-3.061837673187256,-0.9357104301452637,-1.0652025938034058
781,1.3054,2.3584,0,0,-0.7523956298828125,1.354156494140625,0.5244903564453125,-3.3813812732696533,0.07899175584316254,-1.203753113746643
782,1.2619,2.4929,0,0,-1.0057220458984375,1.3589324951171875,-0.2736358642578125,-1.215893030166626,0.7034915685653687,-0.581973671913147
783,1.215,2.5948,0,0,-0.9400177001953125,0.9095611572265625,-0.635589599609375,1.9016090631484985,-0.4343607723712921,-0.19939778745174408
784,1.1685,2.6616,0,0,-0.3426361083984375,0.61041259765625,-0.5089874267578125,2.6433489322662354,-1.3663537502288818,-0.2671278417110443
785,1.1262,2.6914,0,0,-0.0058441162109375,0.62103271484375,0.3932647705078125,-0.05206400156021118,-0.9037908315658569,-0.46092313528060913
786,1.091,2.683,0,0,-0.0711822509765625,0.8441925048828125,0.5463104248046875,-2.436704158782959,0.6914828419685364,-0.5021547079086304
787,1.0647,2.6357,0,0,-0.0709075927734375,0.9191436767578125,0.2362060546875,-2.8259804248809814,1.528711199760437,-0.18382203578948975
788,1.0477,2.5499,0,0,-0.102874755859375,1.054595947265625,0.1663360595703125,-2.1765296459198,1.9339252710342407,0.19430983066558838
789,1.0391,2.4278,0,0,-0.0197601318359375,1.0750732421875,0.238311767578125,-1.560541033744812,2.4280307292938232,0.5696184635162354
790,1.0369,2.2738,0,0,0.0544586181640625,1.0363616943359375,0.3459320068359375,-1.1782612800598145,2.1972179412841797,1.0071470737457275
791,1.0385,2.0948,0,0,0.0516204833984375,1.0084228515625,0.36834716796875,-1.107463002204895,1.4044824838638306,1.2007389068603516
792,1.0412,1.9002,0,0,0.0363311767578125,0.9869232177734375,0.27459716796875,-1.0699968338012695,0.650946855545044,1.068552851676941
793,1.0424,1.7003,0,0,-0.04559326171875,1.0167694091796875,0.1683197021484375,-1.088484764099121,0.10082647949457169,0.5678413510322571
794,1.0402,1.5063,0,0,-0.0625,0.9709930419921875,-0.02130126953125,-1.0975091457366943,-0.10658689588308334,0.10298923403024673
795,1.0335,1.3283,0,0,-0.2313232421875,0.88629150390625,-1.1094512939453125,0.6054646372795105,2.307784080505371,-0.07724365592002869
796,1.0225,1.1747,0,0,-0.1306915283203125,0.9654541015625,-0.110382080078125,-0.06700779497623444,1.2501448392868042,0.19233669340610504
797,1.0081,1.0512,0,0,-0.0478515625,0.9775238037109375,0.10687255859375,-0.7000424861907959,0.12792468070983887,0.14664696156978607
798,0.9922,0.96,0,0,-0.0001373291015625,0.9865264892578125,0.1088714599609375,-0.5711758732795715,-0.17112328112125397,0.030303576961159706
799,0.9772,0.8994,0,0,0.059326171875,0.888641357421875,0.0728759765625,-0.32557517290115356,-0.1500217169523239,-0.006960703991353512
800,0.9655,0.864,0,0,0.049224853515625,0.8407440185546875,0.073974609375,-0.3271978199481964,-0.021439777687191963,-0.009691509418189526
801,0.9591,0.8455,0,0,0.0235748291015625,0.9135589599609375,0.0534515380859375,-0.6532590389251709,-0.10247577726840973,-0.11838523298501968
802,0.9595,0.8339,0,0,0.0137939453125,0.993896484375,-0.0288848876953125,-1.2243403196334839,-0.4500334858894348,-0.075258269906044
803,0.9676,0.8194,0,0,-0.018646240234375,0.9865264892578125,-0.127044677734375,-1.3134419918060303,-0.676335871219635,0.008733304217457771
804,0.983,0.7942,0,0,-0.0622711181640625,0.947021484375,-0.1312255859375,-0.9891749620437622,-0.42956387996673584,-0.010485930368304253
805,1.0048,0.7539,0,0,-0.08038330078125,0.9332122802734375,-0.088531494140625,-0.7042588591575623,-0.06631750613451004,-0.06295526027679443
806,1.0313,0.6987,0,0,-0.0885772705078125,0.96783447265625,-0.0129241943359375,-0.6408652067184448,0.11957672983407974,-0.13535702228546143
807,1.0605,0.6333,0,0,-0.0773468017578125,1.0628204345703125,0.039031982421875,-0.6382902264595032,0.17111581563949585,-0.1954624354839325
808,1.09,0.5671,0,0,-0.0434417724609375,1.1701507568359375,-0.0457305908203125,-0.5551676154136658,0.38927745819091797,-0.1805330216884613
809,1.1176,0.5127,0,0,0.0228271484375,1.1850738525390625,-0.08831787109375,-0.3992062509059906,0.7598347663879395,-0.19441448152065277
810,1.1415,0.4848,0,0,0.099029541015625,1.1583709716796875,-0.0439910888671875,-0.14388233423233032,0.8355148434638977,-0.223964661359787
811,1.1605,0.4977,0,0,0.164215087890625,1.164825439453125,-0.002716064453125,0.04254506155848503,0.483982115983963,-0.11744832992553711
812,1.1741,0.5633,0,0,0.136962890625,1.18072509765625,0.0221099853515625,-0.05217026174068451,0.058158110827207565,0.0812772810459137
813,1.1825,0.6892,0,0,0.07977294921875,1.1657562255859375,-0.03662109375,-0.1494685858488083,-0.11862704902887344,0.22278566658496857
814,1.1864,0.8768,0,0,0.0414886474609375,1.2694854736328125,-0.0426788330078125,0.05323818698525429,-0.1974659413099289,0.28646320104599
815,1.1868,1.1202,0,0,-0.0049285888671875,1.248321533203125,-0.0182952880859375,0.44502753019332886,-0.34997692704200745,0.2513723075389862
816,1.1849,1.4063,0,0,-0.0077056884765625,1.175689697265625,-0.0084991455078125,0.8866835236549377,-0.48580506443977356,0.20092324912548065
817,1.1816,1.7164,0,0,-0.095794677734375,1.1252899169921875,-0.011749267578125,1.4180892705917358,-0.7275817394256592,0.14476117491722107
818,1.1774,2.0277,0,0,-0.2435302734375,0.9992218017578125,-0.060394287109375,2.127903699874878,-0.7816804051399231,-0.11946594715118408
819,1.1721,2.3164,0,0,-0.1614990234375,0.8737945556640625,0.14166259765625,2.412311553955078,-0.277055025100708,0.008220645599067211
820,1.1651,2.5608,0,0,-0.2732696533203125,1.000732421875,0.175384521484375,2.4263482093811035,0.7477903366088867,0.12807300686836243
821,1.1548,2.7438,0,0,-0.3852386474609375,1.2696533203125,0.19317626953125,2.3874292373657227,2.4370336532592773,0.0018165421206504107
822,1.1399,2.8552,0,0,-0.5275421142578125,1.2915496826171875,-0.00323486328125,2.5807607173919678,3.3914008140563965,-0.295735239982605
823,1.1191,2.8926,0,0,-0.4095611572265625,1.1298828125,-0.0041351318359375,2.8987715244293213,2.3659937381744385,-0.24503159523010254
824,1.0914,2.8613,0,0,-0.228240966796875,1.0350494384765625,0.060699462890625,2.6667447090148926,0.6948381662368774,0.1335950791835785
825,1.0568,2.7722,0,0,-0.2615966796875,0.985870361328125,-0.087432861328125,2.428758382797241,-0.01992763578891754,0.058637481182813644
826,1.0161,2.6401,0,0,-0.0458984375,0.9141693115234375,0.0457763671875,1.6326477527618408,-0.5150337815284729,-0.028142422437667847
827,0.9708,2.4802,0,0,0.200653076171875,0.9248504638671875,-0.21649169921875,1.3428430557250977,-0.05092177167534828,0.5381401777267456
828,0.9233,2.3064,0,0,0.1504974365234375,0.943328857421875,-0.1014556884765625,1.1420140266418457,-0.2986801862716675,0.8141283392906189
829,0.8765,2.1291,0,0,0.1145782470703125,0.9639434814453125,-0.1129302978515625,1.03997802734375,-1.4972366094589233,0.7549291849136353
830,0.8338,1.9551,0,0,0.0856781005859375,0.9259033203125,-0.1027984619140625,1.0497843027114868,-1.9121654033660889,0.5754084587097168
831,0.7986,1.7881,0,0,-0.0078887939453125,0.7573089599609375,-0.0180206298828125,0.9289795756340027,-1.9403890371322632,0.47514069080352783
832,0.7743,1.6297,0,0,-0.177978515625,0.6412200927734375,0.003143310546875,0.7588541507720947,-2.1528732776641846,0.2451663464307785
833,0.7635,1.481,0,0,-0.2755584716796875,0.59881591796875,-0.03387451171875,0.6050233244895935,-2.097217559814453,0.07078175991773605
834,0.7682,1.3432,0,0,-0.40411376953125,0.61932373046875,-0.139892578125,0.4208143353462219,-1.4856516122817993,0.036015789955854416
835,0.7892,1.219,0,0,-0.464630126953125,0.6081695556640625,-0.22967529296875,0.03774524852633476,-0.8092038631439209,0.13213859498500824
836,0.8262,1.1118,0,0,-0.469024658203125,0.5767822265625,-0.350067138671875,-0.48343750834465027,-0.2429945319890976,0.10914752632379532
837,0.8778,1.026,0,0,-0.379150390625,0.6527862548828125,-0.4726715087890625,-0.9032912254333496,0.39695772528648376,-0.10249335318803787
838,0.9416,0.9659,0,0,-0.300628662109375,0.7823028564453125,-0.5373077392578125,-1.0628154277801514,0.8343430757522583,-0.28244686126708984
839,1.0143,0.9358,0,0,-0.223480224609375,0.8849639892578125,-0.584259033203125,-0.8420771360397339,0.8329939246177673,-0.3360198140144348
840,1.0919,0.9383,0,0,-0.127960205078125,0.9030303955078125,-0.622955322265625,-0.39644667506217957,0.30268076062202454,-0.23848341405391693
841,1.1699,0.9747,0,0,-0.0247955322265625,0.8736724853515625,-0.651519775390625,-0.0542195625603199,-0.537807822227478,-0.15967035293579102
842,1.2436,1.0443,0,0,0.22662353515625,0.876953125,-0.651397705078125,-0.14245913922786713,-1.061977505683899,0.11502592265605927
843,1.3085,1.1437,0,0,0.4802398681640625,0.98968505859375,-0.5521087646484375,-0.7615681886672974,-0.3956189751625061,0.6855208277702332
844,1.3603,1.2677,0,0,0.3729095458984375,1.19964599609375,-0.5607757568359375,-1.3209697008132935,0.5914127230644226,0.8684006333351135
845,1.3957,1.4093,0,0,0.307098388671875,1.1052703857421875,-0.952972412109375,-0.5122217535972595,0.25258883833885193,0.6189154386520386
846,1.4124,1.5605,0,0,0.252410888671875,1.093414306640625,-0.957244873046875,0.25478434562683105,-0.8418712615966797,0.5169472694396973
847,1.4098,1.7128,0,0,-0.08026123046875,1.27581787109375,-0.3360748291015625,-0.8028895258903503,-1.5798563957214355,-0.05444087088108063
848,1.3887,1.8585,0,0,-0.4383392333984375,1.248992919921875,0.3220672607421875,-2.4315178394317627,-1.6243101358413696,-0.6534252166748047
849,1.3518,1.9909,0,0,-0.840301513671875,1.3355560302734375,0.4278564453125,-2.752755880355835,-0.9166009426116943,-1.1790850162506104
850,1.303,2.1053,0,0,-1.1600341796875,1.31854248046875,-0.433013916015625,-0.3680507242679596,-0.20253899693489075,-1.2257637977600098
851,1.2477,2.1981,0,0,-0.9233856201171875,0.8803863525390625,-0.4295806884765625,2.089775562286377,-0.41375109553337097,-0.4829826354980469
852,1.1911,2.2673,0,0,-0.3338470458984375,0.4791107177734375,-0.293212890625,2.090496063232422,-1.0397342443466187,-0.06838758289813995
853,1.1385,2.311,0,0,-0.1778564453125,0.5861053466796875,0.48956298828125,-0.5843537449836731,-0.4479098618030548,-0.24896001815795898
854,1.0938,2.3278,0,0,-0.201568603515625,0.7838592529296875,0.49005126953125,-2.160629987716675,0.5552978515625,-0.4649945795536041
855,1.0595,2.3161,0,0,-0.07891845703125,0.9582977294921875,0.2469482421875,-2.2159905433654785,1.310478925704956,-0.06872420012950897
856,1.0362,2.2747,0,0,-0.059814453125,1.110748291015625,0.2011260986328125,-1.729413628578186,1.8470332622528076,0.3658224642276764
857,1.023,2.2035,0,0,0.048614501953125,1.1258697509765625,0.255767822265625,-1.212208867073059,2.153463840484619,0.8621086478233337
858,1.0177,2.1037,0,0,0.0974578857421875,1.03363037109375,0.35821533203125,-0.9637681841850281,1.888492465019226,1.2437127828598022
859,1.0174,1.9788,0,0,0.124847412109375,0.961456298828125,0.376617431640625,-1.1508978605270386,1.0840498208999634,1.3250763416290283
860,1.0191,1.8341,0,0,0.0538330078125,0.9525146484375,0.2311553955078125,-1.3095085620880127,0.30869606137275696,1.0480347871780396
861,1.02,1.6764,0,0,-0.0371856689453125,0.963409423828125,0.1223297119140625,-1.4165380001068115,-0.3375604450702667,0.3468559682369232
862,1.0181,1.5136,0,0,-0.0643768310546875,0.9389190673828125,-0.5902557373046875,-1.0681207180023193,0.2811693549156189,-0.04980377480387688
863,1.0122,1.3538,0,0,-0.170989990234375,0.9590911865234375,-0.68316650390625,-0.04049389809370041,2.34443736076355,-0.003317766124382615
864,1.0023,1.2043,0,0,-0.1624298095703125,1.0186767578125,-0.0635528564453125,-0.5983246564865112,0.9833930134773254,0.12084066867828369
865,0.9895,1.0709,0,0,-0.0367584228515625,0.996368408203125,0.075927734375,-0.613278329372406,-0.07702687382698059,0.05211539939045906
866,0.9755,0.9569,0,0,0.063507080078125,0.9602813720703125,0.0854339599609375,-0.3362478017807007,-0.33927661180496216,-0.04964185506105423
867,0.9626,0.8633,0,0,0.119476318359375,0.841827392578125,0.0362091064453125,-0.27553170919418335,-0.15716218948364258,-0.029652433469891548
868,0.953,0.7883,0,0,0.0986480712890625,0.8406829833984375,-0.09417724609375,-0.5725783109664917,0.24283555150032043,-0.12885890901088715
869,0.9489,0.7284,0,0,0.049774169921875,0.9761810302734375,-0.05926513671875,-0.9217213988304138,-0.12362846732139587,-0.0792684555053711
870,0.9516,0.6791,0,0,-0.0255279541015625,0.9649505615234375,-0.0639495849609375,-0.9318531155586243,-0.6541147232055664,-0.053410228341817856
871,0.9615,0.636,0,0,-0.0512847900390625,0.8997344970703125,-0.0922088623046875,-0.7614225149154663,-0.6080231070518494,-0.08335507661104202
872,0.9785,0.5965,0,0,-0.05902099609375,0.9106903076171875,-0.0814208984375,-0.7122174501419067,-0.32022860646247864,-0.10834697633981705
873,1.0011,0.56,0,0,-0.06829833984375,0.9644622802734375,-0.074249267578125,-0.6801723837852478,-0.1531653106212616,-0.19556736946105957
874,1.0277,0.5285,0,0,-0.0108184814453125,1.0079803466796875,-0.046417236328125,-0.47715485095977783,0.061822086572647095,-0.23644742369651794
875,1.0559,0.5063,0,0,0.04498291015625,1.0345001220703125,0.03424072265625,-0.3061721622943878,0.08163094520568848,-0.20560428500175476
876,1.0833,0.4993,0,0,0.0654296875,1.1064300537109375,0.095672607421875,-0.2744872272014618,-0.048827193677425385,-0.14239735901355743
877,1.1081,0.5148,0,0,0.0518035888671875,1.1974639892578125,0.091400146484375,-0.3657212555408478,-0.14306075870990753,-0.07929428666830063
878,1.1287,0.5595,0,0,0.0220489501953125,1.2592010498046875,0.03216552734375,-0.5137568116188049,0.043648943305015564,-0.054430484771728516
879,1.1445,0.6396,0,0,0.0202484130859375,1.1880340576171875,-0.0746002197265625,-0.6463838219642639,0.4798981547355652,0.04777444526553154
880,1.1558,0.7588,0,0,-0.009674072265625,1.12567138671875,-0.1282196044921875,-0.5367656946182251,0.8352557420730591,0.1018427386879921
881,1.1634,0.9187,0,0,0.00189208984375,1.197052001953125,-0.1696624755859375,-0.23604021966457367,0.9970059990882874,0.1384201943874359
882,1.1689,1.117,0,0,0.0611419677734375,1.218597412109375,-0.1868896484375,0.18040679395198822,1.044466495513916,0.11806618422269821
883,1.1735,1.3479,0,0,0.116943359375,1.2308807373046875,-0.0269622802734375,0.6319193840026855,0.4691544473171234,0.11349140852689743
884,1.1786,1.6018,0,0,0.11724853515625,1.0927581787109375,-0.005035400390625,0.9765952825546265,-0.23044998943805695,0.11895141750574112
885,1.1845,1.8658,0,0,0.043548583984375,1.000762939453125,-0.0614013671875,1.5152851343154907,-0.7821475267410278,0.06809303164482117
886,1.1908,2.1243,0,0,-0.0498046875,0.92034912109375,-0.0395965576171875,2.149900197982788,-0.9083349704742432,0.12524206936359406
887,1.1959,2.3612,0,0,-0.0590057373046875,0.9811248779296875,0.1371307373046875,2.361689329147339,-0.7925559282302856,0.3836909234523773
888,1.1974,2.5613,0,0,-0.1600494384765625,1.10150146484375,0.1636199951171875,2.3602683544158936,-0.5507521033287048,0.4882069528102875
889,1.1926,2.7118,0,0,-0.3156890869140625,1.3352813720703125,0.124114990234375,2.4131064414978027,0.7792630195617676,0.22044022381305695
890,1.1791,2.8046,0,0,-0.4136962890625,1.4297637939453125,0.13128662109375,2.358410596847534,2.606515884399414,-0.12644635140895844
891,1.1549,2.8363,0,0,-0.53607177734375,1.383697509765625,-0.1260833740234375,2.7368016242980957,3.012618064880371,-0.42801791429519653
892,1.1195,2.8095,0,0,-0.3331451416015625,1.1120452880859375,0.0231475830078125,2.676664113998413,1.5909754037857056,-0.29777097702026367
893,1.0738,2.7312,0,0,-0.2675323486328125,0.9070281982421875,-0.0863189697265625,2.380281448364258,0.3072395622730255,-0.0825505331158638
894,1.0199,2.612,0,0,-0.1154937744140625,0.80029296875,0.03265380859375,1.785365343093872,-1.1042836904525757,0.009844907559454441
895,0.9613,2.464,0,0,0.171875,0.87664794921875,-0.2082672119140625,1.4108526706695557,-1.137031078338623,0.5164638757705688
896,0.9018,2.299,0,0,0.151824951171875,0.898712158203125,-0.1127777099609375,1.1906242370605469,-0.8740063309669495,0.8131698966026306
897,0.8459,2.1269,0,0,0.0069427490234375,0.8857574462890625,-0.0830230712890625,1.082788348197937,-1.1375559568405151,0.5577197074890137
898,0.7979,1.9553,0,0,-0.023834228515625,0.7982025146484375,-0.0273895263671875,1.090429663658142,-1.515419363975525,0.15055009722709656
899,0.7617,1.7891,0,0,-0.0529937744140625,0.7788848876953125,-0.033111572265625,1.0556871891021729,-1.6867599487304688,0.10847561061382294
900,0.7405,1.6314,0,0,-0.182037353515625,0.7182769775390625,-0.01251220703125,0.8876526355743408,-2.0226409435272217,0.09890846908092499
901,0.7366,1.4841,0,0,-0.2764434814453125,0.6611175537109375,-0.05413818359375,0.6202874779701233,-2.1505017280578613,0.11497744917869568
902,0.7509,1.349,0,0,-0.3827056884765625,0.5954437255859375,-0.1355438232421875,0.34461888670921326,-1.5793170928955078,0.09392276406288147
903,0.7832,1.228,0,0,-0.4274139404296875,0.5291290283203125,-0.1944122314453125,-0.0555998794734478,-0.8741801977157593,0.059838298708200455
904,0.832,1.1237,0,0,-0.448028564453125,0.5270233154296875,-0.32550048828125,-0.4902855455875397,-0.22876474261283875,-0.026397785171866417
905,0.8944,1.0389,0,0,-0.3915557861328125,0.6134185791015625,-0.521240234375,-0.749565601348877,0.34594276547431946,-0.22789974510669708
906,0.9666,0.9766,0,0,-0.29150390625,0.761962890625,-0.630889892578125,-0.8447751998901367,0.7742264866828918,-0.3722617030143738
907,1.0443,0.9396,0,0,-0.2425079345703125,0.8952789306640625,-0.6824798583984375,-0.7518218159675598,1.0976005792617798,-0.4401571452617645
908,1.1225,0.93,0,0,-0.1482696533203125,0.9266357421875,-0.689971923828125,-0.5693579912185669,0.9449891448020935,-0.3727956712245941
909,1.1964,0.9492,0,0,-0.0171051025390625,0.88818359375,-0.68719482421875,-0.46783456206321716,0.1648414134979248,-0.1555911898612976
910,1.2615,0.9971,0,0,0.103912353515625,0.89569091796875,-0.6592254638671875,-0.553873598575592,-0.4958193302154541,0.03339897096157074
911,1.3137,1.0722,0,0,0.2953948974609375,1.0513153076171875,-0.5989990234375,-0.8833122253417969,-0.46173328161239624,0.3147110641002655
912,1.3501,1.1714,0,0,0.286865234375,1.2763519287109375,-0.5754241943359375,-1.1722800731658936,-0.09203165769577026,0.509721040725708
913,1.3689,1.2899,0,0,0.1551361083984375,1.2670135498046875,-0.87689208984375,-0.2794705331325531,-0.46385902166366577,0.32700076699256897
914,1.3695,1.4219,0,0,0.1090240478515625,1.1942291259765625,-0.89666748046875,0.8521971702575684,-1.1474817991256714,0.25054219365119934
915,1.3528,1.5608,0,0,-0.1886444091796875,1.1678314208984375,-0.3206939697265625,-0.21071143448352814,-1.3237841129302979,-0.17164260149002075
916,1.3213,1.7005,0,0,-0.506317138671875,1.01763916015625,0.3088531494140625,-2.2749969959259033,-0.9289467930793762,-0.7019298672676086
917,1.2783,1.835,0,0,-0.7095947265625,1.0476226806640625,0.5299224853515625,-3.125744581222534,0.24874457716941833,-1.0891779661178589
918,1.2282,1.9594,0,0,-1.0372772216796875,1.108551025390625,-0.136810302734375,-1.613910436630249,1.1089189052581787,-1.0328094959259033
919,1.1756,2.0694,0,0,-0.8416748046875,0.968109130859375,-0.342803955078125,0.9351828694343567,0.18811717629432678,-0.2450994998216629
920,1.1251,2.1605,0,0,-0.3754425048828125,0.7622833251953125,-0.2071380615234375,1.5224649906158447,-0.817183256149292,0.05387361720204353
921,1.0808,2.2277,0,0,-0.04315185546875,0.759521484375,0.150665283203125,0.02231702394783497,-0.6666403412818909,-0.12062601745128632
922,1.0454,2.2654,0,0,-0.0953826904296875,0.8865509033203125,0.3892364501953125,-1.8593149185180664,0.6878279447555542,-0.34176239371299744
923,1.0203,2.2676,0,0,-0.113372802734375,0.931182861328125,0.2298583984375,-2.2314159870147705,1.3869843482971191,-0.1971024125814438
924,1.0056,2.2294,0,0,-0.0787506103515625,1.044403076171875,0.15594482421875,-1.8442424535751343,1.8966574668884277,0.22549118101596832
925,1.0,2.1483,0,0,-0.043426513671875,1.0689544677734375,0.166717529296875,-1.3384251594543457,2.2938249111175537,0.5616713166236877
926,1.001,2.0256,0,0,0.0537261962890625,1.0052337646484375,0.1902923583984375,-0.9131768941879272,2.4059791564941406,0.974399745464325
927,1.0057,1.8669,0,0,0.086212158203125,0.94305419921875,0.2532806396484375,-0.8587834239006042,2.0160224437713623,1.2779021263122559
928,1.0112,1.6825,0,0,0.027374267578125,0.913482666015625,0.2608489990234375,-1.1107022762298584,1.0072863101959229,1.1073319911956787
929,1.0147,1.4859,0,0,-0.0034027099609375,0.931854248046875,0.15020751953125,-1.3235909938812256,-0.125658318400383,0.6153348088264465
930,1.0143,1.2922,0,0,-0.080596923828125,0.90960693359375,-1.05426025390625,-0.6140756607055664,0.08589626848697662,0.04024622216820717
931,1.0093,1.1157,0,0,-0.0631256103515625,0.9549713134765625,-0.3292694091796875,-0.2041214406490326,0.3124271333217621,-0.10308776795864105
932,0.9997,0.9682,0,0,-0.0207977294921875,1.0140533447265625,0.0583038330078125,-0.5887335538864136,-0.448933869600296,-0.0010365023044869304
933,0.9869,0.857,0,0,0.021636962890625,1.0172271728515625,0.1012420654296875,-0.563213050365448,-0.5253753662109375,0.044492632150650024
934,0.973,0.7846,0,0,0.0089569091796875,0.94586181640625,0.0589447021484375,-0.42601680755615234,-0.34780511260032654,-0.012262525036931038
935,0.9605,0.748,0,0,0.0072784423828125,0.8442840576171875,0.0361480712890625,-0.5269612669944763,-0.16215933859348297,0.018603511154651642
936,0.952,0.7403,0,0,-0.0416412353515625,0.8855133056640625,-0.039825439453125,-0.7557188272476196,-0.09948158264160156,-0.0118489358574152
937,0.9495,0.7517,0,0,-0.0754852294921875,0.9371490478515625,-0.0369873046875,-0.94061279296875,-0.23511956632137299,-0.02087918296456337
938,0.9545,0.7717,0,0,-0.0734100341796875,0.9518585205078125,-0.040802001953125,-0.9330416917800903,-0.42402610182762146,-0.05113375931978226
939,0.9675,0.7903,0,0,-0.0377655029296875,0.923065185546875,-0.01983642578125,-0.8548211455345154,-0.5222621560096741,-0.06494331359863281
940,0.9881,0.8004,0,0,-0.0391082763671875,0.90203857421875,-0.0185546875,-0.8857492804527283,-0.38152071833610535,-0.08819350600242615
941,1.0148,0.7988,0,0,-0.043121337890625,0.9561767578125,-0.0409088134765625,-0.9389243125915527,-0.12547484040260315,-0.09792842715978622
942,1.0457,0.7863,0,0,-0.046783447265625,1.062408447265625,-0.0073394775390625,-0.8147919774055481,0.0967254787683487,-0.16765370965003967
943,1.0784,0.7684,0,0,-0.0323028564453125,1.1537628173828125,-0.0347747802734375,-0.5744787454605103,0.4725917875766754,-0.2033509910106659
944,1.1103,0.7542,0,0,-0.02191162109375,1.2115478515625,-0.0725555419921875,-0.44969552755355835,0.8847713470458984,-0.14187777042388916
945,1.1394,0.7551,0,0,0.028289794921875,1.171051025390625,-0.0417022705078125,-0.3349561393260956,1.1156260967254639,-0.13205204904079437
946,1.164,0.783,0,0,0.0921478271484375,1.1389617919921875,-0.0319671630859375,-0.13043177127838135,0.916332483291626,-0.1259898841381073
947,1.1832,0.8487,0,0,0.1285858154296875,1.1693115234375,-0.0603485107421875,0.05356016382575035,0.5392477512359619,-0.0664096474647522
948,1.1967,0.9594,0,0,0.1801605224609375,1.253570556640625,-0.112823486328125,0.12934866547584534,0.45820432901382446,0.0871570035815239
949,1.205,1.1172,0,0,0.2201080322265625,1.341156005859375,-0.058502197265625,0.34296107292175293,0.24676744639873505,0.3250846266746521
950,1.2088,1.3183,0,0,0.14361572265625,1.2163238525390625,0.0079193115234375,0.6164805293083191,-0.1351567506790161,0.38852429389953613
951,1.2091,1.5525,0,0,0.1119232177734375,1.1192779541015625,0.004486083984375,0.949052095413208,-0.5732622146606445,0.33369967341423035
952,1.2066,1.8044,0,0,-0.0252227783203125,1.087554931640625,-0.027374267578125,1.4867643117904663,-1.0364689826965332,0.24376073479652405
953,1.2015,2.0553,0,0,-0.1874847412109375,0.9649658203125,-0.0304718017578125,2.0772647857666016,-1.215126872062683,0.08135344833135605
954,1.1936,2.2856,0,0,-0.1739959716796875,0.9312744140625,0.1596221923828125,2.2951345443725586,-0.7512407302856445,0.14637479186058044
955,1.182,2.4774,0,0,-0.2885894775390625,1.1070404052734375,0.1434478759765625,2.3510851860046387,0.29212692379951477,0.1403706967830658
956,1.1656,2.6171,0,0,-0.444732666015625,1.3293914794921875,0.1397705078125,2.4229278564453125,2.0582275390625,-0.04940856248140335
957,1.1433,2.6969,0,0,-0.6178741455078125,1.32745361328125,-0.0110321044921875,2.656120777130127,2.9444327354431152,-0.5373327136039734
958,1.1145,2.716,0,0,-0.43719482421875,1.13677978515625,-0.0105438232421875,2.8455214500427246,2.1608519554138184,-0.4569108188152313
959,1.079,2.6797,0,0,-0.228485107421875,1.004180908203125,0.0496978759765625,2.444899559020996,0.853487491607666,0.08935251832008362
960,1.0378,2.5982,0,0,-0.1840667724609375,0.9292449951171875,-0.1517181396484375,2.134244203567505,-0.2449631541967392,0.3754335343837738
961,0.9922,2.4842,0,0,-0.0953826904296875,0.8101654052734375,0.0438079833984375,1.4844890832901,-0.79140704870224,0.20562639832496643
962,0.9444,2.3502,0,0,0.107696533203125,0.82855224609375,-0.1760101318359375,1.1626585721969604,-0.4043722450733185,0.4817482531070709
963,0.8969,2.2068,0,0,0.10308837890625,0.8986053466796875,-0.1079864501953125,1.0327730178833008,-0.36588186025619507,0.61476731300354
964,0.8528,2.061,0,0,0.0634765625,0.9747314453125,-0.0916595458984375,0.9555781483650208,-1.4191197156906128,0.5484487414360046
965,0.8149,1.9161,0,0,0.0494384765625,0.9490814208984375,-0.06890869140625,0.9429792761802673,-2.082448720932007,0.41311272978782654
966,0.7865,1.7731,0,0,-0.007293701171875,0.8323822021484375,0.0100860595703125,0.827130138874054,-2.1942696571350098,0.44132307171821594
967,0.7703,1.6312,0,0,-0.1829833984375,0.7111053466796875,-0.0111846923828125,0.6927462220191956,-2.201509475708008,0.30911415815353394
968,0.7686,1.49,0,0,-0.3138885498046875,0.6259765625,-0.058197021484375,0.632335364818573,-1.9382398128509521,0.07220602035522461
969,0.7829,1.3505,0,0,-0.3936614990234375,0.6038970947265625,-0.137054443359375,0.4964619576931,-1.3622164726257324,0.04687190055847168
970,0.8135,1.2154,0,0,-0.45098876953125,0.5896453857421875,-0.207305908203125,0.013376525603234768,-0.8359625339508057,0.15231017768383026
971,0.8598,1.0895,0,0,-0.4675445556640625,0.56744384765625,-0.3608856201171875,-0.5630193948745728,-0.21429631114006042,0.050930291414260864
972,0.9196,0.9791,0,0,-0.3803863525390625,0.6038970947265625,-0.4990386962890625,-0.9619318842887878,0.38443610072135925,-0.150650754570961
973,0.9896,0.891,0,0,-0.3121185302734375,0.6893768310546875,-0.585235595703125,-1.0511972904205322,0.6563600301742554,-0.34078449010849
974,1.0656,0.8321,0,0,-0.232666015625,0.8509979248046875,-0.642486572265625,-0.7988332509994507,0.6328080892562866,-0.4236884117126465
975,1.1429,0.8079,0,0,-0.0955963134765625,0.986663818359375,-0.6842498779296875,-0.39924779534339905,0.11360912024974823,-0.34792548418045044
976,1.2162,0.8223,0,0,0.1381378173828125,0.9941253662109375,-0.7325897216796875,-0.044928859919309616,-0.6039921641349792,-0.012455870397388935
977,1.2806,0.876,0,0,0.2929840087890625,1.0176239013671875,-0.6878662109375,-0.03857029601931572,-0.6615060567855835,0.3003494441509247
978,1.332,0.9668,0,0,0.22113037109375,1.1817626953125,-0.5340118408203125,-0.6018666625022888,0.18843995034694672,0.23736993968486786
979,1.3669,1.0892,0,0,4.57763671875e-05,1.1584625244140625,-0.7728118896484375,-0.556115448474884,0.24016013741493225,0.11186102032661438
980,1.3831,1.2353,0,0,0.05242919921875,0.991302490234375,-1.1168060302734375,0.4553406238555908,-0.7353083491325378,0.4460539221763611
981,1.3802,1.3952,0,0,-0.0390472412109375,0.9984893798828125,-0.595611572265625,0.010272610932588577,-1.241432547569275,0.2269527167081833
982,1.359,1.559,0,0,-0.2784881591796875,1.1709136962890625,0.1308746337890625,-1.7615844011306763,-0.9203783273696899,-0.3826291263103485
983,1.322,1.7174,0,0,-0.5697479248046875,1.3060302734375,0.530975341796875,-3.2706267833709717,-0.22051772475242615,-0.9021191596984863
984,1.2731,1.8631,0,0,-0.85089111328125,1.442626953125,0.2423248291015625,-2.7735397815704346,0.6655707955360413,-0.9993953704833984
985,1.2172,1.9911,0,0,-1.0777130126953125,1.242828369140625,-0.40478515625,0.04453817382454872,0.49477618932724,-0.34967732429504395
986,1.16,2.0982,0,0,-0.602508544921875,0.7022247314453125,-0.1459197998046875,1.6764137744903564,-0.8332381248474121,0.047863930463790894
987,1.1068,2.1823,0,0,-0.0923919677734375,0.5274658203125,-0.1781768798828125,1.4961148500442505,-0.7298102378845215,0.10263369977474213
988,1.062,2.2417,0,0,-0.1052398681640625,0.6445465087890625,0.363372802734375,-0.6403935551643372,0.5688650608062744,-0.36453375220298767
989,1.0287,2.2746,0,0,-0.1341094970703125,0.8175048828125,0.358245849609375,-1.907088041305542,1.2934677600860596,-0.5792028903961182
990,1.008,2.2791,0,0,-0.080413818359375,1.0286102294921875,0.2465362548828125,-2.1361756324768066,1.7679083347320557,-0.2600440979003906
991,0.9992,2.2539,0,0,-0.0386505126953125,1.13543701171875,0.2055206298828125,-1.9108258485794067,2.121142864227295,0.21380655467510223
992,1.0003,2.1991,0,0,0.041259765625,1.1096954345703125,0.2237548828125,-1.4413789510726929,2.1480796337127686,0.7572360038757324
993,1.008,2.1164,0,0,0.0953826904296875,0.9936676025390625,0.294525146484375,-1.1890510320663452,1.5816012620925903,1.231880784034729
994,1.0188,2.0099,0,0,0.0806884765625,0.9261322021484375,0.330902099609375,-1.2912017107009888,0.5894057750701904,1.2761180400848389
995,1.0292,1.8853,0,0,-0.0064697265625,0.936920166015625,0.187530517578125,-1.3463234901428223,-0.31736862659454346,0.8081199526786804
996,1.0362,1.7497,0,0,-0.0344696044921875,0.9420166015625,0.070709228515625,-1.272816777229309,-0.5991920828819275,0.10577942430973053
997,1.0381,1.6103,0,0,-0.0727691650390625,0.96759033203125,-1.01318359375,-0.3705969750881195,1.3149375915527344,-0.15172907710075378
998,1.0341,1.4742,0,0,-0.0961151123046875,1.0563201904296875,-0.386077880859375,0.2124081403017044,2.5756046772003174,-0.011285144835710526
999,1.0247,1.3472,0,0,-0.0906982421875,1.04583740234375,-0.0079193115234375,-0.5846935510635376,0.9687674641609192,0.09812816232442856
1000,1.0113,1.2329,0,0,-0.0013427734375,0.9570770263671875,0.076690673828125,-0.7812875509262085,-0.03741341829299927,0.012279036454856396
1001,0.9963,1.133,0,0,0.0728759765625,0.9182281494140625,0.1013031005859375,-0.5706552267074585,-0.34032508730888367,-0.048038631677627563
1002,0.9823,1.0463,0,0,0.0777130126953125,0.85577392578125,0.09259033203125,-0.4555576741695404,-0.37517574429512024,0.013966947793960571
1003,0.9716,0.9697,0,0,-0.0076446533203125,0.8831024169921875,0.026214599609375,-0.7505989074707031,-0.5131703615188599,-0.030492128804326057
1004,0.9662,0.8987,0,0,-0.1028289794921875,0.9451751708984375,-0.1620330810546875,-1.2115797996520996,-0.5778372287750244,-0.09684771299362183
1005,0.9673,0.8284,0,0,-0.096099853515625,0.9534454345703125,-0.21368408203125,-1.1206752061843872,-0.3660584092140198,-0.13381239771842957
1006,0.9751,0.7551,0,0,-0.0548095703125,0.94342041015625,-0.1010894775390625,-0.7197187542915344,-0.176295667886734,-0.19336973130702972
1007,0.9892,0.6772,0,0,-0.0193328857421875,0.9339447021484375,-0.0279693603515625,-0.49822282791137695,-0.11165276169776917,-0.21427127718925476
1008,1.0084,0.5959,0,0,0.0103607177734375,0.9847869873046875,-0.0126953125,-0.5306649208068848,0.10916510224342346,-0.18470992147922516
1009,1.031,0.516,0,0,0.0203857421875,1.0791473388671875,-0.0045623779296875,-0.6175189018249512,0.398280531167984,-0.15516747534275055
1010,1.0552,0.4455,0,0,0.01416015625,1.1182708740234375,-0.0282440185546875,-0.5317882299423218,0.5931439995765686,-0.1475021094083786
1011,1.0794,0.3948,0,0,0.0348968505859375,1.1367645263671875,-0.039703369140625,-0.36193132400512695,0.621799647808075,-0.1192568838596344
1012,1.1022,0.3761,0,0,0.049652099609375,1.1521453857421875,-0.027862548828125,-0.17338056862354279,0.58840012550354,-0.19561077654361725
1013,1.1227,0.4012,0,0,0.083709716796875,1.1130218505859375,-0.0688629150390625,-0.08830776065587997,0.40025126934051514,-0.161503404378891
1014,1.1406,0.4798,0,0,0.078277587890625,1.1570892333984375,-0.061492919921875,-0.06634147465229034,0.16807875037193298,-0.06720779836177826
1015,1.156,0.6177,0,0,0.0788726806640625,1.184539794921875,-0.04107666015625,-0.07992120087146759,0.14384505152702332,0.02239212393760681
1016,1.1693,0.8147,0,0,0.0628204345703125,1.1852264404296875,-0.0482940673828125,0.03554947301745415,0.16153404116630554,0.08270926028490067
1017,1.1807,1.0645,0,0,0.052734375,1.1815948486328125,-0.024932861328125,0.34085798263549805,-0.04344760999083519,0.09115787595510483
1018,1.1905,1.3542,0,0,0.064849853515625,1.1214599609375,-0.0477447509765625,0.8784029483795166,-0.33005595207214355,0.07690224051475525
1019,1.1985,1.6655,0,0,0.025787353515625,1.160064697265625,-0.03369140625,1.6484529972076416,-0.8889216184616089,0.08209673315286636
1020,1.204,1.9772,0,0,0.013153076171875,1.0623321533203125,0.1243743896484375,2.1248483657836914,-1.2513495683670044,0.3287968039512634
1021,1.2058,2.2674,0,0,-0.1092529296875,0.9684906005859375,0.1534881591796875,2.3042805194854736,-1.0158430337905884,0.45554861426353455
1022,1.2023,2.5166,0,0,-0.2254638671875,1.1013031005859375,0.188690185546875,2.2968897819519043,-0.036547623574733734,0.35382091999053955
1023,1.1918,2.7097,0,0,-0.34527587890625,1.2732696533203125,0.1910858154296875,2.2260146141052246,1.7544292211532593,0.13429495692253113
1024,1.1731,2.838,0,0,-0.4677581787109375,1.390869140625,0.0612945556640625,2.3426530361175537,3.3352034091949463,-0.08173774182796478
1025,1.1453,2.8999,0,0,-0.512420654296875,1.2556915283203125,-0.0817718505859375,2.954775094985962,2.6485402584075928,-0.27390292286872864
1026,1.1089,2.9003,0,0,-0.2433624267578125,1.076263427734375,0.077484130859375,2.7957098484039307,0.7623735070228577,0.11953465640544891
1027,1.065,2.8493,0,0,-0.2446746826171875,0.9245758056640625,-0.0926513671875,2.4868674278259277,-0.33110201358795166,0.2530224025249481
1028,1.0157,2.7597,0,0,-0.042327880859375,0.838043212890625,0.0302581787109375,1.7170480489730835,-1.2430980205535889,0.19314415752887726
1029,0.9639,2.6444,0,0,0.1779632568359375,0.861236572265625,-0.160491943359375,1.320847988128662,-0.9949327111244202,0.602141261100769
1030,0.9129,2.5143,0,0,0.1316375732421875,0.9022674560546875,-0.0946044921875,0.9593630433082581,-0.6581429839134216,0.7823083400726318
1031,0.866,2.3766,0,0,0.0710601806640625,0.9306182861328125,-0.0709381103515625,0.7408477067947388,-1.2657828330993652,0.6709533333778381
1032,0.8265,2.2348,0,0,0.0815277099609375,0.92230224609375,-0.0044708251953125,0.640023946762085,-2.2859954833984375,0.5631352663040161
1033,0.7975,2.0893,0,0,0.0943756103515625,0.8440704345703125,0.0440826416015625,0.5905144214630127,-2.687299966812134,0.6712862253189087
1034,0.7815,1.9392,0,0,-0.136260986328125,0.7130279541015625,0.091064453125,0.5411316752433777,-2.630902051925659,0.5024415254592896
1035,0.7803,1.7842,0,0,-0.3119354248046875,0.615203857421875,0.0537872314453125,0.5358051061630249,-2.4922006130218506,0.10254848003387451
1036,0.7949,1.6255,0,0,-0.44964599609375,0.557281494140625,-0.033477783203125,0.5426297187805176,-1.9737319946289062,-0.2174963653087616
1037,0.8252,1.4673,0,0,-0.5315704345703125,0.549407958984375,-0.151947021484375,0.34784772992134094,-1.2516173124313354,-0.2542498707771301
1038,0.8702,1.3161,0,0,-0.5769500732421875,0.5509490966796875,-0.3221893310546875,-0.13566835224628448,-0.6704151034355164,-0.07479168474674225
1039,0.9279,1.1806,0,0,-0.5838470458984375,0.6442413330078125,-0.4998626708984375,-0.5964087843894958,0.2303037792444229,-0.2227579802274704
1040,0.9955,1.0701,0,0,-0.490386962890625,0.794281005859375,-0.5926971435546875,-0.8367497324943542,1.1334460973739624,-0.4205229878425598
1041,1.0695,0.9936,0,0,-0.3692626953125,0.900604248046875,-0.652679443359375,-0.5528154969215393,1.2654699087142944,-0.4533698856830597
1042,1.1463,0.9584,0,0,-0.1710205078125,0.9108123779296875,-0.6854095458984375,0.04699493944644928,0.7549076080322266,-0.2808319330215454
1043,1.2215,0.9695,0,0,0.0593414306640625,0.8782958984375,-0.618133544921875,0.4034486711025238,0.16976159811019897,0.0005882922559976578
1044,1.2911,1.0283,0,0,0.33709716796875,0.9251708984375,-0.493011474609375,0.09705011546611786,0.13134577870368958,0.3908684253692627
1045,1.351,1.1325,0,0,0.5133209228515625,1.06585693359375,-0.4189453125,-0.8562462329864502,0.5199494361877441,0.8463669419288635
1046,1.3973,1.2763,0,0,0.4522857666015625,1.215545654296875,-0.6015777587890625,-1.4907771348953247,0.26465561985969543,0.9525290727615356
1047,1.4271,1.4506,0,0,0.43438720703125,1.17474365234375,-1.0496368408203125,-0.5839784741401672,-0.6451480984687805,0.7832066416740417
1048,1.4386,1.6444,0,0,0.410675048828125,1.071746826171875,-0.9904937744140625,0.31800779700279236,-1.1538417339324951,0.5824841856956482
1049,1.4313,1.8455,0,0,0.0279693603515625,1.2123870849609375,-0.470184326171875,-0.6766762137413025,-1.0979392528533936,-0.02743561938405037
1050,1.4061,2.0419,0,0,-0.433319091796875,1.222869873046875,0.1908721923828125,-2.499505043029785,-1.0788459777832031,-0.9195887446403503
1051,1.3658,2.2228,0,0,-0.82916259765625,1.2878265380859375,0.49267578125,-3.1958200931549072,-0.7652108669281006,-1.7466744184494019
1052,1.3144,2.3795,0,0,-1.1876678466796875,1.2841339111328125,-0.229339599609375,-1.1648496389389038,-0.26727432012557983,-1.7724889516830444
1053,1.2567,2.5055,0,0,-1.096954345703125,0.9470062255859375,-0.322113037109375,1.6599363088607788,-0.6420612335205078,-0.6342922449111938
1054,1.1983,2.5968,0,0,-0.623870849609375,0.442901611328125,-0.3014373779296875,2.4506232738494873,-1.4463571310043335,-0.09975428879261017
1055,1.1442,2.651,0,0,-0.248931884765625,0.473052978515625,0.1627960205078125,0.6014970541000366,-1.3996261358261108,-0.3546009659767151
1056,1.0984,2.6671,0,0,-0.188720703125,0.7926483154296875,0.52392578125,-1.9377975463867188,0.4598653316497803,-0.6929731369018555
1057,1.0635,2.6455,0,0,-0.1247406005859375,1.020599365234375,0.2695465087890625,-2.624764919281006,1.57340669631958,-0.345451682806015
1058,1.0403,2.5873,0,0,-0.06219482421875,1.1793365478515625,0.198455810546875,-2.3257386684417725,2.0502328872680664,0.2964673638343811
1059,1.0281,2.4954,0,0,0.03350830078125,1.1709442138671875,0.2124786376953125,-1.746069073677063,2.185828685760498,0.8563271760940552
1060,1.025,2.374,0,0,0.0977935791015625,1.0383758544921875,0.2573394775390625,-1.2090615034103394,1.7700563669204712,1.3272920846939087
1061,1.0281,2.2287,0,0,0.1532745361328125,0.933502197265625,0.3138275146484375,-1.058292269706726,1.0045744180679321,1.6058717966079712
1062,1.0342,2.0664,0,0,0.093017578125,0.9117431640625,0.2434539794921875,-1.127637267112732,0.14908668398857117,1.4406249523162842
1063,1.0401,1.8947,0,0,-0.0273284912109375,0.919189453125,0.1290435791015625,-1.122041940689087,-0.4799641966819763,0.7225901484489441
1064,1.0432,1.7212,0,0,-0.005828857421875,0.8993377685546875,0.06768798828125,-1.1879101991653442,-0.35595011711120605,0.05620042234659195
1065,1.0416,1.5531,0,0,-0.2892608642578125,0.9386444091796875,-1.2736663818359375,-0.030413033440709114,2.206038236618042,-0.301183819770813
1066,1.0345,1.3967,0,0,-0.10516357421875,1.0220947265625,-0.2783660888671875,-0.04878618195652962,2.325855016708374,-0.0242595337331295
1067,1.0224,1.2571,0,0,-0.09527587890625,1.01007080078125,-0.0039825439453125,-0.8296836018562317,0.45061349868774414,0.25153928995132446
1068,1.0068,1.138,0,0,-9.1552734375e-05,0.9558258056640625,0.07220458984375,-0.858962893486023,-0.3044392466545105,0.13751950860023499
1069,0.9899,1.0406,0,0,0.0851593017578125,0.920135498046875,0.0826873779296875,-0.49513357877731323,-0.4465649724006653,0.028734441846609116
1070,0.9742,0.9644,0,0,0.1014404296875,0.8648834228515625,0.051300048828125,-0.31783896684646606,-0.30636391043663025,-0.016324112191796303
1071,0.9624,0.9064,0,0,0.0538787841796875,0.8860015869140625,-0.0587310791015625,-0.6401791572570801,-0.14561551809310913,-0.08899112790822983
1072,0.9565,0.8619,0,0,-0.019622802734375,0.9517669677734375,-0.1145477294921875,-1.0371114015579224,-0.28484639525413513,-0.048460476100444794
1073,0.958,0.8256,0,0,-0.05023193359375,0.963775634765625,-0.0492095947265625,-0.8989255428314209,-0.6171447038650513,-0.058874234557151794
1074,0.9675,0.7923,0,0,-0.039031982421875,0.96356201171875,0.0286712646484375,-0.6432242393493652,-0.5628921389579773,-0.11658120900392532
1075,0.9846,0.7586,0,0,-0.0586090087890625,0.9305877685546875,0.0592498779296875,-0.7558051347732544,-0.43876323103904724,-0.1550481766462326
1076,1.0083,0.7233,0,0,-0.045074462890625,0.944000244140625,-0.0173492431640625,-0.7717025876045227,-0.11927445977926254,-0.20089368522167206
1077,1.0371,0.6883,0,0,-0.020416259765625,1.055755615234375,-0.0069580078125,-0.6213623285293579,0.21446116268634796,-0.1517208218574524
1078,1.0687,0.6589,0,0,-0.03973388671875,1.160308837890625,0.0098876953125,-0.543265163898468,0.5065625309944153,-0.11686909198760986
1079,1.1012,0.6432,0,0,-0.052001953125,1.188812255859375,-0.006866455078125,-0.5520807504653931,0.8395820260047913,-0.1487114429473877
1080,1.1326,0.6515,0,0,0.0004425048828125,1.1329345703125,-0.036834716796875,-0.4491439759731293,1.0036708116531372,-0.23506949841976166
1081,1.1611,0.6947,0,0,0.0857391357421875,1.110504150390625,-0.0780181884765625,-0.2850644886493683,0.8754500150680542,-0.1800539195537567
1082,1.1857,0.7824,0,0,0.1375885009765625,1.1340484619140625,-0.0920257568359375,-0.12525512278079987,0.641370415687561,-0.047978710383176804
1083,1.2054,0.9215,0,0,0.1912689208984375,1.2873687744140625,-0.0575103759765625,0.0399404913187027,0.3790924549102783,0.1694907546043396
1084,1.2201,1.114,0,0,0.1882171630859375,1.282958984375,-0.0216522216796875,0.27982577681541443,0.1046646237373352,0.2993888258934021
1085,1.2296,1.3557,0,0,0.171630859375,1.257110595703125,0.044891357421875,0.5435122847557068,-0.3610282242298126,0.4085153341293335
1086,1.2341,1.636,0,0,0.1353759765625,1.1709747314453125,0.0626678466796875,0.8686762452125549,-0.9170954823493958,0.3592180907726288
1087,1.2338,1.9386,0,0,0.0713958740234375,1.14483642578125,0.10357666015625,1.2314139604568481,-1.5076093673706055,0.3113267123699188
1088,1.2286,2.2427,0,0,-0.1016387939453125,1.033203125,0.093414306640625,1.5775420665740967,-1.914574146270752,0.21058332920074463
1089,1.2183,2.5258,0,0,-0.2760467529296875,0.9755706787109375,0.0606842041015625,2.078047275543213,-1.6491116285324097,-0.163704514503479
1090,1.2027,2.7662,0,0,-0.3871917724609375,1.0890655517578125,0.239715576171875,2.2189414501190186,-0.33335080742836,-0.5528051257133484
1091,1.1813,2.9455,0,0,-0.637939453125,1.3560028076171875,0.2051544189453125,2.3431286811828613,1.9196749925613403,-1.0462907552719116
1092,1.1542,3.0514,0,0,-0.644287109375,1.259124755859375,0.103424072265625,2.84194278717041,2.8673107624053955,-1.2039176225662231
1093,1.1217,3.0785,0,0,-0.6017913818359375,1.0608673095703125,0.0877685546875,3.0731139183044434,2.8235185146331787,-0.7507070302963257
1094,1.0846,3.0294,0,0,-0.36724853515625,0.8704986572265625,0.046875,2.903383493423462,1.8432360887527466,0.04469556733965874
1095,1.0441,2.9135,0,0,-0.3172454833984375,0.8267669677734375,-0.0741424560546875,2.5600175857543945,0.23096610605716705,0.3084148168563843
1096,1.0017,2.745,0,0,-0.2211151123046875,0.763702392578125,0.0909881591796875,1.9452295303344727,-1.222602128982544,0.026547454297542572
1097,0.9592,2.5406,0,0,0.11181640625,0.86981201171875,0.0111083984375,1.0475256443023682,-1.616275429725647,0.21407634019851685
1098,0.9182,2.3168,0,0,0.2817230224609375,1.0258636474609375,-0.27276611328125,0.9986411929130554,-0.050707120448350906,0.819876492023468
1099,0.8803,2.0877,0,0,0.10888671875,1.0155792236328125,-0.1368408203125,0.9681410789489746,0.26076287031173706,0.9366731643676758
1100,0.8473,1.8641,0,0,-0.036346435546875,0.8757781982421875,-0.0405731201171875,0.895417332649231,-0.9562567472457886,0.44367995858192444
1101,0.8208,1.6529,0,0,0.015045166015625,0.7576751708984375,0.01519775390625,0.7390477061271667,-2.039663076400757,0.24945536255836487
1102,0.8023,1.4581,0,0,0.0579376220703125,0.77728271484375,-0.0220794677734375,0.546717643737793,-2.3095545768737793,0.5566864013671875
1103,0.7932,1.2821,0,0,-0.239715576171875,0.7253265380859375,-0.1065216064453125,0.5466673374176025,-1.731554627418518,0.46660178899765015
1104,0.7946,1.1265,0,0,-0.330413818359375,0.64776611328125,-0.161651611328125,0.6512587070465088,-1.2348086833953857,0.22783049941062927
1105,0.8072,0.9938,0,0,-0.3848724365234375,0.60882568359375,-0.2303619384765625,0.3804890215396881,-0.8740161657333374,0.17491668462753296
1106,0.8314,0.8869,0,0,-0.4517822265625,0.60467529296875,-0.437713623046875,-0.10105977207422256,-0.2808052897453308,0.14100585877895355
1107,0.867,0.8096,0,0,-0.4395904541015625,0.632904052734375,-0.5588531494140625,-0.5770199298858643,0.37196609377861023,-0.01612304337322712
1108,0.9135,0.7657,0,0,-0.3837738037109375,0.736968994140625,-0.55999755859375,-0.6919835209846497,0.7549166679382324,-0.25190362334251404
1109,0.9696,0.759,0,0,-0.310699462890625,0.8322296142578125,-0.5541839599609375,-0.42275550961494446,0.6255512237548828,-0.37101587653160095
1110,1.0335,0.7921,0,0,-0.169586181640625,0.840362548828125,-0.536163330078125,-0.11531540751457214,0.0218493714928627,-0.32381027936935425
1111,1.1028,0.8663,0,0,-0.019317626953125,0.80072021484375,-0.5387115478515625,0.015798937529325485,-0.8119986057281494,-0.12770016491413116
1112,1.1741,0.9808,0,0,0.097625732421875,0.8602294921875,-0.5565032958984375,-0.19453060626983643,-1.257790446281433,0.05335376784205437
1113,1.2438,1.1329,0,0,0.2197265625,0.9736328125,-0.5860595703125,-0.7213035821914673,-0.6854515671730042,0.29791051149368286
1114,1.3073,1.3174,0,0,0.2718963623046875,1.087432861328125,-0.63848876953125,-1.1575696468353271,0.4516582787036896,0.5735597014427185
1115,1.3604,1.5271,0,0,0.253204345703125,1.0878448486328125,-0.892059326171875,-0.8252078890800476,0.753005862236023,0.6944141983985901
1116,1.3988,1.7534,0,0,0.270721435546875,0.95501708984375,-1.0428466796875,0.02947559952735901,-0.2768220007419586,0.759577751159668
1117,1.4195,1.9861,0,0,0.0196685791015625,1.026275634765625,-0.536285400390625,-0.3522411286830902,-2.218233346939087,0.36013928055763245
1118,1.4207,2.215,0,0,-0.41015625,1.3383331298828125,0.1372833251953125,-1.9541844129562378,-2.343608856201172,-0.5370935201644897
1119,1.4023,2.43,0,0,-0.6044464111328125,1.498016357421875,0.5327606201171875,-3.2512714862823486,-0.613351047039032,-0.9916868805885315
1120,1.3662,2.6221,0,0,-0.965545654296875,1.548126220703125,0.1950225830078125,-2.3672404289245605,0.5913442373275757,-0.666771650314331
1121,1.3165,2.7833,0,0,-1.412017822265625,1.1549072265625,-0.692138671875,1.264672040939331,0.054181214421987534,-0.46933314204216003
1122,1.2585,2.907,0,0,-0.7630615234375,0.577789306640625,-0.3811187744140625,3.2304768562316895,-1.6951649188995361,-0.5755131244659424
1123,1.1981,2.9875,0,0,-0.1395721435546875,0.3625030517578125,0.1750946044921875,1.4988489151000977,-2.1038222312927246,-0.5525388121604919
1124,1.1414,3.0206,0,0,-0.151580810546875,0.6740875244140625,0.6232757568359375,-1.4559357166290283,-0.24895521998405457,-0.7614709734916687
1125,1.093,3.0034,0,0,-0.0404510498046875,0.847930908203125,0.334564208984375,-2.5815482139587402,1.529847502708435,-0.5206754207611084
1126,1.0561,2.9352,0,0,-0.066619873046875,1.054412841796875,0.198638916015625,-2.4686412811279297,2.6965765953063965,0.010568222030997276
1127,1.0317,2.8185,0,0,0.0050048828125,1.167755126953125,0.1923065185546875,-1.9417773485183716,2.9480276107788086,0.6870673298835754
1128,1.0193,2.6589,0,0,0.087646484375,1.1279449462890625,0.275482177734375,-1.4497876167297363,2.498971700668335,1.367318034172058
1129,1.0167,2.4657,0,0,0.105072021484375,0.9854888916015625,0.3611602783203125,-1.3314114809036255,1.695479393005371,1.6987355947494507
1130,1.021,2.2512,0,0,0.065948486328125,0.9246978759765625,0.2742156982421875,-1.3100241422653198,0.9230801463127136,1.573413372039795
1131,1.0285,2.0293,0,0,-0.0334320068359375,0.92901611328125,0.17901611328125,-1.1741751432418823,0.28471747040748596,0.8771467208862305
1132,1.036,1.8141,0,0,0.000213623046875,0.90203857421875,0.1165618896484375,-1.1438252925872803,-0.0026871294248849154,0.1744018942117691
1133,1.0406,1.6182,0,0,-0.0045928955078125,0.9232940673828125,0.0719757080078125,-1.3114696741104126,0.06550923734903336,-0.030339529737830162
1134,1.0407,1.4511,0,0,-0.291900634765625,1.05267333984375,-1.4064178466796875,-0.2075454741716385,1.9957401752471924,-0.16431544721126556
1135,1.0359,1.3184,0,0,-0.0780792236328125,1.02618408203125,-0.3815155029296875,-0.053222473710775375,1.7632453441619873,0.1075134128332138
1136,1.0269,1.2212,0,0,-0.0085296630859375,0.9179534912109375,0.067840576171875,-0.6594599485397339,0.4891353249549866,0.13054123520851135
1137,1.0157,1.1562,0,0,0.033966064453125,0.951171875,0.1368255615234375,-0.6606146693229675,0.037872545421123505,0.023867515847086906
1138,1.0048,1.1162,0,0,0.0439300537109375,0.890411376953125,0.0951385498046875,-0.43115806579589844,-0.20905867218971252,-0.09632919728755951
1139,0.9969,1.0911,0,0,0.0621490478515625,0.852325439453125,0.103912353515625,-0.37091174721717834,-0.5010578036308289,-0.14727866649627686
1140,0.9942,1.0698,0,0,0.0287322998046875,0.8849029541015625,0.1199951171875,-0.7348436117172241,-0.927912175655365,-0.12867195904254913
1141,0.9983,1.0422,0,0,-0.0509796142578125,0.939422607421875,0.01605224609375,-1.4192821979522705,-1.212963342666626,-0.06779875606298447
1142,1.0096,1.001,0,0,-0.11248779296875,0.97222900390625,-0.13653564453125,-1.5858535766601562,-0.9381603002548218,-0.12623517215251923
1143,1.0278,0.9437,0,0,-0.114288330078125,1.0038604736328125,-0.14239501953125,-1.1528520584106445,-0.28482159972190857,-0.2304835468530655
1144,1.0515,0.8732,0,0,-0.05548095703125,1.06610107421875,-0.0268402099609375,-0.6374526619911194,0.11860015243291855,-0.24323208630084991
1145,1.079,0.7982,0,0,-0.0417633056640625,1.166961669921875,-0.054107666015625,-0.53438401222229,0.45758458971977234,-0.16336628794670105
1146,1.1083,0.7317,0,0,-0.0067901611328125,1.1811370849609375,-0.1380767822265625,-0.5365214943885803,0.8900947570800781,-0.11344027519226074
1147,1.1374,0.6896,0,0,0.0707244873046875,1.1666717529296875,-0.058502197265625,-0.2457229495048523,1.055891752243042,-0.17745760083198547
1148,1.1648,0.6882,0,0,0.17877197265625,1.2095184326171875,-0.0133056640625,0.1136874184012413,0.7673823833465576,-0.1926775723695755
1149,1.1893,0.7416,0,0,0.1847686767578125,1.1730499267578125,-0.035247802734375,0.14453774690628052,0.4368894398212433,-0.11566268652677536
1150,1.21,0.8594,0,0,0.1823272705078125,1.23046875,-0.0281982421875,0.04538186267018318,0.07167871296405792,0.13787530362606049
1151,1.2267,1.044,0,0,0.1157379150390625,1.2310333251953125,-0.00885009765625,0.09985016286373138,-0.19028738141059875,0.33357957005500793
1152,1.239,1.2901,0,0,0.0681915283203125,1.2205352783203125,0.0530242919921875,0.37174320220947266,-0.5193030834197998,0.3400917947292328
1153,1.2468,1.584,0,0,0.00665283203125,1.1651458740234375,0.00982666015625,0.896011471748352,-0.8184525370597839,0.20683972537517548
1154,1.2495,1.9053,0,0,-0.08892822265625,1.1319427490234375,-0.008880615234375,1.591925024986267,-1.0677167177200317,0.11741797626018524
1155,1.2466,2.2286,0,0,-0.165863037109375,1.09686279296875,0.0643157958984375,2.159440040588379,-1.1281613111495972,0.05413966625928879
1156,1.2372,2.5271,0,0,-0.225341796875,1.0904693603515625,0.1844482421875,2.4474687576293945,-0.614470899105072,0.0772915929555893
1157,1.2203,2.7758,0,0,-0.402130126953125,1.2462005615234375,0.223297119140625,2.4351212978363037,0.7439138293266296,-0.13186055421829224
1158,1.1954,2.9547,0,0,-0.4921417236328125,1.302459716796875,0.21234130859375,2.369706869125366,3.053929567337036,-0.35294660925865173
1159,1.162,3.0514,0,0,-0.684814453125,1.1754302978515625,-0.0573272705078125,2.8846335411071777,3.4861600399017334,-0.6356584429740906
1160,1.1207,3.0623,0,0,-0.5184326171875,1.0081939697265625,-0.0123138427734375,3.175382375717163,2.492910146713257,-0.4510859549045563
1161,1.0726,2.993,0,0,-0.240020751953125,0.9187164306640625,0.1020660400390625,2.691863775253296,0.8587805032730103,0.18578851222991943
1162,1.0195,2.8559,0,0,-0.286346435546875,0.8701324462890625,-0.0873870849609375,2.3710620403289795,-0.4591417610645294,0.20093470811843872
1163,0.9637,2.6687,0,0,-0.0167388916015625,0.8167877197265625,0.09844970703125,1.5498119592666626,-1.10543692111969,0.18046458065509796
1164,0.9083,2.4504,0,0,0.154022216796875,0.8795013427734375,-0.222259521484375,1.3879988193511963,-0.25270548462867737,0.5659001469612122
1165,0.8561,2.2192,0,0,0.0432281494140625,0.911346435546875,-0.1284942626953125,1.3527179956436157,0.14315475523471832,0.5542733073234558
1166,0.8103,1.9897,0,0,-0.003753662109375,0.9406585693359375,-0.1076202392578125,1.2550625801086426,-0.7615026831626892,0.29886046051979065
1167,0.7742,1.7726,0,0,0.0290985107421875,0.871368408203125,-0.0728759765625,1.1428157091140747,-1.5163466930389404,0.2565106153488159
1168,0.7506,1.5742,0,0,-0.0757598876953125,0.7523651123046875,-0.0141448974609375,0.8819699883460999,-1.8342524766921997,0.24036812782287598
1169,0.742,1.3975,0,0,-0.228759765625,0.629913330078125,0.0057373046875,0.5980258584022522,-2.0812854766845703,0.08160005509853363
1170,0.7498,1.2437,0,0,-0.387237548828125,0.57177734375,-0.0789031982421875,0.4582565128803253,-1.689500331878662,-0.14450658857822418
1171,0.7748,1.1127,0,0,-0.43695068359375,0.56866455078125,-0.1346435546875,0.26867035031318665,-0.9058201909065247,-0.18746016919612885
1172,0.8162,1.0048,0,0,-0.4136962890625,0.5701446533203125,-0.2066192626953125,-0.21544413268566132,-0.36685603857040405,0.046901196241378784
1173,0.8722,0.921,0,0,-0.37811279296875,0.58978271484375,-0.3398284912109375,-0.7573177814483643,-0.13132180273532867,0.10594640672206879
1174,0.9398,0.863,0,0,-0.31842041015625,0.70452880859375,-0.49151611328125,-1.151013731956482,0.1677597016096115,-0.11683234572410583
1175,1.0148,0.8333,0,0,-0.2544097900390625,0.834075927734375,-0.5917205810546875,-1.2659791707992554,0.5880749821662903,-0.28899744153022766
1176,1.0927,0.835,0,0,-0.1819305419921875,0.9128265380859375,-0.6871795654296875,-0.9991602301597595,0.7718261480331421,-0.2672596573829651
1177,1.1686,0.8707,0,0,-0.11865234375,0.9423828125,-0.7657318115234375,-0.506812572479248,0.012571185827255249,-0.1421467512845993
1178,1.238,0.9421,0,0,0.0112457275390625,1.0639801025390625,-0.8172760009765625,-0.09538830071687698,-0.9189999103546143,-0.11138670891523361
1179,1.2967,1.0485,0,0,0.214691162109375,1.1726226806640625,-0.7963409423828125,-0.04382551088929176,-0.598415732383728,0.09903017431497574
1180,1.3415,1.1864,0,0,0.202545166015625,1.1197052001953125,-0.67828369140625,-0.3007185459136963,0.3058810830116272,0.3452354371547699
1181,1.3701,1.3491,0,0,0.18939208984375,0.899261474609375,-0.8287811279296875,-0.037269074469804764,-0.03955406695604324,0.6128761768341064
1182,1.3811,1.5271,0,0,0.150634765625,0.7254791259765625,-0.8502655029296875,0.31272009015083313,-0.8960519433021545,0.5966732501983643
1183,1.3744,1.7093,0,0,-0.0599517822265625,1.0214996337890625,-0.284912109375,-0.9198238849639893,-1.4125337600708008,0.07633338868618011
1184,1.3509,1.8843,0,0,-0.3203582763671875,1.2712860107421875,0.39532470703125,-3.027883291244507,-1.0579478740692139,-0.5146684050559998
1185,1.313,2.0419,0,0,-0.6796112060546875,1.5170745849609375,0.6070098876953125,-3.9133737087249756,-0.5576313138008118,-0.7286869287490845
1186,1.2642,2.1747,0,0,-1.0394744873046875,1.6831512451171875,-0.344085693359375,-1.4815170764923096,-0.01363325398415327,-0.4666353464126587
1187,1.209,2.2783,0,0,-0.876678466796875,1.054595947265625,-0.291351318359375,1.79134202003479,-0.8003070950508118,-0.10464944690465927
1188,1.1526,2.3509,0,0,-0.3321075439453125,0.6092071533203125,-0.235137939453125,2.7013585567474365,-0.7729443907737732,-0.1252383440732956
1189,1.1002,2.3924,0,0,-0.2106781005859375,0.4296722412109375,0.2964324951171875,0.756733775138855,-0.22088977694511414,-0.5415599346160889
1190,1.056,2.4038,0,0,-0.2200164794921875,0.6730804443359375,0.443572998046875,-1.2144118547439575,0.44168445467948914,-0.7937138676643372
1191,1.0229,2.3862,0,0,-0.1173248291015625,0.8475341796875,0.227935791015625,-1.9039593935012817,1.1747632026672363,-0.3370555341243744
1192,1.0018,2.3407,0,0,-0.139434814453125,1.0623779296875,0.1777801513671875,-2.03507924079895,1.733749508857727,0.1691671907901764
1193,0.9921,2.2687,0,0,-0.0542144775390625,1.140411376953125,0.2070770263671875,-1.9147424697875977,1.9074382781982422,0.6881120800971985
1194,0.9917,2.1729,0,0,0.0330963134765625,1.066253662109375,0.2649078369140625,-1.6449542045593262,1.7503710985183716,1.1904492378234863
1195,0.9976,2.0572,0,0,0.0417633056640625,0.9519500732421875,0.3564910888671875,-1.6479086875915527,1.253741979598999,1.4010696411132812
1196,1.0066,1.9274,0,0,0.00909423828125,0.92950439453125,0.2618408203125,-1.6196142435073853,0.5230852961540222,1.1378544569015503
1197,1.0154,1.7906,0,0,-0.0326080322265625,0.9198150634765625,0.122955322265625,-1.3493340015411377,-0.13224779069423676,0.5647022724151611
1198,1.0217,1.655,0,0,-0.0249786376953125,0.908477783203125,0.0302886962890625,-1.0714384317398071,-0.373740553855896,0.013318202458322048
1199,1.0238,1.5283,0,0,-0.202392578125,0.9239349365234375,-1.2599639892578125,0.46532854437828064,1.8155837059020996,-0.22051186859607697
1200,1.0216,1.4171,0,0,-0.035736083984375,1.0176544189453125,-0.239837646484375,0.2410821169614792,1.8784431219100952,0.18569210171699524
1201,1.0156,1.3258,0,0,-0.058563232421875,0.984222412109375,0.033447265625,-0.7338218092918396,0.39682137966156006,0.17110197246074677
1202,1.0078,1.2561,0,0,0.053741455078125,0.948516845703125,0.08843994140625,-0.869334876537323,-0.24918213486671448,0.0767672136425972
1203,1.0003,1.2063,0,0,0.0674591064453125,0.9073333740234375,0.065093994140625,-0.556641161441803,-0.4843882620334625,0.051833901554346085
1204,0.9953,1.1721,0,0,0.045562744140625,0.8771514892578125,0.064300537109375,-0.36522698402404785,-0.5043531656265259,-0.02947559952735901
1205,0.9949,1.1468,0,0,0.007049560546875,0.8749237060546875,0.132965087890625,-0.5872541666030884,-0.6591504812240601,-0.057801779359579086
1206,1.0003,1.1233,0,0,-0.094573974609375,0.91748046875,0.1005859375,-1.2518351078033447,-0.9029096364974976,-0.05819086730480194
1207,1.0118,1.0955,0,0,-0.178497314453125,0.945281982421875,-0.0851898193359375,-1.757565975189209,-0.6806171536445618,-0.12253124266862869
1208,1.029,1.0598,0,0,-0.2018280029296875,0.996856689453125,-0.2211456298828125,-1.5132161378860474,-0.05149861052632332,-0.24488085508346558
1209,1.051,1.0167,0,0,-0.1478118896484375,1.0966796875,-0.2167816162109375,-0.6023556590080261,0.7736788988113403,-0.33927181363105774
1210,1.0763,0.9709,0,0,-0.0034332275390625,1.172210693359375,-0.0495452880859375,-0.09617313742637634,1.1030170917510986,-0.23283644020557404
1211,1.1033,0.9309,0,0,0.1266937255859375,1.1738739013671875,-0.034515380859375,-0.0922686755657196,1.3570808172225952,-0.09193551540374756
1212,1.1306,0.9081,0,0,0.178497314453125,1.1841278076171875,-0.0146484375,-0.16221792995929718,1.3119701147079468,-0.1250077188014984
1213,1.1571,0.9144,0,0,0.1774749755859375,1.130157470703125,-0.085296630859375,0.05000138282775879,0.7244274616241455,-0.16579243540763855
1214,1.182,0.9606,0,0,0.1312408447265625,1.1167755126953125,-0.2062225341796875,0.20427830517292023,0.26859551668167114,0.02166881039738655
1215,1.2044,1.0535,0,0,0.166107177734375,1.26947021484375,-0.164093017578125,0.2766773998737335,0.11271509528160095,0.2827395498752594
1216,1.2239,1.1948,0,0,0.1127777099609375,1.2337646484375,-0.0820465087890625,0.36385998129844666,0.02641509659588337,0.3516879975795746
1217,1.2396,1.38,0,0,-0.0050048828125,1.13714599609375,-0.054718017578125,0.7359504699707031,-0.24165762960910797,0.15930896997451782
1218,1.2507,1.5984,0,0,-0.10833740234375,1.06402587890625,-0.1871490478515625,1.5534242391586304,-0.42522132396698,-0.11009187996387482
1219,1.2558,1.8348,0,0,-0.0298614501953125,1.068084716796875,0.0614013671875,2.1425042152404785,-0.6302511692047119,0.028869464993476868
1220,1.2537,2.0712,0,0,0.0388336181640625,1.1774749755859375,0.181793212890625,2.182126045227051,-0.9414841532707214,0.6352749466896057
1221,1.2428,2.2894,0,0,-0.139678955078125,1.305023193359375,0.05780029296875,2.350733757019043,-0.5676743388175964,0.7180942296981812
1222,1.2222,2.4734,0,0,-0.278076171875,1.3735504150390625,0.1910858154296875,2.166154146194458,1.0456374883651733,0.29439088702201843
1223,1.1915,2.6111,0,0,-0.383758544921875,1.348968505859375,0.1080169677734375,1.8803226947784424,2.586005210876465,-0.08784676343202591
1224,1.1512,2.6957,0,0,-0.4593658447265625,1.2674560546875,-0.2083282470703125,2.2509496212005615,3.010617733001709,-0.2600235939025879
1225,1.1028,2.7259,0,0,-0.2975921630859375,1.048583984375,-0.0419158935546875,2.543461799621582,1.3445525169372559,-0.0452423132956028
1226,1.0486,2.7048,0,0,-0.1821441650390625,0.8484954833984375,0.0369720458984375,2.23144793510437,-0.006224073935300112,0.34116077423095703
1227,0.9915,2.6393,0,0,-0.1799163818359375,0.7625579833984375,0.1117095947265625,1.5728259086608887,-1.3798534870147705,0.30720070004463196
1228,0.9346,2.538,0,0,-0.04833984375,0.74151611328125,-0.126739501953125,1.3273022174835205,-1.6792495250701904,0.33252495527267456
1229,0.8809,2.4093,0,0,-0.0865631103515625,0.827484130859375,-0.113616943359375,1.303673505783081,-1.0523617267608643,0.29449713230133057
1230,0.8336,2.2609,0,0,-0.0619354248046875,0.94134521484375,-0.02392578125,1.1023985147476196,-1.1891651153564453,0.19950644671916962
1231,0.7952,2.0988,0,0,-0.015777587890625,0.99560546875,-0.034332275390625,0.9633540511131287,-1.923752784729004,0.377918541431427
1232,0.7682,1.9278,0,0,-0.08868408203125,0.876708984375,0.0041656494140625,0.8877639174461365,-2.1572959423065186,0.588546872138977
1233,0.7545,1.7522,0,0,-0.2251434326171875,0.731658935546875,0.0333251953125,0.7298459410667419,-2.1321792602539062,0.5188570022583008
1234,0.7558,1.5766,0,0,-0.33612060546875,0.6258697509765625,0.0045166015625,0.5886424779891968,-2.1084182262420654,0.23511292040348053
1235,0.7731,1.4065,0,0,-0.43304443359375,0.5872344970703125,-0.080841064453125,0.533770740032196,-1.6443397998809814,-0.04008962959051132
1236,0.8063,1.2488,0,0,-0.469207763671875,0.53436279296875,-0.1553192138671875,0.3749251365661621,-0.833023726940155,-0.0765693411231041
1237,0.8547,1.1114,0,0,-0.498687744140625,0.475738525390625,-0.295501708984375,-0.05060458928346634,-0.2888488471508026,-0.007446198258548975
1238,0.9163,1.0026,0,0,-0.483306884765625,0.5637969970703125,-0.4221954345703125,-0.6790426969528198,0.25385624170303345,-0.18773554265499115
1239,0.9883,0.9307,0,0,-0.41143798828125,0.7458343505859375,-0.5241851806640625,-1.2224128246307373,0.9966003894805908,-0.4792789816856384
1240,1.067,0.9027,0,0,-0.2872314453125,0.91650390625,-0.6423187255859375,-1.0718096494674683,1.0806761980056763,-0.4953056275844574
1241,1.148,0.9238,0,0,-0.1598052978515625,1.008941650390625,-0.6615142822265625,-0.5932923555374146,0.45853108167648315,-0.3815329670906067
1242,1.2269,0.9963,0,0,0.0119476318359375,0.987823486328125,-0.69464111328125,-0.12676167488098145,-0.5329294204711914,-0.15313895046710968
1243,1.2991,1.1192,0,0,0.1575927734375,1.03570556640625,-0.7642364501953125,0.14563389122486115,-0.8793137073516846,0.06770128011703491
1244,1.3605,1.2875,0,0,0.332672119140625,1.1891937255859375,-0.6905975341796875,-0.2800593376159668,0.2243739813566208,0.43137669563293457
1245,1.4076,1.4918,0,0,0.407379150390625,1.1602630615234375,-0.81756591796875,-0.5221521258354187,1.2027291059494019,0.8120185732841492
1246,1.4376,1.7197,0,0,0.4468994140625,0.8854217529296875,-1.022491455078125,0.2826487421989441,0.1621854454278946,1.1342823505401611
1247,1.4488,1.9562,0,0,0.2515716552734375,0.81915283203125,-0.6097869873046875,-0.05531172454357147,-1.2020153999328613,0.6948559880256653
1248,1.4407,2.186,0,0,-0.1273956298828125,1.119873046875,0.150665283203125,-2.134345054626465,-1.5557310581207275,-0.30402860045433044
1249,1.414,2.3951,0,0,-0.5411834716796875,1.344482421875,0.6335296630859375,-4.090249061584473,-1.089888334274292,-1.2251031398773193
1250,1.3712,2.5722,0,0,-0.898406982421875,1.6301116943359375,0.4632415771484375,-3.7193684577941895,-0.006391054019331932,-1.4555405378341675
1251,1.316,2.7099,0,0,-1.3093414306640625,1.5498809814453125,-0.4840850830078125,0.14156486093997955,0.2946947515010834,-0.5289562344551086
1252,1.2535,2.8046,0,0,-0.924072265625,0.8250579833984375,-0.1797332763671875,2.818589448928833,-1.2852004766464233,-0.08456575125455856
1253,1.1895,2.856,0,0,-0.283721923828125,0.525909423828125,-0.36700439453125,3.246318817138672,-1.8556538820266724,-0.1306120753288269
1254,1.1298,2.8661,0,0,-0.142364501953125,0.5000457763671875,0.3392486572265625,0.5763578414916992,-0.4989805221557617,-0.6499380469322205
1255,1.0789,2.8381,0,0,-0.11224365234375,0.788482666015625,0.408905029296875,-1.5475122928619385,1.3270243406295776,-0.6848419904708862
1256,1.0401,2.7759,0,0,-0.08087158203125,0.972686767578125,0.188018798828125,-2.2388579845428467,2.1723124980926514,-0.23235628008842468
1257,1.0144,2.6839,0,0,-0.01556396484375,1.08038330078125,0.15313720703125,-2.2509207725524902,2.1583173274993896,0.4199512004852295
1258,1.0011,2.5668,0,0,0.0513153076171875,1.0901336669921875,0.216644287109375,-1.948180079460144,1.9636567831039429,1.0483858585357666
1259,0.998,2.4302,0,0,0.13018798828125,0.980072021484375,0.352203369140625,-1.8108004331588745,1.5736483335494995,1.606731653213501
1260,1.0017,2.2802,0,0,0.02484130859375,0.89532470703125,0.3129425048828125,-1.8297948837280273,1.0263124704360962,1.5456864833831787
1261,1.0084,2.1238,0,0,-0.0351715087890625,0.874267578125,0.16534423828125,-1.5444674491882324,0.2536514401435852,0.9247968196868896
1262,1.0147,1.968,0,0,-0.044403076171875,0.91546630859375,0.0395050048828125,-1.0972713232040405,-0.12950019538402557,0.20706716179847717
1263,1.0178,1.8191,0,0,-0.1434478759765625,0.93963623046875,-1.346893310546875,0.47743234038352966,2.15836501121521,-0.2563050091266632
1264,1.0163,1.6822,0,0,-0.0059814453125,1.0144500732421875,-0.260009765625,0.1251741647720337,2.2123146057128906,0.06732124835252762
1265,1.0101,1.5608,0,0,0.0231170654296875,1.0029144287109375,0.0526123046875,-1.0071313381195068,-0.02130901627242565,0.1559499204158783
1266,1.0002,1.4558,0,0,0.0730133056640625,0.9946441650390625,0.109832763671875,-1.0535821914672852,-0.8907663822174072,0.07962718605995178
1267,0.989,1.3661,0,0,0.074310302734375,0.908935546875,0.075775146484375,-0.6827769875526428,-1.0008548498153687,-0.061291322112083435
1268,0.9788,1.2884,0,0,0.0693817138671875,0.8334503173828125,0.0194549560546875,-0.4748554527759552,-0.8092238903045654,-0.11510341614484787
1269,0.9725,1.2181,0,0,0.0146942138671875,0.8604888916015625,-0.0292816162109375,-0.7348926663398743,-0.6390451788902283,-0.06217043101787567
1270,0.9719,1.1499,0,0,-0.0477142333984375,0.9171142578125,0.013824462890625,-1.1570580005645752,-0.7393078804016113,-0.031140608713030815
1271,0.9783,1.0793,0,0,-0.103729248046875,0.9332275390625,0.022552490234375,-1.2481039762496948,-0.7850226759910583,-0.11677002906799316
1272,0.9921,1.0034,0,0,-0.17742919921875,0.9521484375,-0.0596771240234375,-1.0381132364273071,-0.2532748878002167,-0.21048586070537567
1273,1.0126,0.9224,0,0,-0.1862640380859375,0.9697723388671875,-0.146392822265625,-0.6695207953453064,0.5403285026550293,-0.1840643733739853
1274,1.0383,0.8399,0,0,-0.0903167724609375,1.036956787109375,-0.01898193359375,-0.3904218077659607,0.8312684297561646,-0.14209215342998505
1275,1.0674,0.7629,0,0,0.018218994140625,1.128875732421875,0.0367431640625,-0.23047049343585968,0.9635460376739502,-0.1645122468471527
1276,1.098,0.7017,0,0,0.138427734375,1.2034759521484375,0.033905029296875,-0.32191944122314453,1.0850186347961426,-0.2284582108259201
1277,1.1281,0.6686,0,0,0.1998291015625,1.1922760009765625,0.04486083984375,-0.3246912658214569,0.9994539618492126,-0.24819089472293854
1278,1.1562,0.6765,0,0,0.19659423828125,1.1307525634765625,0.0153656005859375,-0.3356083631515503,0.5330567359924316,-0.14362187683582306
1279,1.1814,0.7364,0,0,0.11065673828125,1.127685546875,-0.095245361328125,-0.46500498056411743,0.21901437640190125,0.0752638578414917
1280,1.2031,0.8561,0,0,0.09576416015625,1.2635040283203125,-0.172607421875,-0.3402846157550812,0.2577391266822815,0.24316418170928955
1281,1.2211,1.0375,0,0,0.078857421875,1.2733306884765625,-0.14227294921875,0.10224727541208267,0.27035051584243774,0.34401676058769226
1282,1.2351,1.2762,0,0,0.0934295654296875,1.25946044921875,-0.0072174072265625,0.6356781721115112,0.03525865450501442,0.27831363677978516
1283,1.245,1.5604,0,0,0.0284881591796875,1.15716552734375,0.01165771484375,1.0549182891845703,-0.32194581627845764,0.16325922310352325
1284,1.2504,1.872,0,0,-0.03338623046875,1.1019439697265625,0.011627197265625,1.5408663749694824,-0.8604763746261597,0.17451800405979156
1285,1.2504,2.1887,0,0,-0.1044769287109375,0.9855804443359375,0.0181121826171875,2.1010663509368896,-1.3798234462738037,0.24313995242118835
1286,1.244,2.4859,0,0,-0.18658447265625,1.0214691162109375,0.146209716796875,2.4440252780914307,-1.3744091987609863,0.26961734890937805
1287,1.2299,2.7399,0,0,-0.3139495849609375,1.199188232421875,0.2826690673828125,2.253091812133789,-0.5735394358634949,0.10606438666582108
1288,1.2071,2.931,0,0,-0.639556884765625,1.4366302490234375,0.161895751953125,2.2834157943725586,1.792844295501709,-0.6013785004615784
1289,1.1752,3.0454,0,0,-0.68170166015625,1.34661865234375,0.028778076171875,2.7015743255615234,3.149505615234375,-1.1837815046310425
1290,1.135,3.0772,0,0,-0.5312042236328125,1.157196044921875,0.00030517578125,3.0844998359680176,2.9215614795684814,-0.8473107814788818
1291,1.0878,3.0287,0,0,-0.2992095947265625,0.988525390625,0.0438232421875,2.862412691116333,1.3667092323303223,0.1319713443517685
1292,1.0361,2.9096,0,0,-0.3387451171875,0.8264007568359375,-0.0418548583984375,2.5098788738250732,-0.11050494015216827,0.2648729383945465
1293,0.9828,2.7349,0,0,-0.1093902587890625,0.691162109375,0.0706329345703125,1.7360692024230957,-1.9305150508880615,0.17718276381492615
1294,0.9309,2.5227,0,0,0.090606689453125,0.7772674560546875,-0.1780242919921875,1.3952505588531494,-1.2248388528823853,0.37459996342658997
1295,0.8833,2.291,0,0,0.109405517578125,0.8801727294921875,-0.2154388427734375,1.2632951736450195,0.3170442581176758,0.4881230592727661
1296,0.8425,2.0558,0,0,0.0057830810546875,0.916595458984375,-0.10040283203125,1.049181580543518,0.06190810725092888,0.25651833415031433
1297,0.8105,1.8296,0,0,-0.0102081298828125,0.9076995849609375,-0.025726318359375,0.7203680276870728,-1.4294085502624512,0.05992884561419487
1298,0.7886,1.6206,0,0,-0.070526123046875,0.8278961181640625,-0.013519287109375,0.48704636096954346,-2.204939603805542,0.07960242033004761
1299,0.778,1.4335,0,0,-0.13385009765625,0.7455902099609375,0.00396728515625,0.33573564887046814,-2.162376642227173,0.2634683847427368
1300,0.7791,1.2703,0,0,-0.3352508544921875,0.6492462158203125,-0.0874481201171875,0.45613184571266174,-1.6492764949798584,0.18831957876682281
1301,0.7921,1.1315,0,0,-0.393951416015625,0.626983642578125,-0.2013397216796875,0.7165114879608154,-1.0735596418380737,0.10117721557617188
1302,0.8166,1.0168,0,0,-0.4154815673828125,0.627685546875,-0.29144287109375,0.48266464471817017,-0.7048407196998596,0.13727982342243195
1303,0.852,0.926,0,0,-0.4016571044921875,0.63665771484375,-0.488433837890625,-0.10658476501703262,-0.22676309943199158,0.12365589290857315
1304,0.897,0.8591,0,0,-0.35748291015625,0.6843719482421875,-0.6243133544921875,-0.7015224099159241,0.43902477622032166,-0.0702105164527893
1305,0.9502,0.8166,0,0,-0.290374755859375,0.732025146484375,-0.6484832763671875,-0.9368502497673035,0.8206804990768433,-0.23783999681472778
1306,1.0095,0.7991,0,0,-0.19024658203125,0.7703704833984375,-0.5829620361328125,-0.7703284025192261,0.6918658018112183,-0.21866044402122498
1307,1.0724,0.8077,0,0,-0.11260986328125,0.8042144775390625,-0.502227783203125,-0.5876911878585815,0.1338651180267334,-0.22039894759655
1308,1.1361,0.8431,0,0,-0.001068115234375,0.8782806396484375,-0.4498443603515625,-0.5306252837181091,-0.5317419171333313,-0.11923984438180923
1309,1.1971,0.9058,0,0,0.0611114501953125,0.96923828125,-0.533477783203125,-0.5019757747650146,-1.0918699502944946,0.015409315936267376
1310,1.2518,0.9951,0,0,0.0757293701171875,1.0994110107421875,-0.7086639404296875,-0.4435148537158966,-1.0508843660354614,0.15747910737991333
1311,1.2968,1.1087,0,0,0.0749359130859375,1.1514892578125,-0.8505096435546875,-0.25680169463157654,-0.1570463478565216,0.3182261884212494
1312,1.3289,1.243,0,0,0.0547027587890625,0.9735260009765625,-0.942626953125,0.11025140434503555,0.21685880422592163,0.5756960511207581
1313,1.3458,1.3925,0,0,-0.067901611328125,0.825469970703125,-0.9174652099609375,0.19230979681015015,-0.6274213194847107,0.5424835085868835
1314,1.3461,1.5507,0,0,-0.304779052734375,1.0195770263671875,-0.392547607421875,-0.8415051102638245,-1.394085168838501,0.04615923762321472
1315,1.33,1.7106,0,0,-0.501434326171875,1.24560546875,0.29827880859375,-2.6246421337127686,-0.687253475189209,-0.6070995330810547
1316,1.2989,1.8656,0,0,-0.6634979248046875,1.484283447265625,0.499755859375,-3.481060266494751,0.3711858093738556,-0.692623496055603
1317,1.2559,2.0099,0,0,-0.955902099609375,1.462493896484375,-0.237335205078125,-1.4053645133972168,0.4092317223548889,-0.18943384289741516
1318,1.2051,2.1386,0,0,-0.786224365234375,0.940765380859375,-0.3619842529296875,1.4805654287338257,-0.8864829540252686,-0.06942807883024216
1319,1.1514,2.2477,0,0,-0.165618896484375,0.6534423828125,-0.301025390625,2.417325496673584,-0.8294519186019897,-0.004875981714576483
1320,1.0997,2.3327,0,0,-0.0192718505859375,0.598388671875,0.3063201904296875,0.5306646823883057,-0.0947832316160202,-0.18555255234241486
1321,1.0541,2.3889,0,0,-0.1980743408203125,0.7754364013671875,0.5005035400390625,-1.750704288482666,0.5928958058357239,-0.6118775010108948
1322,1.0177,2.4114,0,0,-0.16424560546875,0.879547119140625,0.2022857666015625,-2.325486421585083,1.19023859500885,-0.45757395029067993
1323,0.9919,2.3954,0,0,-0.2000579833984375,1.055084228515625,0.126800537109375,-1.9987444877624512,1.6210227012634277,-0.035300467163324356
1324,0.9768,2.3376,0,0,-0.13800048828125,1.1149444580078125,0.1516876220703125,-1.520408034324646,2.079533338546753,0.3948988616466522
1325,0.971,2.2374,0,0,-0.03564453125,1.0610504150390625,0.1921844482421875,-1.104008674621582,2.338495969772339,0.8511353731155396
1326,0.9725,2.0978,0,0,0.01287841796875,0.946258544921875,0.2024688720703125,-0.7964966297149658,2.22550368309021,1.2213621139526367
1327,0.9787,1.926,0,0,0.054046630859375,0.8926239013671875,0.2539520263671875,-0.8273072838783264,1.6737219095230103,1.3265546560287476
1328,0.9869,1.733,0,0,0.0174560546875,0.9167633056640625,0.2830352783203125,-1.1881728172302246,0.47221335768699646,1.0873985290527344
1329,0.9947,1.5324,0,0,-0.073974609375,0.9444427490234375,0.0949554443359375,-1.3305552005767822,-0.5299525260925293,0.409157931804657
1330,1.0002,1.3392,0,0,-0.00469970703125,0.8928375244140625,-0.0530242919921875,-1.3466547727584839,-0.8239207863807678,0.011330419220030308
1331,1.0023,1.1674,0,0,-0.1823272705078125,0.9616546630859375,-0.9768524169921875,-0.21640101075172424,0.6583664417266846,-0.13497565686702728
1332,1.0008,1.0278,0,0,-0.088592529296875,1.0359039306640625,-0.138641357421875,-0.24840767681598663,0.4798949658870697,-0.020729513838887215
1333,0.9962,0.9273,0,0,-0.03607177734375,0.9738922119140625,0.0808563232421875,-0.5710227489471436,0.11580276489257812,-0.04784608632326126
1334,0.99,0.8668,0,0,0.04534912109375,0.948150634765625,0.0961151123046875,-0.5179773569107056,0.0024375913199037313,-0.03207378089427948
1335,0.9838,0.842,0,0,0.028778076171875,0.90301513671875,0.0825958251953125,-0.4821711778640747,-0.015127020888030529,0.015248994342982769
1336,0.9794,0.8439,0,0,-0.013092041015625,0.9096832275390625,0.0737152099609375,-0.662516176700592,-0.1590447723865509,-0.002412291243672371
1337,0.9785,0.86,0,0,-0.05877685546875,0.9265899658203125,-0.0240478515625,-1.0134990215301514,-0.5002937316894531,-0.025075791403651237
1338,0.9821,0.8773,0,0,-0.10498046875,0.93536376953125,-0.0898590087890625,-1.1997495889663696,-0.6129632592201233,-0.06274327635765076
1339,0.9906,0.8837,0,0,-0.1341552734375,0.932708740234375,-0.08160400390625,-1.0991419553756714,-0.5649659037590027,-0.1570543348789215
1340,1.0038,0.8707,0,0,-0.1047821044921875,0.9730072021484375,-0.059112548828125,-0.8077958822250366,0.03141384944319725,-0.16849234700202942
1341,1.0209,0.8348,0,0,-0.074310302734375,1.01263427734375,-0.029510498046875,-0.5698666572570801,0.8418545126914978,-0.11220856010913849
1342,1.0408,0.7782,0,0,-0.0035858154296875,1.10345458984375,0.025299072265625,-0.46474212408065796,1.09055757522583,-0.1433803290128708
1343,1.0622,0.7088,0,0,0.0327606201171875,1.146697998046875,-0.019256591796875,-0.46039795875549316,0.8619805574417114,-0.19426241517066956
1344,1.0838,0.6394,0,0,0.0484619140625,1.1324005126953125,-0.0503387451171875,-0.43650782108306885,0.6030965447425842,-0.21180546283721924
1345,1.1046,0.5859,0,0,0.041229248046875,1.1290130615234375,-0.0514068603515625,-0.2484111487865448,0.42827412486076355,-0.21811901032924652
1346,1.1239,0.5652,0,0,0.048248291015625,1.0948486328125,-0.0656890869140625,-0.16725103557109833,0.30984920263290405,-0.14501364529132843
1347,1.1415,0.5926,0,0,0.06610107421875,1.096221923828125,-0.0702667236328125,-0.23348411917686462,0.2999206781387329,-0.08605153113603592
1348,1.1571,0.6794,0,0,0.1356201171875,1.1608428955078125,-0.066375732421875,-0.12862294912338257,0.4820002019405365,0.060014333575963974
1349,1.1709,0.8309,0,0,0.1693115234375,1.18341064453125,-0.0363311767578125,0.009257947094738483,0.6079874038696289,0.17852208018302917
1350,1.1829,1.0453,0,0,0.14447021484375,1.2685699462890625,0.0480804443359375,0.22677269577980042,0.2893785536289215,0.2722586989402771
1351,1.1931,1.3132,0,0,0.0980682373046875,1.147552490234375,0.0417327880859375,0.5111069679260254,-0.2757530212402344,0.2705337405204773
1352,1.2011,1.6183,0,0,0.0701446533203125,1.1323394775390625,-0.00543212890625,1.0115444660186768,-0.8451434969902039,0.23568949103355408
1353,1.2063,1.9394,0,0,-0.041015625,1.1013946533203125,0.0307769775390625,1.5981080532073975,-1.5224686861038208,0.20250730216503143
1354,1.2075,2.2527,0,0,-0.164520263671875,0.9884033203125,0.0453643798828125,2.03890323638916,-1.877407431602478,0.14513163268566132
1355,1.2035,2.5347,0,0,-0.2664794921875,1.033477783203125,0.1311187744140625,2.28243350982666,-1.3253068923950195,-0.03349857032299042
1356,1.1931,2.7654,0,0,-0.367034912109375,1.2557525634765625,0.2002105712890625,2.350466012954712,0.3117227256298065,-0.25718411803245544
1357,1.1755,2.9303,0,0,-0.49407958984375,1.37677001953125,0.26727294921875,2.2329819202423096,2.771939754486084,-0.5126252174377441
1358,1.1501,3.0225,0,0,-0.64971923828125,1.2516021728515625,-0.044769287109375,2.7466347217559814,3.4806883335113525,-0.7340809106826782
1359,1.1177,3.0425,0,0,-0.46429443359375,1.0447540283203125,-0.00653076171875,3.1220879554748535,2.4450385570526123,-0.384939968585968
1360,1.0793,2.9979,0,0,-0.2557220458984375,0.8990325927734375,0.1213531494140625,2.622236728668213,0.7643517255783081,0.17116695642471313
1361,1.037,2.9012,0,0,-0.218780517578125,0.8373870849609375,-0.096588134765625,2.323277473449707,-0.44833436608314514,0.26793983578681946
1362,0.9931,2.7669,0,0,-0.0139312744140625,0.8141937255859375,0.10003662109375,1.5053118467330933,-1.5509676933288574,0.1493479460477829
1363,0.9499,2.6093,0,0,0.2588348388671875,0.9061431884765625,-0.2225494384765625,1.1689790487289429,-0.6621950268745422,0.6544396281242371
1364,0.9098,2.4393,0,0,0.1683349609375,0.92730712890625,-0.1512908935546875,0.925078272819519,0.5442742109298706,0.8870329260826111
1365,0.8749,2.264,0,0,0.0543975830078125,0.91485595703125,-0.1048736572265625,0.6758652925491333,-0.09145321696996689,0.6306533217430115
1366,0.8471,2.0865,0,0,0.0951080322265625,0.8687591552734375,0.01513671875,0.32913607358932495,-2.2857720851898193,0.4601127505302429
1367,0.828,1.9072,0,0,0.1378021240234375,0.8753814697265625,0.033782958984375,0.03650767728686333,-3.7356858253479004,0.6973457932472229
1368,0.8187,1.7262,0,0,-0.0876922607421875,0.8272247314453125,-0.0036468505859375,-0.005013134330511093,-3.164170026779175,0.6569035649299622
1369,0.8201,1.5443,0,0,-0.3358306884765625,0.7231292724609375,-0.0389251708984375,0.24521827697753906,-1.7946016788482666,0.07801304012537003
1370,0.8326,1.3652,0,0,-0.41180419921875,0.6302337646484375,-0.0985260009765625,0.6098452210426331,-0.8909554481506348,-0.28194940090179443
1371,0.8562,1.1949,0,0,-0.49676513671875,0.6037750244140625,-0.2328033447265625,0.8382930755615234,-0.3775382339954376,-0.2371494323015213
1372,0.8902,1.0419,0,0,-0.60986328125,0.6121978759765625,-0.4373016357421875,0.7612416744232178,-0.24332264065742493,-0.12746474146842957
1373,0.9335,0.915,0,0,-0.52044677734375,0.6531982421875,-0.5057373046875,0.08732239156961441,0.03569221869111061,-0.1094127744436264
1374,0.9844,0.8227,0,0,-0.4020843505859375,0.7109527587890625,-0.592742919921875,-0.5347816348075867,0.7490116357803345,-0.2925080358982086
1375,1.0407,0.7719,0,0,-0.28302001953125,0.7811126708984375,-0.6169891357421875,-0.6060779094696045,0.7490957975387573,-0.3900335133075714
1376,1.0997,0.7666,0,0,-0.10723876953125,0.8304443359375,-0.5848541259765625,-0.4864481985569,-0.004544684197753668,-0.2753428816795349
1377,1.1583,0.8076,0,0,0.0837860107421875,0.89471435546875,-0.5316162109375,-0.42801764607429504,-0.6175532341003418,0.03193849325180054
1378,1.2132,0.8921,0,0,0.2133636474609375,1.0398712158203125,-0.469146728515625,-0.5409348607063293,-0.1766304224729538,0.3631848692893982
1379,1.2611,1.0143,0,0,0.2744140625,1.16766357421875,-0.467864990234375,-0.8291144967079163,0.7267329692840576,0.6547682285308838
1380,1.2989,1.1657,0,0,0.19879150390625,1.160491943359375,-0.686981201171875,-0.653331458568573,0.3915003836154938,0.5777970552444458
1381,1.3241,1.3357,0,0,0.2598876953125,1.099639892578125,-0.9782562255859375,0.3086491823196411,-0.6185356974601746,0.4672718644142151
1382,1.3351,1.5133,0,0,0.1942901611328125,1.0062255859375,-0.8370819091796875,0.5763037800788879,-1.1918604373931885,0.3929283916950226
1383,1.3314,1.6876,0,0,-0.1549530029296875,1.0600128173828125,-0.3306121826171875,-0.8357502818107605,-1.8427526950836182,-0.034574754536151886
1384,1.3136,1.8494,0,0,-0.4961700439453125,1.0849456787109375,0.050994873046875,-2.3740413188934326,-1.1945347785949707,-0.7542951107025146
1385,1.2836,1.9915,0,0,-0.67120361328125,1.21148681640625,0.301300048828125,-2.967608690261841,-0.25641047954559326,-1.0986559391021729
1386,1.2442,2.1095,0,0,-0.9564208984375,1.374481201171875,-0.0101470947265625,-1.8027416467666626,0.47695615887641907,-0.6553874015808105
1387,1.1993,2.2009,0,0,-1.0701141357421875,1.064971923828125,-0.5657958984375,1.0249526500701904,-0.29791584610939026,-0.2712019383907318
1388,1.1532,2.2646,0,0,-0.4729766845703125,0.6739501953125,-0.3675537109375,2.2671821117401123,-1.1369231939315796,-0.24201183021068573
1389,1.11,2.2997,0,0,0.0066375732421875,0.5852508544921875,0.13983154296875,0.7531757950782776,-0.678573727607727,-0.1971692591905594
1390,1.0732,2.3053,0,0,-0.0782470703125,0.7548828125,0.434478759765625,-1.541555643081665,0.509126603603363,-0.47435081005096436
1391,1.0452,2.28,0,0,-0.108642578125,0.89910888671875,0.289093017578125,-2.2280795574188232,1.138994812965393,-0.48103055357933044
1392,1.0267,2.2227,0,0,-0.0679931640625,1.047119140625,0.209625244140625,-1.9042682647705078,1.691514492034912,-0.05315003544092178
1393,1.0172,2.133,0,0,-0.03363037109375,1.1419219970703125,0.219268798828125,-1.4439736604690552,2.1304526329040527,0.41849952936172485
1394,1.0151,2.0129,0,0,0.0568389892578125,1.101348876953125,0.28515625,-1.1231690645217896,2.030236005783081,0.9568170309066772
1395,1.0178,1.8669,0,0,0.1001129150390625,0.986724853515625,0.3921356201171875,-1.191887617111206,1.318747878074646,1.3125925064086914
1396,1.0227,1.7021,0,0,0.0623931884765625,0.9291229248046875,0.2629241943359375,-1.303131103515625,0.41981539130210876,1.2742301225662231
1397,1.0271,1.5284,0,0,-0.0541229248046875,0.9247283935546875,0.1326751708984375,-1.2290337085723877,-0.2831302285194397,0.6877837181091309
1398,1.0288,1.3566,0,0,-0.06610107421875,0.8916473388671875,0.0529022216796875,-1.2272653579711914,-0.5668753981590271,0.061411160975694656
1399,1.0264,1.1976,0,0,-0.2589111328125,0.8766632080078125,-1.011749267578125,-0.5180450081825256,0.4568735361099243,-0.16249516606330872
1400,1.0194,1.0608,0,0,-0.236236572265625,0.9493560791015625,-0.4723052978515625,0.08479344844818115,1.1166166067123413,-0.11477238684892654
1401,1.0083,0.9525,0,0,-0.0919647216796875,1.014007568359375,0.065948486328125,-0.6177932024002075,0.1275172084569931,0.13417431712150574
1402,0.9946,0.8753,0,0,-0.0042572021484375,0.995635986328125,0.1157073974609375,-0.7667134404182434,0.0027348001021891832,0.045471079647541046
1403,0.9803,0.8275,0,0,0.0810394287109375,0.9477691650390625,0.08251953125,-0.49941009283065796,0.030056968331336975,0.060509148985147476
1404,0.9678,0.8037,0,0,0.1059112548828125,0.863800048828125,0.0072174072265625,-0.3641289472579956,0.02762363851070404,0.09787862747907639
1405,0.9595,0.7955,0,0,0.0621490478515625,0.88092041015625,-0.131317138671875,-0.6268327236175537,-0.04393976181745529,-0.06433131545782089
1406,0.9573,0.7931,0,0,0.0283660888671875,0.9611053466796875,-0.0999755859375,-0.994184136390686,-0.6347436904907227,-0.06631883233785629
1407,0.9625,0.787,0,0,-0.031005859375,0.960357666015625,-0.0472869873046875,-0.9442101716995239,-0.9412050843238831,-0.01145958248525858
1408,0.9754,0.7698,0,0,-0.0697021484375,0.9308013916015625,-0.0050811767578125,-0.7298105359077454,-0.7664812207221985,-0.060627128928899765
1409,0.9955,0.7374,0,0,-0.1167755126953125,0.9354095458984375,0.0127410888671875,-0.7124107480049133,-0.5437455773353577,-0.14194434881210327
1410,1.0216,0.6903,0,0,-0.1192779541015625,0.9513397216796875,-0.0656585693359375,-0.6567863821983337,-0.10112768411636353,-0.16995282471179962
1411,1.0516,0.6335,0,0,-0.0491943359375,1.04150390625,0.0254974365234375,-0.4931415319442749,0.19835196435451508,-0.160435751080513
1412,1.0831,0.5759,0,0,-0.0222625732421875,1.1359710693359375,0.0559234619140625,-0.4134744107723236,0.36264875531196594,-0.1583358496427536
1413,1.114,0.5297,0,0,0.00653076171875,1.1993408203125,0.0062713623046875,-0.4499301314353943,0.515541672706604,-0.18318286538124084
1414,1.1419,0.5085,0,0,0.1006317138671875,1.2250213623046875,-0.008087158203125,-0.4466664493083954,0.6524608731269836,-0.19475030899047852
1415,1.1654,0.5256,0,0,0.1151885986328125,1.1558074951171875,-0.0358428955078125,-0.274735689163208,0.618888258934021,-0.16931019723415375
1416,1.1835,0.5922,0,0,0.0912322998046875,1.16680908203125,-0.055877685546875,-0.12943601608276367,0.4331786036491394,-0.005643238313496113
1417,1.1957,0.7152,0,0,0.0421142578125,1.2310943603515625,-0.0880126953125,-0.1394606977701187,0.34157463908195496,0.16546592116355896
1418,1.2025,0.8959,0,0,0.010101318359375,1.245208740234375,-0.0782012939453125,0.013468937017023563,0.2798939645290375,0.2353842854499817
1419,1.2045,1.1289,0,0,0.0353851318359375,1.25775146484375,-0.0131683349609375,0.34785303473472595,0.07089813798666,0.2162308394908905
1420,1.2026,1.4022,0,0,-0.02978515625,1.161590576171875,-0.060546875,0.8857799172401428,-0.1802491396665573,0.1183314397931099
1421,1.1974,1.698,0,0,-0.0921478271484375,1.1090545654296875,-0.08917236328125,1.648869514465332,-0.5087189078330994,0.08579239994287491
1422,1.1895,1.995,0,0,-0.16375732421875,1.01336669921875,0.0774688720703125,2.125295639038086,-0.8070981502532959,0.09049741178750992
1423,1.1789,2.2707,0,0,-0.2689361572265625,0.945892333984375,0.0810089111328125,2.377455472946167,-0.667159914970398,0.00196408131159842
1424,1.1651,2.5043,0,0,-0.2743682861328125,1.06280517578125,0.1411895751953125,2.456099033355713,0.2765953838825226,0.005557218100875616
1425,1.1475,2.6794,0,0,-0.4883880615234375,1.2957305908203125,0.1375885009765625,2.366659164428711,2.1115221977233887,-0.25521019101142883
1426,1.1254,2.7857,0,0,-0.4812774658203125,1.2672882080078125,0.0090179443359375,2.5786147117614746,3.092482805252075,-0.47961774468421936
1427,1.0983,2.8207,0,0,-0.4099578857421875,1.071533203125,0.0450439453125,2.710986852645874,2.4957311153411865,-0.2712938189506531
1428,1.0661,2.7885,0,0,-0.2798004150390625,0.987457275390625,0.060546875,2.3732101917266846,1.1468535661697388,0.17678116261959076
1429,1.0292,2.6993,0,0,-0.288482666015625,0.880126953125,-0.015472412109375,2.13445782661438,-0.2160995453596115,0.18679705262184143
1430,0.9886,2.5665,0,0,-0.1576690673828125,0.8366546630859375,0.00457763671875,1.5911237001419067,-1.4820408821105957,-0.0016178702935576439
1431,0.9457,2.4047,0,0,0.1024932861328125,0.8740234375,-0.1956939697265625,1.4425570964813232,-0.48573049902915955,0.3367367386817932
1432,0.9025,2.2271,0,0,0.1217803955078125,0.932159423828125,-0.17559814453125,1.3043664693832397,0.620222806930542,0.686194896697998
1433,0.8611,2.044,0,0,0.0412445068359375,0.9646759033203125,-0.1130523681640625,1.1344679594039917,-0.15283775329589844,0.6499833464622498
1434,0.8242,1.8622,0,0,0.044921875,0.9339141845703125,-0.0727386474609375,0.9268801808357239,-1.6240808963775635,0.4910522699356079
1435,0.7945,1.6856,0,0,0.075347900390625,0.8528289794921875,-0.0584716796875,0.7208828330039978,-2.0685648918151855,0.5822280049324036
1436,0.7747,1.5158,0,0,-0.1100921630859375,0.7073211669921875,-0.0609130859375,0.5656666159629822,-1.9614990949630737,0.5183970928192139
1437,0.7672,1.354,0,0,-0.2962646484375,0.60382080078125,-0.1060028076171875,0.5058216452598572,-1.7786717414855957,0.19605925679206848
1438,0.7738,1.2019,0,0,-0.362884521484375,0.59375,-0.159332275390625,0.40452590584754944,-1.487338662147522,0.02618579752743244
1439,0.7954,1.0621,0,0,-0.3766021728515625,0.5822601318359375,-0.2411346435546875,0.0330229327082634,-1.0608347654342651,0.1557467132806778
1440,0.8319,0.939,0,0,-0.41961669921875,0.5714263916015625,-0.3612518310546875,-0.38245630264282227,-0.5862895846366882,0.06741765886545181
1441,0.8821,0.8377,0,0,-0.399566650390625,0.655792236328125,-0.4960784912109375,-0.6354193091392517,-0.11364080756902695,-0.22111214697360992
1442,0.9438,0.7636,0,0,-0.3309478759765625,0.7758636474609375,-0.579193115234375,-0.7277671098709106,0.14871756732463837,-0.35866469144821167
1443,1.0137,0.7213,0,0,-0.203643798828125,0.8649139404296875,-0.62066650390625,-0.5796819925308228,0.2719137966632843,-0.2861555814743042
1444,1.0878,0.714,0,0,-0.1639251708984375,0.8949737548828125,-0.623382568359375,-0.2865404188632965,0.09737049788236618,-0.24881434440612793
1445,1.1616,0.7426,0,0,-0.0419158935546875,0.86322021484375,-0.6103057861328125,-0.12606552243232727,-0.3149307668209076,-0.17649461328983307
1446,1.2302,0.8055,0,0,0.1125946044921875,0.866455078125,-0.599456787109375,-0.33065301179885864,-0.7050567269325256,0.12025424093008041
1447,1.2891,0.8987,0,0,0.1956634521484375,1.00543212890625,-0.5677642822265625,-0.8753789067268372,-0.4045757055282593,0.3574601411819458
1448,1.3339,1.0159,0,0,0.1792449951171875,1.1865386962890625,-0.66656494140625,-1.1883621215820312,0.20772017538547516,0.3669297993183136
1449,1.3613,1.1499,0,0,0.1267547607421875,1.15118408203125,-0.9792022705078125,-0.35730379819869995,-0.0982365533709526,0.39524638652801514
1450,1.3696,1.2927,0,0,0.036163330078125,1.1855926513671875,-0.881500244140625,0.3535040020942688,-1.005629301071167,0.3691607415676117
1451,1.3584,1.4369,0,0,-0.2525177001953125,1.32476806640625,-0.309600830078125,-0.6119310259819031,-1.5857577323913574,-0.12645967304706573
1452,1.3295,1.5762,0,0,-0.506927490234375,1.2262725830078125,0.3094635009765625,-2.325162887573242,-1.1235032081604004,-0.6418787837028503
1453,1.2861,1.7061,0,0,-0.715057373046875,1.2422027587890625,0.43206787109375,-2.8138267993927,-0.15873079001903534,-0.6846199035644531
1454,1.233,1.8237,0,0,-1.059783935546875,1.0998382568359375,-0.2044525146484375,-0.9886716604232788,0.47042369842529297,-0.4323572814464569
1455,1.1757,1.9271,0,0,-0.8495941162109375,0.7272491455078125,-0.287994384765625,1.2376713752746582,-0.4743638336658478,-0.17080903053283691
1456,1.1198,2.0148,0,0,-0.316680908203125,0.5535430908203125,-0.2205963134765625,1.5721148252487183,-1.0104701519012451,-0.2055044174194336
1457,1.0702,2.0844,0,0,-0.12310791015625,0.684661865234375,0.236419677734375,-0.13701137900352478,-0.21843886375427246,-0.41938289999961853
1458,1.0304,2.1326,0,0,-0.159271240234375,0.846710205078125,0.3406829833984375,-1.5990321636199951,0.7953802347183228,-0.5007475018501282
1459,1.0023,2.1554,0,0,-0.0738067626953125,0.9686126708984375,0.187408447265625,-1.947058081626892,1.4870702028274536,-0.08928487449884415
1460,0.9858,2.149,0,0,-0.078643798828125,1.0848846435546875,0.1772308349609375,-1.850466012954712,1.979339361190796,0.3260404169559479
1461,0.9795,2.1109,0,0,0.013885498046875,1.07623291015625,0.190704345703125,-1.544122338294983,2.2680256366729736,0.7812971472740173
1462,0.9807,2.0411,0,0,0.1005096435546875,1.0196075439453125,0.2694091796875,-1.2761646509170532,1.9515737295150757,1.313019871711731
1463,0.9864,1.9428,0,0,0.062652587890625,0.9312591552734375,0.3141632080078125,-1.2689933776855469,1.1184957027435303,1.4467190504074097
1464,0.9933,1.822,0,0,-0.01348876953125,0.9477996826171875,0.218475341796875,-1.22132408618927,0.09138929843902588,1.0446289777755737
1465,0.9987,1.6875,0,0,-0.020294189453125,0.9574737548828125,0.10394287109375,-1.0263558626174927,-0.37613528966903687,0.433841735124588
1466,1.0005,1.549,0,0,0.01116943359375,0.9132843017578125,-0.0285186767578125,-0.9716127514839172,-0.3051742911338806,0.10531363636255264
1467,0.998,1.416,0,0,-0.2098388671875,0.932373046875,-0.948333740234375,0.21837495267391205,2.0819623470306396,-0.002855707658454776
1468,0.9913,1.2964,0,0,-0.0871124267578125,1.0273284912109375,-0.113433837890625,-0.3267938196659088,1.184266448020935,0.28180238604545593
1469,0.9818,1.1956,0,0,-0.010284423828125,0.9954071044921875,0.108551025390625,-0.7751561999320984,-0.07549289613962173,0.2345709651708603
1470,0.9715,1.1156,0,0,0.067779541015625,0.96759033203125,0.1289520263671875,-0.6288937926292419,-0.4437910318374634,0.13040940463542938
1471,0.963,1.0551,0,0,0.0846710205078125,0.8584442138671875,0.091644287109375,-0.42100581526756287,-0.4577673077583313,0.12155972421169281
1472,0.9587,1.01,0,0,0.0489044189453125,0.8018341064453125,0.026336669921875,-0.47504082322120667,-0.3123965263366699,0.05513196066021919
1473,0.9607,0.9742,0,0,-0.0316009521484375,0.8893280029296875,0.0262451171875,-0.9393166303634644,-0.4785436689853668,-0.046847667545080185
1474,0.9701,0.9414,0,0,-0.06182861328125,0.9352874755859375,0.0307159423828125,-1.3284540176391602,-0.772950291633606,-0.07912544161081314
1475,0.9871,0.9062,0,0,-0.103515625,0.938751220703125,-0.0262603759765625,-1.2700657844543457,-0.6428082585334778,-0.20993299782276154
1476,1.011,0.8663,0,0,-0.1049041748046875,0.96588134765625,-0.1039276123046875,-0.9880327582359314,-0.21135884523391724,-0.2583061158657074
1477,1.0402,0.8229,0,0,-0.0758819580078125,1.0324859619140625,-0.141510009765625,-0.7009149789810181,0.3430577516555786,-0.24337030947208405
1478,1.0725,0.7808,0,0,0.0116729736328125,1.14654541015625,-0.0663299560546875,-0.5074443221092224,0.8336948752403259,-0.18184542655944824
1479,1.1056,0.7485,0,0,0.0910186767578125,1.185089111328125,0.02154541015625,-0.36974474787712097,1.0623242855072021,-0.19087567925453186
1480,1.1372,0.7363,0,0,0.12860107421875,1.230682373046875,-0.0025634765625,-0.38514500856399536,1.0954580307006836,-0.25333452224731445
1481,1.1655,0.7549,0,0,0.16192626953125,1.203857421875,-0.0395050048828125,-0.3561434745788574,0.6979367733001709,-0.26688361167907715
1482,1.1888,0.8128,0,0,0.0983428955078125,1.1466064453125,-0.146636962890625,-0.18005099892616272,0.2087327092885971,-0.11661209911108017
1483,1.2063,0.915,0,0,0.1052703857421875,1.1971588134765625,-0.1707000732421875,0.13162221014499664,0.13222914934158325,0.07739599049091339
1484,1.2174,1.0605,0,0,0.121917724609375,1.2287445068359375,-0.0779266357421875,0.3359745442867279,0.22352416813373566,0.23029525578022003
1485,1.2217,1.2426,0,0,0.1326141357421875,1.227264404296875,0.041900634765625,0.43678638339042664,0.1804637908935547,0.29621994495391846
1486,1.2192,1.4487,0,0,0.006011962890625,1.0885009765625,-0.0216064453125,0.6530672907829285,-0.028836708515882492,0.15868444740772247
1487,1.2098,1.663,0,0,-0.0434417724609375,1.057373046875,-0.1693267822265625,1.287672758102417,-0.35301053524017334,0.004874649923294783
1488,1.1935,1.8687,0,0,-0.07318115234375,1.0451202392578125,-0.011474609375,2.0400800704956055,-1.1196759939193726,0.017183780670166016
1489,1.1707,2.0522,0,0,-0.0137176513671875,1.003662109375,0.1207275390625,2.3706107139587402,-1.6897655725479126,0.3616655170917511
1490,1.142,2.2061,0,0,-0.1834259033203125,1.04534912109375,0.1595306396484375,2.4160752296447754,-1.342067837715149,0.40383055806159973
1491,1.1091,2.3321,0,0,-0.331207275390625,1.241607666015625,0.1691131591796875,2.3943963050842285,0.028203675523400307,-0.010524280369281769
1492,1.0744,2.4419,0,0,-0.416107177734375,1.4005126953125,0.2372894287109375,2.201070547103882,2.3241682052612305,-0.3888545334339142
1493,1.0416,2.5561,0,0,-0.601470947265625,1.390289306640625,-0.108428955078125,2.65806245803833,3.6370251178741455,-0.6940740942955017
1494,1.0152,2.7018,0,0,-0.43634033203125,1.1569061279296875,-0.069854736328125,3.1923036575317383,2.820300340652466,-0.4833424389362335
1495,0.9996,2.9068,0,0,-0.2568511962890625,1.0139312744140625,-0.007049560546875,2.8614983558654785,1.249047040939331,0.13401852548122406
