id,ASVM,GSVM,walking_nonwalking,normal_abnormal,ax,ay,az,gx,gy,gz
1,1.0026458513556888,0.05975024466053698,0,0,0.994573394214746,0.0140192561464162,0.04574161681322623,0.00679556660085628,-0.0033911944930247774,-0.006419385698585599
2,1.0032796633056662,0.09821876015055865,0,0,0.9945250993401469,0.014457875816929014,0.04606486385164855,-0.00912624508948096,-0.02082263952235728,-0.0035186824859209033
3,1.0039158330549798,0.14230912287726036,0,0,1.0011363707342018,0.012728797272148951,0.033901080662065944,-0.04452476092159321,-0.03108032267184555,0.009635151069051757
4,1.004530458069053,0.18940623742285645,0,0,1.0104622409262907,0.002849676815147858,0.05091357583161857,-0.06725729217600063,0.008658965286602994,0.028330731675676894
5,1.005108380499495,0.23630272752584647,0,0,1.0171748007941208,0.019568906314827435,0.0352815786266901,-0.15545574706016946,-0.01828056342367164,0.08308608081611847
6,1.0056417381726854,0.27957644115662456,0,0,1.0236255458409946,0.033298979104956036,0.056971331580678145,-0.27328504382278856,0.06427272339110703,0.14879160483903864
7,1.006119284481465,0.31604896594700244,0,0,1.026866302408183,-0.005450876530583391,0.04696114553031442,-0.3551585698489921,0.10441654561874378,0.17777681599238113
8,1.0065055703701584,0.3432436637307377,0,0,1.0184502758024858,-0.08639840170519698,0.049206929476511986,-0.35549456328948903,0.34347088046968033,0.15656548625846395
9,1.0067143800794691,0.3597488270611286,0,0,0.9645375427834098,-0.145063334153389,0.08294470870508414,-0.2504987519406052,0.4567844968963457,0.10257260546775937
10,1.0065873465404018,0.3654038477880456,0,0,0.9421438488188417,-0.15312792949742965,0.07015059170405918,-0.15962759708039007,0.42121152332464024,0.048396394892529664
11,1.0058935301604237,0.3612639004840603,0,0,0.9274356352190462,-0.1489249051067043,0.048236063520507515,-0.09538192934609725,0.39894779461819424,0.0022387516971206427
12,1.0043649552841447,0.34935199235736936,0,0,0.9369161142631168,-0.15283994558783837,0.007509952764283685,-0.028357245852586883,0.2900402765896663,-0.031523812857085505
13,1.0017738568979955,0.33226050695995746,0,0,0.9832338041911002,-0.15081803129257482,-0.017257073598150787,0.05285346699284575,0.17872078579848005,-0.04350614276941614
14,0.9980406589325842,0.31270163218872005,0,0,1.0639112187684858,-0.10257042519388031,-0.033456539770138745,0.09490826418982039,0.01642407984045525,-0.025485921118740564
15,0.9933431797787968,0.29311594195080026,0,0,1.10076237827828,-0.028139370909260327,-0.004150408254404742,0.044377334280034576,0.09096311644405163,-0.00279996654686895
16,0.9881860807138575,0.2754262470059487,0,0,1.0700386080962088,0.010165769310844485,0.04368901249552179,-0.05738623659432869,0.22032378195250715,-0.015940893310944587
17,0.9833928966612205,0.26097408991560317,0,0,1.020268803424872,0.02301377816481474,0.05206108782289535,-0.15181094006976134,0.29990820924654316,-0.0718062396159049
18,0.9800025479690938,0.25061460536801866,0,0,0.9768489789895843,0.021977615504476803,0.056820568408154616,-0.22065358484939399,0.2996417275028899,-0.12680570205077846
19,0.979081199050618,0.24489511104811854,0,0,0.9528865090726373,0.010401971001986966,0.05864173614929452,-0.26217632795438556,0.29042474111390537,-0.15483956389863587
20,0.981487649711111,0.24422346761662206,0,0,0.9162210443036607,0.004972202120040645,0.07509798738881883,-0.25855468301069995,0.24796088091234386,-0.1489299369119138
21,0.9876472144070518,0.2489497895715963,0,0,0.8867457304826853,0.021733511365161585,0.07012073079466456,-0.23043169704008457,0.10023264186670257,-0.08685585087247658
22,0.9973913649372586,0.2593297771294365,0,0,0.8861789501118108,0.04905658440658683,0.060323650758759395,-0.1937160626452097,0.00962206313138391,0.006276793756359439
23,1.0099079826648232,0.27539045835108994,0,0,0.9303945649450754,0.04429163665699224,0.05550847994266146,-0.14397203840129752,-0.08138421702994111,0.08237851367737534
24,1.0238217349452627,0.2967590045068646,0,0,1.0499169763324983,-0.02133680414935476,0.048721288436105605,-0.0417006148123446,-0.047716228050141155,0.1072436464633748
25,1.037391078837808,0.3225287832018856,0,0,1.1593549737338558,-0.08689216865248513,0.07874594250647847,0.1353828912541087,0.1492920243963551,0.06198672134186704
26,1.0487779094885243,0.35122145703670266,0,0,1.1331266173694692,-0.059624635428050285,0.07193559745599575,0.3108203957956684,0.29753645699400816,0.003304829772210328
27,1.0563303197928322,0.38086853402597687,0,0,1.038846290600405,0.04273354279321304,0.04641732797981316,0.3571715721791937,0.3888471447604128,-0.01646260189866664
28,1.0588245551669038,0.4091979175023656,0,0,0.9952389590611008,0.09897273726578956,-0.010137276302687319,0.27465082926715795,0.22715139149713137,-0.015904490348850726
29,1.0556323145216746,0.43388917175782915,0,0,1.084497998933834,0.09256435931659304,-0.016957212749333997,0.23978254517895753,0.2465078444624842,-0.07279804817077162
30,1.0467992252013265,0.45286069664133366,0,0,1.131474721952704,0.11293524883509357,-0.015672169020171427,0.20829068737609058,0.22197799032701085,-0.19077578470852272
31,1.033030865494427,0.4645593665859528,0,0,1.1030900019442182,0.14247492049977067,-0.012947429942744702,0.20379272701828274,0.3540085645149171,-0.29792874919436424
32,1.0155889429691838,0.4682213697779974,0,0,1.0051271473168204,0.14391317969644363,0.047423227519188725,0.232962103528262,0.44629638743360955,-0.33592603887730177
33,0.9961118472719896,0.464060836611,0,0,0.8963233469464605,0.1329810366474096,0.03690289830301519,0.2179645168943251,0.4585941871450547,-0.3001398883127045
34,0.9763916014902985,0.4533355443352696,0,0,0.8764604692766963,0.08864029656651272,0.06830602753324626,0.1885295127230457,0.4193073588523021,-0.25472545621648074
35,0.9581529376847807,0.43825095599591996,0,0,0.9081958566603092,0.0650010254639478,0.04063754885935527,0.19830421954902902,0.33351406169952896,-0.21374553214333747
36,0.9428789141213434,0.42169486710219006,0,0,0.9229818882502149,0.07649791572185548,0.030138344904938268,0.22430396406344003,0.352658847780663,-0.16770197237277115
37,0.9317102042664201,0.406832123826642,0,0,0.9207070211163083,0.10399427576829014,0.0513405061669926,0.2513378816760085,0.30586199661559965,-0.12238916498716075
38,0.9254209354489474,0.3966191206781527,0,0,0.9288341817512654,0.1381060506950982,0.03938003433403588,0.22165100639178298,0.25456622153869113,-0.07100558222034002
39,0.9244533764627706,0.39331588161967507,0,0,0.9547852576473207,0.15371871803392512,0.026350204806439598,0.1304867818532904,0.24105352450030382,-0.02010021650762741
40,0.9289824166487641,0.39807939823015687,0,0,0.9678999590881455,0.13855858898114556,0.022473840069864394,0.03488858713007952,0.2785035961496241,0.02310431805368357
41,0.9389792611219486,0.4107144029441587,0,0,0.9702153884830567,0.12732250387402153,0.023237753869612,-0.0467582837424647,0.2998137264048359,0.07029152441400366
42,0.9542507798703046,0.42963493693269283,0,0,0.9656063599363843,0.11711010954199223,0.036100953530667376,-0.13766652167615578,0.3459617537460941,0.11500085236484339
43,0.9744441550038766,0.4520543466522207,0,0,0.9463716050314077,0.11122064364152166,0.05370226312718272,-0.22242231662183787,0.3506528030645468,0.14704609998038962
44,0.9990218409795828,0.47438112983400144,0,0,0.9522490061300629,0.11975773125522472,0.04915118996711523,-0.3049475306168883,0.30244757026966845,0.14574805035237987
45,1.0272241558241122,0.49276313055566345,0,0,0.9801882062957523,0.12888680197877742,0.03900601756458232,-0.3913683594651229,0.27061139409510215,0.13631494627629953
46,1.0580416771980679,0.5036984662221609,0,0,1.004718365033728,0.16283839315881557,-0.0022955720221760705,-0.4736963003304022,0.29827095807362264,0.13143960121461046
47,1.0902155667469469,0.5046188322060787,0,0,1.0575409427067897,0.18187326840064202,0.0003764184252561817,-0.5475286130988556,0.33111019259925695,0.10448257313442161
48,1.1222730276179926,0.49434959011197743,0,0,1.1464235889814787,0.14509158418852489,0.0771761736345396,-0.5594367445614049,0.33207626404986956,0.025064322514862493
49,1.1525920170472392,0.4733644250626797,0,0,1.262979171834797,-0.02656289769208794,0.2184104328024617,-0.4565842931639592,0.3496023010569885,-0.12024288074378899
50,1.1794804751199677,0.4437835538943609,0,0,1.1603055583706408,-0.1343359618722374,0.20446183592229486,-0.17419774538963523,0.41449235162751114,-0.18783966807845354
51,1.2012566466071022,0.40911023086789244,0,0,1.0890370529166002,-0.0977850099294513,0.15564875393202585,0.15634550258769367,-0.0017001308654259156,-0.19875693741759604
52,1.2163286868975565,0.3737483361802235,0,0,1.1040077301321827,0.0377789701433891,0.055642760203948705,0.34919568792876066,-0.10682539622000506,-0.16327240090712847
53,1.2232839421433468,0.34237845295312375,0,0,1.163507378017406,0.1933846200602704,0.16515131094382168,0.15964635477838396,-0.40619280842237454,-0.12436632698907837
54,1.2209980216630727,0.3192837003842089,0,0,1.2826743433966976,0.12178514883423344,0.2695927597991434,-0.08549774983174141,-0.27875786495811156,-0.08004199538596554
55,1.2087584571576466,0.30771722798822915,0,0,1.1935419179889108,-0.0746630935082401,0.5496795301796334,-0.10673107259652558,-0.017056223578868972,-0.059137049415441914
56,1.1863799075164203,0.3094024323065413,0,0,1.0696578002138992,-0.15623992077614443,0.4914740904276035,-0.06763372773360518,-0.14253857478689988,-0.031322421238185925
57,1.154283214419214,0.32425317663381836,0,0,1.0317488027343003,-0.08734176087435004,0.40731637966246853,0.09639141534129508,-0.04621897324285507,-0.032345694632517304
58,1.1135222437430583,0.350380707131991,0,0,0.954123066804883,0.023238220902689684,0.3722056710435937,0.20385590866603126,0.0008735633543281033,-0.07590586619742519
59,1.065758481431224,0.384408286431432,0,0,0.9958188977574993,-0.015418560120151414,0.33883554024503637,0.296833327420258,0.19586260059257354,-0.06138491880535084
60,1.01318970260159,0.4220513592742812,0,0,1.1176335121160532,-0.03168538417464898,0.36819916372104,0.44166910722235475,-0.1032510482674084,0.14089032545001512
61,0.9584336686737592,0.45885818081718166,0,0,1.04799253952997,-0.03963159139982657,0.24098864930681307,0.49084977977464084,0.16103181782537743,0.4114980968854101
62,0.904362761771331,0.49096237581993835,0,0,0.808069508157751,-0.1124837047616012,0.2297144612043038,0.35784113506986487,0.4194989032795495,0.5566277166557093
63,0.8538940616350091,0.5156896253614617,0,0,0.6912346958984866,-0.08758438743174446,0.23914787822866504,0.32962551200507256,0.15067872572023958,0.5889232550008678
64,0.809760190961598,0.5318919507438625,0,0,0.7009649883812941,0.012736035390594185,0.2479248315361521,0.2688587008171573,0.10631779986317724,0.5963448466591341
65,0.7743024664193597,0.5399488643495076,0,0,0.6985381216274501,0.03445774015469325,0.222669449785243,0.10066509957409428,0.003585302440752409,0.5646242990181474
66,0.7493248090365126,0.5414564393593752,0,0,0.7046175900768024,-0.03204603130586244,0.16879718324837376,0.000228810479157512,0.1044119888063608,0.4645807934024861
67,0.7360261745470733,0.5386995858785562,0,0,0.7265028382036723,-0.09500771661929618,0.17850156893540808,0.019315772004243024,0.2368369758470568,0.31648746636253594
68,0.7350039789388889,0.5340510074660004,0,0,0.7545223535236543,-0.15018821274416946,0.13618117100875515,0.09010860240291994,0.071612062996656,0.2145204094292326
69,0.7463025191767457,0.5294524224573233,0,0,0.7933961240969671,-0.19689496199427833,0.11796436637444731,0.21988503355208203,-0.007553714623589455,0.16620233841973334
70,0.7694737833535802,0.5261062206766205,0,0,0.8154859829421552,-0.1989771610536638,0.09785001888907581,0.3540564207739674,-0.1321022034251292,0.09488094606123035
71,0.8036243321995502,0.5244426303412579,0,0,0.8057005445402194,-0.14058760632346753,0.0523664764058229,0.48716316386212116,-0.14418402940957675,-0.039254413772386344
72,0.8474391587930983,0.5243436411721685,0,0,0.7687163586191293,-0.1035626969141684,0.03362152035796674,0.58515605224745,-0.1805196418737754,-0.18975235458048284
73,0.8991952379657405,0.5255253322392257,0,0,0.7765537900861714,-0.08903872876731415,0.03804877854785704,0.6382662605626084,-0.35323302630635106,-0.2815403420093248
74,0.9567933243056939,0.5279306587562501,0,0,0.8541196343451389,-0.05349971013426177,0.018329496273271174,0.6119761043545289,-0.53854216709053,-0.2887681011442688
75,1.0178364106963154,0.5319820306645626,0,0,1.0149982833459976,0.005722470091943301,0.07038270536660442,0.5692585634937991,-0.5550736352864173,-0.21394144365299583
76,1.0797647456092312,0.5385909978643554,0,0,1.1492497772804386,0.06446696706626609,0.13810168811783616,0.4051348456611532,-0.4064295555281926,-0.0942062305309612
77,1.1400292989322514,0.5489096649857155,0,0,1.1927061476716594,0.011257935493011439,0.11907083216366038,0.24282138250927873,0.04170757872453175,0.013354598664962814
78,1.196263401222329,0.5639062608211627,0,0,1.2484385204151698,-0.11909203896439657,-0.03333693357242528,0.2777360660110221,0.004269246557177654,0.04615288223332261
79,1.246407301932335,0.5839153985648924,0,0,1.3187995131667178,-0.12606128956549442,-0.1508343031945368,0.3700158017660122,-0.06166499396859145,0.05619229494146015
80,1.2887532843772653,0.6083210237135417,0,0,1.277621199150065,-0.216926632487119,-0.18010938204818006,0.3701364246190419,0.11778312634982395,0.10081333316899399
81,1.3219029885597082,0.6354764618663816,0,0,1.5225801434690103,0.1240444886990186,0.1380166788143938,0.3954569305924482,-0.7553837898435496,0.31365629490729624
82,1.3446574289017266,0.6628817985089319,0,0,1.1347547715148822,0.2986273049914873,0.17778678615072996,-0.29889964532923746,-0.0011864344829242775,0.450047443834126
83,1.3558897504617746,0.6875633625037982,0,0,0.7740598707293016,0.14726133144894743,0.19796507675013109,-0.1141519333564257,-0.46439908493129745,0.2547376474726402
84,1.3544713439302536,0.7065562244859439,0,0,1.3286550572115565,0.3089855650373887,0.7674226514212628,-0.37909596559048736,-1.1213852561798094,0.34417051941579735
85,1.339315853965234,0.7173778206775386,0,0,1.1377907506044393,0.06976424032436838,0.7173314178487802,-0.637068778745176,0.557549911941975,0.3761754156728437
86,1.3095660136619012,0.7183931169973587,0,0,0.9785281942654623,-0.17874621179934266,0.4162837267403188,-0.48248450041718827,-0.09400733449851259,0.09361471164331321
87,1.264894730176066,0.709010711222702,0,0,1.2129899190113964,-0.32067795071645777,0.32064884709899244,-0.4159711634743317,-0.46909233519243604,-0.1662375375079659
88,1.2058499154431859,0.6897060597422033,0,0,1.402236054089997,-0.12371666821887263,0.5063747700501552,-0.20416405313737473,-0.6867804690515477,-0.1879530594848539
89,1.1341489575180304,0.6619131968118087,0,0,1.3369421622346223,0.0626584804198249,0.42570907476927516,-0.317411296227687,-0.49745122859538327,-0.14926456374830738
90,1.0528247238355686,0.62783917740007,0,0,1.135522112796167,0.052255902228904284,0.2748930685062909,-0.39188551826323537,-0.015015298965708471,-0.22481112203282513
91,0.9661516944026345,0.5902438951150216,0,0,0.8990102202865698,0.04912119677604122,0.2592071694314243,-0.40123534768612534,0.1826841995287128,-0.32001875484286124
92,0.8793400826223591,0.5522073724142361,0,0,0.6740788761885521,0.02758756788443697,0.22869194619883856,-0.3669808439867341,0.6589249291452848,-0.30451757673531443
93,0.7980531836217452,0.5168840136710693,0,0,0.6226456639893083,0.05211326162641727,0.25655250373161814,-0.25344537805954515,0.6484151799696143,-0.27426092853614326
94,0.7278454562379287,0.4872292019265691,0,0,0.6384930976690207,0.0760846078391119,0.24153027065198038,-0.19214001840705275,0.1726801640162104,-0.2825725655741273
95,0.6736211176069888,0.4656942028060864,0,0,0.6286130895809494,0.08374198882935119,0.22944754532369743,-0.20917167489820224,0.21061842292466093,-0.2715076338868962
96,0.6391856305446352,0.45392018306242177,0,0,0.5839184287660697,0.07958214982476502,0.216259302288838,-0.2481701723436878,0.11591768365774714,-0.23243705207553103
97,0.6269275484790519,0.4524964678667922,0,0,0.5953810924493907,0.09325804623339631,0.17635407954718554,-0.24131344464264373,-0.07337315268553621,-0.18256494953797847
98,0.6376422307848655,0.46085679855946354,0,0,0.6129651470475379,0.11047329973286386,0.11474471102900162,-0.25945444586060334,-0.10023482092731692,-0.09347349788361277
99,0.6704954413536545,0.47736547089633335,0,0,0.6447894438085074,0.08922103905420693,0.09134963634094526,-0.30215425068402757,-0.18135127059780182,0.0173696336688818
100,0.723119143337494,0.49960214194297753,0,0,0.6887140144135803,0.07605868051685313,0.06655669538266434,-0.37492795542145385,-0.30369419137998754,0.13654017576394914
101,0.7918285189347124,0.5248010170805268,0,0,0.7412910085150608,0.08765334229080263,0.009633244139997641,-0.4515525964016064,-0.4123461501808484,0.26036581555251537
102,0.8719448517029837,0.5503501754099553,0,0,0.8157614567318803,0.13362696249979616,0.03622144722085683,-0.5499451722205989,-0.3572527742000919,0.3694927016373342
103,0.9582012438130927,0.5742271044788334,0,0,0.9459645372589695,0.08171499620283894,0.08466978918436337,-0.668188124777824,-0.42010854100999906,0.3730892639104573
104,1.0451967256461194,0.5952524979551415,0,0,1.1085698149306422,-0.05508147133592283,0.09049478377244605,-0.7876839710885497,-0.25785466136590135,0.28829996029450256
105,1.1278518689401935,0.6130916940285909,0,0,1.1822680231172884,-0.19650914371143263,0.09325111711881272,-0.6983640330663393,0.1282702162149533,0.1288905232902118
106,1.2018115000327012,0.6280137645223608,0,0,1.1951220267471039,-0.14218197378206363,0.011332717950299298,-0.20788503618813725,0.047761623274293515,-0.06727597285733934
107,1.2637429051836069,0.6405081790117153,0,0,1.2599229755776575,0.009356429193889288,-0.1597274138403991,-0.10705721408266469,0.20575665472597876,-0.09948843289206716
108,1.3114906292957729,0.650919614715139,0,0,1.4092720020881198,0.12576288281429418,-0.1596486989147465,-0.1951743571057987,0.1729033681260914,-0.16112062068534092
109,1.3440664251329306,0.659256458393795,0,0,1.6264946075316427,-0.10535200647590548,0.10854862582055902,-0.3175510645213605,0.014363252590846871,-0.42309009242451906
110,1.361473942359912,0.6652515232503777,0,0,1.3245817171448115,-0.46490881060558203,0.25017030761950565,0.10766886675106194,0.6759436816319079,-0.565495441720874
111,1.3643989547819682,0.668639296025375,0,0,0.9956221388212273,-0.2518153522447904,0.3577372959552607,0.7083724440158223,0.15727765099593624,-0.5339014367705521
112,1.3538387198350468,0.6695177482837384,0,0,0.9401346648156398,-0.08978470250443978,0.41361352355164843,0.4789533978543411,-0.6614092333045939,-0.5212515232034746
113,1.3307788796594813,0.6686264442830787,0,0,1.0263129393362813,0.16625785267706705,0.341085798766454,0.3728494364943036,-0.7861699168680472,-0.4694621229544297
114,1.29602197737214,0.6674062383334131,0,0,1.2379155448100005,0.28272245412719066,0.4376933695171368,-0.007085261058675155,-0.6510214089502302,-0.29696747237178206
115,1.2502174533311075,0.6677900115454295,0,0,1.3583195696686905,0.11243911078106426,0.4166078173427871,-0.2723685411028008,-0.5464594697948467,-0.09928528201756698
116,1.1940652672425744,0.6717745383850598,0,0,1.224686906051529,-0.148303382291507,0.31283976802584984,0.01915317896136125,0.3831078917206958,-0.03972927292074847
117,1.1286067556865496,0.6809042770638986,0,0,1.0926197342078858,-0.14428537936680846,0.3811770305028537,0.3514250929284523,0.06486216854701739,0.01652255494444427
118,1.0555010751858773,0.6958298549331914,0,0,1.1627374329959226,-0.073299335491457,0.2571636555124854,0.33882316742582397,-0.3407560172959538,0.21994025524264468
119,0.977206594082325,0.7160765503698068,0,0,0.9747429881639236,-0.13621332836532177,0.19182279263931037,0.4272275626071901,0.26913024253259143,0.35786130170771413
120,0.8970226012902588,0.7400843222009811,0,0,0.8265872152448032,-0.15440988375705586,0.2003059501659868,0.5591332475737094,0.4169911081762701,0.4250748163087397
121,0.8189821554148288,0.7654922706435092,0,0,0.7719583586669382,-0.12414306844507116,0.20635735205256087,0.598633323215156,0.6150105883546096,0.5040366881378788
122,0.7476146130292215,0.7895711549710541,0,0,0.7007857473985029,-0.10171790533945521,0.20435011635629596,0.568288415598391,0.4619073512924421,0.5503502550055902
123,0.687612398194938,0.8096800298145757,0,0,0.6483508639401954,-0.1164884852433006,0.1620375597057823,0.5899329073761765,0.4675291615781379,0.5076687124500465
124,0.6434408587571306,0.8236399860780125,0,0,0.6227479899471277,-0.12164613246630747,0.1699769768262839,0.7074828081658314,0.41343944295803725,0.384958315518746
125,0.6189276001049685,0.8299644298668001,0,0,0.6345554766124754,-0.09581494871431148,0.1520301380396522,0.7250933091887783,0.3166846682723567,0.24411006117438344
126,0.6168647240192292,0.8279389989695674,0,0,0.6224897944375105,-0.08101457652486467,0.09260890641648749,0.6801456091606145,0.2418102900139494,0.1076856492697641
127,0.6386578157937759,0.8175871717505929,0,0,0.6044250976595028,-0.04747313373720339,0.062356874536367825,0.6590873431059867,0.08375044104848982,-0.01158671523122735
128,0.6840598655150749,0.7995794105554149,0,0,0.6132312758227949,-0.021561705204381915,0.03471231075959491,0.5864738899557131,-0.17989336314697407,-0.12192912413480785
129,0.7510331254317931,0.7751387908291452,0,0,0.6395013573562994,-0.03519229534415289,0.011782182375466277,0.5569244505486954,-0.3767815339877351,-0.2736924074691869
130,0.8357805160136017,0.7459654523875492,0,0,0.6986953689499116,-0.08786503252635346,0.015044666120299402,0.5902853110585499,-0.5262500308150546,-0.4379779120481487
131,0.9329742521882445,0.7141582891997318,0,0,0.8311516566404537,-0.0744450232038761,0.022712346352390136,0.6652345430493044,-0.601577681805245,-0.5333681354220355
132,1.036180791273725,0.6820792114181676,0,0,1.0559076360046509,0.02228387930816883,0.05118738397556038,0.7051344426797097,-0.43752480185628007,-0.4677474863328902
133,1.1384424899841783,0.6521089137737366,0,0,1.2389240275798177,0.17060645093921534,0.119412256896768,0.6561284647697683,-0.17168374237590328,-0.28756702747237767
134,1.232938825912954,0.6262930067348713,0,0,1.319222763148937,0.2058115216548385,0.05888138428662859,0.22427100702050576,0.18522689794553682,-0.02836763589184999
135,1.3136279578898369,0.6059535407342655,0,0,1.2953371568439562,0.07521419493673334,-0.2173155947514514,-0.0909366814611239,0.18310097960599286,0.08700023356072492
136,1.3757711329562181,0.5913991231686124,0,0,1.4712169610314123,-0.09978534079829766,-0.25498553000167246,-0.13901581637850546,-0.11869599994051101,0.11574033500800607
137,1.4162646427327275,0.581864808123548,0,0,1.7218847010335656,0.1492483924412276,0.025914498809560853,-0.0548174376329878,0.15763181772057652,0.3389432799822364
138,1.4337383851344352,0.5757400585371893,0,0,1.4264259797282748,0.3567424030459939,0.3540895666812837,-0.46594601684820086,0.554596764085224,0.5642664421863711
139,1.428424344760679,0.5710300952178604,0,0,1.115654110348895,0.21917964983956595,0.46482493577273737,-0.5891846772764922,-0.10226393691442105,0.5642808385600913
140,1.4018513155842829,0.5658985466273649,0,0,1.069196542253442,0.027240670227167578,0.33803635182248215,-0.8408098477673123,-0.06329729488726826,0.5356748300897863
141,1.3564676921028063,0.5591065353225815,0,0,0.998053463364808,-0.25668099721790705,0.45302856598531516,-0.7100745983816242,-0.18534993570921934,0.34656199840142676
142,1.2953039871916134,0.550210430583445,0,0,1.1902256233190647,-0.2692964187735858,0.4661130903336077,-0.32422348968013176,-0.45138501707121165,0.04568342383831995
143,1.2217483904081134,0.5394834726415181,0,0,1.2361434332696797,-0.20916035368757252,0.37005792409164456,-0.21405229736782122,0.06536391830326382,-0.01848946603205926
144,1.1394424379478243,0.5276377269027542,0,0,1.2245465506246718,0.003745052170627555,0.3994999793106982,-0.10529567467181884,-0.15382216024453044,-0.006116701348272359
145,1.05224741951766,0.5154932381607774,0,0,1.127280496687804,0.05004858902644963,0.2992499438123871,-0.28538885029759553,0.09807387240258043,-0.06484961346542562
146,0.9642117944224329,0.5037415269598008,0,0,0.9747802960728956,0.028247099932800068,0.2580018380469641,-0.2782404494150213,0.12591246355546037,-0.198923596546844
147,0.8794866886224179,0.49288600835697444,0,0,0.8302197389792636,0.05073204906152199,0.22764505936738463,-0.28917427654575645,0.36289847047834606,-0.24648282203835437
148,0.8021730540556061,0.48334789328093425,0,0,0.6540616279551135,0.04592826482479595,0.22964072724250123,-0.2647176968010506,0.8737249506563614,-0.22171240346688834
149,0.7361186565368931,0.47564708610374257,0,0,0.615418065674123,0.07145796921426184,0.2602093424148901,-0.18048470117919976,0.6503236678563089,-0.25617096787113974
150,0.6847005241025603,0.470538006273789,0,0,0.6554674677841454,0.10741335982933564,0.2348222441314385,-0.1744951451705827,0.26159749804393456,-0.29171520129827033
151,0.6506252769937186,0.46901141127179247,0,0,0.6429438207593643,0.11078915323735312,0.19528946726527646,-0.2572152555003887,0.315044033050659,-0.2632056270973355
152,0.6357641240066095,0.4721443690791468,0,0,0.6422300100277221,0.10812219133931321,0.18421461942099032,-0.2942327078656598,0.17627908149523555,-0.20436844812602564
153,0.6410249532978665,0.48085026592481095,0,0,0.6513864313213755,0.10960314331863402,0.16413334824254985,-0.3270325271988576,0.10337327171878208,-0.11662691465731584
154,0.6662601776860062,0.4956183887469262,0,0,0.6438589896649045,0.04747286830799082,0.11639136440725663,-0.32400497778894,-0.018075296472209193,-0.0039043641698155193
155,0.7102157427272944,0.5163332602367942,0,0,0.6639154581557959,0.0010404255873893015,0.08207473631824633,-0.25345516473396923,-0.15326339837762168,0.13102444975704028
156,0.7705372754153876,0.5422358385567436,0,0,0.6868253233306163,0.0179904375783292,0.024537500101349505,-0.2175989575793286,-0.33558929536174803,0.2711988643171718
157,0.8438555362153318,0.5720406579054343,0,0,0.7405685305333234,0.0994721386111944,-0.0038921365156140784,-0.2487019433700877,-0.44325758434475254,0.41382304302053174
158,0.925968862596427,0.6041667354345492,0,0,0.8577026446032644,0.1329970619783538,0.03877600085590313,-0.34902980399534383,-0.6228889036720041,0.48397598511270645
159,1.0121232485650862,0.6369953204478314,0,0,1.092633608958175,0.0882382279743037,0.0681365257945763,-0.5229030409704529,-0.663799401936805,0.4537939062507792
160,1.0973656826932299,0.669056942926976,0,0,1.1933710168126648,-0.06312781104699981,0.11682056913348957,-0.7492246979708509,-0.13865379832327235,0.3772871236089513
161,1.1769243280309556,0.6990861229200742,0,0,1.1705775773892222,-0.12069922284071245,0.08341873722332684,-0.4940766866849972,0.25498496579987745,0.15469481256314824
162,1.2465614139416428,0.7259541815145746,0,0,1.1763240796323016,-0.08513064308851394,-0.06966431831370823,-0.21627067785611792,0.15195289248551586,-0.1375919439682208
163,1.3028531239499301,0.7485636274353148,0,0,1.3325804936653871,-0.01730104692962041,-0.04286575676433238,0.035097595797112774,-0.23925382666058173,-0.3171071353145991
164,1.34336559836561,0.7658173800213771,0,0,1.606172028231825,-0.1898445283028154,0.06808153661750661,-0.015072027988019715,-0.6097753742672462,-0.513303242286754
165,1.3667091588165141,0.7767396237762134,0,0,1.4405096190947613,-0.402960779471914,0.25095757761813553,0.3418008874727642,0.131329512035979,-0.6086238817499398
166,1.3724695642890086,0.7807408815434432,0,0,1.0335338784767245,-0.23743869932684378,0.44372493179920897,0.597637021827609,-0.186887296055935,-0.6145662546222352
167,1.3610449793261494,0.7779342320054058,0,0,1.024304711366649,0.08064146668527518,0.3091821291659779,0.45756791372701655,-1.1117552307645362,-0.6149149363348336
168,1.3334507720249897,0.769363330815385,0,0,1.1728290229870875,0.29914218440368495,0.336812611880648,0.18465193305148678,-0.8456385891981106,-0.4778201320279014
169,1.2911633275116514,0.7570154981544308,0,0,1.2834654705356574,0.18342631884011262,0.43601761592080907,-0.17637454117301382,-0.9187404487446533,-0.30635029992610724
170,1.2360444631772984,0.7435636582127346,0,0,1.3167800288554508,-0.016426206694731906,0.2743592501777608,-0.05658346171810862,-0.04626467965811103,-0.23939780425171658
171,1.1703397014146373,0.731883240774382,0,0,1.070324038507727,-0.09845001990049922,0.3070130915650655,0.27285846899614546,0.8012739127581555,-0.16037596862285408
172,1.0967098185007977,0.7244763347736551,0,0,1.0960325261166337,-0.034126821650727016,0.3878429577716941,0.2704955985816641,-0.11783521493337307,0.041952368087809784
173,1.0182491773536235,0.722965685935349,0,0,1.112880135890018,-0.09443446800852168,0.11532358707616569,0.2735343773221261,-0.21701277721528173,0.32116466680349365
174,0.9384565872664615,0.727790303250572,0,0,0.880568429642287,-0.18647650155809106,0.15400962950061414,0.4455499978774314,0.49371641343687633,0.43418055472194206
175,0.8611421071754957,0.7381641253349636,0,0,0.7720920930728032,-0.2107026285383961,0.1663651239853912,0.555344230514116,0.38502378342226024,0.4337612449587416
176,0.7902709116386419,0.7522789278911459,0,0,0.7561964241274199,-0.13702909907776456,0.16943042495379526,0.6183103649658298,0.44893306767382235,0.43890901730606113
177,0.7297590817482906,0.7676717957282477,0,0,0.6891792168306577,-0.09868619387159656,0.16049513700325782,0.6232377172973967,0.4018643757967949,0.44389235726086407
178,0.6832414209273736,0.7816553449928683,0,0,0.6802919105233929,-0.09540615201879249,0.12148650079696978,0.6693022534493058,0.2470757648024046,0.3842397749338881
179,0.6538287114328986,0.7917233001463364,0,0,0.6722376980603163,-0.0948864534562666,0.12152439440433276,0.7206488890683048,0.3389794128515419,0.2833019658845158
180,0.6438672248410721,0.7958768090082283,0,0,0.6530097054228832,-0.10726147576044479,0.1040079083998645,0.7157499156041572,0.15071356468213284,0.16216391938709
181,0.6547123748262654,0.7928497982194985,0,0,0.6771849572297309,-0.09343822321696416,0.06974854548090034,0.7511996694122549,0.05952343480897883,0.04578216438306908
182,0.6865330583831901,0.7822343873548308,0,0,0.6628572036935656,-0.033024591945386116,0.0335996094541953,0.7218119676073036,-0.13139531054728754,-0.05555964025910411
183,0.7381718969492161,0.7645163533242615,0,0,0.6738908112189893,-0.008347401163423637,-0.010813005020595755,0.5994275279776954,-0.4546966247219365,-0.17427584931050646
184,0.8070947775649779,0.7410272715278975,0,0,0.6778907198700711,-0.05406164303498871,-0.0696970432983278,0.5392384135509111,-0.4002416807603119,-0.3250899752332233
185,0.8894643224517802,0.7138100738270984,0,0,0.7654297721519048,-0.11919998563681389,-0.001200127408827639,0.5618818702581845,-0.4642959603444525,-0.4572646246519964
186,0.9803602079261533,0.6853872277298972,0,0,0.963727573851091,-0.06003952011224682,0.02247186394847797,0.6579305896818475,-0.25016211225604856,-0.49764600243906393
187,1.0741433722317395,0.6584252050605297,0,0,1.1228975019186764,0.0629426497582455,0.11178775662848485,0.713791889957924,0.1788503390036893,-0.405162322455276
188,1.1649280479031627,0.6353128818230359,0,0,1.2275998103247758,0.1400415541180584,0.10072203943551142,0.46766089827679164,0.23107496424788826,-0.1959063971459389
189,1.2470983023767264,0.6177144589915698,0,0,1.2252049196563004,0.1159463089744801,-0.16528941507938333,0.12114243408714011,0.38278776766300476,-0.01608974169094998
190,1.315794790343268,0.6062037965325938,0,0,1.2694361967541505,-0.05650787121544287,-0.28511641713687363,0.009044564879829553,0.010920654661930656,0.016686828928011658
191,1.367302670798558,0.6001069897841474,0,0,1.5775097329626724,-0.11893443108775639,-0.15047517419282008,0.082446171695018,-0.2511038599471426,0.1515727559450377
192,1.3992861367925205,0.5976450132657387,0,0,1.6226011774296993,0.272756204336807,0.08295872389920234,-0.011861813494002688,0.44669552920025135,0.4333331996921559
193,1.4108370225135556,0.5963749902575746,0,0,1.2533945443155272,0.33998780957766656,0.46295048161688096,-0.42128181801753545,0.7557625506971279,0.5833359914435686
194,1.4023405183004118,0.5938136549272611,0,0,1.139800510019715,0.25878096503269926,0.548062645242887,-0.4947869339923724,-0.10121618144696472,0.6665212809392793
195,1.3752085781319259,0.5880500684235548,0,0,1.0122252032080425,0.05857430670594949,0.45814101919554445,-0.7474472583636209,0.0034687413755219564,0.6617329762791858
196,1.3315705260438575,0.5781587069875819,0,0,0.9856865393107708,-0.27426189095765413,0.4007065122562997,-0.6312031566487939,-0.22842358189537698,0.34471974229077285
197,1.2740144178461463,0.5643044688759924,0,0,1.1895208975266074,-0.3431049934263745,0.3606548032732085,-0.2770119950536798,-0.3290796999552033,-0.015521793635093296
198,1.2054344462756927,0.5475474101406264,0,0,1.3008651210673734,-0.16674115376945023,0.3857722233388581,-0.06881941270002627,-0.22177478118531793,-0.09602832577221294
199,1.1289792022310183,0.5294569842457294,0,0,1.2207642231794664,0.06637825125867823,0.3107756716202901,-0.1891212496577793,-0.017447626772069968,-0.06546322514755694
200,1.0480471882218425,0.5116932380574533,0,0,1.0677057768618623,0.07019567382589643,0.30326271033651275,-0.37639230954714886,0.007012230006488029,-0.15791224855509015
201,0.9662638607489556,0.4956909683490519,0,0,0.9853389638737353,0.03544380891023459,0.21788749233077476,-0.3741215608312172,-0.1301733646546253,-0.3040505053919055
202,0.8873972236332824,0.4825110460064261,0,0,0.831494562078029,0.024769117807362614,0.15919540449293287,-0.3568866912959265,0.2886550637352605,-0.3469034934123892
203,0.815205851177962,0.47284212716918494,0,0,0.684642751336059,0.04638265378245865,0.2087538426290907,-0.26952699109422246,0.6269861075524386,-0.31476811278655836
204,0.7532426858464099,0.4670836957668027,0,0,0.6776230288298117,0.0926611413126713,0.2070385453584058,-0.18617127878911666,0.2822916340834127,-0.3003777080511474
205,0.7046491166478347,0.46543371685118756,0,0,0.7022807194720476,0.10008618417873001,0.18624240448781154,-0.23403831095198419,0.2487122995415856,-0.29304344729828613
206,0.6719673643807487,0.46793221470356805,0,0,0.660963797122582,0.10173872509083885,0.1774670332681459,-0.3149001057703256,0.3023082266858654,-0.24895193909875563
207,0.6569844378022605,0.4744518178327374,0,0,0.6666836348813614,0.11977651773585743,0.1586420612554609,-0.3856569466835885,0.18135955762165623,-0.16958149961574695
208,0.6606096665866257,0.48465622369369993,0,0,0.654160690080013,0.08701014651968772,0.13154443972112095,-0.40743454643515137,0.20903157419586393,-0.08402729873388469
209,0.6827862604456296,0.49796133701314976,0,0,0.6633689598022346,0.02696638260198846,0.09653684453531602,-0.37778590725903827,0.06365275708724505,0.015130132371867382
210,0.7224434582306916,0.513535584826068,0,0,0.6918585204116264,-0.006345018560559383,0.04768328916728096,-0.35236650931595326,-0.057997167045564145,0.12828794831378312
211,0.7775033636403539,0.5303673876138949,0,0,0.725229884224236,0.02348932409807607,0.0062319623390149174,-0.3208695027203722,-0.21545044605681835,0.2441475055859871
212,0.8449597495400386,0.5474064925842217,0,0,0.7670631865343724,0.10402173286230998,0.019744445837093227,-0.3679019009752745,-0.2029574759395242,0.369521077165548
213,0.9210415959084343,0.5637533190710465,0,0,0.8398456760387926,0.13982423086038298,0.05599040828585447,-0.5141142986838929,-0.3023975509330018,0.4154134203465949
214,1.0014611487339908,0.5788378054810427,0,0,1.0304190376097477,0.10739654023409437,0.09836276825433973,-0.6629527138672859,-0.342076095547345,0.37536958373909374
215,1.0817271762204532,0.5925145170534182,0,0,1.1568179042775932,-0.0808982888775183,0.14112324309222612,-0.844280977119341,0.16697340745485595,0.27998798748046116
216,1.1574853462125663,0.6050197822599765,0,0,1.1835747598227708,-0.24611226699036898,0.07131041269644542,-0.5430925102681972,0.18930028382575434,0.030646341166845847
217,1.2248381628328637,0.6167916267841888,0,0,1.1481847606687057,-0.1713369732499939,-0.11797592021644243,-0.1365858323671011,0.16030672838437282,-0.14189441702390215
218,1.280601116136884,0.6282234909980347,0,0,1.276465089755737,0.06978003379307343,-0.0956061037467572,-0.06298503222988934,0.039353632886857066,-0.1795787763802041
219,1.3224645162907545,0.6394675362973957,0,0,1.5125524922561273,0.07033137819785173,-0.05169986829966431,-0.39345101168303653,-0.40489494941316384,-0.2998921954872811
220,1.3490437234653212,0.6503883883963858,0,0,1.474104307254881,-0.21968800381336032,0.11010201338559279,-0.4032749127589475,0.1326351278170551,-0.4668350310675478
221,1.3598149366598509,0.660697023482607,0,0,1.2084933134720295,-0.3741931150232807,0.510740230996727,0.010704027442375455,0.05998220624781464,-0.6072408917257767
222,1.3549577871209189,0.6702080042887605,0,0,1.0084710285079161,-0.2987932160847012,0.38120668539534674,0.19985300857882446,-0.7810256205903606,-0.6673921866342503
223,1.3351584528710119,0.6791042126515681,0,0,0.9452767304215498,0.08752548825010768,0.38758641261998,0.49675092197901727,-0.40041641016529145,-0.5979137406376084
224,1.3014475155018905,0.6880814424996348,0,0,1.1392899796077631,0.2432543635552847,0.4364590026459069,-0.05522873153078383,-1.060726559389184,-0.41078840034403324
225,1.2551320768242389,0.6982830931449758,0,0,1.3981809780040086,0.1608328191121094,0.237106541739264,-0.2067538377293711,-0.5198722640942611,-0.2172306159309195
226,1.197832284064404,0.7110142989574614,0,0,1.2412594589412556,-0.05395841978916043,0.34591483955670344,0.03763173513485019,0.4687646177628107,-0.16967029029370237
227,1.1315780417607166,0.7273187608814552,0,0,1.1439482785595902,-0.16851980162110342,0.371887024956321,0.28129528044679825,-0.06459315698897365,-0.10157055147502847
228,1.0588956643663194,0.7475674153310852,0,0,1.113997511549991,-0.13150328646296947,0.2076575771983152,0.4403944626762868,-0.1207871391908488,0.15445529945361866
229,0.9828254614927632,0.7712097542619034,0,0,0.9536438247351553,-0.20559233106085412,0.18658667795550016,0.5024065895066994,0.24153848644532355,0.36567226176179696
230,0.9068440584327861,0.7967731433066628,0,0,0.7967585343641757,-0.20677466215479248,0.19302418607808433,0.6871783591228577,0.6416852162774209,0.43660879632394384
231,0.8346991567977223,0.8220974327402841,0,0,0.7370219291784617,-0.13227560220610757,0.1996867415072395,0.7305612833538845,0.5659594258756082,0.4763134328643033
232,0.770186641721817,0.8447119566967379,0,0,0.7408629723004603,-0.07596563317720578,0.1949496423406215,0.7066254598109306,0.3104743293878378,0.5169351406316076
233,0.7169059335078186,0.8622348659476591,0,0,0.6782190157930924,-0.0719207204491117,0.14912966698061506,0.720123903014775,0.3698537540820302,0.4970671351638309
234,0.678022194097315,0.8727013086215863,0,0,0.6663443584754373,-0.0892984746494417,0.1551156536775482,0.7364095991461124,0.2412138565041033,0.3725735400601466
235,0.6560517398843863,0.8747799054153018,0,0,0.6811313321908329,-0.08996245656115673,0.14523750040316166,0.7437841042897139,0.21019556574582,0.21146389268025653
236,0.6526777970061767,0.8678853092572139,0,0,0.6584743347665202,-0.0722489735989471,0.0763961982162483,0.7694909286057035,0.10535699811162458,0.05348847167908786
237,0.6686012622153834,0.8522212567801836,0,0,0.6658816916276307,-0.05144887379772364,0.05021283343237171,0.7565057841107896,0.010507209191147388,-0.07485609323143726
238,0.7034350010188487,0.8287901293554153,0,0,0.6809487488594608,-0.028116790783760243,0.0405661687774496,0.6917387701387304,-0.20935793702800026,-0.1944845509001338
239,0.7556570668366059,0.7993862382717956,0,0,0.6909946895715814,-0.03176170781873957,-0.011507537633390685,0.608609947464538,-0.42285209309722643,-0.33638454740243723
240,0.8226428743781042,0.7665600537242361,0,0,0.7366605678689149,-0.06208654577515695,-0.04267390266910442,0.6216970906007645,-0.42437195196832683,-0.4719316089231704
241,0.9007938379897293,0.7335119086552127,0,0,0.823660672896926,-0.02170091659943597,0.005806048169288946,0.711619898619964,-0.4693616610476326,-0.533736151691716
242,0.9857675922352573,0.7038609985053681,0,0,1.013261742286877,0.05173808498922969,0.0016006662731316568,0.6847839172997952,-0.44331303183993237,-0.44941351240874944
243,1.072794115752944,0.6812522099350272,0,0,1.1670120408272622,0.0779078894357693,0.005419580965789001,0.7035714619528157,-0.22160108573836387,-0.29238957160140844
244,1.157040091145648,0.6688135220861686,0,0,1.2180435743492115,0.036678180368798476,0.03350705817203588,0.4959168582424701,0.11037627478443487,-0.12127528903357795
245,1.233971356205551,0.6685469730983913,0,0,1.217157404057409,-0.02287247136826329,-0.15175046406052078,0.3400794944349585,0.3198814775176635,0.014329064685509686
246,1.2996666888958903,0.6807970831279342,0,0,1.2130504130507875,-0.11613054020944645,-0.2620239888511926,0.2153385078310825,0.011767782362409687,0.04301943924310863
247,1.3510509500818608,0.7039607850747861,0,0,1.4013734539590212,-0.07897311204264557,-0.1804974080803068,0.35992835210375296,-0.3457200767010496,0.15755898692219994
248,1.3860307147132591,0.734565664551501,0,0,1.466496464784215,0.3466065818315808,0.0011460461479917386,0.22858189138123644,-0.014778246470562547,0.35388722087990726
249,1.4035254729023299,0.7677548893912288,0,0,1.3346431418293014,0.40005771099301274,0.44063318596559736,-0.3319340262406961,0.4346695535833689,0.5598093871832975
250,1.4033979306154178,0.7981030625239903,0,0,1.2493950702286947,0.49924878451311716,0.6913583657013116,-0.5700536572177973,-0.0037721299007613383,0.7975584510980873
251,1.3863061241659176,0.8205818281652815,0,0,0.9631849318726514,0.29636798820967974,0.5876368977493792,-1.1926967736273362,0.26577885605094775,0.8984537912799749
252,1.3535257829828922,0.8314333272287087,0,0,0.786126414091145,-0.24265379096638842,0.40597460153488046,-1.2327206444604695,-0.23280061905918803,0.5724679196526414
253,1.306806553906563,0.828724871160036,0,0,1.1570922856017993,-0.5197574527525468,0.31811639856760526,-0.6891345142735104,-0.571780854921708,0.0003105543301176438
254,1.2483089019948843,0.812459008927101,0,0,1.334621214866413,-0.4404490003983292,0.3396116613679658,-0.20836609415973073,-0.42486880493783197,-0.2485189202420088
255,1.1806173263049073,0.7842653402063092,0,0,1.3864626736467318,-0.016795628446650213,0.31253213828915755,-0.03173243752898495,-0.5738320487962667,-0.168552137390467
256,1.1067702086198385,0.7468340768137366,0,0,1.1959162937400036,0.2208547741303933,0.2196911442585472,-0.25168933497934026,0.08092183732464578,-0.08168404224087732
257,1.0302277925997536,0.7033066585016009,0,0,1.0022795249698981,0.16837439335564128,0.20181213548201682,-0.42057400872708894,0.008314922355594955,-0.19290675864770135
258,0.9547298414440537,0.6568033884656505,0,0,0.9042712509915485,0.07842415438565795,0.18961343661233734,-0.49199658654716777,0.18810059182754726,-0.3034048130572248
259,0.8840493522639788,0.6101721283907054,0,0,0.7269403027618407,0.024421830239462258,0.1702620506065032,-0.46961808962753077,0.7659376327004195,-0.3183982852314321
260,0.8216942403618688,0.5659336304628486,0,0,0.6709884536789273,0.03340879190478372,0.21345437304482645,-0.35747541928562504,0.6302489935890914,-0.32974726239603297
261,0.7706258047159248,0.5263257413366125,0,0,0.7226847741418826,0.06306561350249035,0.1998384135823672,-0.2843830917635169,0.15800803729819052,-0.3865299332513088
262,0.7330506471616675,0.49333780203896777,0,0,0.7304592199675135,0.0543617104812432,0.17496890349430896,-0.29388766838989716,0.3873241420200878,-0.36200020101878116
263,0.7103136301232639,0.4686683299786695,0,0,0.6781373934830879,0.07930254728019409,0.16114235577808314,-0.2867203232517477,0.2714674765180821,-0.3002960196850344
264,0.70288972963205,0.453598183987565,0,0,0.6991470678885926,0.05814685019219864,0.15004262267829638,-0.2997676075078617,0.20702610503162183,-0.1999462324510765
265,0.7104536219520422,0.4488187542872616,0,0,0.7260886630835659,0.03834537276992015,0.107231624179116,-0.27615278517120345,0.038923007110055835,-0.047601392430245075
266,0.7319990624745476,0.45428074020025133,0,0,0.7620899736344426,0.02499142295264063,0.04494335943688671,-0.2710198175571535,0.022348576778331287,0.11841901556622196
267,0.7659813172813759,0.46913205330874697,0,0,0.7700924393400755,0.012837013041685908,-0.00014081117405270147,-0.24773813940441153,-0.17174922852600835,0.2192531497209998
268,0.8104613669120138,0.49179163839101514,0,0,0.7993656230045936,0.047579094183405606,-0.0525582416368535,-0.22682153842314928,-0.311517088124727,0.2767216660974299
269,0.8632380659447227,0.5201643065237526,0,0,0.8505429438147593,0.11049635748229591,-0.0033489676748916838,-0.28368092811861434,-0.26485966637877634,0.31814744131626843
270,0.9219613609001208,0.551954360230914,0,0,0.9236383660080918,0.16749716296196357,0.07496637554867727,-0.43518182165637376,-0.35571122802096555,0.3460718671565832
271,0.9842240011040534,0.5849991768305264,0,0,1.0090859163533126,0.17700899942004877,0.06479224321150395,-0.6522844392505679,-0.349372547514208,0.36391417834845863
272,1.0476315290329647,0.6175296103009841,0,0,1.0263472746466358,0.04556035322329058,0.006065739008692919,-0.8678241341083273,-0.1376450403196481,0.32113452048089364
273,1.1098532485673291,0.6482798656699919,0,0,1.0741259429224719,-0.09323261743798564,-0.045239992227999674,-0.7111416129711785,-0.12050279950190632,0.11606535773311476
274,1.1686611396196094,0.6764184517913977,0,0,1.1230625033552826,-0.08999097881510315,-0.12571321394404159,-0.4743939029243328,-0.10112016560438405,-0.05142702817386774
275,1.2219664521486187,0.7013426710815981,0,0,1.203018295683393,-0.021923216292051132,-0.20899099346154898,-0.40759707773722637,-0.11482899011942081,-0.0659320587615066
276,1.2678614872631493,0.7224412777404798,0,0,1.2117665796912707,0.13632413730849707,-0.2938417375377573,-0.48924660721751423,-0.07764354363470559,-0.027456139142604925
277,1.3046670821840298,0.7389492507182209,0,0,1.3543282596826611,0.06692401486165082,-0.013056381299433425,-0.618528665071296,-0.1612170524558523,-0.08182305228607643
278,1.3309787065037566,0.74998308831798,0,0,1.3503476579636253,-0.27379874299854384,0.10222485122340537,-0.4619206199147138,0.012558239155353727,-0.23841660104941523
279,1.345700864471639,0.7547718940019893,0,0,1.2596786169040535,-0.560308287437841,0.3429026295689618,0.11046237177771584,0.5737712556079533,-0.5124679801826931
280,1.3480642298385748,0.7530177028545845,0,0,1.0880336009547915,-0.6025681171908661,0.615329117007298,0.7796405011776256,0.05027160868502629,-0.731149570072216
281,1.3376330178412175,0.7452527601306048,0,0,0.8919987009504287,-0.11513903771088539,0.5184965427410042,1.1006393282758988,-0.22121461310706203,-0.7091555646930335
282,1.3143254239802455,0.7330351662248706,0,0,1.0003965208343546,0.3184961024965953,0.44954231624020874,0.6268603126545285,-0.6548593484033981,-0.5210233155192642
283,1.2784734567655507,0.7188603624179056,0,0,1.33047071914597,0.39285866872955383,0.23739416449477882,-0.05626300963791088,-0.7128428914862611,-0.2536165369991857
284,1.2309280774161462,0.70576628325379,0,0,1.3340055862923306,0.1761041265498379,0.24432929927956085,-0.17005250802500985,0.025727764478206513,-0.1294053010374366
285,1.173178663993165,0.6967354925184602,0,0,1.2189510940207242,-0.17502518401441047,0.29538899499603827,0.02634228498445393,0.2620587937864586,-0.21503311704947456
286,1.1074291430329797,0.6940830930236392,0,0,1.1089345576369745,-0.2615743723673643,0.27652781784950936,0.4140170994973333,0.16373530193720104,-0.13491788148553768
287,1.0365770798650504,0.6990187905198911,0,0,1.0992043623138463,-0.16678590000876461,0.12976508331337314,0.5351616723203624,-0.19576845147242655,0.15427521559990431
288,0.964072323700053,0.7114917357201757,0,0,0.9164395116686591,-0.15280074991645468,0.12244753910553083,0.6792425700918419,0.38051791204945107,0.35997121762471823
289,0.8936699018680813,0.7303167559725646,0,0,0.7458026476324108,-0.12650068940960849,0.13424119360751885,0.7385376510449153,0.3246953104404267,0.4462754141153051
290,0.8291221342174481,0.7534939416168508,0,0,0.7437595591951022,-0.08627662409123012,0.14566676737167236,0.7007538874534334,0.2331969297714805,0.5092338030561585
291,0.7738684133464258,0.7785993513759552,0,0,0.726709973810596,-0.06485117603697427,0.14319009738023483,0.6765014739417928,0.08401150281498201,0.5310245874946106
292,0.730774647837574,0.8031419018747576,0,0,0.7106835922339614,-0.0791830603800945,0.11922773921626907,0.6727641540826844,0.1486837367756352,0.4658644111567247
293,0.7019533997704921,0.8248288416646031,0,0,0.6936471446762474,-0.09179612783152741,0.13643034804496426,0.6925350235721329,0.14002499415598857,0.3293687684938744
294,0.688672121547846,0.8417328930156105,0,0,0.6712924935933213,-0.07727940905326973,0.102413853961949,0.718938552280225,-0.015383920833374483,0.16644363249207722
295,0.6913401849941218,0.8523890246858078,0,0,0.7018816588931198,-0.06000059188662913,0.04931379813710942,0.7614632120016753,-0.19240458830609602,0.03147350431343362
296,0.7095576989300459,0.8558601721753697,0,0,0.7300762521238116,-0.01813145520105913,0.039261972028667845,0.7171328755093848,-0.3688846796109737,-0.07013513804085043
297,0.7422077391731283,0.8518009608946702,0,0,0.7295307389937048,0.0011444725693507524,-0.0405387229614597,0.5789247031642532,-0.6226376065377656,-0.16725472977661374
298,0.7875755126566881,0.8405255646684302,0,0,0.7437794608040267,-0.0182024533027372,-0.08154631155274247,0.5427477366407462,-0.5428631297485725,-0.30537095968833816
299,0.8434806938510452,0.8230619065217222,0,0,0.8264674624015032,-0.08554269341514976,-0.07869982921449997,0.5131535213344314,-0.5716491784742146,-0.43088054393715475
300,0.9074101774795512,0.8011584062099117,0,0,0.9901547877231232,-0.13171184446532772,-0.09054568092383362,0.538985048790218,-0.6572010166918117,-0.5084739405124469
301,0.9766371446164545,0.7772061002256664,0,0,1.0822976831565394,-0.07895918165235559,-0.060648340924368514,0.5997414175660444,-0.24792304871974002,-0.5108362754608516
302,1.0483130050026612,0.7540510476551613,0,0,1.028578956238889,-0.019118603792227,0.02213397051323382,0.6853404140042113,0.16552148660937546,-0.4614644824634892
303,1.119528011606953,0.734699744979269,0,0,1.0467747027187755,0.04393025346378662,0.029825452087631623,0.6157376926831332,0.16604619654691044,-0.32030166905012697
304,1.1873538897114724,0.7219572327457111,0,0,1.1006506833289447,0.08158441054069747,-0.08483988529056172,0.4478198239955575,0.3835810694905089,-0.15971700159807736
305,1.2488970379879234,0.7180705841315249,0,0,1.1330207126829008,0.01667991168167224,-0.22962939802337165,0.400582958378131,0.33373531983189325,-0.12016613986936019
306,1.301391585317989,0.7244656645373273,0,0,1.2414744409112066,-0.1613896162964099,-0.42452430227160237,0.4570006562819647,0.07145091350046012,-0.08420909468315319
307,1.3423454248087003,0.7416529535633056,0,0,1.2257429410342093,-0.2077547270586555,-0.3769584360482675,0.7930204608142856,0.08593355510582411,-0.030337035052232637
308,1.3697276147571835,0.7693382010070583,0,0,1.4127478859374585,0.13707648692043278,0.0562925221679548,0.6896301173164646,-0.26582875568942854,0.16533909408465694
309,1.382163378389492,0.8067178446149216,0,0,1.3789954299765976,0.36676338038046996,0.17205814438476932,0.12337172865202399,0.40386056742275245,0.390038114418313
310,1.3790908706014133,0.8528861559378064,0,0,1.4102795821138228,0.6386290569051057,0.5826382810180184,-0.26126872912590854,0.6611636560619901,0.5698308100060159
311,1.3608365971397456,0.9072417640511876,0,0,1.2002025383854529,0.5288837786770247,0.7484131083373556,-1.0564087192378966,0.5911298809590152,0.8806487090179546
312,1.3285881807912037,0.9697595677727409,0,0,0.7690175724783321,-0.16343755808453694,0.43462056720770237,-1.3986355150541618,0.16084285466087025,0.8240084332592809
313,1.2842808902528866,1.0410073591954316,0,0,0.9472281158376433,-0.4777427103565529,0.2697027526063052,-0.8226563844937098,-0.6367644680569327,0.3647944907704382
314,1.230446409457005,1.1218607143067152,0,0,1.1827089859015758,-0.3281550819454538,0.3840171870679674,-0.30582948422124295,-0.34789294603219156,0.017582334067434886
315,1.170070504497604,1.2129946481321163,0,0,1.2752400255278256,0.11710807612996782,0.37987262979417963,-0.3779557369740679,-0.8768966848522685,-0.07944633727266956
316,1.1064691783640783,1.3143387931574115,0,0,1.210281728900435,0.3814297401945627,0.09677464134720853,-0.8995760413118923,-0.41699021768881533,-0.05790573519962805
317,1.0431545248977554,1.424702947282092,0,0,0.9462737000276601,0.2954838792224417,0.18535968136136113,-1.355016093778119,-0.021423303587955377,-0.12155425147750651
318,0.9836551162380602,1.541704500600293,0,0,0.9605725271195376,0.18179956839584388,0.19979655595104343,-1.5931289731054292,-0.5210951559492214,-0.26291440535364646
319,0.9312812451821272,1.6620143064771076,0,0,0.8955788081222377,0.11165589943995696,0.09113832709964026,-1.7105355323810005,-0.047799241914494264,-0.3645172186375768
320,0.8888581596529632,1.781845425365616,0,0,0.7849091175592771,0.1022974301088507,0.20923643536360392,-1.7594628042377642,0.12283458972735956,-0.42296895846804944
321,0.8584702074513229,1.8975680281277625,0,0,0.7659147931873238,0.16224678014173993,0.19810995710152512,-1.804018000901719,-0.031002951101282834,-0.4391546708154346
322,0.8412611676784617,2.006335583667855,0,0,0.7910255210825226,0.19439009863586823,0.12366632128419128,-1.9510805937659288,-0.07756584240333426,-0.4758148599309118
323,0.837325726333544,2.106626637432014,0,0,0.7892989086718105,0.15525120965577435,0.13974922666127212,-2.113195912694934,0.10207689180374153,-0.5140027611085497
324,0.8457103759979747,2.198622514008556,0,0,0.7875795814672691,0.1566100346469257,0.13193659257366022,-2.2500507596476536,0.017235227655777362,-0.5153248374623945
325,0.8645246495684361,2.2843514633372672,0,0,0.8360421911041976,0.15699885342603165,0.10823886874922467,-2.4277362339780852,0.009547443061315473,-0.483069696203479
326,0.8911490187176118,2.3675446066645525,0,0,0.8927160405253003,0.1062585897714911,0.08326458550240219,-2.5214682497369276,-0.04633319828749242,-0.44492818678968304
327,0.922514741630925,2.4531796718983623,0,0,0.9550424719928394,0.04935463397691946,0.024728377649152315,-2.5048652309392723,-0.16449184812533507,-0.4192047190016905
328,0.9554236895715713,2.5467380321485393,0,0,0.9761717604305448,0.03619458971527494,-0.008526283265654496,-2.4770748411451184,-0.13124529085206582,-0.379135040066519
329,0.9868739038515787,2.6532609739685387,0,0,0.9548306710748106,0.07621713062374823,0.009699708652856695,-2.497514597682014,-0.20433740279141643,-0.3505837049493032
330,1.0143594967356693,2.7763451667880763,0,0,1.0084787345115338,0.1353575208685149,0.015784640778290754,-2.584087305213867,-0.25103321962990555,-0.33340094143898763
331,1.0361187972733203,2.917246339700336,0,0,1.0411573832395091,0.20991927067077057,0.03085308509792392,-2.7125569284358466,-0.05801156201269247,-0.3271060937148701
332,1.051308716624085,3.07425425131586,0,0,1.0072652228941752,0.2558359694345729,0.033024271999175146,-2.9055315941234388,-0.033199551841842756,-0.3775394267492369
333,1.0600852300258408,3.24246394148507,0,0,1.0763319911128681,0.25728871223288274,-0.05288691928067623,-3.0751017810874983,-0.21355987407726107,-0.47040609465023275
334,1.0635718715745663,3.4140092647029707,0,0,1.1326775997177427,0.26259428560832104,-0.12686428694630505,-3.2053980207431465,-0.10228311804197952,-0.5293124795610505
335,1.063703451424193,3.5787573515828806,0,0,1.0822512639649546,0.2648255551407084,-0.1377286826158901,-3.4342794701969868,0.08595498395192894,-0.5423771974690506
336,1.0629439593448837,3.725395553674922,0,0,1.0373708041603655,0.3138515640677518,-0.13289868233527388,-3.654784712081546,0.12818755115107366,-0.5107775283922267
337,1.063897381364442,3.842780214908692,0,0,1.0065219991330028,0.3414581714054203,-0.1487434709641949,-3.9080103433979505,0.12096362095748925,-0.4660275478158618
338,1.0688549700625325,3.921364608443686,0,0,0.9811566688312008,0.27277177391794005,-0.20333124648462422,-4.123676254568686,0.13447165843933775,-0.4734318451343452
339,1.0793451666197909,3.954491721151469,0,0,0.9723447213072705,0.22353721501177415,-0.2146753678686606,-4.239249522587179,0.1895802158724408,-0.4979644999457479
340,1.0957659090897423,3.9393393884874697,0,0,0.9246223313250944,0.09709698460109059,-0.16158797969740202,-4.262889581755018,0.3719716389916591,-0.4987290382042732
341,1.1171791770845374,3.8773501197332676,0,0,0.9188239565076401,-0.07681825180021593,-0.07996303925739547,-4.03783473802544,0.3295321204202665,-0.5270368279479225
342,1.1413310528602083,3.7740646529861657,0,0,0.9715222001442825,-0.20521006028666966,-0.0019069828280672738,-3.731886371112425,0.32402482180940884,-0.5639852123575048
343,1.1649248712488052,3.638390437441985,0,0,1.0999504317124844,-0.283578171211339,0.09767857749439823,-3.4258859174064087,0.26607808661657095,-0.6062199902449089
344,1.1841229598096699,3.4814440425388224,0,0,1.2137907665869265,-0.2859551487993781,0.20950241670918485,-3.157525729375628,0.5661113042475842,-0.657025598692433
345,1.1951962589684955,3.3151781244414242,0,0,1.2502558882126553,-0.2579745369577614,0.31955257900148254,-2.9753312999378294,0.7478335309694006,-0.6815710053756026
346,1.1951992507035147,3.151021256274087,0,0,1.3211706286705085,-0.24013241493599646,0.29922495541650673,-2.8320688144333026,0.7791731511457841,-0.7060133903048234
347,1.1825350287647742,2.998727046614279,0,0,1.3198339786158515,-0.16441156622916472,0.2888882529448819,-2.605848665812294,0.8580859026877357,-0.7143816787912984
348,1.1572959641433418,2.865567275624852,0,0,1.2543141747319866,-0.058152223230607966,0.21111852351938779,-2.5238636095236875,0.7644575820256665,-0.6035068688432382
349,1.1213126564685962,2.7559323571709506,0,0,1.13962404775646,-0.013237003938328074,0.049460140625659614,-2.589494767276201,0.6490721336198457,-0.38215625213498144
350,1.0779047228220093,2.6713326325860804,0,0,1.0769841939164044,-0.08191874941578824,-0.016126717350274062,-2.6594176453451484,0.6153166045331827,-0.14587832970190448
351,1.0313859089583102,2.6107319446433648,0,0,0.9577929760712237,-0.1782548022233848,-0.03933243109637217,-2.6343929744886863,0.7338379680704583,-0.039398259418600104
352,0.9864195348840915,2.5710992451541963,0,0,0.8664369253871099,-0.1933962867571952,0.0037953074095046974,-2.611913849481136,0.7021081914160746,-0.026314750346305583
353,0.9473414312527073,2.54804520506408,0,0,0.7980430508008866,-0.1962073142994398,0.03013877995435634,-2.6149762892255857,0.7158448502913819,-0.13461557856356154
354,0.9175658748380562,2.536423558848216,0,0,0.755172377628342,-0.22214675277856796,0.02489145464478345,-2.572517902569698,0.6148140621117866,-0.32728391336062557
355,0.899168389362794,2.530815928092652,0,0,0.7542059071640165,-0.21637479411712907,0.0205561885507415,-2.456137833446535,0.3051125970826611,-0.48623221139574807
356,0.8927019558378433,2.525871767137141,0,0,0.8643054684959606,-0.18186284125261415,0.07486768887160442,-2.334264640828993,0.011071561682040557,-0.6017836895126518
357,0.8972570540918826,2.5165258748641706,0,0,0.912638578723019,-0.1559745862787266,0.14534057840356135,-2.27283349820607,-0.08268431888719494,-0.7126219051093937
358,0.9107312070699409,2.4981479584939534,0,0,0.9344034418950244,-0.11386043226596007,0.1665730336095356,-2.2565392294343205,-0.19925509979275774,-0.8151829290233389
359,0.9302413207279256,2.4666814242419437,0,0,0.947206987303511,-0.08611653558448197,0.1413801396012778,-2.2587644826631355,-0.3186237062709065,-0.8641219057180679
360,0.9525984911767974,2.418804690044318,0,0,1.0017871699809997,-0.08875670420419107,0.0892988214143949,-2.2625959456408395,-0.6014544240403658,-0.8408396699069127
361,0.9747685160763572,2.352113181269988,0,0,1.0490694485470529,-0.1569007289701718,0.0786219309088629,-2.2249561286888366,-0.5164357068665696,-0.8089138133859757
362,0.9942558702167328,2.2652922054535685,0,0,1.0071088337089211,-0.201411992486168,0.10351042377577273,-2.146849280250897,-0.41640569745434614,-0.7820675420152956
363,1.0093693662496808,2.1582416289201687,0,0,0.9785447149772573,-0.22253776955573906,0.12603611599549336,-2.042768031930992,-0.4393370653872244,-0.7552533243363692
364,1.0193511483356603,2.032123225243016,0,0,0.9595300002657158,-0.22564260738057074,0.1270088328884181,-1.886770200951036,-0.3754838892944774,-0.7210612713789145
365,1.024372876400737,1.8893231409691205,0,0,0.9780894765805042,-0.23600097900372505,0.11983403860752448,-1.6658039525186605,-0.37724154285257994,-0.6705473706697075
366,1.025418442497296,1.7333450545262685,0,0,0.9706847598137816,-0.23600210055287021,0.16887418707906807,-1.4490583871884006,-0.1569559404298988,-0.6082675276598497
367,1.0240785644302999,1.5686645694972312,0,0,0.9921040180256986,-0.20628775325887477,0.22241796937760083,-1.3132195856790574,-0.2988912472345572,-0.5254956181655682
368,1.0222815406219894,1.400573525547816,0,0,1.0684914537936416,-0.08709732116020795,0.303455704448865,-1.250360439473405,-0.1823225227497484,-0.39342766931136025
369,1.0219821941956582,1.2350205290278378,0,0,1.0376035374085155,-0.11247617885307322,0.23096562834746265,-1.3701709182637944,-0.12803827787270394,-0.2854909582254988
370,1.0248337060711525,1.0784188127621275,0,0,0.951679814812098,-0.23231260481369267,0.16238364997325946,-1.293180986915993,-0.14551140418065187,-0.2609389522548229
371,1.031877287155074,0.937364779308989,0,0,0.8670944007316165,-0.306201500805873,0.18279246756226886,-1.1365932854980154,-0.17856772926326403,-0.2609857027341947
372,1.0432979148118686,0.8182133052832647,0,0,0.8530954718607889,-0.2871083467122513,0.12846374483330614,-0.8267670359294016,-0.3887470480861476,-0.1910615068758268
373,1.0582998252315832,0.7264987128616002,0,0,0.9411839083964461,-0.17556017011299835,0.188260205743175,-0.5774842450140348,-0.24555624655255873,-0.04899084708757016
374,1.0751437936045136,0.6662596470891693,0,0,1.0231482337232378,-0.07205071045428131,0.24278248658470775,-0.46871508029445474,-0.21939439116981624,0.05722118089180685
375,1.0913595998513237,0.6393913573366787,0,0,1.0465932585332158,0.02842653272147056,0.22824955331833666,-0.3333912931153459,0.08484631820336248,0.09416277261883672
376,1.1041111753389174,0.6451801470070221,0,0,1.0484358138069052,0.07537025775999305,0.29531496393416384,-0.2404515339930863,0.26115206841358973,0.06656931612138184
377,1.1106604286117396,0.6801575823959504,0,0,1.0823691569087825,0.13024802636199018,0.2454942482420439,-0.2678559308494561,0.5608439168722884,0.06707652190912282
378,1.1088547874082955,0.7383513607373673,0,0,1.155755282337453,0.20691152779977687,0.21497844462636456,-0.49503270583824743,0.27044730404955,-0.0419751599138463
379,1.0975535828293546,0.8119249825894866,0,0,1.2794012394029872,0.20987666778227304,0.18317604745743438,-0.7441639636956823,0.14308761099684453,-0.2582475364415673
380,1.0769105756926822,0.8921137581799391,0,0,1.1891888074197514,0.19726690393130164,0.1840038301409769,-0.8641602201515375,0.49006071537417545,-0.45898827915036244
381,1.0484489895837537,0.9702996611315176,0,0,1.0829518921112542,0.15376451682175618,0.22666259555430368,-0.9373458455028624,0.4230240480520798,-0.6114998899379843
382,1.0149042304260867,1.039035170811166,0,0,0.9344247650723134,0.10920021026067743,0.17004804387263828,-0.9890618334295407,0.45805652258721385,-0.6519413146533479
383,0.9798602973700749,1.0928352191255324,0,0,0.86772497020327,0.0860088380106397,0.15998912006725272,-1.061952600894182,0.27461889592674765,-0.6304509388094975
384,0.9472508526906772,1.1286065446275864,0,0,0.8769607303542428,0.05847384407903336,0.13751802947171454,-1.0843875923028656,0.31504173544283326,-0.5933848689857419
385,0.920818645166542,1.145661632925261,0,0,0.8491858884068696,0.035997271972413446,0.09448083077450507,-1.0137775349985454,0.4295070492051896,-0.5171480595041786
386,0.9036235776920817,1.1453494238222364,0,0,0.8307469443287093,0.023932439019275147,0.11124541864067045,-0.902542627262674,0.31010632412113615,-0.44151178586958045
387,0.8976683242124478,1.130408933252071,0,0,0.8410272241041458,0.020945302284235554,0.0892897689918874,-0.8354501830557131,-0.044983016681076356,-0.35737875644325307
388,0.9036820984353637,1.1042006826606252,0,0,0.8925148018830372,0.015066017475858985,0.0501787785106466,-0.8225334409139698,-0.2857769177043717,-0.2649722666163456
389,0.9210750894597945,1.0699829982188471,0,0,0.9112497328672715,0.021424565229279505,0.011242700584731471,-0.8071240815574804,-0.3948157275946972,-0.134292232709623
390,0.9480516841505552,1.0303720780385313,0,0,0.926955351549523,0.03251064416248315,-0.011186900395462463,-0.7635019889569887,-0.5259567848092583,-0.01383989315613939
391,0.9818519531978945,0.9870658443638829,0,0,0.9735313634108457,0.02611960873808645,-0.010435979891485139,-0.693910763608364,-0.7008475288159111,0.04939226065527348
392,1.0190784779586644,0.9408419843459566,0,0,1.085750567574748,-0.020962072823587485,0.07970914328968838,-0.5955456212453363,-0.8259760543940207,0.026218349752505133
393,1.056058715217178,0.8917808495758587,0,0,1.16547079422449,-0.04320392598723387,0.1725495970210391,-0.5115104582698558,-0.8486896719814618,-0.07977577548602252
394,1.089192955620724,0.8396278598173259,0,0,1.1716211061160038,-0.019032259845015036,0.36264078202417227,-0.45112540395611644,-0.6606004381578418,-0.2169659558464199
395,1.1152489754407204,0.7842013038672782,0,0,0.9818733022565741,0.002355335264428507,0.395996492584703,-0.5883743896580875,-0.21554980146147232,-0.30753534034180624
396,1.1315887619222587,0.7257618617273355,0,0,0.8277631228119275,0.0609558639914681,0.38846092473219435,-0.7329004353207196,0.05833812448007938,-0.4064537913466922
397,1.1363413138562373,0.6652755058373876,0,0,0.9012799371533085,0.08487968471681542,0.28968860323010015,-0.8635374715457823,-0.12831722758740263,-0.41648398401476877
398,1.1285490547013763,0.6045155160336141,0,0,1.147194316216606,-0.07004784334743777,0.08846683218016224,-0.7017071009710769,0.012711438745191378,-0.35673942330082153
399,1.1082994034690885,0.5459721158732532,0,0,1.2897163613430902,-0.2441092991557793,0.12126382694892894,-0.3248591556641953,-0.0004992075976122885,-0.1584671152556487
400,1.076815922743443,0.4925804321600778,0,0,1.2516493517529867,-0.2369314323135262,0.15146589102015467,-0.131909170218417,0.05737285353556651,0.1810353964904625
401,1.036454615467982,0.4473268615226831,0,0,1.0975274958839039,-0.15430658591213695,0.19375505962700132,-0.09203627210266152,0.2739338513194585,0.3916759509005816
402,0.990556473904054,0.4128201146182457,0,0,0.9425770322197644,-0.08933288884007765,0.19676685112366524,-0.12084118702414488,0.19017768940271834,0.41933407764368197
403,0.9431473554836588,0.3909020399677327,0,0,0.8184575080120099,-0.01104556048970913,0.18942679522014416,-0.1310753418626804,0.2131883886373196,0.3680209793894283
404,0.8985262887291363,0.3823442334733403,0,0,0.7816221460103914,-0.03207594216826152,0.13568907559262217,-0.16565222903142862,0.11634592362937596,0.29611722625892134
405,0.8608158058765999,0.3866580649647213,0,0,0.7845659516165916,-0.10393984830796987,0.10910438524610074,-0.15298001548534143,0.12676893059661226,0.25044219171743287
406,0.833550657299374,0.40204531454413694,0,0,0.7764504470340278,-0.1591907242995406,0.1428484741848368,-0.0996450553114772,0.1861336213363886,0.20802705680225375
407,0.8193601969393717,0.4255199025288212,0,0,0.7720303822371696,-0.20923208073518457,0.09337311883466308,0.09071365229992658,-0.02341787419650795,0.16354127812434885
408,0.8197696259045583,0.4532215905236465,0,0,0.8257198971817973,-0.20258261491502147,0.03722250014902728,0.32173890326540877,-0.14759448671338932,0.13626814308620935
409,0.835119237231854,0.4809125938179315,0,0,0.8598711257197746,-0.1678027538380748,0.0016142771185582942,0.4580548185868726,-0.1886526175525411,0.09526184451433263
410,0.8645853910336309,0.5046017956055103,0,0,0.8607333945529675,-0.14309465933953627,-0.02044690840911149,0.5810431408767878,-0.13556273808312938,0.010159665271243146
411,0.9062829286733141,0.521193763966349,0,0,0.8775601720459998,-0.11120432143094026,0.01858960368715949,0.6733355595223766,-0.17728155893523653,-0.0846668767220799
412,0.9574328308235143,0.5290309637916932,0,0,0.9241277334663404,-0.09752250073532324,0.007347252761355499,0.6858551083327081,-0.1951535826878411,-0.13731950317837274
413,1.0145851452109607,0.5282010123017038,0,0,0.9890120036998556,-0.08519104053177895,0.02198027313402479,0.7288444278818984,-0.12583490602402156,-0.16325775858795138
414,1.0738897030859422,0.5205182573905173,0,0,1.055484231954158,-0.06293023818522107,0.051020150824860215,0.7076691449340321,-0.04965830882824823,-0.1476202144003509
415,1.1314036717925333,0.5091534514728381,0,0,1.119124460283058,-0.020680661850597234,0.03665975225032036,0.5862686992043123,0.00367381531440331,-0.0836458118408273
416,1.1834173779256563,0.4979653186485204,0,0,1.1615346943863565,-0.003372807287697357,3.873557010446755e-05,0.3305128194932387,0.03274709801120064,-0.024581803008820777
417,1.226771188946176,0.4906667496954386,0,0,1.23580091814267,-0.019517763583505647,-0.06599886906089465,0.15572812025006205,-0.08839581321053253,0.0073708856182221
418,1.2591285300853587,0.4900132113373459,0,0,1.2494201374803908,-0.10669322645576072,-0.17625712612261368,0.015698049660476505,0.04822967116253109,0.013718774482347127
419,1.2791645198473331,0.49720766415152745,0,0,1.459661386508662,-0.11500819202759352,0.04776508021801754,0.16891400334053525,-0.31207497380464133,0.05837672116462913
420,1.2866293457627946,0.5116633944452386,0,0,1.5493043626717926,0.18546357387481052,0.2790677115310399,-0.16666098322126766,0.010574077138883302,0.2348211546835845
421,1.2822576334356157,0.5311668392121504,0,0,1.1263332350364383,0.10890862162516271,0.07150158319248144,-0.5802001643650786,0.6135175875161221,0.22706828699684736
422,1.2675264275864089,0.55237213541989,0,0,1.1541059151543558,0.09528643636813781,0.25184548421664626,-0.5963493811055541,-0.19689282313155027,0.17608948492523593
423,1.2443088890718947,0.5714786412699235,0,0,1.141478871143821,0.0227311691847781,0.3212219470993604,-0.7365468508446879,-0.36972732425957167,0.26410865186679305
424,1.2145065200184562,0.5849185266426828,0,0,1.0341670231343716,-0.11694660634698849,0.35044165607402206,-0.6683851732810105,0.0418250414306925,0.20096687632454055
425,1.17975017344496,0.5899139666492337,0,0,0.8881755292644262,-0.17717797637756036,0.4378080162209152,-0.4952016279051968,0.09563696942311516,-0.022330301327477934
426,1.1412386149577984,0.5848289802063199,0,0,0.9330387835496281,-0.03189113317418319,0.4280818663720312,-0.29239722433451726,-0.40666460824633466,-0.22288826665525519
427,1.0997439543265684,0.5693069318461922,0,0,1.093365712363106,0.03580526483791404,0.42452017634884387,-0.3768470482064836,-0.44325979648893904,-0.2054396207991884
428,1.0557662538280121,0.5442273154108151,0,0,1.1135957563031331,-0.001460357555534635,0.4197202261906744,-0.40999736046260493,-0.1738536273258603,-0.14154083503587303
429,1.0097770365353962,0.5115303014598263,0,0,1.0248703225255587,-0.08487406340419443,0.39587179192998906,-0.4524068122936693,-0.12558721817485044,-0.1726595938182541
430,0.9624690354361158,0.47395538835370626,0,0,1.0343522551197122,-0.14957342109617464,0.3613288101530376,-0.3448480031885951,-0.2262241656771028,-0.28374691199842644
431,0.9149368558479989,0.43473290530965114,0,0,0.8979293781515638,-0.06611427296624972,0.26845401272617925,-0.167958640399815,-0.08780441900345885,-0.35324723339097486
432,0.8687449492032461,0.3972592062711034,0,0,0.7296135496071606,0.03848193063711426,0.2311433331402392,-0.09832004428700833,0.08705125041143467,-0.32253805934514485
433,0.8258792021810856,0.3647795287879713,0,0,0.6884841583849973,0.1223116719171506,0.23950980483481257,-0.05928505760378801,0.31423507988190785,-0.29862673949634266
434,0.7886087479755057,0.3400967638392343,0,0,0.7797552975959923,0.13154729658141598,0.2308688802158887,-0.05036500053619594,-0.050584203052713626,-0.3267379786068228
435,0.7592944879763497,0.32532002810137284,0,0,0.7748417566110225,0.10058254324451305,0.1733482693691721,-0.08390571338750034,0.10020429956646679,-0.33065523923578405
436,0.740173020032745,0.32166588466489027,0,0,0.7248887246007637,0.08379152149084773,0.1627823099045936,-0.12383987249389992,0.005233197603357902,-0.28978925553827173
437,0.733132963656342,0.3293286248144462,0,0,0.7376802765087392,0.08107156247855116,0.1548502555702261,-0.16679588674842882,-0.10177559971260128,-0.20500133402574314
438,0.7394967817159194,0.347441404305197,0,0,0.718550264050925,0.09736154146741523,0.12229348572050035,-0.17807395334320625,-0.053903670178038966,-0.10108938767228645
439,0.7598259048572689,0.3741510198137973,0,0,0.728052104860639,0.08578355467411458,0.09550985796084274,-0.1932156431487229,-0.18619097655819936,-0.02469083896047256
440,0.7937741425322011,0.4068192514991431,0,0,0.7544657582071052,0.06283155288715074,0.040705845707430584,-0.2265475333359333,-0.31459639381952886,0.043404990156695494
441,0.8400184437418867,0.44234023719614435,0,0,0.7414811115146838,0.09286175977855708,0.012049411054279693,-0.2593912739270415,-0.3248300774048259,0.15876104770466468
442,0.8962937406150362,0.4775314104354567,0,0,0.7548464415490603,0.15633459233279484,0.07341607568550172,-0.35225892134200537,-0.40036950982762703,0.2815761616946745
443,0.9595472536948709,0.5095276990654561,0,0,0.9025908723761003,0.13139295332331288,0.09863816396215823,-0.4274838911245789,-0.5031400922610078,0.3208329894235682
444,1.026205934816904,0.536098764974514,0,0,1.1272642333165404,0.08371565540923859,0.14773643919583984,-0.49357292577573175,-0.23522981206683874,0.31434429890325255
445,1.0925225518234971,0.5558254947863198,0,0,1.1734200691575545,-0.02507979514245094,0.17609129383625882,-0.5561415449560049,0.30204168988018654,0.2137469380094157
446,1.1549425971454175,0.5681131278283953,0,0,1.156278695783724,-0.10435168353145692,0.06418782098439245,-0.3763099552533588,0.22693335032137799,-0.008521680357395818
447,1.210427860818898,0.5730705663209267,0,0,1.1906359848442438,-0.039623013281697435,-0.11099815528333422,-0.3046798810028085,-0.016569101017230893,-0.12440951622277326
448,1.2566845403476092,0.5713262017961415,0,0,1.2884774228781857,0.13222172502149235,-0.23496260051874138,-0.3566985372384537,0.03911712158556796,-0.14754761349077386
449,1.29226381521936,0.5638593158094725,0,0,1.4617925713658233,0.21067197736933463,-0.11259007482128919,-0.5209873612635859,0.12316948955076709,-0.2354972862567769
450,1.3165222805336552,0.5518970636861129,0,0,1.462091553795537,0.04274946593308473,0.0486132789724762,-0.5686608600606102,0.3502956532623184,-0.3182225200095944
451,1.3294518395756267,0.5368775887063196,0,0,1.2008602522975678,-0.1682329767511449,0.09767815238881368,-0.38046125318666435,0.36361046817291187,-0.35166065678799374
452,1.3314201636013274,0.5204411208377936,0,0,0.9835434711707669,-0.21264379818340184,0.1966671851129289,-0.13170440634346534,-0.005392995335994399,-0.3010548441061882
453,1.3228959482959086,0.5044027634252669,0,0,1.0932038241833253,-0.31539992396427385,0.5363814553680615,-0.07793077685277189,-0.5722817268335881,-0.4117831994284223
454,1.3042455317601727,0.4906762047920641,0,0,1.129064690399586,-0.22714877164350034,0.6402868477595327,0.14026265756556547,-0.2816625682070443,-0.4864523615464717
455,1.2756647344221055,0.48113811389865013,0,0,1.0078069995908516,0.08717052340650969,0.43878863698806125,-0.007903208919860447,-0.16859039821939745,-0.3076128584335616
456,1.2372630750204296,0.47744109760135484,0,0,1.2119193580575365,0.1883599962073459,0.47225885001495493,-0.23939440115840496,-0.6409629139174082,-0.10638307760229557
457,1.1892703582068582,0.4808019024237876,0,0,1.2240725818768514,0.09420731414470675,0.2856437329206294,-0.23761933668080767,-0.24667548321959512,-0.0644565754299628
458,1.1323024475442058,0.49181006305387476,0,0,1.13196803891795,-0.12957753827271806,0.37375886337069986,0.040692413652084015,0.03503355564759892,-0.10467968353117973
459,1.0676078193614706,0.5103118554811085,0,0,1.2401722980559169,-0.15077115143301015,0.3183732660836618,0.21935150451700458,-0.4768592696586035,0.05823614329865748
460,0.9972216725750974,0.5354138245070591,0,0,1.042316050314296,-0.15992551636168328,0.1783916412525934,0.33973783318304845,0.3635934579429857,0.24399417967757156
461,0.9239805201510666,0.5656147742013236,0,0,0.7611558223848394,-0.20099092043961997,0.22561315516194547,0.4280559238748005,0.36685319926508964,0.3148952447778894
462,0.8513904523269994,0.5990291143836732,0,0,0.726131927936148,-0.16102489921881977,0.20286761689307578,0.5066360839692307,0.40403036803747827,0.3507182264563137
463,0.7833810335517787,0.6336341232848189,0,0,0.7061994251750336,-0.08877139401106042,0.20580869143168076,0.5082532138090237,0.3996239663815593,0.39502092431618174
464,0.7239969768294532,0.6674742820447245,0,0,0.6963895912121131,-0.07825955728944725,0.16968337187614962,0.48516701730874945,0.23441011881772517,0.40907668907433287
465,0.6770758918528912,0.6987826823871668,0,0,0.6709535133863151,-0.09152414295014617,0.15883944167003125,0.5553128866829614,0.2664275706951735,0.3576705407946103
466,0.6459430101197622,0.7260175853492545,0,0,0.6622996037102981,-0.09646332909793706,0.170506950197974,0.5821477408515737,0.3002306799181558,0.2640985588289138
467,0.6331381809255389,0.7478462476450086,0,0,0.6207502612953102,-0.09419400708723173,0.1336802857888165,0.5824563106153423,0.1509311928851677,0.16416941975640664
468,0.6401847445091423,0.7631277056652265,0,0,0.6386024795885766,-0.0688320537785977,0.07346999874548174,0.6161945200584839,0.04877498682869069,0.06599943952349908
469,0.6674133135232416,0.770946678804841,0,0,0.626866268446623,-0.02037192037271852,0.06699015934174998,0.6506870267837634,-0.004283527083803437,-0.033110981311127254
470,0.7138604487184806,0.7707311037220368,0,0,0.6421001040952266,-0.006674949002338526,0.03143920789258343,0.5863282157197256,-0.3058170224185615,-0.1644765138681996
471,0.7772661441586838,0.7624486173727607,0,0,0.6864284149201424,-0.04677219418376749,-0.012881879684753723,0.5847400365658801,-0.34744062017038396,-0.3333315724493782
472,0.854189666954987,0.7468311427351519,0,0,0.7771638308760596,-0.09212337536892523,-0.03172393405538241,0.6278798461482509,-0.5377877135202073,-0.4491364068309022
473,0.9402482763687933,0.7255363525462587,0,0,0.9960072679125507,-0.09405838867941008,-0.03066760658721695,0.6659556931351941,-0.85989250848708,-0.48031819809764037
474,1.030460286949811,0.7011392943151029,0,0,1.096300526626746,-0.02482559955860231,0.07609731799008337,0.7989550075519669,-0.08299481628065046,-0.4443224988236553
475,1.1196513493954814,0.6768752170087751,0,0,1.1176022312319287,0.11123462562239976,0.1934476313146245,0.7922121677973013,0.2175367927714936,-0.31828282976542327
476,1.202870992285884,0.6561302710994856,0,0,1.1880705607685886,0.1834640633434505,0.07263427898661565,0.3974299060786468,0.09979281042138036,-0.12503904827063284
477,1.275769243952312,0.6417782398126939,0,0,1.2381150883000316,0.17472274306853716,-0.17624519564224395,0.13821585391851807,0.021316807740362428,0.059177865188986975
478,1.3348945310901377,0.6355441871818527,0,0,1.2751284499571554,0.027940750998075504,-0.36239932651308726,-0.1332236154761425,-0.17118372904607373,0.1145071440494293
479,1.3778847288957523,0.6375955709023922,0,0,1.4991425068168198,-0.1580811595834017,-0.252776240723143,0.05713331836836733,-0.4451339248054549,0.18864074780147141
480,1.4035302822682958,0.646501214313205,0,0,1.6280292296903482,0.13385845527288692,0.011911572260634634,0.1585007205209566,0.16834248556551518,0.38013491307378544
481,1.4116984083610846,0.6595820799195887,0,0,1.2179820276092754,0.170386922174032,0.31542793402831953,-0.07823888819853579,0.9831125206898794,0.4115218433069456
482,1.4031297807579584,0.6735547686663277,0,0,1.2918907067903949,0.3181160484990431,0.7358247837130321,-0.07022775050807512,-0.19046491963418266,0.5771176461870837
483,1.37915312705278,0.6852851576776953,0,0,1.0060458003395059,0.3435744086021131,0.6317504534126859,-0.7986963783582199,0.3136496771203686,0.738492782233262
484,1.3413946081939976,0.6924478392669013,0,0,0.7561876924426465,-0.12192315211165393,0.46828999518685277,-1.039899786955222,0.13073802083752767,0.5074416941625857
485,1.2915692793135114,0.6939262380156731,0,0,1.027701998544075,-0.34091027299282783,0.3623509272501175,-0.5596460903794729,-0.4486566378023623,0.020332152778117694
486,1.231418162203003,0.6898752270444598,0,0,1.2920555591376075,-0.3409594947346773,0.3651444217034967,-0.2134097221962605,-0.4112241818644928,-0.1975768121086202
487,1.1627966237218612,0.6814782363232882,0,0,1.3294873762205892,-0.09200278771314618,0.36148500251979127,-0.14289770118264167,-0.32763510894447995,-0.17494992488257988
488,1.0878517077808227,0.6705236967421188,0,0,1.2328949698018798,0.1046032862059422,0.30444106509718744,-0.31585861008857546,-0.11230978955378859,-0.17025234915742085
489,1.009187122904545,0.6589601045425819,0,0,1.079156491776483,0.11934206616993931,0.2253629178281609,-0.45408575247023003,0.05573987558581305,-0.22189127997516386
490,0.9299270798584937,0.6485535874532049,0,0,0.8651419952270182,0.08774510496318859,0.19264049193837132,-0.5485359532998482,0.46597688172813323,-0.26537337297582475
491,0.8536406649307565,0.6406932600441272,0,0,0.7021910479727657,0.029689234840081957,0.23621940198034358,-0.5438517036496252,0.7476794700366927,-0.2845408696182389
492,0.7841435679242271,0.636313406340576,0,0,0.6793956764231234,0.05046280775330568,0.22856152017335138,-0.4148277934669075,0.4391146448548984,-0.3416285448186586
493,0.7252268203258119,0.6358660937709562,0,0,0.6811848548747484,0.08618596084879986,0.1989816104849422,-0.3795456591174949,0.28298409238646505,-0.39225158624953416
494,0.6803653115278974,0.6392934414809741,0,0,0.666581072072333,0.11224050906304019,0.20220670585751233,-0.3763801492245103,0.35479900800960895,-0.3738149978947825
495,0.6524425776672252,0.6459929700603634,0,0,0.6460961402052294,0.12430606179326198,0.18397754856939044,-0.42323638990333595,0.24469211469813332,-0.29879783552204897
496,0.6435097892560542,0.6548084155008309,0,0,0.6482043325747648,0.09965665271916363,0.13657311305880146,-0.4655689512568139,0.1462403988855717,-0.16339573176414834
497,0.6545876352789621,0.6640929942167129,0,0,0.6487041305710785,0.07467702027120861,0.10273044315153859,-0.5148606103355206,0.07847013915148669,0.008107975847753223
498,0.685521381796049,0.671881293480737,0,0,0.6552261117778798,0.05163481113068572,0.0948198900808374,-0.5493609856628159,-0.04451960944124624,0.16800953029072122
499,0.7349065083623277,0.6761751250062171,0,0,0.6727505997892749,0.06255668624306832,0.03572233090425978,-0.5771282756271378,-0.2523157119375456,0.28653066829992047
500,0.8001081468613765,0.6753057430464334,0,0,0.6942651504261977,0.10342412093798703,0.004996319259996189,-0.6097564909070023,-0.3427349863165558,0.4016002646806225
501,0.8773962026307265,0.6682934378333106,0,0,0.7423772536300217,0.10713475788879559,0.03170584805940404,-0.6336430784235585,-0.4036561682040501,0.4577334493796198
502,0.9622054441745372,0.6551031950142732,0,0,0.9361291471448527,0.02519418086589482,0.076519861202015,-0.6558960009595532,-0.4361471109641838,0.44063186820457445
503,1.049505394716043,0.6367057341421053,0,0,1.1775196351841943,-0.12916549320661178,0.11562870587420805,-0.7901703409593309,-0.2514616953050313,0.34964104959756576
504,1.134234829410982,0.6149004933272386,0,0,1.247247431830669,-0.23401116649002882,0.00013097982672295854,-0.5647047205451203,0.05429157233550393,0.11766683789966297
505,1.2117338664218595,0.5919313344999456,0,0,1.1582712445327399,-0.19198450839639544,-0.11959020532693626,-0.22491717188362007,0.12006741155000558,-0.12245973147170124
506,1.2781056762829628,0.5700025224429641,0,0,1.2228107540380484,-0.04643249186535382,-0.20274599077497482,-0.051502174387706774,-0.08535331143520722,-0.1908140004457136
507,1.3304585144828824,0.550847351836739,0,0,1.399296652149293,0.1807866226036188,-0.23068655219278103,-0.10435481714509685,-0.24692540463897972,-0.18398075087744784
508,1.3670029300759792,0.5354875775787219,0,0,1.5990629917184243,0.07110395406163025,-0.019076899181074036,-0.349285304203329,-0.13066469479299167,-0.28351455067107867
509,1.3869992176797694,0.5242506357273671,0,0,1.3775098994977661,-0.2177128995555509,0.21929513601915343,-0.2278439849333526,0.5862617968320867,-0.35533612894000033
510,1.3905724110043518,0.5170172743555213,0,0,1.1373328880915758,-0.4033249921440256,0.4925916289343644,0.05823408887840889,0.014725820599010743,-0.4072608525624449
511,1.3784437984283768,0.5135964931741122,0,0,1.0027818358155733,-0.3631099589588964,0.5395667242296118,0.36644212487995653,-0.31749558153332064,-0.5299622479626855
512,1.3516593479511276,0.514090105847647,0,0,0.8641363604905816,0.009457232645142734,0.5785262838868492,0.5238922399486188,-0.24346063942871868,-0.5212468217563291
513,1.311403614566971,0.5191146792318068,0,0,1.1045440947387717,0.284206002999894,0.429485309804747,0.01471022632136161,-0.9731200515144534,-0.32768598015673633
514,1.2589579017611459,0.5297882169283911,0,0,1.3410858044083354,0.3000104211527637,0.3096838148311464,-0.17483092297671066,-0.4748757354117218,-0.11100461029953389
515,1.195802204255712,0.5474621280180935,0,0,1.2759359178678686,0.03206469919418751,0.28251321947886165,-0.11895015062681923,-0.02761104820137701,-0.09229836972795152
516,1.1238007283184646,0.5732723984928063,0,0,1.2063227805048218,-0.1595746396243476,0.30879396036731,0.1854438560485987,0.295600035873781,-0.08787617443811702
517,1.0453808301671386,0.6076570808986976,0,0,1.1073176128222102,-0.140756979201669,0.2790736029870777,0.32287329940416665,-0.004091822896458674,0.1105515991597288
518,0.9636253705466623,0.6499982304271298,0,0,0.9533214747989265,-0.17114335033415906,0.14841423123982705,0.40546193640901185,0.30289737755237867,0.2878618566772397
519,0.8822358173851208,0.6984911017357482,0,0,0.7775931720785317,-0.16092149028892327,0.18414039436147497,0.5533324151675132,0.4784178071198826,0.399885858981149
520,0.8053661555322961,0.7502581356401924,0,0,0.7336380676463427,-0.12103735208327615,0.20542474864113713,0.5848007940801755,0.4141114485395606,0.4967521987739012
521,0.7373587150053391,0.8016547734712324,0,0,0.6956290453708172,-0.1151585730723723,0.18093805771940633,0.5654729400005608,0.36052493510433953,0.5432568713254363
522,0.6824252110974136,0.8486837167700514,0,0,0.631693561574668,-0.13779425349413751,0.12628041283745645,0.6136434499450504,0.3041905277596158,0.47793359000161445
523,0.6443127599052618,0.8874421689470204,0,0,0.6310493880901927,-0.14166396973083947,0.14555503082678345,0.7233585204015085,0.3388769481664849,0.35051396570513466
524,0.6259846143322159,0.9145524322254974,0,0,0.6269399754489666,-0.13218695009622863,0.15667350368197716,0.8013777952298571,0.2391966603654479,0.22538298316823385
525,0.629337104782665,0.9275480768949065,0,0,0.6403795366589078,-0.11309735279523551,0.09487080735456734,0.8547693743846481,0.06596621732979575,0.11512206120632361
526,0.6549717002704077,0.9251952641526131,0,0,0.6331456225310569,-0.057813248420957725,0.05793598288300683,0.9075704891328034,-0.11366170540602642,-0.00524909775217108
527,0.7020443342903074,0.9077227170665515,0,0,0.6376782775457425,-0.0033894846234199653,0.016272207837883714,0.8331940949709055,-0.4723851476742607,-0.15170632200157366
528,0.7682195452799121,0.8769211974335981,0,0,0.644218670857576,-0.004764554475530986,-0.028218544261357618,0.7688307359477681,-0.49835882458630343,-0.32276908812251875
529,0.8497575663714318,0.8360638735550672,0,0,0.7370335858159288,-0.037290809685657365,-0.05372428808444142,0.7521199301115176,-0.6212090935128206,-0.484730053539115
530,0.9417511827418567,0.7896036078716332,0,0,0.9458025439888308,-0.006138795381083983,-0.04643571293523522,0.791174235450972,-0.3764864228117146,-0.5271489255776947
531,1.0385042357935355,0.7426311812623664,0,0,1.1047613379438517,0.08280872003101093,0.041252331623762406,0.7317870126253608,-0.14285914181633513,-0.43019875202644625
532,1.1340124236642202,0.7001325843115581,0,0,1.1898251421982569,0.15104317298830255,0.08918106684392157,0.5942059372995943,0.14414036355449153,-0.27164188329227157
533,1.2224830036591978,0.6661544095970091,0,0,1.1926181460784606,0.15796975544719893,0.0014835746853514408,0.2601259443799541,0.2771668047716895,-0.08986772969663455
534,1.2988228147802465,0.6430506017892818,0,0,1.2487418276573883,0.06681063415152716,-0.250282436922694,-0.06475802791071353,-0.08465691516576268,-0.017414623562455763
535,1.359031575834173,0.6310101928577441,0,0,1.4446294703148856,-0.11283673207589763,-0.24813019844756137,-0.040446362089306846,-0.17606078792441274,0.009489508112409437
536,1.4004502475682634,0.6280283116702136,0,0,1.6927326487695538,0.14444312223144024,0.03611231548352628,0.06944241354572916,-0.057157407830205974,0.24675025015410798
537,1.4218294712027084,0.6303762894920453,0,0,1.4674193880933757,0.4022734859536355,0.23054072313512788,-0.37076273428755,0.766275324823806,0.5348200840686406
538,1.4232097369134442,0.6334782236154725,0,0,1.1563365164447053,0.28902038041875394,0.6046088894060867,-0.6103508275124061,0.3840691978258972,0.6677657682020381
539,1.4056498943013394,0.6329680460379533,0,0,1.0317431552316407,0.16359132414159658,0.5718870768768114,-0.8419147277628138,-0.12670897109067347,0.6808780197465443
540,1.370890425237959,0.6256429929867737,0,0,0.8697393749075668,-0.19684852832504807,0.3851508747278376,-0.9250247262553121,-0.1072861589489125,0.43379673067217744
541,1.321061849690688,0.6100721011254807,0,0,1.1030359456711805,-0.36990696425607483,0.3360273030231817,-0.39249535261735014,-0.6675733326784358,0.03819385077655885
542,1.2585236801750426,0.5867395492587021,0,0,1.3358101120267365,-0.2949219354841636,0.2977821755370854,-0.022536404326147876,-0.4322643248707455,-0.10643092421507645
543,1.1858523035153272,0.5577505293304094,0,0,1.3321039124027048,-0.07078903886958364,0.37751399871342406,0.005956060294291387,-0.19754095177277298,-0.015003251101728194
544,1.1059232079423236,0.5262470591220425,0,0,1.2266649533558627,0.07520717264551842,0.3607777313088176,-0.21253058850435094,-0.11001898915543785,-0.01228556865897699
545,1.0219949631028982,0.4957331733445594,0,0,1.051229117612547,0.03524247361988649,0.23202825685499054,-0.32310481062803376,-0.16750076944577505,-0.13136819176507045
546,0.9377151632956144,0.4694835454389817,0,0,0.9059742983669886,0.03980764793930707,0.17772153657358017,-0.32886575202089074,0.03470045585334808,-0.19534404006697537
547,0.8570151548485474,0.45013188326159603,0,0,0.7202093953522236,0.039571319412284006,0.18041335545161225,-0.3115254974020809,0.5781042006594699,-0.17437279507527478
548,0.7839092515464354,0.4394496802047744,0,0,0.6734522771725686,0.07596943209314594,0.21309129837483906,-0.2162313348440957,0.5273456677777246,-0.19391344850559378
549,0.7222417927885038,0.4382700648302659,0,0,0.692885701590214,0.11929953278468329,0.19822880268628176,-0.19768340535243722,0.12079030958277112,-0.26499449523230595
550,0.675426242672922,0.4465002440801085,0,0,0.6896950962677489,0.12790425501032834,0.19285099090240335,-0.2656606812402583,0.23175460657873856,-0.26622451973014044
551,0.6462047410602899,0.46318744960570607,0,0,0.6361312196033743,0.1325696217476688,0.18105445643888493,-0.3746434886680542,0.144191716860405,-0.21157143449169544
552,0.6364405410665868,0.4866307136785091,0,0,0.6221253466365482,0.10093240940826506,0.12937666175022675,-0.46477116203904656,0.08069290996224261,-0.12196399148667195
553,0.6469504626073517,0.5145450223372767,0,0,0.6176476306747403,0.053892152955514964,0.08681219969050298,-0.4534195605832036,0.025276822479939696,-0.018963015722099557
554,0.677389253904177,0.5442844493722615,0,0,0.648363356925087,0.03336619199437602,0.051837037555901244,-0.4076483221535224,-0.09260706807858543,0.0922351086913538
555,0.7262046968373336,0.5731230443976196,0,0,0.6614462102065236,0.017208996616243796,0.005272289114163603,-0.40176765744611687,-0.21269838803817487,0.1925827904223476
556,0.790684093911477,0.5985776164387301,0,0,0.7081291190769966,0.06445862208651527,-0.020779035229203286,-0.391466039429239,-0.4278361987234774,0.292038220600152
557,0.8671061229508774,0.6187342049455459,0,0,0.817689084816365,0.14646425145765002,0.04157789053420315,-0.5042666453539993,-0.41688403167744037,0.37366902555865417
558,0.9509969290121685,0.6325167565888552,0,0,0.9593508128466686,0.11463474115657686,0.09730336036117038,-0.628297745105948,-0.4731243750118614,0.36612669166495215
559,1.037468863653614,0.6398275497856397,0,0,1.1144155497317618,-0.011549173954101823,0.11574645943890861,-0.6963935494214195,0.022824533429815937,0.3494813215434136
560,1.1216013672972092,0.6415078456394181,0,0,1.1351086846171494,-0.13335825801108722,0.08308516098761425,-0.5850722807739662,0.5480582705101168,0.20849676249601864
561,1.198814208051287,0.6391152085077987,0,0,1.2011842546236497,-0.17889332642385597,-0.07020228461220984,-0.2834547947805704,0.22749637061423783,-0.05545533658183206
562,1.2651869378043161,0.6345757960668539,0,0,1.1981168624126606,-0.05612845064171764,-0.1864930148007514,-0.11015492220380613,0.3064002732409982,-0.1618983883772034
563,1.3176903094245163,0.6298180394634264,0,0,1.3964088748224415,0.12473786217885123,-0.07896254849649235,-0.1811585262594172,-0.15027571996418848,-0.24572969121410887
564,1.354307679177135,0.6265002100685289,0,0,1.563431611133575,-0.051693100678411374,0.01362810019399894,-0.38508369508174195,-0.20782867329992252,-0.3898500167245753
565,1.3740355259659816,0.6258987970432318,0,0,1.381829261325314,-0.2868756961921924,0.25770315324852455,-0.030284019726895223,0.6870461120702229,-0.5050849442751367
566,1.3767694755450839,0.6289490418705632,0,0,1.1032988937730572,-0.35435279240437756,0.4655334436068152,0.29517503122459915,0.08771628352934585,-0.5601288025905812
567,1.3631106099034773,0.636364182470826,0,0,1.0404120615420211,-0.1873172495095439,0.49726176714778475,0.4989149273074232,-0.4468969106223778,-0.6148421800510196
568,1.3341554258566994,0.6487366472920799,0,0,1.0106266844455107,0.13754227364579752,0.43525757477908733,0.3822723978967274,-0.4252724529337449,-0.5136990504228182
569,1.2913392211187302,0.6665464343609193,0,0,1.2802304462150043,0.1894871996178954,0.3460153834180367,-0.04142949027784083,-0.8762444227504514,-0.3161396598285466
570,1.2363750956569868,0.690054502131776,0,0,1.3397784717918828,0.05480856984561175,0.3043772192306049,0.05073658016343461,-0.10513964637563135,-0.1471161357524444
571,1.1712825868707082,0.7191211043045089,0,0,1.1283780745657839,-0.1655636675598768,0.3517496254450084,0.40787164102618084,0.36920083180942775,-0.13671277579054103
572,1.0984600659639696,0.7530333713170598,0,0,1.0881115241497914,-0.10860233626862092,0.3568112249864784,0.6974267403586564,-0.11129812661939643,-0.011118213577838777
573,1.0207431930437443,0.7904272709173987,0,0,1.1070037570303808,-0.06699516076838752,0.19291003968626477,0.6917135749569348,-0.15598870742456078,0.23233798420750557
574,0.9414055871494023,0.8293455416038811,0,0,0.8726795744876474,-0.1380418447386969,0.15099199989630896,0.7268762726316673,0.36657098612924044,0.3868241362992941
575,0.8640825944080583,0.8674149393149388,0,0,0.7802327066388298,-0.11750914475738351,0.2027450169580849,0.7864316966049345,0.4640547021951718,0.4736358162963399
576,0.7926220752276111,0.9020863815173228,0,0,0.7666061666309587,-0.052577765450841224,0.22262763839286023,0.748311800457771,0.4109976579330137,0.5432867306732198
577,0.7308804766556294,0.9308740236208632,0,0,0.7088722342289207,-0.058381584735154896,0.1855359723937156,0.6951087078240392,0.2655723311624349,0.555811786490361
578,0.6824859080909321,0.9515495958313324,0,0,0.6647301237449771,-0.09367467991465388,0.15890275853721306,0.7332753173236383,0.23645046925796048,0.47139345846834946
579,0.6505864462392683,0.9622820089681808,0,0,0.6514448650519681,-0.10911229169963928,0.1495927822307722,0.8123704850850674,0.23209388904778222,0.3380812152233935
580,0.6375984984574948,0.9617409480264618,0,0,0.6470537152962477,-0.10440451307241728,0.12511518629807425,0.8422165672981629,0.16655898324548266,0.2292482214649852
581,0.6449708833889033,0.9491941306960221,0,0,0.6464347808835547,-0.06081022024441619,0.08123554224358225,0.8923220429173618,-0.006268599947547411,0.12673727205363816
582,0.6729853373598027,0.9246200426175858,0,0,0.6371578414643636,0.0016613486834412372,0.025666587462710028,0.8265015607133885,-0.23327569013956412,-0.024514818220074074
583,0.7206211352973156,0.888837959326459,0,0,0.654435644796625,0.018502610834902834,-0.0066052075209106585,0.7317871628218204,-0.32823493585756525,-0.1984002131846734
584,0.7855162904468291,0.8436319837987541,0,0,0.6829949820705837,-0.013199158723125739,-0.011923363907622489,0.7131647596703663,-0.3252614414451468,-0.3619777048662069
585,0.8640549955170482,0.7918206606087071,0,0,0.7780856989237106,-0.04952554885997597,0.010409218544522222,0.7732909474067617,-0.397493196105513,-0.49758722256600446
586,0.9515966981591275,0.7372048398775994,0,0,0.933742638422881,-0.07060612443041263,0.04503692900307321,0.8172521368581714,-0.2792808624908921,-0.5432394388549804
587,1.0428372220109479,0.6843256314557308,0,0,1.0594598523780243,-0.008818464115893548,0.06018963778582347,0.8722757898760591,-0.14394061471443714,-0.44402613525761153
588,1.1322632024143717,0.6379955473951371,0,0,1.2002285739384941,0.19937822875422867,0.030693974165848126,0.7089014729039455,-0.1880051247065457,-0.17603595706179212
589,1.2146378030252387,0.6026334988444687,0,0,1.2470091072429705,0.22011901772910702,-0.11426408125278453,0.32765056142465643,-0.0011092980524956845,0.07167913934227761
590,1.2854464964437726,0.5815208221446138,0,0,1.2753930408509384,0.10572100024707881,-0.35177793968894505,0.10235546865437832,-0.0611971516159119,0.10593436667094676
591,1.3412386504052396,0.5761626885158438,0,0,1.334054724636008,-0.14072109921653972,-0.34752252648476867,0.050484906687563266,0.015013397195099702,0.029527713323183682
592,1.379819362504012,0.5859458235612433,0,0,1.5422759999575975,-0.0010284845196965708,-0.10447612713247686,0.33071909036657104,-0.14459619176768881,0.16975076261163685
593,1.4002705844733487,0.608212273803697,0,0,1.4328723643775385,0.2941061901995409,0.17096729386919263,0.01110864363785918,0.6303134635446227,0.429602094423136
594,1.4028091784064696,0.6387439456313413,0,0,1.227991281690045,0.29545619037378057,0.5603088538212746,-0.20271423598583094,0.44991538461412045,0.5750576491872937
595,1.388522556072998,0.672528225085127,0,0,1.1029568833035197,0.37030874262408114,0.6146762319104668,-0.5794743845573888,0.08966614650698422,0.678360717259857
596,1.3590547075137287,0.7046022110226962,0,0,0.8489412202804882,0.06642997020708018,0.5074061935084683,-1.0580229381910249,0.2159291361511447,0.591267608947538
597,1.3163323732239363,0.7307723743945153,0,0,1.040831644738522,-0.18997650404763886,0.4134825856020083,-0.732901618242678,-0.48808849732906234,0.19672615982165365
598,1.2624068446887733,0.7480690510799142,0,0,1.226360478309701,-0.33013322035678505,0.31639960818811785,-0.5232282561050852,-0.2100006698219501,-0.10489168896741928
599,1.1994378360468303,0.7548957015834009,0,0,1.3007239039188436,-0.23061769404346655,0.37679017780016705,-0.35836341067179933,-0.33529565483572416,-0.1774586663852469
600,1.1297812510080394,0.750931981899426,0,0,1.3027953317432674,0.026872994364296642,0.33616968982565737,-0.43752772951494673,-0.42644026593472867,-0.1648273110217508
601,1.0560969964068312,0.7369048929414554,0,0,1.1351464909439233,0.10485825046816054,0.19657800962707458,-0.528335226331959,-0.19694106989773724,-0.22265324920273613
602,0.9813910393761704,0.7143362813091721,0,0,0.9825292075082209,0.10516787368191535,0.19928585324964135,-0.58035361596008,0.16869610971221743,-0.2713428356613805
603,0.9089441127659782,0.6853268130412594,0,0,0.8112302351760582,0.04980466459262363,0.21054035323407558,-0.6273237781356548,0.3421300518035706,-0.2754916294742776
604,0.8421322225950212,0.6523801934413552,0,0,0.6927194893217755,0.005742360507150776,0.22785643704262834,-0.5236168031725806,0.7475481537398344,-0.2711738175501215
605,0.7841840693376216,0.6182333325323537,0,0,0.6652674231814555,0.024994312762552963,0.2512564346611711,-0.3985418048250628,0.4415241007943782,-0.3081066021280471
606,0.7379334479886378,0.5856527814669935,0,0,0.7222562910841543,0.0506972501180435,0.22623961347334884,-0.34533243955874726,0.17509257528304845,-0.3181819534997337
607,0.7056127138636158,0.5571848620227671,0,0,0.6770505570245029,0.07622570981484297,0.18210823075860055,-0.357889446735394,0.34756955764798525,-0.25685328224560616
608,0.6887097277861571,0.5348878075809753,0,0,0.6683868085997214,0.09599129450528139,0.1752570250460895,-0.3536932094348322,0.1554433190607547,-0.1815149712607878
609,0.6878899990381123,0.520103153897644,0,0,0.6860064944841623,0.06384945384996904,0.1335683545475112,-0.38494138176136367,0.039771265152979504,-0.05730345870106478
610,0.7029753234237015,0.513327144779839,0,0,0.7273952922315139,0.02761885861093922,0.06949625617531756,-0.3888783031014769,-0.022627765418647264,0.08706744339617231
611,0.7329688797240679,0.5142233214313985,0,0,0.7316700670832164,0.004377526875429063,0.05977816292979341,-0.3912949329528575,-0.05357562421532291,0.20042450387651672
612,0.7761203080915232,0.5217825606728683,0,0,0.7404818272590566,0.0012418118672421598,-0.012914263979619933,-0.3897636410215205,-0.3597917144117853,0.2734942984700479
613,0.8300292742087507,0.5345959649758685,0,0,0.7822552562664703,0.052227025100049736,-0.04648104968771878,-0.38288737609237256,-0.34568913005569807,0.3227729925681303
614,0.8917889907528909,0.5511718950795683,0,0,0.8440472268719206,0.08033077085405671,0.003458697064739915,-0.44528348670843493,-0.4207371303480905,0.3142420579785135
615,0.9581686436470918,0.5702137104052075,0,0,0.9812998366678419,0.10030724500590177,0.019386530446994735,-0.4847193369699225,-0.33252373703208343,0.29990112789724443
616,1.0258249876121395,0.5907849387165527,0,0,1.0842309242195274,0.02982619631398649,0.0846340574729567,-0.6989025090609783,0.06574802208924223,0.29262355433992276
617,1.0915228772228263,0.6123201708062543,0,0,1.1069182045708166,-0.07697523354470732,0.09882858251240509,-0.6418801755559459,0.28153153286937826,0.18015838609926138
618,1.1523391408216535,0.6344851034959007,0,0,1.1113696819361618,-0.10617373262208177,-0.04672862132397476,-0.46431480985407514,0.2670263337760426,0.0019539554044251343
619,1.2058273076789092,0.6569385496007338,0,0,1.1349382257537541,-0.055854636461968116,-0.17817796700759247,-0.3530126586096795,0.23466088598738277,-0.041930904026247405
620,1.2501280282374578,0.6790891616813489,0,0,1.271676486300463,0.04621840222210897,-0.11447401035371285,-0.3477972144858631,-0.171375331838424,-0.14012765700370916
621,1.2840141435471002,0.699951548485647,0,0,1.4662417486270125,-0.1427709590559344,-0.05911286966329128,-0.3361542968278968,-0.4542984861065832,-0.33509032526078275
622,1.3068594282428792,0.7181783860453611,0,0,1.3763009293959663,-0.33939498136015495,0.2049355766973524,-0.015181160322088934,0.19660068351460372,-0.4928472429192867
623,1.3185257409944544,0.732284184413029,0,0,1.2392979013607996,-0.44074614022526465,0.46840325424542023,0.46187900161853024,0.04444566045498372,-0.6010835902312934
624,1.3191853728584668,0.741005378071397,0,0,0.9400258938474112,-0.2622224111515225,0.32901624494903203,0.8272193171261266,-0.10559388323430098,-0.5646804902897615
625,1.3091297680670966,0.7436846366314546,0,0,0.8331562592937006,0.14267502949188232,0.5001479454508162,0.7100537538308873,-0.5631741202701342,-0.5615138518210457
626,1.288639082666578,0.740544563620925,0,0,1.1108891539647643,0.3701552861356037,0.2883373203476656,0.002976211566845344,-1.0707619883417503,-0.46689605173214827
627,1.2579732413982598,0.7327424579846944,0,0,1.385516333505105,0.2480170777476035,0.3255173865810865,-0.3165762170242033,-0.4977551992338772,-0.3004468755726049
628,1.217492826832252,0.7221738411254908,0,0,1.3100035884105736,-0.07008910092259274,0.2979948652479449,-0.148117896382265,0.06585878296026003,-0.2860542502339593
629,1.1678584046524516,0.7110895404235726,0,0,1.1350373915998941,-0.24564917179405873,0.3200547604396252,0.2540823432096992,0.4330671610158662,-0.274650948138191
630,1.1102270051833023,0.7016598620382869,0,0,1.1498290473382342,-0.13428586243233623,0.2878969025502271,0.419260766450983,-0.3107140255327233,-0.018774708625728966
631,1.046374961097443,0.6956240692966287,0,0,1.1192164240071905,-0.11699569570369275,0.0970580683523952,0.4770687551118687,-0.06050779577460545,0.24549132728724576
632,0.9787099029879776,0.6941096924406114,0,0,0.8952791533021076,-0.1538929753736838,0.159630787142935,0.6216523319471221,0.3480664103311333,0.35816698551148407
633,0.910170531824949,0.6976300759180116,0,0,0.837308682292052,-0.13556014081676576,0.1493501382916854,0.667927154180969,0.34737600326297485,0.39986350072374105
634,0.8440399498443074,0.7062055895371886,0,0,0.7933865560770156,-0.07544688324495624,0.1696320860904149,0.6628899263255174,0.3112569071538351,0.4601763668117109
635,0.783712193157576,0.7195248290027423,0,0,0.7461912348867259,-0.0514609498168958,0.15135720405360725,0.581753678028856,0.1848710266357582,0.49543750509833545
636,0.7324510866764332,0.7370720760689723,0,0,0.6954785653166656,-0.06969564257385626,0.13329827177796938,0.5918640784679134,0.25264930451672013,0.43557389403679264
637,0.693170139766506,0.7581854195541212,0,0,0.6718414822305561,-0.08906590044807267,0.1607789302507289,0.6179906955427222,0.25234993574861614,0.32110861427398135
638,0.6682493675638461,0.782055234856269,0,0,0.6571377617078935,-0.09971891112170526,0.12331162815514624,0.6195029655476725,0.07740618008696626,0.1933404134185796
639,0.6593947402022093,0.807706278179782,0,0,0.6750384759003009,-0.05582936388967954,0.07175593014348475,0.6543106223697798,-0.07838209783605023,0.0676150758819586
640,0.6675401627469343,0.8340179571714129,0,0,0.661489132036391,0.0028536307917591502,0.03158191511108708,0.6334431678229452,-0.289149769465831,-0.058480246721994325
641,0.6927904431433263,0.8598231715984904,0,0,0.6617206697909419,0.006141518777718165,0.010239293884699033,0.592931465989406,-0.5256022534233581,-0.184774140752976
642,0.7344049860370578,0.8840903484649851,0,0,0.6880575497534371,-0.037189658857168614,-0.054508926862411426,0.5945827242666112,-0.6539313102529541,-0.3034905531068219
643,0.7908225894862089,0.9061481273140705,0,0,0.7901874070565283,-0.0986289348667026,-0.09420985768360375,0.6314631096165877,-0.7617337362345954,-0.42325650280218813
644,0.8597247313629098,0.9258755353529562,0,0,0.9274181697141322,-0.11847698109141645,-0.08904705926771146,0.7102159745175415,-0.7795594790005848,-0.4819339284925301
645,0.9381291038902893,0.943769410620444,0,0,0.9832667134182624,-0.10091545924041932,-0.07787925001405092,0.8503284802719902,-0.4618981755621504,-0.5102325076651523
646,1.0225025525262676,0.9608241249238383,0,0,0.988593059278997,-0.05634490771477502,-0.05152616270836993,1.001492846537008,-0.10593169009864291,-0.488779147346911
647,1.1088880678965407,0.9782126581864886,0,0,1.0756354800534855,0.030765921350000558,-0.05661016496574312,0.9528637541592454,0.008335120652227747,-0.35317136656733183
648,1.1930519586192703,0.9968277231761767,0,0,1.1401266129084264,0.06684522238157502,-0.1337361899514469,0.75466245156235,0.12940617609005936,-0.15685559385420653
649,1.2706662981845018,1.0168057770353158,0,0,1.1985046141162166,0.047712541125701,-0.23165594722623883,0.6552191777113358,0.013203703947008887,-0.04939782937956311
650,1.3375410382498354,1.037192413335237,0,0,1.1439103473910133,-0.08521059460045313,-0.35911249897037995,0.6353787324330125,0.24552211400733295,-0.03999614212410502
651,1.3899082464038865,1.0558947741207603,0,0,1.2226714351080672,-0.07904580802886008,-0.21901826863132373,0.8400067452095282,-0.3184469715098054,-0.026492849884520903
652,1.4247388626625375,1.0699985116455315,0,0,1.6472359069223443,0.3356370354383041,0.07331992917873897,0.5728940657390772,0.047653305497925603,0.23160253627458524
653,1.4400439250450758,1.0764180468367002,0,0,1.493720460023343,0.6680751579589811,0.5794535082791828,-0.018741881698490594,1.544389427853694,0.5926067691458115
654,1.4350913067123756,1.0727311503355412,0,0,1.331197079409973,0.8393545335286657,0.8386255222945744,-0.6703874839278637,0.5715099215463116,0.9046837814893409
655,1.4104786299506027,1.0579624857356151,0,0,0.8340679429251254,0.06095564839067634,0.31816978073912017,-1.6292104648398602,0.49154896656028674,0.9114153550072596
656,1.3680514311166687,1.0330663336491723,0,0,0.9415544406074474,-0.51945851248773,0.21272459223899212,-1.2376595507810337,-0.6785561946646902,0.48631061487490673
657,1.310713355146441,1.000939223048017,0,0,1.2473341400472417,-0.5390813874494125,0.2717857829619663,-0.3924864118395215,-0.3366589650867547,0.09767610010025293
658,1.242194678177239,0.9659495177508194,0,0,1.3248300672130242,-0.17576795453094193,0.43266541197730796,-0.03648629229112284,-0.733824863945287,-0.037910416166279395
659,1.1668137722689391,0.9331364324666058,0,0,1.294445943558555,0.2368954376179814,0.1338536086411096,-0.24182379183051875,-0.46181902257001256,-0.03328862467349797
660,1.0892213196732392,0.9073255032439265,0,0,1.0224479296314286,0.2671710169383007,0.1897912839425791,-0.5986930564488803,-0.027296110322476568,-0.08277484611627076
661,1.014103063579796,0.8923940460711369,0,0,0.967268007870942,0.17351459472545125,0.21249373565589502,-0.7961714397917996,-0.5091748094958705,-0.1873720323380406
662,0.9458386563353097,0.8908263561721393,0,0,0.9365855036780841,0.08997931732019128,0.10120131788167173,-0.9025428540919477,-0.17634545867807588,-0.2855053103313162
663,0.8881461506784363,0.9035849850530345,0,0,0.7760267115482046,0.04607037644737005,0.23091438961257812,-0.9250627590053966,0.021176466926302342,-0.30777409758871765
664,0.8437615895003345,0.93024141978126,0,0,0.7346447416179309,0.050084831934315406,0.20690168776328063,-0.9090019712870018,-0.13281784590066026,-0.3067583018005661
665,0.8142057029410883,0.9692754357280621,0,0,0.7451690534651235,0.08717531770226014,0.18256408446426095,-0.9284869421956544,0.011862159558595459,-0.3003282331878019
666,0.7996785468856578,1.0184562499071377,0,0,0.7346286265448017,0.13082805522252813,0.19788024673271776,-0.9921553221784852,0.10779247709448153,-0.2956627753219965
667,0.7991028312180339,1.0752374653510175,0,0,0.7143429092498349,0.15197207926889938,0.16599012935972934,-1.0706179391259525,0.1497824076707606,-0.28250337765321576
668,0.8103130826862764,1.1371159385547929,0,0,0.77178212358081,0.12977498723639924,0.1558198613653247,-1.1531650296787441,-0.021010650685474277,-0.22463914761180673
669,0.8303657968840503,1.2019187830274805,0,0,0.8533628138775621,0.09979311078957426,0.1479371442087128,-1.2276426273327723,-0.026118897958763414,-0.1266240497465366
670,0.8559283876892261,1.267995679584317,0,0,0.8969874003633168,0.07501118871605707,0.10323381092567485,-1.3160919209147628,-0.09338855272562502,-0.04894204809839056
671,0.883694153915289,1.3343080955482232,0,0,0.9176445578039676,0.07142701230248669,0.053313054983494375,-1.340940363428675,-0.11294147653445191,-0.014941831201967792
672,0.9107690601034244,1.4004228820936113,0,0,0.9277783069124421,0.07466040018497357,0.04450283716742502,-1.3230617594112062,-0.21848724251510085,-0.0006484774132866689
673,0.9349842059248621,1.4664325662424553,0,0,0.9500376679850521,0.07236230579944646,0.022261292339592214,-1.3488813959847,-0.3522828606240156,0.039115087890584745
674,0.9551018016647826,1.5328338788685663,0,0,0.9695652013172456,0.10652904595027024,-0.016071064577219487,-1.4212501692651986,-0.4204886637852684,0.11633950399231385
675,0.9708971727561713,1.6003947992661804,0,0,1.0007114534257284,0.14648245822875566,-0.04173948937196083,-1.5349316665688686,-0.40870901258162556,0.19771223263945067
676,0.983112088528723,1.6700280715878513,0,0,0.9991790240164122,0.14650280764328177,-0.07518981810711992,-1.6498657664075977,-0.36587412389099366,0.22688042871183817
677,0.9932861283988635,1.7426719536485271,0,0,0.9975058009654519,0.11440645284902781,-0.09627727400189437,-1.771597810787623,-0.3089856991315081,0.21566416972030403
678,1.0034844648378,1.8191664444816085,0,0,0.9976333939321448,0.07521430452713769,-0.07596347465322813,-1.885577328403754,-0.18162906922714434,0.19224698198919324
679,1.015952401181912,1.9001124821499453,0,0,0.9980984240387395,0.062189979472219256,-0.05881002032274075,-1.937779960012882,-0.05146101896924195,0.14251527016997917
680,1.0327372208751178,1.9857139997162891,0,0,0.9888976073147683,0.09219213346732441,-0.0810955857078512,-1.9425343801265411,0.015796938447890558,0.10033594553339484
681,1.0553237718437838,2.0756235710900057,0,0,1.015025524050965,0.1189665454639472,-0.10522413555450075,-1.9821052181350325,0.053589330821795636,0.05663533671022841
682,1.0843301618848695,2.1688319369496742,0,0,1.045719903668589,0.12815836055948715,-0.12710335858208735,-2.034548526660092,0.02085458394604836,0.007110986783527781
683,1.119304164695434,2.26364863848746,0,0,1.0790248891885916,0.18595751047752718,-0.21541332544110198,-2.1344321639106476,0.004311717331369368,-0.02320717071386083
684,1.1586513366772246,2.357807930404054,0,0,1.04526862245444,0.2377989374218884,-0.27921635609226775,-2.2828642615986245,0.1518547675250696,-0.06031779815369299
685,1.1997148358026881,2.4487019110199517,0,0,1.020469404470713,0.25725185896888375,-0.27955538343406805,-2.4791017763974077,0.16066411389088803,-0.1195504681985065
686,1.2390147802858331,2.5337008669056194,0,0,1.098062250646781,0.14316794577178452,-0.18875006451650211,-2.7065085570378797,-0.02060180704336451,-0.21533889503164508
687,1.2726381733461067,2.6104847978555967,0,0,1.1763931228788422,-0.04725688305756303,-0.12833592165099802,-2.777578494660694,0.24329502565461783,-0.33565058955937743
688,1.2967444022305696,2.6772968204512786,0,0,1.2366510664834234,-0.25759423193930286,0.14614998792893763,-2.7546697743233373,0.7316010236371342,-0.49118893784620604
689,1.3081169814789568,2.733049712581722,0,0,1.576642817329774,-0.748322371173768,0.41568532806948777,-2.647447206716593,1.1508023759920973,-0.8059361834914242
690,1.3046619097036976,2.7772710445641744,0,0,1.3380840835332617,-0.7137578234613462,0.3915235427117081,-1.706974078220534,1.8117174488792942,-1.0825227330024443
691,1.2857492179952317,2.809946599388278,0,0,0.9675514048310362,0.038138670065071406,0.274773863486039,-1.3612841636364126,0.8651090369192291,-0.8579579060975066
692,1.2523316932708157,2.8313848325061413,0,0,1.0407772417495402,0.4774092690060899,0.2008256900553626,-2.129432808403972,0.09705432893656098,-0.4653367121066879
693,1.2068365504065723,2.842228304741748,0,0,1.1920177654710338,0.2985353098677079,-0.10540514489486992,-3.2751131797522777,-0.6163833775846084,-0.34119291347712494
694,1.1528719113023247,2.8436497508300045,0,0,1.3530285143901704,-0.23968130268105456,-0.013358538096247884,-3.321456021630837,1.023716851824968,-0.484618412837132
695,1.09480041328942,2.837631167192069,0,0,1.040418517499759,-0.41254354827310075,0.2945872928310016,-2.988973309336569,1.1316552916910947,-0.6476379096995242
696,1.037227626269367,2.827137430469347,0,0,0.9023353326464698,-0.2659055704157046,0.07315301419924183,-2.6734538494991487,0.4440836800890214,-0.5945605111165612
697,0.9844612545490592,2.81603078491914,0,0,0.7126429292247319,-0.10202323616528969,0.14764387992686318,-2.4782778778817263,0.49514448561191,-0.4201905098400762
698,0.9400168387407063,2.8086935188724405,0,0,0.8167021912082175,-0.0470543853190294,0.11970196104594913,-2.6288718750771785,-0.4829615275348558,-0.26360504383336203
699,0.9062516595018938,2.8094382206303594,0,0,0.9392845386077321,-0.1124678432343109,-0.010489590163809223,-2.8093946161555925,0.048588787172794266,-0.19408027015325494
700,0.8841847209492083,2.8218281162090144,0,0,0.8440126219629898,-0.18213771705156734,0.0012205800732580019,-2.924611158832954,0.25547566079220696,-0.22266237779082107
701,0.8735176056759558,2.8480147583362934,0,0,0.838319277510646,-0.19628730645641596,0.06885109827041433,-2.8932027640714306,-0.05682419470362259,-0.29229655890895107
702,0.8728319839491153,2.8881722524663793,0,0,0.8409245945456837,-0.16863389642652502,0.07748329923147003,-2.790536426862145,-0.1577771687524732,-0.3399061199423656
703,0.8799171889796114,2.9400971593856573,0,0,0.8617309131297691,-0.1392326664023792,0.12328511821966455,-2.7111668153082196,-0.2352267711075934,-0.3472402990519791
704,0.8921719908397255,2.999048514942659,0,0,0.9317948726413249,-0.09770363230269011,0.12864991561571731,-2.7639177533125565,-0.30530005374986285,-0.37801698697043573
705,0.907021162974918,3.0579002661693586,0,0,0.9504396888172236,-0.07110294125701352,0.06443817718368718,-2.8633672655337437,-0.23662967822821454,-0.4283958679296468
706,0.9222879640074598,3.107650260039919,0,0,0.9832103577542086,-0.04045464941353568,0.07460510405628819,-2.9771817788788644,-0.13368210693405452,-0.46754228900374295
707,0.9364706331208926,3.1382756012645032,0,0,0.9818761203158556,-0.03956106289237705,0.09828928522110983,-3.074186677655569,-0.10429829236129078,-0.5197186567828521
708,0.948885685761601,3.1398589998739594,0,0,0.9847506138932427,-0.07827786559774305,0.10297448160179651,-3.1047146546128688,-0.026045275250908502,-0.5801120009905707
709,0.9596613918087695,3.1038529970038593,0,0,0.9701901052479206,-0.1358583571183506,0.10477388702197984,-3.1174144380450883,0.019121447482395176,-0.6413238654821275
710,0.9695877393907415,3.0243108311001596,0,0,0.9874849477114521,-0.16911265095068545,0.13544089337716417,-3.0787865817290982,0.15978170745322617,-0.6826606785810757
711,0.9798511233103087,2.898898966249374,0,0,0.9524003547965529,-0.1670358238792679,0.19060756859340625,-3.051134160447874,0.44104568755029233,-0.741081105212575
712,0.9917008865943817,2.72951853897382,0,0,0.8727621760090525,-0.19565132936075882,0.19309796350899308,-2.927228320509295,0.5391497497924788,-0.8185546450684775
713,1.0061088448683597,2.5224039727472958,0,0,0.8098976434341119,-0.21575985642708795,0.18573613947402426,-2.629190200700579,0.43700565223435367,-0.8642632798577895
714,1.0234880943593834,2.287639914998963,0,0,0.8849159239615203,-0.23387590525475332,0.20217927360835497,-2.2198667335466418,0.08168231621142386,-0.824843253430124
715,1.0435280939901819,2.038137952620304,0,0,0.9670166412231032,-0.22398140505989445,0.1967024675735358,-1.766718166719749,-0.058047131546776466,-0.7298906865709244
716,1.0651775086650115,1.7882219982768068,0,0,1.057462641644478,-0.22554514092075312,0.15830882607572902,-1.3714981410487799,-0.09924585109635489,-0.5895462765328421
717,1.0867719942838208,1.5520531939051676,0,0,1.0816326304935204,-0.2343362660806995,0.17730569609617075,-1.1114919770798357,0.24553013974173998,-0.4459746076183034
718,1.106274181882358,1.3421524811328518,0,0,1.0779264791241212,-0.20143542522266258,0.23749331748588312,-1.0130309221164677,0.18754078657390888,-0.2702088016995399
719,1.1215770911922547,1.168241990053362,0,0,1.09108593234104,-0.14340059751218875,0.26989791361933885,-1.0361978919041805,0.42966168447756026,-0.04696611145754674
720,1.1308203388325222,1.0365401232608766,0,0,1.113564255886926,0.0338523853917852,0.2126549703179716,-0.9365559600175264,0.358393662790662,0.1012359394403056
721,1.1326745952096293,0.9495418653985201,0,0,1.143966026516689,0.2054368742774316,0.09649964352875098,-0.9082080703094304,0.5029636511239531,0.03362400673168498
722,1.1265575565164845,0.9062289490901426,0,0,1.1169750511660694,0.1603590212452876,0.08201220451058555,-0.8723932454024351,0.28502342647607043,-0.18009944944167122
723,1.112751952372627,0.9026032016924511,0,0,1.2429916224359043,0.1432396772163662,0.042429584807369206,-0.869802297404647,0.06068860080275494,-0.2550839211898028
724,1.0924045350087375,0.9324202115654615,0,0,1.1352169557213179,0.14433632676675448,0.06041266929035443,-0.9163587686957414,0.5302170089541091,-0.25082380723974207
725,1.0673983160217952,0.9880072398100711,0,0,1.0246877581766283,0.15811377235420948,0.12664336137185278,-0.935763601447622,0.24583380886575487,-0.27423347129467524
726,1.040110518109046,1.0610675695001321,0,0,1.0074776797250677,0.1902203609738499,0.07042207353835558,-0.9858503137553614,0.28043067925055665,-0.30184011601824007
727,1.0130918572095813,1.143397294822749,0,0,0.9340587588897119,0.20434344176578736,0.10838782361685188,-1.0719382420613948,0.39900479635795527,-0.3545372812888751
728,0.9887200500000677,1.2274657889174179,0,0,0.8995408294488506,0.19879154418649786,0.11320955806731686,-1.1748560130350507,0.2360502122952991,-0.4359850996573401
729,0.9688852317893899,1.3068335175632049,0,0,0.9139753341463274,0.18697789869121356,0.08361923268622883,-1.240521747511135,0.17776604964310688,-0.5137937401908904
730,0.9547573214831914,1.3763996555360227,0,0,0.9047775579301159,0.15284211369073328,0.11453422253445669,-1.2976043143201341,0.16683021252201904,-0.5220687696908696
731,0.9466697530844355,1.4324898273833278,0,0,0.8874733053131302,0.11365396485820994,0.09311874642419798,-1.3360496133038258,0.046519913609459444,-0.4593535473281733
732,0.9441353539955457,1.4728121791883162,0,0,0.8892604664541505,0.09346377492298413,0.09330190852273312,-1.3395144025749246,0.062272064380715884,-0.34184302755790685
733,0.9459915306105285,1.496324038810136,0,0,0.8690189994307649,0.12839776729957741,0.08173827555077748,-1.3346358637100506,0.05400221521488565,-0.21112512200240496
734,0.9506536124712188,1.5030548060849322,0,0,0.9245786679409388,0.15917993513058357,0.09931250217545308,-1.4325166068256479,-0.003530494225513451,-0.1407525778092288
735,0.9564364406490438,1.4939181333340632,0,0,1.009122337755443,0.10632823105498246,0.23839420844055495,-1.587198776034812,-0.06011241859034222,-0.1399936594964073
736,0.9618869137936712,1.4705205483597719,0,0,1.067533658598759,0.01930968428756333,0.24820102425412502,-1.6765317725735334,-0.17076432932762226,-0.1697564319772713
737,0.9660607475170172,1.4349489438075516,0,0,1.0329315483164325,-0.10672011095086795,0.2910922159653738,-1.5545846199396436,0.09681777405342791,-0.2749608764961881
738,0.968683288976475,1.3895156526602208,0,0,0.9566377697612596,-0.13923106813620215,0.26053368594045934,-1.300154304716034,-0.14406831163539294,-0.33521274287703035
739,0.9701593956470079,1.3364658344891185,0,0,0.9650371956491145,-0.036632781838472885,0.1667838803857636,-1.110308099239377,-0.18876844721119732,-0.26843674985808497
740,0.9714336731322526,1.2776935085549026,0,0,0.9165145341869222,0.045776567501674394,0.13740708839847843,-1.04321847875314,-0.2296007265830749,-0.17457446606240282
741,0.9737363753332724,1.214540733098537,0,0,0.9365678949995898,0.02636420165110176,0.14076956794875714,-1.0497017026733622,-0.2903275774953832,-0.14665155380360576
742,0.9782714589024692,1.147747414667331,0,0,0.9095332356860353,-0.017167276747767565,0.1821000647312132,-1.0347282620718279,-0.2444211685524829,-0.1817083102879318
743,0.9859089188720123,1.077578133376398,0,0,0.9211074801462031,-0.04438125193282096,0.261723159146694,-1.0154897111953547,-0.23900263584660036,-0.2492939834243323
744,0.996937063437737,1.0040966748155864,0,0,0.9160554521596673,-0.07255592035439722,0.2921305370164035,-1.0168777005179161,-0.16090215350011472,-0.28641984035148316
745,1.0109171812207667,0.9275107096246092,0,0,0.918146361534642,-0.08048369849273866,0.28827980957076604,-1.0693789202116284,-0.1027617305506125,-0.25951797320780934
746,1.0266672499165677,0.8484826621018672,0,0,0.8943647046720257,-0.10096812456993208,0.2599826332642869,-1.0684607530812664,0.034935895370679156,-0.22885666971722313
747,1.0423842629336646,0.7683055273396451,0,0,0.900122072495535,-0.15145487138465955,0.21462859000095255,-0.9421490117689951,0.024871972783325924,-0.22157753242983425
748,1.0558948320323398,0.6888768557806296,0,0,1.0300382475861272,-0.21907276654526686,0.17932128234024988,-0.7245780762141989,-0.10119425396934424,-0.18286200556833468
749,1.0649992959055345,0.6124653602329257,0,0,1.1541925082359141,-0.25798170706514256,0.12011258662655801,-0.43811811339852974,-0.12905237033313466,-0.08670724777724903
750,1.067849309288756,0.5413353000171992,0,0,1.1745895171416667,-0.19952081208811887,0.1230763748825095,-0.23714879081698192,0.02667314116337166,0.016002716573358184
751,1.0632837669014163,0.4773464737271192,0,0,1.142169217377913,-0.08714593716625547,0.1826397876164247,-0.19637770561694304,0.0623362537261051,0.1018321453184526
752,1.0510540172612781,0.42165692921204373,0,0,1.0830309698719147,0.006827214417229868,0.18540291756617883,-0.257442068506756,0.12681859214593874,0.13727685111586976
753,1.03189735299418,0.37461420671875306,0,0,0.982604482816083,0.021343671622458718,0.16278313248627863,-0.33823069542965334,0.2696640543188384,0.12434947302545181
754,1.0074560960777792,0.33584770779523704,0,0,0.9455393754171373,-0.024915052368115947,0.16731589954812384,-0.37552989856312596,0.2826651648029168,0.0877389069639878
755,0.9800725491324558,0.3045045486202693,0,0,0.9537196288376654,-0.10224885132099203,0.1541879920939936,-0.3726515533280645,0.2460020126371851,0.08302644785289044
756,0.9525076045230391,0.27953417638891714,0,0,0.9065515609186732,-0.13650200633007026,0.1420636947984676,-0.32808153565206827,0.21674632959639561,0.11171217157069238
757,0.9276324592674353,0.25993268433081496,0,0,0.8695040269289288,-0.15037841331786186,0.117509071878989,-0.243527853096492,0.14471966514013268,0.10603184898231836
758,0.9081348894130858,0.24489505468075046,0,0,0.8452977880708943,-0.1619246729364987,0.06843579402137799,-0.13809445906029888,0.0828913930907755,0.04103022510830389
759,0.8962700518800865,0.23387108668833156,0,0,0.8713996601684154,-0.16332317977601027,0.04215061263528748,-0.03440013769501445,-0.00042056112842143827,-0.04428477036298882
760,0.8936732122129508,0.22655689116410963,0,0,0.8968818114161844,-0.15134812860859612,0.047061742447755225,0.0692303143604198,-0.048115597476195184,-0.1336811537902558
761,0.9012390944175597,0.222863883219813,0,0,0.921109881117327,-0.12303947248173187,0.022468496962249698,0.12620432841431842,-0.1120175954701323,-0.20690608673751731
762,0.9190624048480313,0.2228903407351614,0,0,0.9477258430909291,-0.10387109068000289,0.025815017633771836,0.1497236443337577,-0.05748362815831886,-0.2469067647481049
763,0.9464299739833735,0.22689181953412935,0,0,0.9397333799268707,-0.09029738445828414,0.03887852386150742,0.18618568427066934,0.01900924760546791,-0.26181817880235964
764,0.9818578777614653,0.23522710705575312,0,0,0.9626113215679675,-0.08993389868446724,0.04519704940807184,0.18340878321676726,-0.01326823583993612,-0.24264109421952015
765,1.023174017508268,0.24825800239616683,0,0,0.9889686218773087,-0.08237971177822366,0.054121524441948565,0.17308985087231624,0.06765895951559847,-0.18044775444928304
766,1.0676529401149533,0.2662011221315069,0,0,0.9907369573237682,-0.09985997572295953,0.05507611458318236,0.14055788529497165,0.0893730183305747,-0.14584748046043866
767,1.1122105929287127,0.28895606089536496,0,0,1.0370190822368306,-0.13537845439133114,0.031072247926670626,0.16485432804401515,0.06355506264913738,-0.11239571075170897
768,1.1536595901192894,0.31595363062017073,0,0,1.073697612026826,-0.16482256984839766,-0.0027324978071508617,0.1965682036005005,0.026376629338216682,-0.08210463697456694
769,1.1890100633093146,0.3460719379482442,0,0,1.236184013978124,-0.1532140683795963,0.050434731009601594,0.24606008611531632,-0.1517185632808348,0.0038786329616554258
770,1.2157803283384363,0.3776548667446755,0,0,1.3762724048587707,0.03413365525084931,0.1519094807958831,0.09067149789047516,-0.31637086535514447,0.15768151877910078
771,1.2322637638590173,0.40864208911210664,0,0,1.3467659363330429,0.08274246608288069,0.12987115707021618,-0.23744231018896758,-0.19345940762066838,0.2505468021624477
772,1.2376953223820615,0.4367911853161432,0,0,1.1954635331682457,0.10559335478983996,0.18557661126905095,-0.3732352978422624,0.10131283429793049,0.2384415251475539
773,1.2322796060199264,0.459949664581101,0,0,1.1850749603807034,-0.012157057942394378,0.29330597429570493,-0.5678799946063375,-0.20038412566108535,0.1994216250360995
774,1.2170754916686353,0.47632346704917466,0,0,1.2501402061305567,-0.07272675732215184,0.3980264852233856,-0.44018259268721105,-0.21365390821803737,0.1736083260926362
775,1.1937643092684096,0.4846921414048387,0,0,1.1144770381053397,-0.03688541334706539,0.4014234606845198,-0.42749913443909915,-0.08564099198283276,0.0624956236665333
776,1.1643500837627374,0.484538715901655,0,0,0.9372133376986622,-0.05713084736296629,0.392673289836344,-0.43573912079083826,-0.0609832948266377,-0.07170730042401138
777,1.130851964171292,0.4760860568395446,0,0,0.8771014269602132,-0.005168362380665106,0.4365081392521197,-0.39449672514238676,-0.29415768433378814,-0.14912522067466805
778,1.095050421326628,0.46024893327600347,0,0,0.9911106814933707,0.036207663795032805,0.4127047372231763,-0.3423115528221049,-0.35389570545582255,-0.14467771686805136
779,1.0583344989493748,0.43851731924435794,0,0,0.991551896246916,0.02076647791034365,0.4039844590936476,-0.38239129038603165,-0.07666958559475576,-0.10562820908921926
780,1.0216674538420987,0.4127878320882992,0,0,0.955899559821675,-0.060790284386449886,0.3872283428999919,-0.39466396229180994,-0.11740914665320178,-0.12187676046083067
781,0.9856549362002696,0.38516352462169723,0,0,0.9724907063332279,-0.09796580949894189,0.3817806930889966,-0.2805992790562039,-0.1306665209043483,-0.20255245446594794
782,0.9506781214926373,0.35774720801196935,0,0,0.9591893053848696,-0.06762972843013378,0.3307180313938357,-0.12312929435958135,-0.16480698397232107,-0.25721692943274266
783,0.91704931795641,0.33245604361945724,0,0,0.836628345928591,0.004512334757960401,0.2576369972347447,-0.019658761822211573,0.10733259982238126,-0.22682653476744385
784,0.8851556973476654,0.310882706360391,0,0,0.818716864738462,0.07305802156586687,0.2688798787709556,-0.006486215515044889,0.03251393048895324,-0.2319229046836789
785,0.8555700154857314,0.2942194741945786,0,0,0.8420820727030751,0.08188796083214944,0.2533627803762887,-0.023097576126844085,0.01933334244694808,-0.2924089365475537
786,0.8291175911519374,0.28324549901278606,0,0,0.807463388075401,0.06958267665783886,0.22940544330014317,-0.02465825120504333,0.012535901107134444,-0.36741876179253624
787,0.8068930959803121,0.27835810837914593,0,0,0.8014139431422956,0.07398118901322538,0.20881723789760206,-0.016783946906151988,-0.0361161542463884,-0.39475615481511483
788,0.7902220080729122,0.27961602348637027,0,0,0.7781049259071005,0.0942698779759163,0.16405868015828323,-0.03999576476692663,-0.032229087722754644,-0.348093811351994
789,0.78056465717138,0.2867655995433883,0,0,0.7781733594008482,0.10522326317563274,0.16369523550574655,-0.04229849736812796,-0.0536326460355854,-0.2610134775763488
790,0.7793669332171042,0.29924146938606727,0,0,0.7860520804478766,0.09577041049418017,0.15140465653368318,-0.0814134926387472,-0.12656657109006528,-0.15073824405088368
791,0.787869532870407,0.31615949143588323,0,0,0.7919621508177008,0.07435259431178631,0.08985562472826104,-0.1273030864445171,-0.15149954055847623,-0.03179385511126468
792,0.8068959686569489,0.3363367411353969,0,0,0.816828642085912,0.07883112169595914,0.06620235529538174,-0.18782120385921805,-0.1202787140320337,0.07214631155400984
793,0.8366481012036698,0.3583696877429691,0,0,0.7892337544367146,0.07580201304062062,0.042823015654169266,-0.25020360295555494,-0.1591817578796894,0.16064980872139722
794,0.8765455048495436,0.3807782539656128,0,0,0.7606959650650975,0.06919788422332745,0.025113847306090294,-0.2366548780765751,-0.3140276968119776,0.21054299746234384
795,0.9251481305213582,0.4021912588468925,0,0,0.7928599239935957,0.04549060638175586,0.0658403995583456,-0.2171297823243907,-0.42330357586579814,0.22609946526533
796,0.9801950291841277,0.4215235934018172,0,0,0.919095205084305,0.031844049233186504,0.11307401237994172,-0.2494614677495715,-0.41040335725464455,0.2254686425467141
797,1.038771359842565,0.43809023583972334,0,0,1.1001486401702887,0.06492873481227779,0.13186856979065734,-0.32704461581779276,-0.4225467835662514,0.18901758513756528
798,1.0975848729399449,0.45162070276779953,0,0,1.171232508243889,0.08150666733962192,0.05288749086115024,-0.3584230282423936,-0.18442381115653983,0.11334032671986843
799,1.1533038028049907,0.46217292902215246,0,0,1.1721873554784026,0.045748682489648806,-0.04366482291940306,-0.3465484013655406,-0.05742918226617258,0.01616318606149701
800,1.2028939206451286,0.4699832100932411,0,0,1.1852978848151439,-0.008650262243035856,-0.15876626955722256,-0.3671204542824456,-0.045554284673887314,-0.03861023895374033
801,1.2438966335349577,0.4753121033272216,0,0,1.2705190171133938,0.06941115757004528,-0.184292981531306,-0.3465780591180941,0.003253295179611361,-0.10045768700242026
802,1.2746046575848111,0.47834469670007945,0,0,1.5494522571081297,-0.0035412829046105403,0.08249274938963941,-0.34062537149229033,-0.17288059845264916,-0.2606483344587028
803,1.29410967821752,0.4791795784206407,0,0,1.2644144672912,-0.12017326177904154,0.0706726095448997,-0.2283950293038191,0.40302726087880375,-0.2974721478114068
804,1.3022194481002947,0.4779070648459419,0,0,1.119208288478451,-0.13553396939624443,0.29008491705400086,-0.037400567349124204,-0.182899615251465,-0.27774178868275523
805,1.2992727075151316,0.47474803538479077,0,0,1.2139790597562543,-0.27278122787013676,0.5089621324877873,0.040276214723979735,-0.44867016564018236,-0.37664922389265654
806,1.2859099269204373,0.470206771291638,0,0,1.0003266635254608,-0.1382930563709403,0.5182025942916556,0.2564264595573749,-0.11717552202610404,-0.4526445259214655
807,1.2628705791803845,0.4651836803638993,0,0,0.9741311394416081,0.1816795820992963,0.4360378970632095,0.046153818511478616,-0.3759301355194836,-0.39123679283491086
808,1.2308771200157247,0.4609963487396138,0,0,1.1017308060131041,0.18154466824945828,0.40288310553455114,-0.2831972843854427,-0.6227083829582765,-0.20617410071406397
809,1.1906364893159747,0.4592740826792893,0,0,1.184366775943289,0.09719404009338414,0.3157648494280129,-0.2268052529366825,-0.5537602018039833,-0.11730138609934129
810,1.142950012129118,0.46172559984479056,0,0,1.1286886645579788,-0.08449779597659322,0.34502921099908823,0.001802641186451382,0.01065310835110299,-0.13457900386424068
811,1.088884397482919,0.4698264618263539,0,0,1.212760119569134,-0.09049952880796218,0.423968463230662,0.1974441012719624,-0.18747849430551008,-0.06370196964627252
812,1.029935252794627,0.4845119593164908,0,0,1.1375728247998091,-0.026265669958493495,0.20243402249521605,0.2257260187385888,-0.11214011520003207,0.20580485811626598
813,0.9681195518302288,0.505965876348009,0,0,0.9030559522669253,-0.09420740298936085,0.20542090596276977,0.20120542754041962,0.30759607481961393,0.3669006938644125
814,0.9059623315896307,0.533557810893026,0,0,0.7560968099303564,-0.136109156200754,0.21513042195943957,0.2735336197342014,0.4544462064133347,0.37651217585157193
815,0.8463812102971401,0.5659242052780462,0,0,0.7787085269969152,-0.09366243019567053,0.20470094043757736,0.33888200307208227,0.37641473526052277,0.4064972558596396
816,0.7925003088514253,0.601144915946263,0,0,0.7759252123195552,-0.06620666177581529,0.20384459158568424,0.3101052385105665,0.3443196751688355,0.501731308569015
817,0.747431140813107,0.6369562832825199,0,0,0.714994318447839,-0.10089892473303895,0.1790730617920194,0.3157702074989513,0.28475331018418715,0.5071040921218958
818,0.7140472389217742,0.6709587855196807,0,0,0.7017533878289285,-0.14386546011212362,0.18175333240309258,0.3986576048336993,0.2460382801492013,0.4371860102489689
819,0.694766003969733,0.7008059214382154,0,0,0.6787173221670305,-0.15047218932515702,0.17587559591651242,0.5092778598516338,0.23678039507462373,0.32450811275509034
820,0.6913448998202028,0.7243848873913222,0,0,0.6875766240343453,-0.12547114573848422,0.12536758726096595,0.5760888984940379,0.04358467863066221,0.20351579793780092
821,0.7047004123741906,0.7400091797338701,0,0,0.7087935517518362,-0.09412828146107241,0.047288362891797914,0.6296742412491587,0.022466912830683118,0.06877574649013751
822,0.7347640334544773,0.746635148222503,0,0,0.6837830155179991,-0.05567437210975282,0.025668133594353822,0.6645444460747807,-0.07825615263759236,-0.07450232836901718
823,0.7803963155838677,0.7440904890447283,0,0,0.7223106000598469,-0.03173945264588262,0.032883293545529345,0.6883242705109642,-0.2638666723763932,-0.21770513236376776
824,0.8393836101317024,0.7332693529939427,0,0,0.7623542313161127,-0.05986116623489786,-0.013925163349521789,0.7343018152111267,-0.26288431873930773,-0.35066936069061433
825,0.9085382064642549,0.7162181296196242,0,0,0.8644266313688325,-0.0816676569134655,0.006310974010764815,0.8203138416371177,-0.529561117199954,-0.454965245139063
826,0.9839093283545737,0.6960242904025749,0,0,0.9836204416123221,-0.033193700093879744,0.05172905502830944,0.8192990603006904,-0.4224070428549319,-0.4426854141399935
827,1.061092385168759,0.6764442530928745,0,0,1.0656464519376505,0.09601406479052678,0.06494413298552985,0.8037429505571385,-0.216289942038832,-0.3115396086335996
828,1.135603339000475,0.6612725658322937,0,0,1.1571884611462722,0.17941813539550158,0.062373114178568,0.5249982507285518,-0.025135719744516765,-0.14637962614231764
829,1.2032705539807216,0.6535511327507771,0,0,1.1923382034254788,0.09987763820362286,-0.04717821877824624,0.2293747326802705,0.09238563571628922,0.03706876852728196
830,1.2605909979467271,0.6548074568658256,0,0,1.227853708938145,-0.03365701002510738,-0.2626796900029441,0.0674098292976012,-0.0026809113348221876,0.06905735780880033
831,1.3049995820348983,0.664548973230921,0,0,1.4293540886437623,-0.1486871118660778,-0.1949832725092765,0.20606671031660154,-0.3055361057469639,0.09065887326488765
832,1.335007155154758,0.6801969303615014,0,0,1.5901386840762104,0.2544868931071704,0.0948143303742323,0.17083966295975833,-0.10707753973939647,0.31142184100626347
833,1.350176697017757,0.6975251422793493,0,0,1.2912437395483578,0.38852505928090436,0.21452599255729968,-0.5227892163159661,0.43322641833479586,0.5091873766142547
834,1.350936226101936,0.7115180032001017,0,0,1.2422911819102178,0.31568670525571063,0.4101405443394503,-0.7128680323416727,0.09238737333801894,0.5997317721041925
835,1.338272213824533,0.7174324756427076,0,0,1.037745414604724,0.19362273192537127,0.4254899389362091,-1.1168990568776136,0.14383388954306248,0.5942557604738167
836,1.3133932864302302,0.711784315555598,0,0,0.8682675612514549,-0.16853975542265714,0.387906671721092,-1.2639608122716366,0.08530388149520779,0.42859219140701027
837,1.2774746360713813,0.6930027668266067,0,0,0.956884572570758,-0.2910011961603491,0.3309659292964347,-0.719663210459605,-0.34270994478932404,0.0396637776717441
838,1.2315703696891342,0.661606745801973,0,0,1.2132638133427949,-0.24383081761439082,0.38866394946442123,-0.35309062411967246,-0.3425105944413973,-0.17903804528249498
839,1.1767169927058039,0.6199124530778655,0,0,1.3039178372458418,-0.1385843361792051,0.3990124493991243,-0.20901933125943647,-0.13747355834423194,-0.11086653034136908
840,1.1141736181187551,0.5714244021719207,0,0,1.2438534829443761,-0.0009172388015893085,0.35385199374882986,-0.20605860534265855,0.07474240045071086,-0.05497143017147357
841,1.0456916933044205,0.5201311440247809,0,0,1.1205740060197082,-0.03857358904737312,0.35226607342048366,-0.2856453028474499,0.016140297758056053,-0.16006608988095175
842,0.9737029918636945,0.46990536826500745,0,0,1.02472861949953,-0.08623862921289085,0.21869769444685191,-0.208419753731831,-0.0142438830929206,-0.2811315222476334
843,0.9013536138047811,0.42412194157025823,0,0,0.8517573222991317,-0.030614082908790318,0.18894862937122667,-0.03489251895902812,0.3549058075336598,-0.30174645688990875
844,0.8323681846143657,0.38550315338219604,0,0,0.6954310642264704,0.018767774709973605,0.23027099644783414,0.06687974571397537,0.5906350736664713,-0.281048836081276
845,0.7707766900446864,0.3561187887744415,0,0,0.6567528007546466,0.08288029728254909,0.23099264646421472,0.1800649907649478,0.5113798665981614,-0.284582540929212
846,0.7205616824509591,0.3374342272321659,0,0,0.7161395124205651,0.13672202405498213,0.2140962480722664,0.12787120547697886,0.15583253894124913,-0.29518487730420295
847,0.6852843407458932,0.3303180361794611,0,0,0.6786115364387366,0.12454949596835377,0.14475117439536334,0.008523923863689768,0.2748302049059786,-0.24327357764545288
848,0.6677341501991042,0.33497562558592414,0,0,0.62479680169464,0.12355737974682487,0.16103261612767794,-0.04768304140052598,0.30108190286978964,-0.1503263504049205
849,0.6696332123723145,0.3508372179585686,0,0,0.630136755561753,0.10718539278801045,0.14275519713225787,-0.09471148756728688,0.06607312587044747,-0.031853590976048805
850,0.6914201719265204,0.37646996292196994,0,0,0.6534215064747845,0.07511740064760371,0.07048211076474016,-0.11552038703605227,0.0033256942893292864,0.091701514754708
851,0.7321378556589377,0.4095926343620245,0,0,0.6721075926941343,0.057596046994301694,0.05026216776197188,-0.13502740283494072,-0.096847416088545,0.1931898096006051
852,0.7894462754048522,0.4472446401275995,0,0,0.7101080522728025,0.056737257125883234,0.013149076109185058,-0.18034447427423805,-0.38994532288206585,0.2850747063085658
853,0.8597742710125326,0.4861068454058235,0,0,0.7637298552863523,0.11319353366698409,-0.0008213951669010397,-0.20542389958911178,-0.42313472118345813,0.40097746953438734
854,0.938607259240384,0.5229119749355854,0,0,0.8999804539681436,0.1689857161435879,0.09928312978857509,-0.2703027811115506,-0.412868272138831,0.44636310907808124
855,1.020886049008614,0.5548451134016873,0,0,1.1129412546637303,0.17975607335288601,0.19780113310983025,-0.4429612047235784,-0.3105825219449131,0.44118169552259806
856,1.1014675275009833,0.5798359907250967,0,0,1.2013766145561038,0.013003195403353032,0.14622756593772895,-0.7113638127316053,0.29328172322919194,0.37268122193062253
857,1.1755823551311808,0.5966812738689056,0,0,1.1399639720271166,-0.15467788909548302,0.027899839461052532,-0.5176773149457425,0.23576033835257032,0.047518181100121834
858,1.2392264229098136,0.6049930362351107,0,0,1.1398419025176527,-0.10148597342312969,-0.14230271305992975,-0.21871760144682365,-0.12633510523359157,-0.20209338685291933
859,1.2894392313716112,0.6050297290091773,0,0,1.3672053226347918,0.09224428816588674,-0.1927120979438223,-0.15712668822000836,-0.2075584294169279,-0.28535464277172495
860,1.3244407300784822,0.5975031841919307,0,0,1.5721604578777555,0.09516102652876689,0.004520376229073471,-0.3387705630687354,-0.14360945165714908,-0.34308202918477837
861,1.3436113882686762,0.5834485388818149,0,0,1.457026305838426,-0.14708788186421445,0.12159380921218478,-0.3811648111966612,0.14432164545802104,-0.38945431671420555
862,1.3473175051145063,0.5641962460428415,0,0,1.1890035492775899,-0.22972059937899977,0.366977711211136,-0.05832810147150101,0.3940925205647823,-0.397308477758503
863,1.3366167095005574,0.541423820597752,0,0,1.026095646557505,-0.2642597055742499,0.4089848680304122,-0.014821325341746619,-0.6285878657269114,-0.4440472659513515
864,1.312919324432046,0.5172195489739772,0,0,0.9985221413098333,-0.08665276655986753,0.35838115197166653,0.20618247902408168,-0.3133120773269631,-0.4809272029100511
865,1.277703097911184,0.4940766784940167,0,0,1.04323419072855,0.07313027849039981,0.4857285285037272,-0.024272934083404436,-0.5817999339381931,-0.38522549231964864
866,1.2323610299294647,0.4747563784444627,0,0,1.2556717363136134,0.07834428718838217,0.3328064821927757,-0.19751300482610382,-0.556023513493805,-0.21168464979562557
867,1.1782097675138477,0.4620039541304081,0,0,1.2096800298926842,0.025015229662873464,0.3281054683789015,-0.004436323470613792,0.2676372714479876,-0.1599637118324518
868,1.1166263159299643,0.4581611024227066,0,0,1.1172825788863312,-0.048493418289284995,0.36981875628933364,0.0864529105574785,0.19541302751716233,-0.11714678700029213
869,1.0492418899169964,0.46476642525132167,0,0,1.133349511780726,-0.06662979931126241,0.3051930202723814,0.1847394882935932,-0.09027796538570398,0.06481199938392758
870,0.9781151380284699,0.4822538548449973,0,0,1.033912086523271,-0.12889903133589273,0.2062909452263299,0.22482365283068753,0.007555085541193313,0.24890701612853666
871,0.9058263520865925,0.5098317901237122,0,0,0.8074143218041733,-0.18759781450147595,0.1810419096879917,0.3591132383473715,0.45542409385564014,0.3241643690708996
872,0.8354660388415371,0.5455658514763907,0,0,0.7389593466854546,-0.14246269722815924,0.20588172029609872,0.4151205499672625,0.3299252470652284,0.38197548407947224
873,0.7705218767648253,0.5866264984282967,0,0,0.7368284942749364,-0.11926354221220713,0.20394228347256194,0.3916720593355278,0.35237244867356865,0.4357565782582237
874,0.7146866780320669,0.62962975157374,0,0,0.6794962793934324,-0.1300000198631164,0.14661241916042456,0.41007661848100607,0.2223290290596039,0.42843701333037426
875,0.6716130573120439,0.6710036638180785,0,0,0.6701312745219927,-0.13841737910060745,0.1362401181434374,0.4900656902481288,0.20517265970632012,0.33698026904412126
876,0.6446345146878968,0.7073396115672465,0,0,0.6682908849423552,-0.1402489963405017,0.15277232186554435,0.6157896409700923,0.16646817155049595,0.2209903342397131
877,0.6364675786781251,0.7357128855482459,0,0,0.6561548402139548,-0.12005220866796244,0.08263704784722416,0.6866279199529016,0.07222749755058784,0.12263033557869316
878,0.6489114654056073,0.7539680537417286,0,0,0.6473552921088592,-0.09139943643176154,0.0576899721936954,0.7349083594484639,0.003668328161196948,0.037314304201389606
879,0.6825706796106789,0.76096117695169,0,0,0.6551580207378914,-0.024766027247945018,0.01961653453691491,0.665593549099393,-0.29082356439841556,-0.0492554782893149
880,0.7366382183489043,0.7567398155500384,0,0,0.6423342675515826,-0.0012922482978466928,-0.036545840292296544,0.5954702488496122,-0.34942507292044545,-0.19407406350393833
881,0.8087858583465917,0.742628693249364,0,0,0.6577903747543422,-0.038295086725422006,-0.0339652240207922,0.6025464066060787,-0.38076981932444093,-0.3752267268352314
882,0.8952060225844191,0.7211773615196133,0,0,0.79198731671236,-0.10158528684813875,-0.0141666455497344,0.661942541378658,-0.59660859348197,-0.5208283657499833
883,0.9908319193669951,0.6959222691113484,0,0,0.9891513397391419,-0.06301859103413822,0.006595559432647365,0.7385601619079553,-0.380126184295112,-0.5590492535466361
884,1.0897302477488304,0.6709321685558419,0,0,1.1268891414353914,0.033318009745568776,0.10460853761882381,0.7278700568412906,0.03739972078254216,-0.4441556969484929
885,1.1856234004184187,0.650155632256792,0,0,1.2234658149574482,0.18311796446861814,0.11772418672900986,0.4970059311117893,0.16744774595572406,-0.20759580437445418
886,1.2724695970047744,0.6366682044998312,0,0,1.2505445055285414,0.23325016406436172,-0.1262699804246462,0.0974970982080764,0.07887590707858017,0.016307894904086104
887,1.3450183702617518,0.6319929825482657,0,0,1.305936275519649,0.060821290286179865,-0.4157638603875632,-0.17864696959277235,-0.047546823349596104,0.0632653754700536
888,1.3992635827217363,0.6356965617995299,0,0,1.4705361788402826,-0.2578398498697176,-0.3444324150033434,-0.006115314202328159,-0.2237541690618877,0.07399966447030616
889,1.4327301069397544,0.6454115815371432,0,0,1.7837007020483375,0.05235557847979261,0.01629468384310193,0.2599175367709513,-0.018288977871813033,0.34442698486196394
890,1.444552492621775,0.6573155456857358,0,0,1.3175493520390205,0.26101445463174716,0.18314208639500185,-0.19368700883464984,1.2421948863848287,0.5145497582117072
891,1.435340121127915,0.6669508244636057,0,0,1.1749702580677837,0.21864166484719638,0.5986449692509193,-0.18729503411244075,0.19353509956479478,0.5937879096226795
892,1.4068723101525609,0.6701665508979179,0,0,1.204505632563188,0.36359476822343134,0.6928270999520801,-0.5333573688501726,0.022824953537288865,0.7665400146560193
893,1.361710796036695,0.6639415709528501,0,0,0.8626122740826645,0.047354375987247684,0.536045874947918,-0.9080358708072022,0.35320499276298667,0.6149614666101739
894,1.3028340505646991,0.6469045567596624,0,0,0.9536725087273645,-0.31674351484463964,0.3313385873240279,-0.6905335278712232,-0.24483688419674304,0.14614309955561938
895,1.2333788352102157,0.6194684306323557,0,0,1.1770922469273604,-0.3967674115334636,0.31840491816837996,-0.28084826821863457,-0.208095476163618,-0.1652549301549086
896,1.1565242799248208,0.5836072029327916,0,0,1.2973344479774334,-0.1741513354060819,0.3799114666924234,-0.09466818503427102,-0.37671846770969025,-0.14711028057210554
897,1.0754904885286503,0.5423934200268274,0,0,1.229509697300497,0.078400813569288,0.38157473915510304,-0.21042083476430018,0.04806847271909167,-0.11313975292552564
898,0.9935777039759672,0.4994531262365427,0,0,1.0076965079222533,0.0788649223787093,0.2700097775331921,-0.3385221512468729,-0.012377298531823703,-0.1899066247449927
899,0.9141688779067376,0.4584714487755909,0,0,0.8976504793433348,0.0231091297843161,0.1747736009481431,-0.3629128859499721,0.175628327201005,-0.26799063250522437
900,0.8406552390994453,0.42281660003631827,0,0,0.6812070012822172,-0.01305390768227485,0.2039241224457535,-0.30040011731814914,0.5000823740136443,-0.2832130710433721
901,0.7762926162262397,0.3952815078872478,0,0,0.6469276425166839,0.011780342970118018,0.22387892470632131,-0.12207854531300867,0.45451815576827365,-0.2674671334819234
902,0.7240265784997227,0.37790354162250933,0,0,0.6770445873642896,0.07858914658521576,0.2324054461892566,-0.021958260793711656,0.18178791216645063,-0.28366879075116175
903,0.6863260223643696,0.3718262402428839,0,0,0.6957118769426625,0.12133111821469325,0.19681740870866463,-0.06595836096877819,0.12064668648186072,-0.2639925709298927
904,0.6650464808772328,0.3771984995734548,0,0,0.6606893982231228,0.1487316766284976,0.16659869244218914,-0.18073670475466452,0.22104472487184523,-0.1994780041152626
905,0.6613240416670785,0.3931377942769021,0,0,0.6566706935088079,0.14919413629971795,0.15951180313237115,-0.25965080505562077,0.13674348170764486,-0.10785624718555627
906,0.6754916874693316,0.4177946301609403,0,0,0.6849550974112545,0.10034086851412996,0.10519378058078782,-0.3066387921804495,0.028359052933903603,0.013512690985112014
907,0.7070139700116925,0.4485442421043245,0,0,0.7122677474369419,0.04385101747146629,0.05814410287882882,-0.3152159138141839,-0.030287989399660684,0.14329722412348572
908,0.7544470670978319,0.4823064169456326,0,0,0.7063359876914133,0.03388938410929268,0.03755527679009991,-0.3233055474637711,-0.1287189687302481,0.26830939930768954
909,0.815442392090378,0.5159614707224923,0,0,0.7353198376117909,0.09464519301457637,0.008974113562094965,-0.38087395305638666,-0.22483516849864546,0.3931678242978331
910,0.886817597608291,0.5467958511790798,0,0,0.76365288893305,0.14747397642639057,0.06926312267893281,-0.5169130602341496,-0.12639846113787895,0.462781282260321
911,0.964714612498433,0.5728853272376982,0,0,0.8882123058905517,0.10559297139533227,0.12277157805199747,-0.6021278613144553,-0.3090764267057745,0.4230440864936414
912,1.0448480765787762,0.5933208103770727,0,0,1.1309381076398364,-0.030802194667162313,0.12879735939291914,-0.7518334106642467,-0.1749650248074106,0.3383692420371318
913,1.122822800581465,0.608210644501471,0,0,1.2136854783037414,-0.15207066396112195,0.07155997486548674,-0.7120805070634139,0.1182234517049605,0.11632107651670427
914,1.1944763674971333,0.6184521432708531,0,0,1.1225099211868643,-0.15523039724069354,-0.0908138406098671,-0.37871842679703827,0.13874793137377947,-0.15123056883734223
915,1.2561941017448586,0.6253386886185628,0,0,1.2109607105738462,-0.04178320053107736,-0.1730061581208423,-0.1876723103879042,-0.13656055135286743,-0.2334327235706331
916,1.305149826023181,0.630128414041003,0,0,1.4723338746478685,0.06863430962185893,-0.05847807066257804,-0.13112343230040058,-0.11304789058639254,-0.2957019704545187
917,1.3394384511502155,0.6337163000690049,0,0,1.5262750949670494,-0.16970792421681488,0.11421303096165927,-0.2965544206748824,-0.1481486681618274,-0.40252687716907826
918,1.3580811411208593,0.6365113518342264,0,0,1.370886609528455,-0.36900030709834875,0.3167914756690258,0.11535797669546137,0.23606597065979987,-0.5115182619564314
919,1.3609079885173663,0.6385410924837555,0,0,1.020659279117449,-0.3590835430658041,0.47715010843121813,0.3658093291922424,-0.07039156889698674,-0.5310990489554756
920,1.3483608793775301,0.6397209548169986,0,0,0.9306572757327408,-0.09887637192881839,0.29229044330124576,0.5149590071509783,-0.6910600360530258,-0.5454250955393775
921,1.3212935967490407,0.6401672389739892,0,0,1.0618050575518216,0.24446005766752363,0.41454631431844796,0.3550333712551311,-0.5289041843246687,-0.45736900016684456
922,1.2808480116111265,0.6404177608549884,0,0,1.3455471038930313,0.2538353516146021,0.3588088403526977,-0.22733510013222594,-1.1181056996511256,-0.27377494264984703
923,1.2284433951967972,0.6414607303937504,0,0,1.368939656052136,0.048602761825360385,0.2980874673229806,-0.029867863047969432,0.17675173817803277,-0.22657780538473105
924,1.165854825648171,0.6445502263806441,0,0,1.0768680400415234,-0.14400233141505422,0.4047973484493821,0.22531343980380053,0.49390052118270555,-0.21325480829788948
925,1.095316210308165,0.65087482385734,0,0,1.1431051740679437,-0.07844317100243113,0.3233085472731208,0.3275039519382095,-0.24055845193635816,-0.002463147849336908
926,1.0195824512732123,0.6612026816217348,0,0,1.0572243795626628,-0.07953000877744167,0.17053136463591073,0.3021613025599028,-0.03318788522174582,0.2648732176031029
927,0.9419114077284368,0.6756262300296144,0,0,0.8629816003510664,-0.17035503853628622,0.17726722444242127,0.4040369722192157,0.40983621438494583,0.34621836662865796
928,0.8659576250105063,0.6934797882738624,0,0,0.7792240385989753,-0.1465048283126821,0.17382777617797113,0.5081825982351055,0.5313627416921004,0.3494311666161628
929,0.7955933628650248,0.713434239873423,0,0,0.7632785056299307,-0.07380509540595052,0.21078407817154965,0.4962339861029755,0.5563541873390007,0.42313390236712106
930,0.7346837818040323,0.7337177851502763,0,0,0.7102104077672813,-0.08057635318282623,0.19511210123526745,0.43903870324207045,0.4131041933873399,0.4624563141032607
931,0.6868426081039222,0.7523917461575139,0,0,0.6488474981383813,-0.1030810491070759,0.14027355032300454,0.49511155769689424,0.3972661120517402,0.40484021362186473
932,0.6551876494738486,0.7676239656899811,0,0,0.6388018528913837,-0.12752768466315872,0.1807228786097636,0.5824881086649412,0.3626367393262538,0.28669479158699424
933,0.6421091199900283,0.7779297659276645,0,0,0.6428306649566381,-0.12370136615042338,0.14000215924735337,0.6937681040003304,0.20477133849336332,0.15036779639185727
934,0.6490612475249781,0.7823714310272413,0,0,0.6640316774901771,-0.10211613640608086,0.0693343186557245,0.7359728286663845,0.1472809599043308,0.03247895129390293
935,0.6763892922667677,0.7807137538354633,0,0,0.6647416358993535,-0.06885161011472327,0.05173464282155745,0.7306909031808678,0.009912662563994142,-0.09189230871512495
936,0.7232092079630764,0.7735277882273728,0,0,0.6810007503526714,-0.03363842533218213,0.012940275540209548,0.6894298700788218,-0.21009981911618908,-0.24002444396549552
937,0.7873634702446387,0.7622231059969893,0,0,0.693156137571176,-0.03854801573091104,-0.026636445096935725,0.6603075559502186,-0.25302018215693817,-0.4023868022280628
938,0.8654792433402826,0.7489761537376016,0,0,0.7667079588200556,-0.06440350121175414,0.006654535803065813,0.7472004401971886,-0.3102196989573533,-0.5280553408263385
939,0.9531484936653094,0.7365163204137919,0,0,0.9169148439055945,0.006809828446591827,0.023415964539205084,0.7853943897309623,-0.4698537355720039,-0.509299464221106
940,1.0452314433576966,0.7277435104348883,0,0,1.0695714465223116,0.07690329076408663,0.024398720078244417,0.7702729590967133,-0.26287297912901264,-0.35241977943477026
941,1.1362587564366353,0.725191948916352,0,0,1.1915098032671734,0.1113776819925895,0.08627512577551286,0.5870071238672885,-0.1733120015963491,-0.17813766022810232
942,1.2208837061898419,0.7304217523452112,0,0,1.272395120008359,0.07687529915613346,-0.033046597012245056,0.28568562152371857,0.22322908409115563,0.017916008463050408
943,1.2943230466988873,0.7434869474465359,0,0,1.1970524004072047,-0.0099637905091339,-0.2645020721833356,0.1243124094907285,0.27610500221816914,0.09507785222537064
944,1.3527271250449107,0.7626567881659848,0,0,1.4042022871759257,-0.13029550751910712,-0.1793617850488387,0.16187877522481367,-0.34366376627422485,0.15120119940624427
945,1.39343041015859,0.7845280878244699,0,0,1.6458969768592713,0.2816704604924485,0.03160459626791065,0.23031718462510833,-0.2338476884646798,0.42858806912731967
946,1.415047892912313,0.8045629021669773,0,0,1.3938461451965822,0.44655521352616445,0.34523924029316544,-0.4748292075457897,0.6753170952922792,0.6405762083574865
947,1.4174048338885439,0.8179530190437432,0,0,1.2205245829268623,0.37684930844463566,0.677879973971782,-0.6637480708027745,0.30089862836599185,0.761832842247812
948,1.4013242780469588,0.8206004374962942,0,0,1.024869947772944,0.30466606007002084,0.5712429845220952,-1.0546721315037302,0.18055647584940393,0.7945931065596709
949,1.3683416891137945,0.809955350479379,0,0,0.8180048723827219,-0.18062531251270966,0.3899562339902628,-1.2541365562025408,-0.09029035537823328,0.4910973956258603
950,1.3204437545078134,0.7854907482779515,0,0,1.0879239000159402,-0.431245841090501,0.3280836491341004,-0.735190632120172,-0.5107911358761837,-0.042624231658961786
951,1.259913471940092,0.7487055109381422,0,0,1.2760557372174823,-0.4147276797684505,0.40496602270720883,-0.28413228150988995,-0.26891724917336435,-0.25941107582832146
952,1.1893051596135897,0.7026958910310865,0,0,1.3350360150638754,-0.08008398848850228,0.40304541863707327,-0.0477957166705659,-0.48420567622806193,-0.1753351232021218
953,1.1115028995795586,0.6514602792207006,0,0,1.2266981412386082,0.14478930209357538,0.30976384749113145,-0.22475356218625245,0.05637101532412928,-0.1257754341898238
954,1.0297771132500024,0.5991553144456503,0,0,1.0347188410078332,0.0860906063399973,0.25758193721792116,-0.33218460112083215,-0.0038777551227748373,-0.2208276672308209
955,0.9477655005419975,0.54949185623595,0,0,0.9179111751563396,0.03259962105733614,0.20554828025779506,-0.32792313645682986,0.13517634292884953,-0.27292679893446575
956,0.8693498469305331,0.5053740038018775,0,0,0.7499883604844884,-0.013522825533382687,0.20276824108420347,-0.32367677878552986,0.5449260690562442,-0.23126731111107648
957,0.798447307315157,0.4687855377151497,0,0,0.661629818954963,0.004527798609911373,0.2410776836066901,-0.20254834134556496,0.6999923545680878,-0.22494990827905365
958,0.7387610378140925,0.44085497038091676,0,0,0.6672680751793627,0.08055434740587189,0.24028199497943484,-0.12211945919216169,0.21919017239725794,-0.2742445862296466
959,0.6935353134754852,0.4220061416283689,0,0,0.7034910705310853,0.10860252993423711,0.19130097412262684,-0.19212726248330722,0.23125358957375258,-0.2771286266977545
960,0.6653431083570625,0.41212183067132946,0,0,0.6798531725104803,0.12475407459800875,0.17892061783034635,-0.2666779316981195,0.3142217338976202,-0.20608866951457055
961,0.655914411322747,0.4106853819218356,0,0,0.6472960671683929,0.1261311110653054,0.1628064370387068,-0.3442245244931917,0.271127932490925,-0.12297490287358408
962,0.666003639129507,0.41689388722868265,0,0,0.6359871028957035,0.07546264069949055,0.11379280367787105,-0.3435478025744905,0.13860468076315913,-0.03466598292073632
963,0.6952971548938034,0.42975083781230444,0,0,0.6820845424077072,0.023976487510617622,0.06913745072967276,-0.30677931749442927,0.047865545170214185,0.0946109909280413
964,0.7423707627077485,0.44815237276992,0,0,0.6995029244098061,0.011897895359429613,0.02947018530733045,-0.2594269853697647,-0.014832989930819808,0.22571957396293105
965,0.8047136318493032,0.47097932407513154,0,0,0.7379744663086201,0.07225525717812435,0.0136244982770103,-0.24568351835286756,-0.09296066780476532,0.36534624736818333
966,0.8788345283489192,0.4971926779673521,0,0,0.8303426152414286,0.1601487562929191,0.0803085644375798,-0.34186055242763663,-0.12323864437180151,0.4918617240239702
967,0.9604578301572304,0.5259063665237246,0,0,0.9326301802797807,0.17164248932818815,0.17558934288382036,-0.5169968803830861,-0.11590963736017847,0.5346581324786001
968,1.044802805454843,0.5563940027390215,0,0,1.0344604771786123,0.02338097822891988,0.2140222594178951,-0.7212883717068949,0.022798691835510077,0.48042001276455476
969,1.126924652687328,0.5879944295571714,0,0,1.1424336049057895,-0.12907907705118263,0.16104511682063316,-0.5702627242146883,-0.01341755629030096,0.21260132391458086
970,1.2020851305984543,0.6199234987565168,0,0,1.1381272849974944,-0.1770206311696514,-0.019935575104802462,-0.2668476112445802,0.05492429397923006,-0.09703680902230002
971,1.266116525771364,0.651061974481196,0,0,1.1964163446953329,-0.05611117852787883,-0.1492874001560231,-0.042002487498706755,0.035167632533470196,-0.1934549167676903
972,1.3157423259811012,0.6798339173484838,0,0,1.3733723494825252,0.21023316557355778,-0.07759508296836737,-0.14696948037318125,-0.2335230917683661,-0.23772183827006563
973,1.3488165827689431,0.704277299298808,0,0,1.5540041481086972,0.07674157747006351,-0.09374123838396015,-0.6652775693502556,-0.7554262645719182,-0.370434397375929
974,1.3644428072084902,0.7223342643348145,0,0,1.4456026944775442,-0.2789145279610956,0.250213785073761,-0.4860404695157941,0.3356805767802188,-0.51605152091858
975,1.3629425460413753,0.7322943378357797,0,0,1.186589863113046,-0.46770995505800306,0.5978510939131099,-0.058806680941239656,-0.06729335374896767,-0.6481293937465752
976,1.3456727127108237,0.7332639584373978,0,0,1.0770035379038676,-0.4576729466076061,0.4003965870681092,0.32635937765944334,-0.4225760244093766,-0.7182197146115715
977,1.3147332262673206,0.7255281959635184,0,0,0.8693139991475033,-0.010203126537509502,0.4868933740710279,0.7511828034616099,0.017627061419652625,-0.6250923326453698
978,1.2726403113471703,0.7106965985818556,0,0,1.0873650855784802,0.23014130267281827,0.47030465978865327,0.16201278843358852,-1.135732408807379,-0.38916680008799825
979,1.2220433122801413,0.6915697319546333,0,0,1.2922766034629662,0.22940797434786978,0.27528377465463993,-0.11669465866917145,-0.6495347694666145,-0.1452942217826398
980,1.1655306668724363,0.6717311842804095,0,0,1.1548604709076147,0.03513365429687739,0.3596122353521597,-0.015325794358361872,0.22732632727279045,-0.11924140155253152
981,1.1055253691635571,0.6549562455516362,0,0,1.0389925300518434,-0.2030165081082689,0.3482589545572068,0.22895490824165168,0.13226618406622181,-0.14358301964505604
982,1.0442405530752257,0.6445945388164109,0,0,1.0697113844939874,-0.18021752286916595,0.2301978181601854,0.4828202669825045,-0.21301169050417887,0.03016515479348797
983,0.9836626793052393,0.6430857651418757,0,0,0.9830648531897518,-0.1620174570816389,0.20621785420882724,0.514934184983254,0.1112005105159976,0.22826486945237953
984,0.9255435003650596,0.6517024021347604,0,0,0.8297843231375016,-0.16191996291752261,0.1980260328073205,0.5851935679941467,0.32083551560525364,0.3108781402638419
985,0.8713988742261418,0.6705225047061153,0,0,0.7570255588071589,-0.12360555350062188,0.18584935588863005,0.6694533364998946,0.4761994655085922,0.3364652499861868
986,0.8225243448395342,0.6985677059464552,0,0,0.7502030759188063,-0.05994922369798562,0.22279233187199018,0.6417959941503888,0.35629233367697993,0.3856810949323919
987,0.7800389874295309,0.7340192270968139,0,0,0.7486090219406987,-0.05451479756211049,0.18843407369290857,0.5971085542064034,0.16284907314982155,0.3890909241504378
988,0.7449587113834505,0.7744445641976758,0,0,0.7368209205933011,-0.08571269615100863,0.15864085428738908,0.6347119574963194,0.17129635995379952,0.33801992136528036
989,0.7182833814966904,0.8170089461733663,0,0,0.7495770929572465,-0.10355290506638573,0.16214465485395327,0.7107488301263387,0.07137163790191137,0.2675859016741159
990,0.7010681701636523,0.8586830592926998,0,0,0.7488681940637607,-0.12159999179604943,0.12472218409489354,0.7393019527100352,0.00414540496198582,0.18745182566956842
991,0.6944454579264915,0.896475110388158,0,0,0.7489548870610981,-0.09587596849993446,0.10036497169752663,0.8026850056696592,-0.024068142298647503,0.09676380926510735
992,0.6995713629070488,0.9277088977868572,0,0,0.733571948407671,-0.03049560522080981,0.07906372935528798,0.8242451758972955,-0.20766390556800352,-0.014518572968868129
993,0.7174886639760021,0.950346654547493,0,0,0.7144508231859839,-0.004870874072367112,0.009692726649492544,0.783971212200501,-0.4680802653164422,-0.14239859857830306
994,0.7489205874869769,0.9633240484134142,0,0,0.7117071679822299,-0.026236169576835545,-0.03860292241178491,0.8111682379676103,-0.4959641140818222,-0.2742474701039047
995,0.7940308008008018,0.9668331055069712,0,0,0.717285248299606,-0.06940301670927551,-0.08014488188443487,0.8511838053759035,-0.6089131354691112,-0.3867724218436222
996,0.8521973565252794,0.9624664344726243,0,0,0.782863184527216,-0.08726541358318549,-0.11324717916906696,0.908125746258684,-0.7050205879291727,-0.4397351472584671
997,0.9218484735407713,0.9531337520032953,0,0,0.9255856605914545,-0.07493293672414246,-0.07214756903560614,0.8570034350674449,-0.8091694704110732,-0.4718221469064552
998,1.0003969130664079,0.9426896579888151,0,0,0.9865543474546014,-0.011785440787621896,-0.022387389951790675,0.9335353703392968,-0.31596605170405784,-0.48283785656885475
999,1.084292960081921,0.9352741266901776,0,0,1.0545445051982472,0.11258771563835783,0.006316669614313148,0.9279519468744394,-0.06686586275223105,-0.3907242872418461
1000,1.1692004619579812,0.9344547463129942,0,0,1.1173616780624238,0.09268604715113761,-0.025525577340307814,0.6285049305357876,0.01331159172878755,-0.17143830417736217
1001,1.250288795615904,0.9423467005277281,0,0,1.1421169922363328,0.04446808908338719,-0.17697917085117576,0.5273865734904288,0.009095397067112569,-0.017404194097427588
1002,1.3226230365684084,0.9589384568690174,0,0,1.2196841858312597,-0.01489266336690508,-0.3540978566882998,0.3944498872373547,-0.1087330942566669,0.0489020941974516
1003,1.3816197496989127,0.9818386328355142,0,0,1.252122138736669,-0.0630776482331863,-0.33048267441790585,0.6140524161096212,-0.2959773913262974,0.09958068515266603
1004,1.4235144514707812,1.0065723410736016,0,0,1.6363079069532482,0.2817811068601131,-0.013714585122779507,0.6074019241891463,-0.15010106238566692,0.31452869687997964
1005,1.4457639491821153,1.0274113948886765,0,0,1.611744258765318,0.6300635466051416,0.6171779146257086,0.10277192068776073,1.2896832985909443,0.6937869573684732
1006,1.4472978821462206,1.038565179606083,0,0,1.3487370302658515,0.8520623434911601,0.9189032408280154,-0.5516522399842051,0.5590837374569784,1.0389576340475375
1007,1.4285598946160931,1.035441843188605,0,0,0.7391300101617627,0.09984985363477969,0.4260984892588297,-1.5153948312061283,0.33654087022093354,1.0168170439542663
1008,1.3913447608791272,1.0156585035085566,0,0,0.7806288804656336,-0.6043405721935903,0.2596619817064651,-1.2690293351645343,-0.6312636533241748,0.46654995846933256
1009,1.3385095847058848,0.9795527294416035,0,0,1.1931642092765118,-0.6188986292035136,0.2650614557249385,-0.23667647110444479,-0.6285182363543939,-0.05017694999316492
1010,1.2736609055972343,0.930102607802907,0,0,1.3569361309005992,-0.22554044162619796,0.3765214503579551,0.2792203061905353,-0.7989293529302858,-0.06134694736969241
1011,1.200878285616856,0.8723363899496567,0,0,1.3386963005328192,0.21955577368765963,0.170317989276285,-0.013240245914470263,-0.6621599049784329,0.10435939498747762
1012,1.124471717419957,0.8124327474161004,0,0,1.0980187885134625,0.25125650742647965,0.16690581549052005,-0.37791091402853466,-0.08971884518397076,0.12921570772793553
1013,1.048739256180645,0.756743241473443,0,0,1.0145027162997775,0.12329242166718035,0.22217078315714903,-0.5608284222177146,-0.6522049674210912,-0.007412740636097944
1014,0.9777046141479933,0.7109257077455878,0,0,0.9868103008243759,0.02465734105210979,0.09631196274798128,-0.6173595699619971,-0.2815105333271907,-0.11576759194811237
1015,0.9148464785223885,0.6793026294673328,0,0,0.786363263731749,0.005193633694287986,0.21828893264131355,-0.5982171073768568,0.0615154807908777,-0.11926057930815614
1016,0.8628555417393756,0.6644897501237147,0,0,0.7451331494194195,0.04657963929617653,0.2071646609395963,-0.5406308336137781,-0.08853661034065406,-0.12132511298881783
1017,0.8234618807399278,0.6672946236319784,0,0,0.7691707802872272,0.12374351374906709,0.13624775152449936,-0.5446076986001734,0.057964405890000965,-0.1839288053355752
1018,0.7973656270979981,0.6868566736796073,0,0,0.7895262452381298,0.1391862901373956,0.15997481335803573,-0.6894627455743177,-0.08692154323362611,-0.24692606941118686
1019,0.7842834773640468,0.7209754201318557,0,0,0.7323862834151574,0.13270108689298973,0.1510560329528175,-0.7988271451948976,0.042374251845861174,-0.24181303604052107
1020,0.7831011837906217,0.766549489405398,0,0,0.7475025126830339,0.10459488785330119,0.1484533090053135,-0.8622427867962984,-0.14995103375794755,-0.15658713332240487
1021,0.7921054867104808,0.8200369947598865,0,0,0.8146040402909909,0.05309413467135991,0.11063024366766276,-0.9060019803781368,-0.16152971942769728,-0.026181332614964404
1022,0.8092598909611187,0.8778579878704031,0,0,0.8210265454605234,0.005428911946579456,0.04076552864452478,-0.8775262905310451,-0.21437864317661456,0.03486013166618431
1023,0.832485029163121,0.936690036421402,0,0,0.854907366106491,-0.015324589166307107,-0.008052189252440167,-0.7964550338731369,-0.3989663941065198,0.06616185302444742
1024,0.8599047336839559,0.9936457918921707,0,0,0.9047301868116497,0.030677076351616307,-0.03028911677438434,-0.774445788620013,-0.5098880990272702,0.13382532508088446
1025,0.8900236347158411,1.0463516036708378,0,0,0.9694700451660688,0.09718412263634837,-0.0424736845989508,-0.8379742576035483,-0.5655185455839503,0.23503337166850255
1026,0.9218115752265018,1.0929598505892917,0,0,0.9803896692265965,0.1163977741860934,-0.06020318289292435,-0.9756945644729718,-0.35720581297781895,0.30839714762998616
1027,0.9546851082726565,1.1321256039266854,0,0,0.9490106440419338,0.07417202118875883,0.016846524007689417,-1.0773220794646614,-0.0640357621392512,0.27639280714625364
1028,0.9883967249745961,1.1629683993460456,0,0,0.9009672447160267,0.05718361940875932,0.03113404273061515,-1.1608800913464103,-0.017311341059489387,0.18792781910689282
1029,1.0228638903207563,1.1850301246102433,0,0,0.9215216551235466,0.07539994131535532,-0.08608822004175376,-1.2009016694251906,0.0034776562919810144,0.08678029062814459
1030,1.0579833456913288,1.1982337567882337,0,0,0.9990365255770343,0.08840992362552096,-0.1351371927670509,-1.1327358033588186,-0.09063722922686959,0.017669789835790577
1031,1.0934737688503458,1.2028445644215051,0,0,1.1329332925644076,0.08224229421492663,-0.20513174241381538,-1.1210923969571631,-0.29847082361950034,0.025347901347573053
1032,1.1287731813451274,1.1994328415690563,0,0,1.1339592928932944,0.08679949236777817,-0.2953710511330598,-1.219231878024487,0.015830879699088005,0.06533840215033286
1033,1.1629976074933692,1.1888321267512973,0,0,1.0857009972761051,0.10448309077684169,-0.32270466987390783,-1.2568250494341826,0.11712847778244447,0.08238761041438576
1034,1.1949562185112534,1.1720797495232325,0,0,1.06542130958528,0.06706445853575566,-0.28492589268437296,-1.3062903421043348,0.18806277942658572,0.04329169722100494
1035,1.2232172704238131,1.1503244494519649,0,0,1.1594361343979689,-0.16098279294846923,-0.16980574580488686,-1.2105769879142063,-0.2038398480490856,-0.0853546643896878
1036,1.246219672685867,1.1246971434463466,0,0,1.2753589540325816,-0.276234190361658,-0.0804483525961631,-0.9097260035395458,0.10181610316928924,-0.2560302064918823
1037,1.2624187033286791,1.0961654388654327,0,0,1.2411018572401198,-0.3719915787281885,0.11585633395632004,-0.6776592775826288,0.6491860342765834,-0.4447444816152931
1038,1.270443608931809,1.06541670259988,0,0,1.2621852911584923,-0.47239734635578823,0.22089585467345468,-0.35114784672094856,0.4168108529988943,-0.6677959253518732
1039,1.2692397434616653,1.0328202383363991,0,0,1.2103457959539965,-0.3021553918077681,0.1920757809870742,0.17321226276367477,0.73389305551403,-0.8184625036589274
1040,1.2581749596247922,0.9984992915626102,0,0,1.1547611417127759,0.04850282847321327,0.25166033748110467,0.012394975531168473,0.5107311401290581,-0.7230842373079495
1041,1.2371052628228894,0.9625079346067882,0,0,1.1165356131876631,0.14994506151507725,0.38383992847270865,-0.6735441256502153,-0.34529327690661604,-0.5879855510927066
1042,1.2064074782806227,0.9250725613995961,0,0,1.1828498046151046,0.0481100963788255,0.35069453483225826,-0.9726383836145521,-0.10096622350802775,-0.39837687643817093
1043,1.1669886339251023,0.8868332938876763,0,0,1.175359383976401,-0.09814921468991811,0.32096567856216457,-0.9826127498215025,0.3634840697171702,-0.24833469538655847
1044,1.120274644493318,0.8490124268771867,0,0,1.0491108967786962,-0.14240060666437823,0.25089066254067827,-0.7825804831922861,0.6014002928041801,-0.17058820257446747
1045,1.0681737445614297,0.8134506100194023,0,0,1.0047137865503541,-0.16104320829739838,0.10930717407566129,-0.746995349575685,0.06979604854123801,-0.0758667720099873
1046,1.0130087058986936,0.782487299717649,0,0,1.0739812090124674,-0.1705703487795868,0.04413007868250912,-0.581554356520428,0.009696307409739282,0.0869138188307001
1047,0.9574139161727925,0.7587059378941957,0,0,1.0334184359597662,-0.1393832992950608,0.04025540746765501,-0.5009102604307182,0.5744653279789336,0.2479566006671093
1048,0.9041959467695606,0.7445933692003202,0,0,0.8661262685405342,-0.1600094733321865,0.06684813437705621,-0.5600408021169985,0.6739214080599257,0.2357928256662404
1049,0.8561618220884943,0.7421671218172122,0,0,0.7738120971755239,-0.11327707598836263,0.09469419668368566,-0.5344053101003547,0.47479089444098677,0.12110255272120059
1050,0.8159297090333059,0.7526166810843448,0,0,0.7739557836530132,-0.005865449506831218,0.10829287930330245,-0.5352385273429292,0.4016169440417662,0.001940089311509138
1051,0.7857462107196195,0.7760044764280316,0,0,0.7449534636845324,0.027046956686560115,0.09502688353537946,-0.6233444839352305,0.3315385938598096,-0.10651572956955263
1052,0.767334442429166,0.8110796645800966,0,0,0.7471467979015908,-0.03408108697796828,0.06360493703490348,-0.6916718347686963,0.29336214405807726,-0.17997387692101474
1053,0.7617865838796996,0.8552590102441047,0,0,0.7813930798350694,-0.10433478983547832,0.05272736261188012,-0.7054073512159571,0.1902890514111691,-0.2230334010050521
1054,0.7695003225081101,0.9048159231044315,0,0,0.8377030081130504,-0.10138611013313953,0.05488674042031522,-0.685449840245471,-0.04287254919275304,-0.23829056628936474
1055,0.7901484220005788,0.955293428413296,0,0,0.8388839440504132,-0.051675579027333586,-0.017153992077956537,-0.7183934779542034,-0.2518762445376271,-0.30829146106691063
1056,0.822669744988719,1.0021223144034521,0,0,0.8047648326013072,-0.04701576621970854,-0.038696365859963916,-0.769744932797485,-0.37241901886564743,-0.4211057013085203
1057,0.8652792510560672,1.041381867474328,0,0,0.8142385559880452,-0.021028032407403512,-0.016800585625854396,-0.8435399663767754,-0.5168397133140521,-0.5225775528112324
1058,0.9155086888584795,1.0705927733511038,0,0,0.8902176941317591,-0.006357014250781376,0.02497647476699471,-0.9917728939444551,-0.5310094517111605,-0.5872191127561417
1059,0.9702999944134503,1.089394929520662,0,0,0.9039560491463449,0.04305816647417759,0.08796651049620312,-1.1285018091664436,-0.2561019872359624,-0.6664271460642955
1060,1.0261732734765163,1.0999549386096594,0,0,0.8824037010773546,0.13317895610621674,0.032293676334537495,-1.0942580279762,-0.19844112873532901,-0.7987614780487761
1061,1.0794796873142898,1.1069794346758528,0,0,1.0174760115847754,0.02365034862740489,-0.09941422684977633,-1.0454108835140006,-0.5985524864293408,-0.7818542710384763
1062,1.126728304114288,1.1172796544278427,0,0,1.1213028851898303,-0.20879504937583424,-0.05487926040528428,-0.7953455098887982,-0.4307733817966899,-0.5554663346545955
1063,1.1649480262280298,1.1389266343480589,0,0,1.3017922882017514,-0.16893044054864143,0.06816980863028371,-0.584843766879777,-0.6755199307449803,-0.15206450095699883
1064,1.1920192197106232,1.1801301361373664,0,0,1.496446115069356,0.06347023629568442,0.21878043560727592,-0.7277723824492642,-0.22580931750857813,0.4187981492675065
1065,1.2068995501445086,1.2480350938256641,0,0,1.1782516978083368,0.1563960895131259,0.2953490824004831,-1.1166021498011949,0.2265244213881248,0.6482578015343795
1066,1.2096878062573735,1.347634833381506,0,0,1.037452807245062,-0.01805672065825063,0.14091798669324815,-1.2636296325013006,-0.5831120304714589,0.4013417410934227
1067,1.2015147198206808,1.4809601632247853,0,0,1.1550252303768602,0.08457048685851982,0.2505447600288182,-1.1386703606705644,-0.36964347879905113,0.10637656905783913
1068,1.184297243325771,1.6466514618031658,0,0,1.1418886650093139,0.22903501746822283,0.3110528291500063,-1.3265569551018623,-0.05036898976977456,-0.054664352848635404
1069,1.1604174900576034,1.839977818560976,0,0,1.1175813079845536,0.23509847398215147,0.18590064670190423,-1.6068200676469095,0.19874445482391234,-0.051204913574078414
1070,1.1323865345503892,2.0533210091451886,0,0,1.0311594471238998,0.25609804402034414,0.21804618832769115,-1.935305932119959,0.4978639213011131,-0.038213064361298205
1071,1.102542021819106,2.277073434325524,0,0,0.956758614871776,0.2826643681339496,0.21758756764874138,-2.3667903314543866,0.27671714303899647,-0.11501359658615169
1072,1.072818412941626,2.5008156779879247,0,0,0.972919894914399,0.2660416400765551,0.09561892798032044,-2.7417406409723086,0.04390310107077853,-0.30360010779241325
1073,1.0446177356333135,2.714572997650915,0,0,0.9972800112678348,0.22306155889477258,0.0641924584964886,-2.948496649740724,0.22424863371786297,-0.48049103523844594
1074,1.0187918326271288,2.9099300114441924,0,0,1.0012056228947972,0.19974068082782362,0.09081377819191991,-3.0463568972621213,0.22690858603570616,-0.5588587370584353
1075,0.9957257593703213,3.0808171989635804,0,0,0.9999088265676516,0.1566905415924709,0.02097063250175777,-3.1741714602121145,0.18221813052308378,-0.5503616006358916
1076,0.9754928603668395,3.2238582488273217,0,0,1.0008238893912045,0.061936367565639826,-0.002735543332909274,-3.2459222827632632,0.353878812119852,-0.5157470006211403
1077,0.95804084816303,3.3382588128524455,0,0,0.9932822158513761,0.021143682671874022,0.015348242450482209,-3.2655920109262584,0.423049830950236,-0.4688797343400676
1078,0.9433663457480203,3.425300988647393,0,0,0.9968274680280109,0.06402643800197409,0.020576644550015604,-3.2880407993407212,0.5178392136099246,-0.42859314956021094
1079,0.9316412605648112,3.487568948078684,0,0,0.9573365006180341,0.09285740390558088,0.028945237658293536,-3.3624071400314963,0.5619634721595282,-0.42778545316887184
1080,0.9232659143353743,3.5280640104413066,0,0,0.9282740271988036,0.05597372797872271,0.030832943310814338,-3.388320040492613,0.3621159044951431,-0.45687185204136993
1081,0.9188388940198635,3.5493734781932913,0,0,0.9488695694378193,0.05086750902114841,0.014991356459008629,-3.3314709069985717,0.1834793694822657,-0.48637139237058685
1082,0.9190493223911178,3.5530418834185866,0,0,0.9240009237131184,0.07316084261778352,0.022546751209070504,-3.2855951877997422,0.2934680140531092,-0.47708454860277333
1083,0.9245109994065536,3.539259931623212,0,0,0.9136639817802334,0.07854083744194977,0.09046637962672871,-3.2848823826800517,0.30945254375851716,-0.4335439811401511
1084,0.9355684591202565,3.50693541398424,0,0,0.9106490745293656,0.06330041302773157,0.09433115632017999,-3.3288235192580355,0.2156551375166262,-0.4277401504511858
1085,0.9521122199235,3.454142058498885,0,0,0.8932963097857761,0.11301370805013819,0.05246712064673604,-3.352368644789628,0.04646072978665988,-0.4467548259593304
1086,0.9734434845636635,3.378863850815006,0,0,0.8893710991295499,0.1798178109505331,0.025454786504210333,-3.409858564456625,-0.00562964562044133,-0.4532807091439916
1087,0.9982254050570845,3.279878422335767,0,0,0.9139194587717864,0.1263770643568583,0.05171895307250662,-3.5373925717902797,0.0736434746266724,-0.41804265866724094
1088,1.0245470185004981,3.1575719848237798,0,0,0.9207711075373937,-0.04008426753592176,0.029102892672241105,-3.6198811336727776,0.07511785615251212,-0.3522662438489511
1089,1.0501065090808073,3.0144689060320844,0,0,1.0077120317063746,-0.1933209432137105,0.12855758710978543,-3.4002440793057294,0.20642466461986583,-0.35177428235547487
1090,1.072494194048774,2.8553064983677734,0,0,1.1043188361962055,-0.30870029126740367,0.2491462643099957,-2.994066682368252,0.4043067225093902,-0.44590631717719065
1091,1.0895281160414443,2.686590468307615,0,0,1.1177763961700113,-0.3561399830142648,0.2395598938793717,-2.5786772127072584,0.5432337601439999,-0.5265648443461387
1092,1.0995763150945799,2.515704619183759,0,0,1.089988483766847,-0.3326927418458437,0.2368705411471282,-2.171049352102633,0.6087537010048173,-0.534040910939985
1093,1.1017993401187742,2.349776469532207,0,0,1.0898118769839262,-0.20732489785068522,0.22733884897108825,-1.7838942672651046,0.4825882772742225,-0.3979113604988568
1094,1.0962654278612605,2.1945757058240165,0,0,1.1149847531174637,-0.07945846999105667,0.16133277653511577,-1.628011441165184,0.2925396780082253,-0.1354565153821809
1095,1.0839199317030457,2.0537192299716103,0,0,1.1179796940875968,-0.05143025826864917,0.10402741249928942,-1.7074150343933268,0.2384828582686942,0.0768513219837116
1096,1.0664188487664137,1.9283725554163589,0,0,1.0721579518107311,-0.06431819014132409,0.12950830485116674,-1.8451600863667728,0.3341465183582123,0.13518150389358088
1097,1.0458584470724843,1.8174959176633894,0,0,1.0081164082759067,-0.08483640484410017,0.11991520684365414,-1.9404733993605825,0.332987219301247,0.028535206347684763
1098,1.0244491116640526,1.7185313472977644,0,0,0.9439713336002676,-0.1106014871749474,0.10437660391808125,-1.967492610884762,0.35980000610106905,-0.13243353317198925
1099,1.0041913399207034,1.6283161519705605,0,0,0.882639010137018,-0.15202921731513294,0.08347692999317365,-1.9432771592828506,0.30394256768582995,-0.2608845922687648
1100,0.9866122125396808,1.543971419731658,0,0,0.892400982210087,-0.1942780997817448,0.09347970719090774,-1.764100499137677,0.2091742089351927,-0.3040757296270419
1101,0.9726085021853924,1.4635530054167931,0,0,0.919761813620606,-0.2277288270028299,0.1097719787158589,-1.5655481673430405,0.16984144184412014,-0.26782406888319826
1102,0.9624189899996666,1.38634406400017,0,0,0.9098337231014018,-0.2562950664748924,0.10903684627638775,-1.3824324273958042,0.09719746486654185,-0.23392915651181762
1103,0.955720190207563,1.3127781683261537,0,0,0.9311912098479839,-0.2640295074330779,0.10744981700809211,-1.1916037002269988,0.06058337502136317,-0.22876766832314718
1104,0.9518152260553641,1.244077150339511,0,0,0.9454755041498718,-0.254070241197676,0.12543277469462047,-1.018175209480412,0.12738875509603975,-0.2509144003805807
1105,0.9498707869394954,1.1817454224981943,0,0,0.9401056783109475,-0.23379977670965396,0.13149993833649004,-0.9372182131408032,0.05938339853633643,-0.28037082037929983
1106,0.9491529504259941,1.1270742657827768,0,0,0.9651857000173392,-0.2217056373696179,0.1341199518746294,-0.9203712871551705,0.09973239962140844,-0.30126693837675983
1107,0.9492173500322645,1.0807796596088863,0,0,0.9642349290199709,-0.21337262861709344,0.13941356077702252,-0.9638800338688307,0.14511968675194062,-0.31931895693534607
1108,0.9500202959870663,1.042839752638759,0,0,0.9606434027367141,-0.22018158389206738,0.133381399994378,-0.9930588880343307,0.12890676143833296,-0.3427770759125278
1109,0.9519329756134516,1.0125331363875816,0,0,0.9372358417103731,-0.222303225713479,0.12266217647015623,-1.0028018851806764,0.15761303446188918,-0.3681306282448729
1110,0.9556588740442375,0.9886263631042632,0,0,0.9096382658355511,-0.23280748139514837,0.10995848603458573,-1.0067712423312236,0.12412432297683484,-0.4086142529525758
1111,0.9620724177402683,0.9696310911206105,0,0,0.9019459719069532,-0.25890965311930375,0.11392797838267449,-0.9647932703574855,0.11153348365992793,-0.4511507645374212
1112,0.97201102545132,0.9540503655514022,0,0,0.8915178730878688,-0.26760049337389763,0.12173638654342508,-0.9063359206281407,0.09713444983476008,-0.4810769255244976
1113,0.9860602217361558,0.9405545334212414,0,0,0.9034698464337924,-0.2835056411586696,0.10802769117415034,-0.8343821587511145,0.02391989979820305,-0.5029971345293259
1114,1.0043712378343987,0.9280606387622993,0,0,0.9256894244141015,-0.30488235965558413,0.09729671126276147,-0.7434409425130666,-0.013571062499279337,-0.5056788941545192
1115,1.0265438019230084,0.9157239444542816,0,0,0.9465327557683871,-0.2807360571876637,0.1104741958944807,-0.6799638322466625,-0.0739683399985846,-0.469646221960422
1116,1.0515959016546033,0.9028762944583631,0,0,0.9626277866812422,-0.23653178613802006,0.10455960744757911,-0.7078431955008412,-0.09924349175116805,-0.42573611432530134
1117,1.0780291036684344,0.8889561182804954,0,0,0.9871174671709382,-0.22891512138400533,0.11600640291281882,-0.7193819735682304,-0.06255677310740418,-0.38639727722524725
1118,1.1039831213633104,0.8734670178888492,0,0,1.1009119985911087,-0.16429894489620353,0.21311269555304,-0.7047667769048247,-0.24744437644727557,-0.3053923569236674
1119,1.127456981425336,0.8559803034205431,0,0,1.1646394816946468,-0.1684380787127158,0.18184061787435235,-0.9390042481789617,-0.22818380890455853,-0.197775602951092
1120,1.1465591396721146,0.8361707485469491,0,0,1.1612181872902638,-0.21150264881191963,0.24245050805917245,-0.9120360531792353,-0.1746269244989605,-0.09252146131072847
1121,1.1597411713558232,0.8138559924396991,0,0,1.1234345620761899,-0.11074961023917589,0.3033250965268553,-0.7798173006022566,-0.3089601829699646,-0.051274874991208585
1122,1.165973611411779,0.7890082978880497,0,0,1.1605191312026655,-0.16400654913504348,0.2164597766219803,-0.7790253573491879,-0.35540558198968847,-0.005687445987806687
1123,1.164836153864538,0.7617239816339905,0,0,1.1939585591289006,-0.21959886176608856,0.20940695744431423,-0.6737102219455958,-0.27613578247694814,-0.0255160410993229
1124,1.1565115431896162,0.7321613852010609,0,0,1.1605703472980184,-0.15812840598929323,0.3147241266390108,-0.5747791370497547,-0.1308174496072226,-0.11817248312571738
1125,1.1416893965598351,0.7004792434217063,0,0,1.0784448366188446,0.027539625726455793,0.3764201426730579,-0.5061630090452296,-0.08166456460067666,-0.1748575843613628
1126,1.1214032670480776,0.6668126909766313,0,0,0.9512524710868517,0.11286031283240638,0.3459341214293526,-0.6003215603582933,-0.013292538767268079,-0.23385944599088182
1127,1.09684037085028,0.631308750008051,0,0,0.9150350534936426,0.0860533384789271,0.3857717516759711,-0.6417598809737126,-0.0924236992789265,-0.3005156202980817
1128,1.0691719015324215,0.5942123489318548,0,0,0.920479699733484,0.06624745341463362,0.36676815923214284,-0.5893191568736921,-0.12908998587586143,-0.38766109042662233
1129,1.039445068241073,0.5559646992783149,0,0,0.9795610908419592,0.05523334661970419,0.3243512799000079,-0.4660799287487783,-0.07401789175714464,-0.43307965689747135
1130,1.0085556470317072,0.5172661668182741,0,0,1.0161556868654096,0.03653960892117035,0.31249346447366105,-0.30231594471264644,-0.005967352565990355,-0.4374943481503366
1131,0.977291524222388,0.4790705139889141,0,0,1.0037286437523174,0.0011131527918053288,0.3106869894618053,-0.1810550401079755,0.13331445645270273,-0.4104243313661927
1132,0.9464167704459362,0.44250590785601823,0,0,0.9317425026292767,-0.031004319782712696,0.24517545970911395,-0.11975704927721437,0.1812814982421747,-0.34932773445666815
1133,0.9167604216520507,0.4087443391221023,0,0,0.8583825930931585,-0.007135200615449675,0.21778685120614058,-0.08994497460473459,-0.0029157221500491575,-0.3155322587741907
1134,0.8892826195046928,0.3788545282865499,0,0,0.8543577076030979,0.028952454171609424,0.21880526431905511,-0.0790580832578283,-0.05500438947537785,-0.32281904401707756
1135,0.8651037942883112,0.35367192990777135,0,0,0.8719624038139295,0.05844613712240996,0.17260324236636856,-0.031830170299687446,-0.0936138041736896,-0.3690506139597657
1136,0.8454914549826184,0.3337071768716669,0,0,0.8631828720569659,0.09153600401503166,0.15644861933048548,-0.031335466177610086,0.05823892452075477,-0.38772857455356974
1137,0.8318025266283136,0.3190993048478694,0,0,0.8196921823313903,0.09569555628959606,0.1411234927223413,-0.04646079794872966,0.03719955072884465,-0.33374950172200735
1138,0.8253816345286827,0.3096112681550145,0,0,0.8002367502509655,0.10398777194249068,0.11449398506575814,-0.043668733011921854,-0.022793630148250515,-0.25008924361343815
1139,0.8274208029549058,0.3046661698606312,0,0,0.8357491170196057,0.09847152507876392,0.10441697814238973,-0.10252831863202745,-0.15219702661539788,-0.16464577832208738
1140,0.8387926857432098,0.30342779976333123,0,0,0.8712873980282174,0.10711008751253902,0.06794575077700739,-0.16421129665543643,-0.12993632868613972,-0.07357725561060478
1141,0.8598754284054769,0.30492858352823454,0,0,0.8746965390393636,0.10125112926624072,0.05398705232807954,-0.2453041525179489,-0.07586691185222247,0.013612124753619625
1142,0.8903929542941885,0.30823622624821234,0,0,0.8325064593179238,0.08629507931722885,0.03712424565974706,-0.32647448770287213,-0.03863238674789142,0.1087022027644658
1143,0.9293010536232197,0.3126301427117442,0,0,0.8094444497368635,0.07320322757339538,0.07985854641660135,-0.4165849223914721,-0.12938172331524816,0.1593744950062925
1144,0.9747543075266193,0.3177403651618963,0,0,0.886260622756583,0.016445612253498675,0.10981224627838901,-0.38457252962135857,-0.2796937574982733,0.12891751904532434
1145,1.0241846251636033,0.32359788496366854,0,0,0.948087012641273,0.01806471165311041,0.11840591215280376,-0.31729858086902857,-0.12703137406834505,0.13906323635298226
1146,1.0745041894169078,0.33056461586464564,0,0,1.0567511654520394,0.01567535138096498,0.17166436282156214,-0.31516581824209833,-0.13023150604493697,0.08944010011382392
1147,1.122416933083951,0.3391495098743497,0,0,1.1342209232615805,0.04485760736205033,0.09874001046064511,-0.2380562077052557,-0.09435227563408519,-0.0014614389898659215
1148,1.1647927529732462,0.3497589281922087,0,0,1.1831067588553255,0.045146023289309875,0.034070315434784275,-0.21638412225548795,0.008129933123108363,-0.019573020829665097
1149,1.199037126146911,0.36245591095350266,0,0,1.4003469325031195,-0.009509318887808569,0.17941218665686268,-0.1343931249643667,0.03398970463150738,-0.10086187208038715
1150,1.2233819392425267,0.37680355298328105,0,0,1.4224163782723374,-0.1861576902204161,0.23304185865527693,0.014485243384872677,0.2022749969891076,-0.28795823615157906
1151,1.2370357437137587,0.391842000933368,0,0,1.1182469294038626,-0.04145398437805424,-0.019022515790485032,0.29445050399376904,0.20198404747899848,-0.28700903788319426
1152,1.2401647762051544,0.4062072611200686,0,0,1.1180480494183729,0.1499327744195435,0.021265648435982713,0.3552701884766685,-0.19974715465619539,-0.20529085932834507
1153,1.233720120815891,0.41836124778328193,0,0,1.2573266698092016,0.15659489276132688,0.2531245095570684,0.02776477829272674,-0.27422200521038026,-0.16679617310996167
1154,1.2191605824342762,0.4268807900772038,0,0,1.236613968833662,0.09986032138309853,0.3491551978233767,-0.3190214187287003,-0.2876804343176374,-0.18182429136005593
1155,1.1981324468451438,0.43074847775964603,0,0,1.082649609865153,0.03975645525387053,0.3286786714354683,-0.430755706681197,-0.11664339309173817,-0.14353607579313749
1156,1.172164329134161,0.4295900472982374,0,0,0.9363796907325781,-0.04748766061612819,0.4893224403670811,-0.5430429859193328,-0.1672919517192667,-0.04872931126407726
1157,1.1424310470683245,0.4238067954889243,0,0,0.9295991012797132,-0.094907057193611,0.36219506295989246,-0.4456221817524833,-0.4486254350304813,0.008543920597563
1158,1.1096337798121476,0.4145638231256162,0,0,0.9681682164430663,-0.03766211701485212,0.3465377543233791,-0.2880813215045929,-0.2832385282291683,-0.029466762415525326
1159,1.0740243554643711,0.4036235743787596,0,0,1.0129361316532621,-0.007169613888515492,0.39143258708305306,-0.25281928886280086,-0.34886564666398895,-0.1355058188677115
1160,1.0355676036861368,0.3930561752285145,0,0,1.0651151539928383,0.004660150265866252,0.36220434527449874,-0.10762786581421592,-0.12224774337413866,-0.11271534331893189
1161,0.9941991988265109,0.38489793963321567,0,0,1.0391109132552292,-0.002050222966953243,0.37246392067763706,-0.06909431217485276,0.05211823079764396,0.04948529929041297
1162,0.9501134916975753,0.38084725556427623,0,0,0.9431953520669378,-0.1109600701456241,0.27638642178773787,-0.1325222505845899,0.17996984153127765,0.2122706300573047
1163,0.904015389447061,0.3820703440078155,0,0,0.791922956079031,-0.20659841277055035,0.2346802540430959,-0.038644151624061165,0.40203906731172695,0.29230688992110726
1164,0.8572883362613407,0.38914308858877816,0,0,0.8080747418356,-0.16568033342189667,0.2800972275751576,0.04455438968698843,0.2930916364828495,0.3716525690838116
1165,0.8120534117147999,0.4021035252109103,0,0,0.8072728635336923,-0.09630058563433926,0.2580411585588911,0.1001503517480967,0.23990438732818067,0.41561274612051335
1166,0.7711106740899625,0.42056070659340833,0,0,0.7740853728855838,-0.07592124020011581,0.1883020175290865,0.1692807533509104,0.1426586528734262,0.38964432423322426
1167,0.7377618028734382,0.4438094339827939,0,0,0.7783603087698298,-0.08619681175406513,0.18668435731031308,0.24724109792430293,0.2614599883383833,0.3294618185959241
1168,0.7155197176318828,0.47092499788298536,0,0,0.7381061515316579,-0.11816245939117935,0.160364657106021,0.2532476206055194,0.21427419596279762,0.250961517817333
1169,0.7077223251218623,0.5008394401077422,0,0,0.7308321220699532,-0.16205132146451062,0.09191578636110695,0.3072742617621019,0.11213690081083762,0.18517080465777527
1170,0.7170848041266922,0.5324183077080574,0,0,0.68992507259271,-0.154253801781319,0.04421358208346463,0.3990724688152638,0.04049620749604945,0.12027699866719327
1171,0.7452449153206153,0.5645575356592006,0,0,0.6602015753233197,-0.12796351630014574,0.015682967335021364,0.5231273372514976,-0.05934423424324731,-0.0035467628708056587
1172,0.7923733124161625,0.596302198310949,0,0,0.6225718082237078,-0.1127440981749491,0.0006936937331879028,0.660003495019511,-0.07992195758542761,-0.1841481854052444
1173,0.856928147013974,0.6269595392589443,0,0,0.6653896783977985,-0.07903094607246318,0.05678649479876702,0.7060002908053608,-0.3841548508259876,-0.3175355896716982
1174,0.9356224047570071,0.6561549538767784,0,0,0.8241755928387888,-0.025450038314863824,0.04198413746685981,0.587160870977542,-0.5153120463642172,-0.3258158213025073
1175,1.0236394425256485,0.6837805600323609,0,0,1.0166789652395944,-0.0009513980643987911,0.05089914429536935,0.6076326175507941,-0.36581338558479815,-0.24839568546224958
1176,1.1150823812816466,0.7098198462741923,0,0,1.223557926470175,0.035999349133552426,0.06965528315153145,0.4960419847290926,-0.45087338668659566,-0.1196926865106539
1177,1.2035916190752807,0.7340875259133396,0,0,1.2294960515426758,-0.0947855193276151,-0.08746994898054558,0.3926925199831531,-0.05351770649320956,-0.03710660617028834
1178,1.283029628308162,0.7559742743177523,0,0,1.2692745934941239,-0.15772362995397685,-0.2546854784245813,0.45413979576772917,-0.1567187819361527,-0.04177440677714958
1179,1.3481222680520566,0.7743026050189006,0,0,1.4054202990165638,-0.2769725489256689,-0.26639710713147713,0.5776512209138629,-0.3885615642004282,-0.02167825933208075
1180,1.3949571244551784,0.7873689393784832,0,0,1.768656511642544,0.3121630853025744,0.15540432930318213,0.6148969268148609,-0.7551883427409064,0.26562199243642187
1181,1.421265181047628,0.7931814781880706,0,0,1.2490237964651458,0.4867690385473028,0.21561378032750395,-0.36527547406262745,0.38714698151363164,0.43134130097659906
1182,1.42645282277529,0.7898382293660926,0,0,1.2341657759648694,0.3023898480233818,0.5201823971581965,-0.45972645807425044,0.040483237197805506,0.4365579169977678
1183,1.4114061092399708,0.775951204521,0,0,1.2637899474420244,0.32053665785286006,0.7599110902705731,-0.8866951802516173,0.21462563454097525,0.5856613065739762
1184,1.3781434495603728,0.7510111893151056,0,0,0.8374118492984237,-0.2120822436434978,0.40423521937212553,-1.0826071623055216,0.39742324616384367,0.4544316257267094
1185,1.32942391500625,0.7155945202933218,0,0,0.9379900157247134,-0.4532386597634549,0.28838699266383944,-0.5989097152172025,-0.309252047267227,0.05503031773519121
1186,1.2684125762219505,0.671346660978017,0,0,1.1905697952093661,-0.3507738377773231,0.45021212591693044,-0.10360844640359178,-0.5843193598630341,-0.19667719274044276
1187,1.198461058893785,0.6207429886503204,0,0,1.3639213054961272,-0.0322841761730147,0.4464561047497664,0.08894539312835449,-0.5493039339416909,-0.10619657728336304
1188,1.1229978807612686,0.5667012878717732,0,0,1.176428396786161,0.159938586765682,0.33693103940538305,-0.10994913881253572,0.23438218147474774,-0.028773198616050297
1189,1.0454732758351304,0.5121645006968227,0,0,1.0307252458480378,0.07252300529669929,0.3669427369292235,-0.24258105151810402,-0.04793384968116764,-0.1690147078077034
1190,0.9692951379915128,0.4597674197583111,0,0,0.9839334109372523,-0.03437050150841287,0.22211498027177373,-0.2302016285985369,-0.2040734291377685,-0.31783689263835113
1191,0.89772274824587,0.4116545765287195,0,0,0.7898067293477596,-0.02635949159376286,0.17719219430727742,-0.1776867915635969,0.27182430197228313,-0.2958184767685609
1192,0.8337256929296821,0.3694508536119333,0,0,0.6581792073068186,0.018845732878683803,0.24132286553921833,-0.05317873384916825,0.61600833591444,-0.21564763018774058
1193,0.7798421296717722,0.33433055583481136,0,0,0.6693809287230452,0.10615873429381213,0.2332964545256759,0.05290538447481086,0.3266939155334142,-0.2177405896582585
1194,0.7380734515202326,0.307109312564739,0,0,0.7611956480440482,0.12670675395495412,0.22966095371809764,-0.0009725462843346698,0.08765644128593816,-0.2605915488869614
1195,0.7098349035677517,0.28830070197720825,0,0,0.6976895933903091,0.10730371586793927,0.20333198805513453,-0.08010404986822425,0.19257893174352933,-0.2486318887028185
1196,0.6959571670685734,0.2781178591195028,0,0,0.6799563377730391,0.102915509397761,0.1765305603184284,-0.1545622317278805,0.1159196871618643,-0.20490159785496906
1197,0.6967175610379583,0.27643526592191725,0,0,0.7058789238554496,0.07053081039214718,0.14682353505401008,-0.17966152846871553,0.082845514195845,-0.11534148285202535
1198,0.7118774298615547,0.28274523952577885,0,0,0.7224567850738994,0.04913360841667651,0.11602493728472793,-0.1459233974858997,-0.017337171432645015,0.013536780826388395
1199,0.7407098630127847,0.2961479348308984,0,0,0.7481530378390704,0.0432501673432159,0.0802804027507741,-0.1154451090898528,-0.026059226719372178,0.14175336068720476
1200,0.7820122175549317,0.3154046190512348,0,0,0.8002814480819891,0.05308038741077413,0.04341814249796052,-0.11620105474377468,-0.19360063644640044,0.23876713217093512
1201,0.8341077652367743,0.3390614930938607,0,0,0.8208088900060764,0.0587493367052143,-0.02836803938664008,-0.13100918467575637,-0.22904118187089859,0.3102258720246571
1202,0.8948493587390705,0.36562150221918654,0,0,0.8290341457546725,0.09877147290492382,-0.013660778734574087,-0.1326761541881846,-0.20628251689672994,0.36766961927616165
1203,0.9616439066340362,0.39371835429315877,0,0,0.8827265452774196,0.09090338356701119,0.06935804835060877,-0.1624040635387074,-0.3311126837965338,0.374647931529019
1204,1.0315168207791852,0.42224277843615515,0,0,1.0352981000494406,0.07704764430538379,0.11239390376960204,-0.23502418370773323,-0.2822477092879582,0.34051026142319807
1205,1.1012282035508174,0.45038835113057046,0,0,1.1244382561910309,0.02029576782574748,0.153971711670988,-0.35851182304050855,0.0754653607513237,0.2597137818200553
1206,1.1674394025785253,0.4776157156580299,0,0,1.1216900728374921,-0.022812623273314913,0.04870593753130449,-0.333103847000716,0.0957768283714819,0.06371221072943689
1207,1.2269158270145382,0.5035666806322989,0,0,1.1251319587727997,-0.022022512115815223,-0.1587667556264364,-0.33306277450639377,-0.016595732976402402,-0.0951786681699151
1208,1.2767434002264408,0.5279784957854632,0,0,1.3400970489148925,0.03990461698508931,-0.11671610970412787,-0.24250727799665175,-0.3621150785781938,-0.24342985857470942
1209,1.3145295378019644,0.5506434706024038,0,0,1.4869634675756644,-0.12803269985423235,0.0689767135321295,-0.3207590036786413,-0.2763795182205416,-0.38145402473793183
1210,1.338554101800298,0.5714328249184266,0,0,1.3737539348857593,-0.3362606266057116,0.1599439416894305,-0.07296303125685541,-0.24620651317097395,-0.4543161334817153
1211,1.3478390060285694,0.5903708257657116,0,0,1.3104553760435045,-0.3855827098188058,0.5066370603574303,0.2897797199794097,-0.05702985156748457,-0.5175369492265511
1212,1.342125991411437,0.6077200613677629,0,0,1.0069207491138628,-0.24881983218288653,0.430755906228629,0.5058180716651621,-0.18279182603200397,-0.49667846489452216
1213,1.321786129031789,0.6240264033461487,0,0,1.0272862533078029,0.13624866221663354,0.3858822304534525,0.7171657038346297,-0.32732759056774663,-0.4197918736986741
1214,1.2877115536302686,0.6400747323255954,0,0,1.1459701128306885,0.29323135792995975,0.41523811373806085,0.18811202447910966,-0.6377786220538668,-0.25729940555644615
1215,1.2412388895197422,0.6567290562267765,0,0,1.304628165318722,0.241431099131487,0.30411105442004643,-0.06948757051516251,-0.638892869014717,-0.2045529955716387
1216,1.1841233404404023,0.6746741994087534,0,0,1.1809630750462616,0.008818048164195584,0.33991544534592477,0.07042818576295268,0.4376885430347425,-0.24263224512420156
1217,1.118544522001758,0.6941263912871466,0,0,1.109623000699624,-0.11191756168797438,0.35717529503547907,0.3193419975771837,0.3390101042858025,-0.15528247284556684
1218,1.0471055292795748,0.7146115207872181,0,0,1.117656109491928,-0.08552029755976026,0.20689718285087463,0.33358390278789674,-0.0921435544539802,0.1225826221654199
1219,0.9727928083723807,0.7349026003150124,0,0,0.8920536902636091,-0.16931393587567423,0.13302699488265599,0.3982022328934258,0.49871170050321484,0.30675587419999917
1220,0.8988853704496439,0.7531594310789608,0,0,0.7619521939940562,-0.19124529423825443,0.18691179596889912,0.562541327676394,0.6494606166034144,0.34980974867103165
1221,0.8288228709628719,0.7672416052494958,0,0,0.789585922510742,-0.13739282713646353,0.17701591583612006,0.6074394324820067,0.6259502719543848,0.3938916114393052
1222,0.7660524542275121,0.7751043272525664,0,0,0.7531264868333599,-0.10084193479020269,0.17769439248383817,0.6045835528773384,0.5363352968405164,0.47705570108509954
1223,0.7138708723283383,0.7751656740199172,0,0,0.7036478139912014,-0.06183919092732734,0.15593165840951123,0.5947896450662565,0.35958798237540757,0.47777384999286904
1224,0.675267208652636,0.7665601443574511,0,0,0.6744916686334236,-0.07486841814473605,0.15328723091221558,0.5710064601617714,0.3445264447537053,0.41201877574021584
1225,0.6527625037620489,0.7492467201656321,0,0,0.6716230705846289,-0.09107851454739391,0.17842039452133812,0.5470299468042839,0.23849338462705963,0.285064212426958
1226,0.6482411540227215,0.7239919868586389,0,0,0.6839238368057557,-0.08872717564744158,0.12965930901557737,0.5282272978492489,0.16406105410357144,0.13297738607993148
1227,0.6627748724090292,0.6922799978275311,0,0,0.6575971835079863,-0.04738152851217295,0.07903244218665957,0.5472376919227083,0.15795759383841465,-0.0035814089771939437
1228,0.6964511820112509,0.6562022871992079,0,0,0.6600487470000569,0.002671722056972742,0.0610518885699674,0.518305907374129,-0.22995310886646436,-0.12203448095992508
1229,0.7482317441181594,0.6183561566762191,0,0,0.703423625313142,0.021407815289977428,0.01116912892363682,0.4511597985450249,-0.49081188694459693,-0.23592147468484248
1230,0.8158759644708142,0.5817395316166419,0,0,0.7226591188450004,-0.03439644990478456,-0.01480684357933417,0.40769323414946435,-0.5236104123080039,-0.33918528495427885
1231,0.895966526182466,0.5495962358106837,0,0,0.8388217386607703,-0.0669082984602164,-0.002765001893840035,0.3602219051401646,-0.7225898727686316,-0.4104776973387718
1232,0.9840631004099049,0.5251571860285605,0,0,0.9344301069756412,-0.030635994027184015,0.05991712325642489,0.3663060721304349,-0.2502062854389293,-0.39669657045612444
1233,1.074990187721571,0.5112526439035975,0,0,1.0341346025505649,0.06621177961234902,0.1350507281497952,0.30870721533312534,-0.3068868627681801,-0.31341266162471076
1234,1.1632398135271358,0.5098320456233689,0,0,1.199034214629783,0.13767367012695086,0.038438136214789434,0.04513731969902581,-0.17439108170792272,-0.18817852264273477
1235,1.2434458835098576,0.5214947339748107,0,0,1.208051993936754,0.10067651185646447,-0.1544560101126107,-0.12352414703887102,0.033926341399956185,-0.07753565783951726
1236,1.3108696063331342,0.5451723907756925,0,0,1.2835758125724286,-0.07248055647618755,-0.32320487830593225,-0.2723258590373575,-0.3000868531963214,-0.05959020231631018
1237,1.361826799784196,0.5780887914982801,0,0,1.472511318543366,-0.23295814661670494,-0.26180595969418763,-0.06708195667649726,-0.32642696796984166,0.020315003706515074
1238,1.393988447769215,0.6160560429977833,0,0,1.7075694873066811,0.04099573400026863,-0.016972550405849527,0.020414346096617752,-0.1896122625689818,0.301691450212784
1239,1.4064986573062996,0.6540714866104929,0,0,1.3515012188696434,0.22777635446365824,0.2626117609517013,-0.2517593247699691,1.2606418872347327,0.4394669691282552
1240,1.3998857720441142,0.687087807529054,0,0,1.2246595474268198,0.28528117534249525,0.6776426711290673,-0.3259165586059055,0.4037062085371332,0.5283538338504769
1241,1.3757925117061645,0.7107742122035191,0,0,1.0768589818905234,0.25399926551861784,0.6108014135983113,-0.6611980344178585,0.09609601976093775,0.6794430099542976
1242,1.3366030306057026,0.7220940235860426,0,0,0.8466208965962485,-0.08362980803969601,0.39967799266985676,-0.8011147383586686,-0.05568149786654695,0.4946777219548488
1243,1.2850734098909111,0.7195908464543302,0,0,1.0770088937748081,-0.28819992502374747,0.27711772928953105,-0.5890864836107165,-0.483870854192644,0.08564626159988613
1244,1.2240598371512263,0.7033696233976177,0,0,1.2181244774521367,-0.28798223375190224,0.32155480766801886,-0.36572206432711335,-0.16093316762566015,-0.15667991295615413
1245,1.1563875127843934,0.6748441225441653,0,0,1.2512735820928753,-0.06380581445191409,0.39784163127963895,-0.26607341005086593,-0.2777923989890999,-0.13001884166695812
1246,1.0848378720225003,0.6363725466446238,0,0,1.1717573655428102,0.0989837872240223,0.3367471979328646,-0.4712241802095844,-0.06542477469514724,-0.12501214629880444
1247,1.0121874650066622,0.5909022662881227,0,0,1.0534391224478572,0.016273766279942693,0.26963682998589444,-0.5622875211286006,-0.003812840225220713,-0.24935201210634422
1248,0.941229241100214,0.5416969911297395,0,0,0.9222355271830706,-0.023393640485767114,0.22843420141988613,-0.49572251885046664,0.08681427829023079,-0.32555870584775565
1249,0.8747379163415415,0.49215359957425847,0,0,0.7628564665583537,-0.03422373301133509,0.20070565610599672,-0.4194851876645828,0.2591077365579015,-0.30468066556042206
1250,0.8153808149681305,0.44566618686698845,0,0,0.6629670597940677,-0.011051522889129538,0.22900017116912796,-0.2727994922405576,0.5949517605907871,-0.23784308457702014
1251,0.7656019742839052,0.40548018104791267,0,0,0.6926046709796249,0.03744052994572874,0.2671393734425519,-0.15767348680223253,0.28145358837557455,-0.23649942210591748
1252,0.7275108042868006,0.3744981497937393,0,0,0.7584938728793207,0.06384389715525479,0.22744612783065826,-0.11605145530221003,0.08152655370719791,-0.24558970482781256
1253,0.7027916883516626,0.35503707621130687,0,0,0.720232420030902,0.08572985211378113,0.16978348008432667,-0.17340122593578183,0.22977299178785457,-0.1981106831489232
1254,0.6926320523411491,0.3485740298451751,0,0,0.6967929772938352,0.08951911183856318,0.16394332389428284,-0.23244171984074638,0.17847396714851838,-0.12365261495640138
1255,0.6976576440833008,0.35553649858639547,0,0,0.6909055012229153,0.07315225630558887,0.12964481461409774,-0.2582526597671034,0.11514513380345032,-0.023637147716054362
1256,0.7178686752631164,0.37519234935571477,0,0,0.7039797778327178,0.028704932016774244,0.061717265304091336,-0.25546885662333646,-0.0023684684142609613,0.08162658885733375
1257,0.7525824472141065,0.40567995095746584,0,0,0.7216698415012196,0.0015261713732546462,0.03331651364372415,-0.22309900272285216,-0.0999633870817643,0.15501597190161778
1258,0.8003984089606941,0.444196601925024,0,0,0.7630507791330492,0.035242097171190444,-0.014033244704640756,-0.24740037642686935,-0.2391833034654997,0.21715931473732722
1259,0.8592054078965489,0.487333282741203,0,0,0.8136302847627385,0.11474711239755468,0.006658776322500564,-0.3518694136105627,-0.11664940591997124,0.2956114218732006
1260,0.9262472702837495,0.5315085336654565,0,0,0.8680825495756657,0.18316995093826088,0.07779895004999414,-0.49207210041432664,-0.05673392150849921,0.3441276239721769
1261,0.9982531420351078,0.5734226343820268,0,0,0.9946774043224051,0.13510293541405222,0.1372197757595564,-0.7302904513852309,0.034584544559492995,0.3440834677335437
1262,1.0716260764505452,0.6104371019265684,0,0,1.0935176135183164,-0.0718163970647911,0.09913175051108099,-0.9166760467254833,0.22851758528494379,0.21717895704069157
1263,1.1426712281966853,0.6407955852133951,0,0,1.1359566553166836,-0.2294423221868556,-0.020536678911339545,-0.654568018638115,0.2047740564248948,-0.08303510153124309
1264,1.2078376860454292,0.6636470408820349,0,0,1.1083233249607432,-0.1430365728177955,-0.1383667788124863,-0.3389066078551206,0.13597711795681428,-0.23312287344830804
1265,1.263946425284694,0.6789004542333482,0,0,1.2881937753899784,0.06533695237197218,-0.04087226499410522,-0.2870966026170717,-0.016115496003937645,-0.22682618966201554
1266,1.3083777840597768,0.6869999691277064,0,0,1.4832013386621383,-0.040452356114976766,0.0017097609169795043,-0.48908246193556576,-0.3828756861587278,-0.32148335908003856
1267,1.3391928030607236,0.6887251072130673,0,0,1.4130736330348441,-0.2838358017707591,0.19915665903970972,-0.27502184593188994,0.12233396547425733,-0.4402806829276728
1268,1.3551688665661297,0.6850859863106971,0,0,1.2287880805018756,-0.4127408753911101,0.5993468280047178,0.2022325406608946,-0.10383404465156311,-0.5413694278907497
1269,1.355750231400355,0.6773229310965122,0,0,1.0775382832350835,-0.36842820733922094,0.42905297324354275,0.37915203965549654,-0.5503842088922846,-0.582506685384759
1270,1.3409467714352907,0.6669637517465782,0,0,0.8726099127105336,-0.002821746099354275,0.4082628698205501,0.5453423031836395,-0.22630328231283287,-0.489073711948918
1271,1.3112407612993204,0.6558583255794663,0,0,1.0952898948306784,0.3751098860201345,0.35861215836771826,0.0668178329486294,-0.9740309672923683,-0.32469621448724406
1272,1.2675574649221897,0.6461096049641268,0,0,1.3939916398004,0.362706065128765,0.24375859566934505,-0.4299676832836228,-0.6544906091522559,-0.17017705890935508
1273,1.2113146141871924,0.6398581306069495,0,0,1.313208561187045,-0.033788474584415355,0.29875380725746437,-0.3543073191570456,0.11705739196719538,-0.18299594586451887
1274,1.144513201583353,0.6389438090044998,0,0,1.1364006693039372,-0.2831810141316675,0.36679747426340165,0.08517373357219735,0.4597948543888256,-0.1691229882329094
1275,1.0698040915929679,0.6445345951703606,0,0,1.0842059234433319,-0.17809175415204215,0.27075724494218817,0.2912896136982287,-0.10048569063535735,0.0785704483093486
1276,0.9904767877785213,0.6568412706268293,0,0,0.9267859394840745,-0.15239810135617363,0.15176917240274754,0.373611403951612,0.2127971255023899,0.2921755174781185
1277,0.9103523691767659,0.6750135938201978,0,0,0.7733638176793937,-0.13959637221340182,0.17737052369512854,0.5219786951197467,0.37752594325066163,0.4080939213582725
1278,0.8335962088283828,0.6972493797530317,0,0,0.7966062578744536,-0.08802565171351526,0.18958322394990285,0.5284090968387335,0.3897640787009952,0.4990092839934314
1279,0.7644819301298248,0.7210787065939284,0,0,0.7615280956028077,-0.08333748586594425,0.1863224126547412,0.4714451204410528,0.38366099997419,0.554568913742095
1280,0.7071352137399032,0.743743093150237,0,0,0.691063302223632,-0.11429129383598104,0.14908959623385423,0.47443635310366095,0.37325641117983466,0.5026125893925294
1281,0.6652741564435365,0.7625864522204262,0,0,0.6493402405094819,-0.12965784346280446,0.161450494540357,0.5708016397172444,0.33643548442439497,0.35715467758968994
1282,0.641953547604576,0.775399173612438,0,0,0.6487565894742807,-0.12853496764065112,0.15049385854666295,0.6701269664881597,0.27436559539567135,0.2052165200444703
1283,0.6393190668305161,0.7806867795303236,0,0,0.6667785710754504,-0.10693869501365723,0.08951202804306997,0.7521914649408132,0.15780034585617528,0.07616563683600598
1284,0.6583828013981018,0.7778547246009115,0,0,0.6545810834755031,-0.06707615650456361,0.02284502364207195,0.7511466391704934,0.12880973234259527,-0.02627059782403164
1285,0.6988407507383227,0.7673077673331687,0,0,0.647986556719868,-0.029179432346000154,0.0014228349768602242,0.6756138225946403,-0.14790893621048118,-0.13513478434900147
1286,0.7589630748204136,0.7504597859844977,0,0,0.6789728305374583,-0.024480774160646986,-0.0369662449211704,0.5799513013435951,-0.33445901388687943,-0.2838262474462825
1287,0.8355937471836782,0.7296422189510553,0,0,0.7133476666687002,-0.07344758876461305,0.012043592155609921,0.6467964668691852,-0.2796166725950068,-0.45522324529520947
1288,0.9242917824184813,0.7078902163780489,0,0,0.8123990783693974,-0.04111957636455293,0.07466160753066171,0.7195233127545914,-0.47271257377417236,-0.5463899773578147
1289,1.0196275995124249,0.6885835448446515,0,0,1.0096887451903105,0.007895965394397467,0.07612362531379098,0.6842684329562979,-0.414981671313231,-0.4910604342435395
1290,1.115617359285623,0.6749390504717049,0,0,1.2113812967353244,0.0883457343528227,0.158014970730661,0.6273314532239844,-0.26609293501626613,-0.31328059754820287
1291,1.2062442853237294,0.6694026700386042,0,0,1.292063301366836,0.15806840303167796,0.005835073474380194,0.3229742529387656,0.0497138308971836,-0.04942988487592392
1292,1.2859925279641966,0.6730586551548273,0,0,1.2046068628647155,0.0985963720014674,-0.2555994059414401,0.06036097333751091,0.19462957433319275,0.09541029863303853
1293,1.3503154538378335,0.6852237011960015,0,0,1.3361315487700112,-0.16659913444750915,-0.2604852440696072,0.06322145921877666,-0.2591595957115068,0.11978949050164589
1294,1.3959735310030923,0.7033831960697765,0,0,1.657346791714464,0.07164093348855871,-0.027212027131311226,0.31115896223940737,-0.30982587177885046,0.3176912381285115
1295,1.4211973369176725,0.7235439323838169,0,0,1.4766328867676533,0.36878294726158795,0.26831624425440115,-0.14397909008293883,0.5002360168369513,0.5408315809794546
1296,1.4256563152677886,0.7409513452285846,0,0,1.3039361188110445,0.3846113460168314,0.6280855633499072,-0.4765613669745517,0.4096935609967132,0.7118853688704645
1297,1.4102505676946597,0.7510012151690874,0,0,1.1159419745000905,0.4093861251883349,0.625288257673637,-0.8148695302852346,0.2940502966330307,0.8633839838511564
1298,1.376790212359235,0.7501112324634295,0,0,0.7385212314145471,-0.038540659982410956,0.3717217893101813,-1.0992557506664513,0.06178932245516958,0.6570122716855226
1299,1.3276641421726503,0.7363306534947565,0,0,1.022629856239709,-0.4131467884666296,0.2486483027887869,-0.6989090837281945,-0.6442388887549815,0.14229674904994696
1300,1.2655981457391723,0.7095552594041361,0,0,1.3010372589647894,-0.437386769636063,0.41236277680334066,-0.2323758278536321,-0.13691669554100638,-0.15211685068201258
1301,1.193550089487503,0.6713491043647399,0,0,1.3147220952245084,-0.13274713277547154,0.4062937909029715,-0.022160867722137188,-0.5413075583629003,-0.1283714637683608
1302,1.1147134679706756,0.6244967404958286,0,0,1.263412510908585,0.1365538136313589,0.3059469777929871,-0.22627164214835194,0.11120322761977143,-0.08078321133069014
1303,1.03254891678339,0.5724653999739644,0,0,1.0078907689641703,0.08537574335049539,0.2864504586305429,-0.3459212673966452,0.08808501360466413,-0.2383769666525688
1304,0.9507649999978912,0.5189317279933804,0,0,0.9375486414129645,0.019873116090501665,0.19731195053541167,-0.31852116872212427,-0.01321981841633637,-0.36521970747111104
1305,0.8732114894986605,0.4674511117221505,0,0,0.7645868585620069,-0.03109887359537204,0.16442357106100258,-0.25893173803721425,0.4648239333480089,-0.3468456343700075
1306,0.8036957917385755,0.4212638136249385,0,0,0.6676408824605572,-0.024343712347839025,0.24058621864643473,-0.09091219346488333,0.6350872302791001,-0.30740973950937167
1307,0.7457606035562357,0.38317730551063744,0,0,0.6944435193966092,0.02257783092012619,0.230209517323148,0.023715516190271395,0.16142523279782042,-0.33745315088038613
1308,0.7024624535375983,0.3554565277602198,0,0,0.7356713857541644,0.05189821395383887,0.186548283758726,0.015515467804977973,0.13731919317950153,-0.3028199159705489
1309,0.6761753638594696,0.3396865492689322,0,0,0.6809338938669423,0.10343371250624389,0.1603408210534413,-0.036926172420173826,0.29422121345227736,-0.20511878223015548
1310,0.6684264530399784,0.3366181285088275,0,0,0.6672415324102146,0.13726999936213075,0.1621405083252816,-0.13109796140840432,0.21694917781692474,-0.11489783105940683
1311,0.6797628020460315,0.3460394460911905,0,0,0.6630006099876683,0.1114648362288033,0.12142737556056452,-0.17471574841336757,0.16188029108918245,-0.022794347328715492
1312,0.709653500886942,0.3667276432289812,0,0,0.701049798489156,0.06894740587847567,0.07858004149411046,-0.18586655123985882,0.046408555105179446,0.09307574146535763
1313,0.7564413876199042,0.3965247791688152,0,0,0.7201965375233813,0.04095289162637261,0.025721723607074296,-0.2008092902937224,0.004370399859576586,0.2031707590009544
1314,0.8173680601875551,0.43255736089120433,0,0,0.7018697722935031,0.09330276262844954,0.022836438996886244,-0.22174120821369947,-0.06563334133198191,0.33324025113265476
1315,0.88869801297818,0.4715797199492748,0,0,0.7091389434105954,0.1408406831178683,0.11245768723875584,-0.2804780698287556,-0.2549430123452045,0.4278674699081912
1316,0.9659590513989209,0.510379149286606,0,0,0.9023834156674181,0.13606692379839003,0.13144398761547596,-0.35756367095865726,-0.4807947240751374,0.4366453480942895
1317,1.044293676061683,0.5461519268555424,0,0,1.167746079131001,0.0423974914647416,0.11501161707061987,-0.6229565824112241,-0.24956338889508278,0.4207464975626725
1318,1.1188839379908846,0.5767608178123667,0,0,1.2743388822964121,-0.05305200353187929,0.043398967685435066,-0.6597952743610493,-0.037373262651218424,0.17691327370559717
1319,1.1853848287831699,0.6008225674861464,0,0,1.1656272859576868,-0.08381231703476416,-0.06188420878798872,-0.3633034887052857,0.2994855135497123,-0.14006213251822094
1320,1.2402947577212955,0.6176363120438516,0,0,1.163870744543372,0.001477520255370964,-0.10879433514196044,-0.2075867789902841,0.057296944461498814,-0.25383465328413807
1321,1.2812079232447704,0.6270219489827995,0,0,1.4073200994429185,0.06409190325692461,-0.06575140235249405,-0.2860456328567605,-0.2033594006338934,-0.32452569853738944
1322,1.3069180081744036,0.6291608423838031,0,0,1.4638712176284472,-0.15436044421679085,0.029480226309446005,-0.4205726658364043,-0.4230414159697332,-0.38448233262914194
1323,1.3173635365725112,0.6245094712848023,0,0,1.3616003713915152,-0.2769536936964933,0.29541156036412375,-0.05332981132747709,0.14748059367255828,-0.48678853297980296
1324,1.3134265695683374,0.6138076615166025,0,0,1.1131597743266115,-0.32274327121532587,0.43820163481826463,0.16172404149532413,-0.0934644032376337,-0.5153795252234248
1325,1.2966268447851024,0.5981551033761959,0,0,1.008293148730441,-0.2220235518984523,0.34240145780292286,0.3154177131411518,-0.5015340972982181,-0.5103588148663681
1326,1.2687860908764073,0.5790981192408722,0,0,0.9298825336644909,0.09427935427710347,0.3743034741794852,0.33433281142158067,-0.2700120276527224,-0.45815220454053474
1327,1.2317501621953428,0.5586553084679466,0,0,1.1202445326748907,0.23800488917612186,0.33332028183419404,-0.14545468892104083,-0.992537294109511,-0.322675963224532
1328,1.1872337882010269,0.5392201519178412,0,0,1.2938525688494182,0.16374902441759234,0.2872527932338374,-0.25220795168276666,-0.3141464196463781,-0.20183717194266573
1329,1.1368019347835359,0.5233176971795531,0,0,1.1424215257749037,-0.07478938216975753,0.31826171433300177,-0.07346645157574021,0.2958997111771311,-0.19807390361926872
1330,1.081951428099878,0.5132534789725123,0,0,1.056296409349426,-0.1588874913134739,0.32928134551886706,0.1749313740399675,0.18558739798513965,-0.13108879266895218
1331,1.0242325793735911,0.510746285532112,0,0,1.0697803614894734,-0.11607825020520762,0.22643177457728034,0.21739468440456028,-0.22990565178111988,0.09543198290992999
1332,0.9653568652912942,0.516649522502952,0,0,0.9432923749567013,-0.14016684127441426,0.165533774117705,0.26867258656582066,0.24395348161411526,0.24800102888664458
1333,0.9072587666914437,0.5308310510240288,0,0,0.7958964954758867,-0.15958371749844866,0.2029408945986107,0.34590116250006603,0.5284804980162349,0.29154210900973526
1334,0.8521021323029497,0.5522215187492603,0,0,0.8235663163531869,-0.08926169950586277,0.20491578687948442,0.3341514336506565,0.41049359880610387,0.32736244697397837
1335,0.802235610260669,0.5789903208445195,0,0,0.8074652957709559,-0.05847343277156913,0.21169072698942779,0.2679435843922418,0.5178929319470397,0.3717934785769216
1336,0.7601057525105506,0.608788792961228,0,0,0.7261880777018673,-0.08864533016971604,0.17123902140600514,0.27130236778974237,0.3634149075457017,0.3512313379625913
1337,0.7281340074511548,0.6390124289802789,0,0,0.714416324927405,-0.1318850495396995,0.15458689380552393,0.3826190250002396,0.3588205000058988,0.27524368346507977
1338,0.708561512378848,0.6670605591155686,0,0,0.7064307418872895,-0.1586756905556114,0.14838167792358672,0.5082118759008984,0.2734540063193488,0.17706763357588357
1339,0.703267023491452,0.6905925969222219,0,0,0.7208195106644277,-0.14511545736423584,0.10559847947632413,0.6068442481853066,0.17407600064193807,0.09334326071561387
1340,0.7135682160490953,0.7077838215013705,0,0,0.7067136519318385,-0.11792361542121559,0.06275302565089048,0.6547274988647418,0.12856012687939913,0.012111497755946178
1341,0.7400240687471206,0.7175718857128329,0,0,0.6993120997665347,-0.08035314129446552,0.023380730601621238,0.6892130823619037,-0.08827489274465318,-0.08499853428065757
1342,0.7822648513411284,0.719865553380762,0,0,0.7255981170320567,-0.059164464346902465,-0.011838215172639268,0.6782953371801611,-0.28201432153463285,-0.20830330832820526
1343,0.8388826517463446,0.7156678694283521,0,0,0.7566938546712175,-0.0972485903746007,-0.018732101044719514,0.688315397997289,-0.23426818707287586,-0.35701089057954927
1344,0.9074143088117949,0.7070543051924486,0,0,0.8436138848670183,-0.059140998276600104,0.019921861942349083,0.8205808603785097,-0.3894432028292385,-0.4436420278572709
1345,0.9844372680860799,0.696950439776051,0,0,0.9746332052787113,0.031146571349403043,-0.004441708515022387,0.8352938452522405,-0.3450505441711685,-0.39190410778310325
1346,1.0657791147588531,0.6886830718344488,0,0,1.1107678894848017,0.10393408799129746,0.0844177891883491,0.764779152570628,-0.3137184938147846,-0.2470113938655528
1347,1.146819656335561,0.6853389493477449,0,0,1.1900516834525745,0.12316145993368235,0.05456997199371634,0.4053070097816496,-0.059527557361901594,-0.06165707267654534
1348,1.2228486161835799,0.6890459963304062,0,0,1.1606240400464805,0.06606494405168263,-0.18627945817408573,0.21549782250505625,0.16449407316794395,0.046916103218628914
1349,1.2894371579989687,0.700359281646579,0,0,1.1289913008257133,-0.16314809186060086,-0.3166129174570179,0.0826367510816903,-0.08231693520575435,-0.016724537895061377
1350,1.3427843277496723,0.7179449592159266,0,0,1.4194182468087932,-0.16808307001277514,-0.17935698049883156,0.5369977478825865,-0.5730685763256597,0.06498909599053583
1351,1.380001606440484,0.7386892082689184,0,0,1.5625288719625576,0.35562560706945257,0.09000255357705081,0.3849630625308826,-0.1804914144429058,0.348212752347342
1352,1.3992983291728363,0.7582384100544257,0,0,1.3246597170841832,0.48370308000511686,0.5565154026332444,-0.2401976854863716,0.31206205326384967,0.5963128551429261
1353,1.4000389744090647,0.7718516716798605,0,0,1.2064906121190473,0.5829415608765635,0.6685208067411064,-0.5454671722624291,0.18519571904915835,0.8152892295406822
1354,1.3826720522243916,0.7753581623726735,0,0,0.8535275320643618,0.1589299837106546,0.49657880902881657,-1.2320646542085198,0.30959739589743807,0.8380116471895813
1355,1.3485721887840296,0.7659786235094305,0,0,0.9367250007385824,-0.27514449439080824,0.42512186692926196,-0.9626198471794035,-0.589684136387497,0.47612031067579363
1356,1.2998636052697086,0.7428061568340157,0,0,1.2323675287162754,-0.4957710791375154,0.35372755746069157,-0.5317607414257374,-0.33365274113426946,0.023563702150330403
1357,1.2392787242842047,0.706849360250793,0,0,1.2962406295642008,-0.39528950814544417,0.43102308427238106,-0.1318400400193676,-0.4060063259478837,-0.12405146545823278
1358,1.1700559781100437,0.6606856551513426,0,0,1.2935106602207584,0.018826683339976363,0.331611085598846,0.010302078577408624,-0.5380831991906923,-0.0929762190090915
1359,1.095834124512449,0.6078861067665443,0,0,1.1652841576733923,0.16005503828237433,0.17503110286066495,-0.16120084208327445,-0.12269802168482306,-0.129250002332212
1360,1.0204918736775968,0.5524069244073143,0,0,0.9945644858289988,0.14339211950929057,0.20423593877459906,-0.24154897462394898,0.05528832646278411,-0.24814698160615492
1361,0.947913051499702,0.4981006125636557,0,0,0.8554642322312392,0.0759673812246063,0.1697384142890822,-0.32950391734915013,0.18577434597930717,-0.27182459314289864
1362,0.8817029163815713,0.4484161303257695,0,0,0.7070278125947078,0.0283530434718362,0.1663319679168327,-0.30045790839645553,0.64644372118443,-0.23568814850776132
1363,0.8249130278171655,0.4062704538114053,0,0,0.6788831472161847,0.023408466066476695,0.2157444262312014,-0.23107858904259113,0.40509159992359856,-0.2732371964464567
1364,0.7798363576017179,0.37401716439336186,0,0,0.7538160141461828,0.03838662042085493,0.1949217761231186,-0.1673714515458724,0.08169725320196225,-0.3429302732954517
1365,0.7479124675402457,0.3534304592882932,0,0,0.7489543276891119,0.05642549252529025,0.1671620258497425,-0.1691858753420091,0.216685793857278,-0.3407848996359938
1366,0.7297476100369551,0.34565684531964724,0,0,0.7331044509736879,0.09146085697933073,0.14273461036341123,-0.1914997765871239,0.13791206566516326,-0.2658512180754457
1367,0.7252237173969763,0.35113365237347516,0,0,0.7404252918911641,0.08705647595287366,0.14372343857550646,-0.21116705256612753,0.12353936160742417,-0.15151494631983375
1368,0.733654384699677,0.3695102897982752,0,0,0.7745983201840165,0.05596206609841238,0.1216985300574421,-0.19279783062736694,0.0003510503317786642,0.004309211216425338
1369,0.7539455151694898,0.39962599162142387,0,0,0.8194925041517748,0.03191181164168757,0.05299149202223549,-0.1711201577152941,-0.0540608988888035,0.15557380092868503
1370,0.7847282570522995,0.4395932252073173,0,0,0.8125089130974977,0.012506527472380919,-0.0067288491199280496,-0.14503468016698365,-0.23638739211646773,0.2580152206293151
1371,0.8244479194625357,0.4870075789831202,0,0,0.7770755992453765,0.05097879104062436,-0.04246742736653103,-0.15508941588905006,-0.3324564789056094,0.3258029268745718
1372,0.8714109806891063,0.5392599991485459,0,0,0.7610642706647477,0.11074136313571285,-0.01916585700141774,-0.2290674663958786,-0.43805275266678556,0.35301896132286825
1373,0.9238068928697761,0.5938827150053081,0,0,0.8862208294008694,0.1644300293463954,-0.029856254988435242,-0.3104194036903053,-0.6534777839027659,0.36225549341092356
1374,0.9797249995182254,0.6488343075887276,0,0,1.0266239290389638,0.22469361588089526,0.014205888454388936,-0.5254250539834232,-0.49677009193141586,0.40976903809196724
1375,1.0371783005696777,0.7026335618327886,0,0,1.0954151158963985,0.15447883373837093,-0.006313588088204802,-0.8507909768348377,-0.2386205418202625,0.3595795334027123
1376,1.0941336468983935,0.7542886476328934,0,0,1.106111879803535,0.01241066866058861,-0.07686829916389776,-0.8081759162639539,0.18514570321723228,0.09580361438795179
1377,1.148544019926204,0.8030314455279828,0,0,1.067299283415851,-0.08805273599396896,-0.09869743700057869,-0.6260706814413787,0.1627070214626961,-0.1380013912871287
1378,1.1983858356017225,0.847939662496748,0,0,1.0640034518045052,-0.04886748478671008,-0.19044667492259817,-0.46551077237296284,-0.07145056334221497,-0.1712518617971626
1379,1.2417131713747847,0.8875851637940115,0,0,1.1482203875504469,0.013805963822233053,-0.08568830135594255,-0.47489771707868256,-0.2436583713508788,-0.17543594032379764
1380,1.2767385033117684,0.9198578374124456,0,0,1.4052849599762567,-0.1391575918208163,0.05614156651594637,-0.4600779653656505,-0.5853358665366687,-0.24571122125457046
1381,1.3019327914976762,0.9420678182778297,0,0,1.4369270844385125,-0.40568678337002245,0.21896489237346067,-0.2064071081425089,0.5862982745878956,-0.4378295412496983
1382,1.3161190850445519,0.9513392835205133,0,0,1.2125239510471835,-0.611194518290607,0.4938520774934219,0.446045032715781,0.7246732548153397,-0.7086082078165185
1383,1.3185330031739497,0.9452099141679637,0,0,0.9367942433368974,-0.3211118011868887,0.4033495580365108,0.8415395278039467,-0.18630731621886112,-0.780977548759182
1384,1.3088472417177768,0.9222761297821597,0,0,0.9118310008033582,0.2705674132021768,0.2742446922654823,0.5996452376459318,-0.9546042718927326,-0.6650046853010184
1385,1.2871859616677628,0.882699523038306,0,0,1.2464900438433613,0.536314105836376,0.13417236335359653,-0.21823688456823198,-1.1522306504884188,-0.42184150725721004
1386,1.2541576285832803,0.8284247396319826,0,0,1.4224144736577728,0.25161139008917177,0.3267494449716078,-0.6636417844439759,-0.3212044219340505,-0.20437600690162805
1387,1.2109046959044105,0.7630442834152618,0,0,1.2965076449765154,-0.24357161413235248,0.26243597335198326,-0.4776160907441669,0.21917883218412515,-0.20113085967984212
1388,1.1591347453431753,0.6913492979481584,0,0,0.9916569067727976,-0.313674567209398,0.2852580258761228,0.03460913345701413,0.6927078436255758,-0.2356512505217072
1389,1.1010933466630857,0.6186847652952493,0,0,1.011440292145686,-0.12649894444504192,0.2991494176080653,0.07456108026459837,-0.4443798195346484,-0.06761734246098902
1390,1.039464113485334,0.5502573294902424,0,0,1.1130551545418612,-0.048655757888111995,0.04822536478292148,0.10390129700584001,-0.16110811210423293,0.15720084767275286
1391,0.9772101514562678,0.49052872234408107,0,0,0.9054211965569943,-0.07507265833881932,0.15534976772291295,0.16759206405549354,0.4817896149276526,0.24423061752264083
1392,0.9173850507487686,0.4427858741938542,0,0,0.8351199928870637,-0.10614212225321577,0.18636174990837773,0.15452866029487808,0.2325276648974087,0.2326243606426374
1393,0.8629426620696058,0.4089256967170128,0,0,0.8030690178807369,-0.0807135558354694,0.16093131196028954,0.1906256855968565,0.3459217140204364,0.22728963756293466
1394,0.8165699782112507,0.3894427087820987,0,0,0.7933942600644844,-0.04178785993650558,0.18335981913793603,0.19951533174992367,0.30805819459652684,0.23275189351832637
1395,0.7805578695739345,0.38357462110660007,0,0,0.7646557352690477,-0.06722892542674627,0.14138326659118167,0.25508651301608415,0.25775004811385605,0.2162417369508487
1396,0.7567112883754283,0.3895490270470814,0,0,0.7590368379693029,-0.113201345820745,0.1262155281055233,0.33618108500776317,0.2518484167053695,0.17476777246025793
1397,0.7462887652582672,0.4048787174189334,0,0,0.774910406355561,-0.12485045282275126,0.11829603604807076,0.3857396373569357,0.12411710871598043,0.09176403785641925
1398,0.7499553783728261,0.42666698490557264,0,0,0.7885069264522381,-0.08871741309176899,0.08479258360185316,0.3875456802728104,0.012577643603508342,0.016831091517579114
1399,0.7677355380349798,0.45190105823513455,0,0,0.7919993841092099,-0.04398760333710915,0.04583194524468774,0.36688442589435294,-0.09190195027735318,-0.06432095895398487
1400,0.7989611544050089,0.4777245124067504,0,0,0.7783998064993232,-0.02908844449018924,0.02026307471334704,0.34787241830332444,-0.23764465475575408,-0.16923428756695566
1401,0.8422242389881083,0.5016824630061718,0,0,0.7954259953040379,-0.046628570024071066,-0.043695727055045465,0.32384772734106143,-0.3487880826970277,-0.28647513283871723
1402,0.8953555366093405,0.521926497878263,0,0,0.8385109867113266,-0.09246588980043459,-0.0721874030682653,0.29289824376879925,-0.31833382133107346,-0.3972341595412617
1403,0.9554565837313238,0.5373570385842356,0,0,0.925073209983223,-0.11550008169637568,-0.013481880731426643,0.27507789325590287,-0.3503621448480632,-0.4471142091309794
1404,1.0190086902000632,0.5476794587100544,0,0,0.9548140121512694,-0.048972608118623445,0.0019909972204536475,0.3454123693603764,-0.11958537384168766,-0.4561948639079091
1405,1.0820702195586382,0.5533623888757174,0,0,1.061799978162267,0.08257789740012657,0.03873997200835068,0.40998783461599503,-0.268493042312673,-0.4144101788318219
1406,1.1405571976477757,0.5555098115697088,0,0,1.1768412006036524,0.09595553943363157,-0.02972009801513186,0.2755575448746235,-0.1644401006839996,-0.295899405052451
1407,1.1905857107573776,0.5556846303885334,0,0,1.1015233877640354,-0.08153385374123767,-0.1357519691655978,0.22356349806301556,0.22896053685196016,-0.17479901229818062
1408,1.2288407735556408,0.5557389040108789,0,0,1.1898383130865724,-0.1611618139483453,-0.13203113705419006,0.35582923394577776,-0.08914734551899742,-0.08079094494588285
1409,1.2529262612374985,0.5577025011124727,0,0,1.3185038880682323,-0.019739105716475414,-0.11460604302510556,0.559726451813987,-0.188390394956629,0.07043032730352305
1410,1.2616429757476186,0.563752053656439,0,0,1.404596681555126,0.17806667541516835,0.0011881724478854847,0.39898220637854126,0.032400662564284484,0.29852457143589406
1411,1.2551387205923914,0.5762354314229401,0,0,1.4584542329513375,0.3587315945963807,0.3621826797991408,-0.043446682201920654,0.4236560612927714,0.5638932479346938
1412,1.2348843271110987,0.5976844898605252,0,0,1.164501742595576,0.2995428504141777,0.3628716388304046,-0.5992757148114117,0.29410808151010354,0.6850739425155108
1413,1.2034622587628958,0.6307306004169381,0,0,0.9850832951275278,-0.014493479610910664,0.2389203981913016,-0.8147728887744903,-0.22008089853278573,0.5665142446266358
1414,1.1642047169635639,0.6778575031509281,0,0,0.9130710218373959,-0.22128837394929898,0.18908628518516685,-0.585333031001144,-0.4194809929420172,0.3192159944695487
1415,1.120761729002282,0.7409897669967609,0,0,1.0188049466484697,-0.20186738180046124,0.29900322455106976,-0.24821830116550178,-0.2703975470006247,0.13547027656431884
1416,1.0766900099142194,0.8210065122611923,0,0,1.056429506455002,0.026526845930647473,0.2901651774329519,-0.19568999632232112,-0.19597727470886284,0.14553821700924324
1417,1.0351268735233938,0.9173440544685919,0,0,1.0444315650512834,0.22669848757940597,0.19380432418382917,-0.5228924346912696,0.07465929428682005,0.17571277586805426
1418,0.9985726682126608,1.027857374521216,0,0,0.9268329219004294,0.258505907541101,0.25104052998002796,-0.9252293408183475,0.27428554553075934,0.10529839238654162
1419,0.9687758397656123,1.1490341559365433,0,0,0.8638465293301223,0.23452183596691845,0.2381660790163092,-1.2396861951866531,-0.17664732755649487,-0.050960531449561905
1420,0.9467046173148042,1.2765334546400668,0,0,0.8964479639075663,0.21087791180305945,0.17042950596666456,-1.457330896509236,-0.19360177219703456,-0.20553520331492464
1421,0.9325896543692326,1.4059147503423426,0,0,0.9034240094305085,0.19137013857809226,0.153064186140133,-1.5926781369489689,-0.07476236929804714,-0.304610777600173
1422,0.9260219523368616,1.533374785835415,0,0,0.9536418961092494,0.16968644332715915,0.15537402847846055,-1.6500294766708208,-0.033605701940398566,-0.31256639636441674
1423,0.926087452400241,1.6563246406526617,0,0,0.9238084830179869,0.14819570263195078,0.13659077796046548,-1.7243802034211675,0.14654925735359112,-0.2708836061063812
1424,0.9315181247569778,1.7736964597015297,0,0,0.9165265686120292,0.09988602724476692,0.14901514625900178,-1.8127832182697554,0.16979439348075728,-0.2472228675598879
1425,0.9408431161661951,1.885940032801933,0,0,0.9131563954725351,0.05874869820845468,0.12735387244268076,-1.8865254092725534,0.23057077135359672,-0.24943152943296187
1426,0.9525312493189073,1.9947331573252602,0,0,0.9161158187496355,0.06203565617555352,0.1252246168619681,-1.9343408187224405,0.1588520302327614,-0.2662094909652204
1427,0.965122903146938,2.1024766847436456,0,0,0.9262132834729684,0.10923202776074514,0.11539165816185194,-1.9974571155844172,0.11240998949417165,-0.2587071578632459
1428,0.9773509527426155,2.2116728709547875,0,0,0.9671516261082396,0.13410190818692144,0.08891612107319914,-2.111525852474995,0.028994237448895916,-0.23843202788759668
1429,0.9882466586659135,2.3242937984299785,0,0,1.0132120692911968,0.14492017000155352,0.06054196256805795,-2.249712765127655,0.028383725556280683,-0.1882684459576769
1430,0.9972203189811564,2.44123639876047,0,0,1.0388834024874045,0.14542870171258385,0.050832467018434496,-2.3949676575723973,0.1129902961928885,-0.15600340532268678
1431,1.0041029914021653,2.561936905131258,0,0,1.0186647548620213,0.13276064069359023,0.050248933708970024,-2.548762665117748,0.13193856069362922,-0.1470339001915923
1432,1.0091384935155052,2.684188858172426,0,0,0.9600167453279134,0.12327815705058973,0.040632255544039535,-2.6722853087923943,0.11690837593703929,-0.1634445592816976
1433,1.012923880810824,2.8041832735363785,0,0,0.9655673344735919,0.1500328862666858,0.028885879084883402,-2.737735049362676,0.00035513206020155894,-0.19319745430296162
1434,1.0163064482184745,2.916771030894345,0,0,1.0174286393389835,0.17902790604788846,0.015584235280928435,-2.8029581664638044,0.027502627531544116,-0.21343342479839045
1435,1.0202499359110728,3.0159334970670812,0,0,1.050590498789834,0.17455562937195848,0.0019668596997274184,-2.9354368730608953,0.15477451226172592,-0.23777137857877917
1436,1.0256812352485338,3.095431322061395,0,0,1.0513440622686006,0.141565692287497,0.007967808195386719,-3.0419907996590156,0.27989809999538184,-0.31785090633524865
1437,1.0333269636650524,3.149578653322491,0,0,1.0373685951660243,0.13495167134581848,-0.021017362888746453,-3.097767514556379,0.22562228249474658,-0.39885375805921
1438,1.0435526211038977,3.1740628738422068,0,0,1.0255019799416627,0.13935692180002646,-0.05861629483168058,-3.1552942595386497,0.23823922282088741,-0.42018237737533015
1439,1.0562258410127638,3.1667055421355452,0,0,0.9923149282561994,0.1609097735223179,-0.07664423469057403,-3.2170113048914257,0.20649924578831524,-0.3927708607835607
1440,1.0706343493702926,3.128045245488685,0,0,0.9790074473698143,0.1376199199663974,-0.1087111314691801,-3.2981523472618344,0.20990745036823732,-0.3430788136104321
1441,1.0854923398251157,3.0616225330916866,0,0,0.946925256943802,0.09831639311762545,-0.13473655482069397,-3.293334755018869,0.2375669930337927,-0.32124029981174645
1442,1.0990613336363078,2.973866843780978,0,0,0.9501037297629695,-0.02278491128456138,-0.0754780909730233,-3.2594898163769486,0.2748018536217358,-0.3382861561881358
1443,1.109390595013626,2.8735321646310497,0,0,1.0642893018170485,-0.23508600535811455,0.07162092444544092,-3.0653550309639637,0.2351561935002526,-0.43915309087499715
1444,1.1146487541779726,2.770704470407539,0,0,1.1725578236600693,-0.4880542558056025,0.19331925908345593,-2.700939613696386,0.6104272079756486,-0.5454599633532851
1445,1.1134808936307596,2.6755012661898814,0,0,1.2239197382255758,-0.5678737928960291,0.32841708148074433,-2.1984658201291594,0.7592150804553366,-0.6986480252483999
1446,1.1053016180908604,2.59667890801078,0,0,1.1551195217779266,-0.28596804434234036,0.29608721601248833,-1.82346952188424,0.6838554947354831,-0.6392115590162174
1447,1.0904427469439553,2.540422400563634,0,0,0.9740928000570268,0.069886853258668,0.2522669126532402,-1.8796709421202706,0.36537955374773784,-0.3205253806428905
1448,1.0701162550372134,2.509580856173107,0,0,1.0601450301529927,0.15077900655171314,0.08528963290530231,-2.2202722555528904,-0.00511874997119025,-0.14137427145754022
1449,1.04620836719347,2.5035157857242054,0,0,1.0379462059764906,0.042591359746574964,0.010143001924623873,-2.5084643235944415,0.4672645586351078,-0.1622297378905893
1450,1.0209623731670394,2.5185726619542614,0,0,0.9436618705511377,-0.03278797583445764,0.09194623744807538,-2.6780106834411685,0.43494090189360857,-0.2901769442760756
1451,0.9966243143310337,2.5490260677908845,0,0,0.9068420475333681,-0.0932284915786937,0.039654469781446204,-2.7833002545728647,0.35782900545773294,-0.3926474127085812
1452,0.9751226625336399,2.58824482781817,0,0,0.8739537507395382,-0.1558225655582752,0.05931609475553727,-2.850893527861526,0.3145770469172414,-0.4558733005677473
1453,0.9578382383992066,2.6298040480190785,0,0,0.8647538216989411,-0.21480885096420457,0.07008730809542951,-2.8396369738048204,0.21064264981487568,-0.46233799565793066
1454,0.9454969468526598,2.668325895807725,0,0,0.9170254902136507,-0.2455051057101628,0.057195194720580295,-2.7598712127503675,0.049692667652616956,-0.42636873495434424
1455,0.9381886717250625,2.6999293426043063,0,0,0.9482441927941092,-0.266513723595197,0.08073290227941135,-2.6625517551542317,0.03539849039902173,-0.3955379601575075
1456,0.9354880271226022,2.7222772594886764,0,0,0.9298773494372472,-0.24733608023746817,0.1183940086322617,-2.605413659265819,0.030899941417637182,-0.38567900597000826
1457,0.9366347952785447,2.7342990120568986,0,0,0.9380194327338574,-0.20180969302425447,0.13799945642844924,-2.59594733337363,-0.06311335354376962,-0.3959574842088808
1458,0.9407278726646747,2.735720084868291,0,0,0.9471625621056562,-0.1701631868095875,0.13568115378094597,-2.5807852116119014,-0.10580518237420562,-0.4223566126148829
1459,0.94689417502397,2.7265431681677024,0,0,0.954668169755598,-0.13235856840708576,0.13388092952450267,-2.5659120967252074,-0.12159040676395422,-0.4536077134235748
1460,0.954407405310332,2.7066055835685003,0,0,0.9574531602611593,-0.1284696874460942,0.11039238050250506,-2.5659830976093914,-0.08261028479692466,-0.499022988346267
1461,0.9627459394569915,2.6752990627702466,0,0,0.9371455688514236,-0.14252888130215652,0.09120797827467632,-2.564923763759868,-0.1468131496445032,-0.5324800582289594
1462,0.9715918016821895,2.6314917718722275,0,0,0.9603666445052612,-0.13728956013469276,0.0697523524439023,-2.55973812053544,-0.2385258374137708,-0.5633996768110012
1463,0.9807824039274591,2.5736483334041362,0,0,0.9707593837026167,-0.14395471555144254,0.06343211438355173,-2.493710260392594,-0.1944789947100551,-0.6010439135215869
1464,0.9902325996503182,2.5001082728453605,0,0,0.9778542965631745,-0.1441363250642661,0.05257694788635945,-2.4060791996339144,-0.2524145529622891,-0.6442620077317048
1465,0.9998470581322394,2.4094604835172446,0,0,0.9717860570208785,-0.15017229875056792,0.06388642486787656,-2.345112405120556,-0.1904248974530809,-0.6932853617240713
1466,1.0094433185534932,2.3009407815790914,0,0,0.9440970871098643,-0.14624451638991215,0.09644688451786271,-2.283486261205988,-0.16163690824458624,-0.7276396485867167
1467,1.0187046049674828,2.174779568239758,0,0,0.9759006101542217,-0.1266836148870255,0.12002720441679042,-2.1488540628337507,-0.11064998535579021,-0.750087785410163
1468,1.0271773630461127,2.032436827877463,0,0,0.9818671513171866,-0.1335428855295944,0.14518596590967034,-1.9324480316266517,-0.09961039692427287,-0.7598044542714291
1469,1.03432023278999,1.8766828722875422,0,0,1.0027945569726817,-0.12511331565078215,0.15182863019461806,-1.7185352108635,-0.14153986503029783,-0.701908279342057
1470,1.0395995440725825,1.7115123173021924,0,0,0.9870745223491127,-0.09071029370927702,0.14842715095961237,-1.581606405610317,-0.005867971838073946,-0.6166366791038088
1471,1.0426138477288103,1.541907268978575,0,0,1.011444255084574,-0.08740847720556377,0.18085948622134862,-1.438226790403151,-0.13561451761851245,-0.5423330595768602
1472,1.0432185448215063,1.3734850079470062,0,0,1.150873278086107,-0.10691070211158507,0.16323428489091316,-1.2755390421344148,-0.23566217284266575,-0.39228116061693347
1473,1.041613412050379,1.2120731111609668,0,0,1.213606562404715,-0.11847267461320163,0.12347097239303627,-1.1461941587665958,0.034443627020222044,-0.1453005387222926
1474,1.0383559639994058,1.0632542602834483,0,0,1.0921297070464338,-0.1173109569123157,0.13690906570843064,-1.0738227591132345,0.41007910352743954,-0.0029065039159919797
1475,1.034279559984064,0.9319187106909909,0,0,0.936359508310719,-0.14748303867029616,0.15425961037387667,-0.9679356322921789,0.3990164988263682,-0.04982334349333918
1476,1.0303273969484648,0.8218596353224801,0,0,0.8858821822613022,-0.13890670406669828,0.11687307540461632,-0.7078266077679372,0.09895771880197754,-0.16775613519602178
1477,1.0273482903830111,0.7354503392149548,0,0,0.8731503147935565,-0.1415168506647784,0.1141419656160179,-0.5324624051604002,0.013531536975854333,-0.1937235581091886
1478,1.025917036358233,0.6734509429510595,0,0,0.9469234581411573,-0.10266116698069361,0.13522960795544722,-0.46775215170795864,-0.18057559403760334,-0.07556423409537406
1479,1.0262307055531148,0.6349924252396886,0,0,1.0590821658896243,0.03392177855395394,0.1004135300142972,-0.5083711840649713,-0.1250189544435487,0.023835065758619944
1480,1.028099872725119,0.6177636837744692,0,0,1.0796200541669718,0.1402051940019306,0.1307048931785615,-0.6157304768072479,-0.05665611357746352,0.013084318953538954
1481,1.0310191186473443,0.6183831659885325,0,0,1.0712366285146175,0.17990120024658096,0.18400745052676967,-0.7006421049925723,0.1142806175581577,-0.08626350510828318
1482,1.0342810059954728,0.6328879444009535,0,0,1.0158927878237825,0.1196664375414349,0.21311714961154105,-0.7237192575804011,0.32968796447190357,-0.21992580201241266
1483,1.0370979073784563,0.6572416014071933,0,0,1.0064732043142992,0.026971335458448556,0.19981632953881454,-0.6787129008403683,0.26912667978047194,-0.30957232664912265
1484,1.038710206509438,0.6877617895362977,0,0,0.9929236973493922,-0.01338534941447642,0.17427746516302062,-0.6419633779732857,0.2861050092605745,-0.32824310960855396
1485,1.0384755377549089,0.7213989323468688,0,0,0.9834229506457375,0.012941048440253261,0.13677314769950294,-0.6024084388668345,0.17610822504241455,-0.29906039658607547
1486,1.0359425810036123,0.755845912970061,0,0,1.0288945151175561,0.09841797295406912,0.1175392235427366,-0.5849002219414753,0.10589668598164856,-0.2626597699689783
1487,1.0309120561469243,0.7895044246899552,0,0,1.0483581260941957,0.16006929964874275,0.12101543981693044,-0.6486258311964388,0.0874474720128539,-0.2637775808290443
1488,1.0234807111758315,0.8213595999083644,0,0,1.0305019390889625,0.1832749897860217,0.11661538961363128,-0.7340115400815603,0.1069240088804251,-0.30435454026070974
1489,1.014057919389343,0.8508147531848115,0,0,1.0038572682006246,0.17751287975553331,0.12216292589281923,-0.8102279867982317,0.05705918862764016,-0.3536833686036331
1490,1.0033441633291067,0.8775204528620796,0,0,0.9931040071786112,0.14145050288637612,0.12776336100075011,-0.8536515164183285,0.012012309211604266,-0.3827745271779192
1491,0.9922665710858095,0.9012123027876072,0,0,0.9893473629548759,0.10321889547590907,0.14338109915691188,-0.8551679188171277,-0.056076744738809726,-0.38383617609492154
1492,0.9818752484719772,0.9215625874215195,0,0,0.9806595051870645,0.08263353389137976,0.15352432023424611,-0.8405598037204706,-0.10625320930803456,-0.360890654937453
1493,0.9732119803233852,0.9380551383605936,0,0,0.9520475092126287,0.09335796002178304,0.1517473019873795,-0.8245818191716203,-0.11379822438919347,-0.319952688433232
1494,0.9671688669403381,0.9499039082821951,0,0,0.9044501573623688,0.12676314562477217,0.14119883664051283,-0.8082838955582117,-0.10604967536989723,-0.2750144723403603
1495,0.9643584000737556,0.9560436307267809,0,0,0.9069912684750413,0.13739384084559156,0.15316681802485896,-0.8147067194117246,-0.16735024794727785,-0.23090914058122056
1496,0.9650170277660048,0.955217521215287,0,0,0.9393875787760664,0.12407378793355937,0.1455401383838029,-0.8414361365309607,-0.19561729505714873,-0.19407703279039032
1497,0.9689598436767136,0.9461695903541205,0,0,0.9576432222867455,0.1043493376922598,0.13380045890091183,-0.8862883661106331,-0.20539781719017164,-0.1565336053918267
1498,0.9755955200841645,0.9279214254783255,0,0,0.9447478164663834,0.0875186434860244,0.11131046909827107,-0.9294154921064173,-0.30015891838778125,-0.08724461067364976
1499,0.9840013659888278,0.9000837982471688,0,0,0.9413934011459602,0.07608125880052187,0.095458116075639,-0.9482567748291864,-0.28016847198304495,-0.01576475140054564
1500,0.9930508630255814,0.8631324758945554,0,0,0.9322491118168116,0.04836990922926968,0.09952489915988252,-0.9252667154312063,-0.2816944836480281,0.056588648875247276
1501,1.0015791162977397,0.8185732328245734,0,0,0.9951462876988157,0.02857924291932418,0.1956454304528617,-0.8688932394204915,-0.2910216680719339,0.11074249569575308
1502,1.00856293679605,0.7689360907332162,0,0,1.084863254767742,-0.11364723606687915,0.20482993672180846,-0.8701708716113802,-0.3877787512806625,0.13889649343627872
1503,1.0132829016559102,0.717570884234523,0,0,1.0639227370629838,-0.14002333920722093,0.15821251537270478,-0.697575799810941,-0.22477989718132843,0.11341403216948273
1504,1.0154310800107602,0.6682600075810373,0,0,1.0573844826458219,-0.0593274399111533,0.2153765073410786,-0.5103592787920479,-0.2338823309194528,0.02872984185008727
1505,1.0151368188743217,0.6247108448586697,0,0,1.0324984970419737,0.03717774723034741,0.14858479559723733,-0.4066868444933446,-0.152361663439481,0.00912435097289826
1506,1.0129040301207148,0.5900252079527419,0,0,0.9404985170785615,0.08355105142975636,0.14967026697151545,-0.4543374885202472,-0.03711054369100742,0.051039215088230845
1507,1.0094788604145697,0.5662501900968219,0,0,0.9247538575768118,0.07973921570435376,0.18669403373519883,-0.5186942603868205,-0.08817253945318747,0.0906416653589787
1508,1.005685750211192,0.5540897677586626,0,0,0.9265251929707298,0.05486430780038837,0.18340201714241638,-0.5522817010017821,-0.04975711641333554,0.09605800288253157
1509,1.002275200605398,0.552812477320909,0,0,0.9458506438555999,0.007729721948657906,0.19511612168426995,-0.5740912755697207,-0.0890110343502637,0.06830350142772598
1510,0.9998171579417097,0.5603488616314889,0,0,0.9622432261938044,-0.020604135335231245,0.20392230026518127,-0.5634449814227953,-0.052055338910515746,0.031145653422354685
1511,0.9986552510480818,0.5735471761409207,0,0,0.9942442456443297,-0.04322646695039564,0.19918266006964902,-0.5337225095528122,-0.04612367807757533,0.004529435341844396
