id,ASVM,GSVM,walking_nonwalking,normal_abnormal,ax,ay,az,gx,gy,gz
1,1.0326,0.1111,0,1,0.5882110595703125,0.848297119140625,0.026397705078125,-0.0020599551498889,-0.0954929664731025,0.0567461028695106
2,1.0326,0.1112,0,1,0.5686798095703125,0.8824920654296875,0.02056884765625,-0.1682465374469757,-0.1384931653738021,-0.0349436029791832
3,1.0327,0.112,0,1,0.5417327880859375,0.8831329345703125,0.0113372802734375,-0.389613002538681,-0.2253503054380417,-0.1254860162734985
4,1.033,0.1157,0,1,0.5283660888671875,0.8599853515625,0.0087127685546875,-0.6102372407913208,-0.368208110332489,-0.0898185670375824
5,1.0333,0.1267,0,1,0.5389404296875,0.87017822265625,0.022216796875,-0.7703891396522522,-0.6820738911628723,0.0204783771187067
6,1.0336,0.152,0,1,0.566650390625,0.9417266845703124,0.06072998046875,-0.7777434587478638,-1.1747251749038696,0.0775091722607612
7,1.034,0.2,0,1,0.552581787109375,0.9758758544921876,0.1012420654296875,-0.64541095495224,-1.7294468879699707,0.1466520279645919
8,1.035,0.2801,0,1,0.498626708984375,0.9513092041015624,0.055511474609375,-0.64541095495224,-1.7294468879699707,0.1466520279645919
9,1.0374,0.3988,0,1,0.4452362060546875,0.9103851318359376,0.0152435302734375,-0.199582889676094,-1.2553629875183103,0.3621020317077636
10,1.0413,0.5551,0,1,0.3966217041015625,0.8522491455078125,-0.0024566650390625,-0.0366554819047451,-0.5959603190422058,0.4256144165992737
11,1.0456,0.7364,0,1,0.3713226318359375,0.8196563720703125,0.0031585693359375,0.0092451637610793,0.0475518070161342,0.4963895082473755
12,1.0483,0.9198,0,1,0.382720947265625,0.8481597900390625,0.022491455078125,-0.0343590378761291,0.523326575756073,0.5870794653892517
13,1.0475,1.0797,0,1,0.3945159912109375,0.8680267333984375,0.0240020751953125,-0.06758863478899,0.7868101596832275,0.6430657505989075
14,1.0417,1.197,0,1,0.4367828369140625,0.8958892822265625,0.0226593017578125,-0.0191553179174661,0.8662261366844177,0.6613709926605225
15,1.0314,1.2639,0,1,0.4826507568359375,0.9489593505859376,0.035125732421875,0.0377124920487403,0.7417652010917664,0.6795039772987366
16,1.0183,1.2824,0,1,0.502685546875,1.02392578125,-0.00286865234375,0.1566300839185714,0.5826303958892822,0.541620135307312
17,1.0053,1.2606,0,1,0.53765869140625,1.0803680419921875,-0.0285491943359375,0.2813374102115631,0.3332772850990295,0.3845021426677704
18,0.9963,1.2079,0,1,0.51123046875,1.0143280029296875,-0.017822265625,0.2813374102115631,0.3332772850990295,0.3845021426677704
19,0.9942,1.1326,0,1,0.46905517578125,0.8780517578125,0.047821044921875,0.1774099320173263,-0.1326344758272171,0.1108381003141403
20,0.9998,1.0413,0,1,0.4673309326171875,0.7846832275390625,0.0239715576171875,0.2030862718820572,0.0726238712668418,0.1142448186874389
21,1.0113,0.9386,0,1,0.5147705078125,0.796905517578125,0.06744384765625,0.1602650433778762,0.2087598741054535,0.1056015267968177
22,1.0249,0.8286,0,1,0.56158447265625,0.82244873046875,0.079559326171875,0.1250255554914474,0.327446311712265,0.1033008247613906
23,1.0369,0.7161,0,1,0.5901641845703125,0.8407745361328125,0.0741424560546875,0.1089746877551078,0.3223705887794494,0.0886070951819419
24,1.0447,0.607,0,1,0.6064300537109375,0.8207855224609375,0.047882080078125,0.0661204308271408,0.2231582552194595,0.0655691549181938
25,1.0476,0.5071,0,1,0.604217529296875,0.799591064453125,0.02783203125,0.0298548340797424,0.1023838967084884,0.0379026420414447
26,1.0459,0.42,0,1,0.5744476318359375,0.7884674072265625,0.01806640625,-0.0243274439126253,-0.0330825857818126,0.0160668510943651
27,1.0406,0.3467,0,1,0.5532073974609375,0.8157806396484375,0.0135650634765625,-0.0646434426307678,-0.1043445169925689,0.0235572569072246
28,1.0326,0.2862,0,1,0.5456695556640625,0.8395843505859375,0.0044403076171875,-0.0646434426307678,-0.1043445169925689,0.0235572569072246
29,1.0231,0.2369,0,1,0.558319091796875,0.8467254638671875,-0.011474609375,-0.0629680454730987,-0.0526594817638397,0.0012623383663594
30,1.0134,0.1974,0,1,0.58013916015625,0.8394927978515625,-0.0316314697265625,0.0284577403217554,0.042483277618885,0.0071292822249233
31,1.0046,0.166,0,1,0.6021881103515625,0.817779541015625,-0.047698974609375,0.0805289298295974,0.036899160593748,0.0366959609091281
32,0.9979,0.1413,0,1,0.617706298828125,0.79901123046875,-0.0619049072265625,0.1300781071186065,0.0369103476405143,0.0895961970090866
33,0.9937,0.1224,0,1,0.6443023681640625,0.80157470703125,-0.054290771484375,0.1764320284128189,0.0543071813881397,0.1638738811016082
34,0.9923,0.1096,0,1,0.6501617431640625,0.79168701171875,-0.039031982421875,0.2034766972064972,0.0800913721323013,0.2671877741813659
35,0.9935,0.1041,0,1,0.6554718017578125,0.7927398681640625,-0.0436859130859375,0.2439197152853012,0.1617745161056518,0.3222219944000244
36,0.997,0.1079,0,1,0.683349609375,0.7884674072265625,-0.0712432861328125,0.3100588023662567,0.2356106638908386,0.39891117811203
37,1.0021,0.1236,0,1,0.696685791015625,0.7449951171875,-0.1323699951171875,0.4358907639980316,0.2822386026382446,0.5488553643226624
38,1.0082,0.1537,0,1,0.685638427734375,0.6882171630859375,-0.1678314208984375,0.601919412612915,0.3357782661914825,0.764509379863739
39,1.0145,0.2011,0,1,0.6398162841796875,0.66650390625,-0.127777099609375,0.601919412612915,0.3357782661914825,0.764509379863739
40,1.0197,0.2683,0,1,0.599517822265625,0.6689300537109375,-0.05426025390625,0.7922883033752441,0.3841926753520965,0.8732326626777649
41,1.0223,0.3564,0,1,0.6351470947265625,0.7018890380859375,-0.030364990234375,0.7922883033752441,0.3841926753520965,0.8732326626777649
42,1.021,0.464,0,1,0.6319732666015625,0.7208709716796875,-0.0331573486328125,0.6852521300315857,-0.2206556797027588,0.9827202558517456
43,1.0154,0.5873,0,1,0.6577911376953125,0.8273468017578125,-0.136871337890625,0.7224932312965393,-0.5747748613357544,0.8865335583686829
44,1.0067,0.7199,0,1,0.686187744140625,0.898284912109375,-0.2490081787109375,0.9911664724349976,-0.6912631392478943,0.7904949188232422
45,0.9975,0.8548,0,1,0.6404876708984375,0.9310760498046876,-0.246856689453125,1.2611244916915894,-0.6345481872558594,0.6910631060600281
46,0.9912,0.9861,0,1,0.603607177734375,0.9315338134765624,-0.258087158203125,1.5748510360717771,-0.7202292680740356,0.5808298587799072
47,0.9906,1.1109,0,1,0.6127166748046875,0.8674163818359375,-0.2014923095703125,1.7664494514465332,-0.6334128975868225,0.5005094408988953
48,0.9971,1.2286,0,1,0.6286773681640625,0.74786376953125,-0.0970916748046875,1.684669852256775,-0.1393941044807434,0.4349181652069092
49,1.0096,1.3396,0,1,0.6421356201171875,0.679718017578125,-0.02691650390625,1.362931489944458,0.1939833164215088,0.4214971661567688
50,1.0252,1.4419,0,1,0.686248779296875,0.645538330078125,-0.0331573486328125,0.9560447335243224,0.1556114256381988,0.4202675819396972
51,1.0399,1.5287,0,1,0.705535888671875,0.60174560546875,-0.0809478759765625,0.5500689744949341,-0.1151407063007354,0.3654245734214782
52,1.0501,1.5891,0,1,0.7770843505859375,0.5587158203125,-0.1634979248046875,0.1845418810844421,-0.265393853187561,0.3168386816978454
53,1.0535,1.6106,0,1,0.8032684326171875,0.5316009521484375,-0.212615966796875,-0.1316949129104614,-0.3961936831474304,0.269767552614212
54,1.0497,1.5839,0,1,0.8070220947265625,0.50482177734375,-0.259552001953125,-0.3185295164585113,-0.5346618294715881,0.2068232148885727
55,1.0398,1.507,0,1,0.70953369140625,0.5567626953125,-0.25592041015625,-0.4311860203742981,-0.8286066055297852,0.1464349776506424
56,1.0256,1.3882,0,1,0.6045379638671875,0.6066741943359375,-0.2603912353515625,-0.4767543077468872,-1.0992200374603271,0.0674517452716827
57,1.0089,1.2445,0,1,0.545806884765625,0.654815673828125,-0.299591064453125,-0.4224551022052765,-1.0857609510421753,-0.0410835221409797
58,0.9911,1.0974,0,1,0.5616455078125,0.681365966796875,-0.357696533203125,-0.2210735231637954,-0.864935576915741,-0.0887357294559478
59,0.9735,0.9666,0,1,0.6122283935546875,0.6629180908203125,-0.391876220703125,-0.0088259819895029,-0.6773489117622375,-0.0413032323122024
60,0.9574,0.8642,0,1,0.653533935546875,0.6330413818359375,-0.39739990234375,-0.0088259819895029,-0.6773489117622375,-0.0413032323122024
61,0.9444,0.7934,0,1,0.6624298095703125,0.5900421142578125,-0.37957763671875,0.1022001355886459,-0.4558333158493042,0.0635997503995895
62,0.9356,0.7503,0,1,0.6770172119140625,0.5321807861328125,-0.336822509765625,0.0625813528895378,-0.5259727239608765,0.0587762296199798
63,0.9313,0.7269,0,1,0.6720733642578125,0.526885986328125,-0.3625640869140625,0.0179771352559328,-0.5861873030662537,0.0588750354945659
64,0.9309,0.7145,0,1,0.6634063720703125,0.519683837890625,-0.368072509765625,-0.0522309802472591,-0.6807425618171692,0.0389995984733104
65,0.933,0.7065,0,1,0.63226318359375,0.487579345703125,-0.3151702880859375,-0.1882527321577072,-0.7943559885025024,0.0431767664849758
66,0.9359,0.6998,0,1,0.5950469970703125,0.4663848876953125,-0.3141632080078125,-0.3064382374286651,-0.8839010000228882,0.0541559122502803
67,0.9376,0.6948,0,1,0.56951904296875,0.494354248046875,-0.386138916015625,-0.327524334192276,-0.8839337825775146,0.0525114126503467
68,0.9364,0.6941,0,1,0.5770416259765625,0.5207366943359375,-0.4364013671875,-0.3057686984539032,-0.8247599601745605,0.0734638273715972
69,0.9315,0.7004,0,1,0.5559539794921875,0.5472869873046875,-0.38970947265625,-0.3336312174797058,-0.7660156488418579,0.1012153029441833
70,0.9231,0.7148,0,1,0.517333984375,0.6080322265625,-0.4337158203125,-0.1745299994945526,-0.8263868689537048,0.1189796477556228
71,0.9126,0.7364,0,1,0.5183868408203125,0.725860595703125,-0.6933135986328125,0.3944370448589325,-0.8630372881889343,0.1676704883575439
72,0.903,0.7639,0,1,0.67156982421875,0.891387939453125,-1.2173919677734375,1.454809546470642,-0.3228718042373657,0.4496254920959472
73,0.9006,0.7987,0,1,1.3705902099609375,1.0586395263671875,-1.6672210693359375,2.2922303676605225,1.5871473550796509,1.03716778755188
74,0.9158,0.8499,0,1,1.48321533203125,0.8216400146484375,-0.1373291015625,1.014301061630249,2.766369581222534,0.9926046133041382
75,0.9598,0.9339,0,1,0.6832275390625,0.400054931640625,1.6042938232421875,-2.281898736953736,-0.0943978726863861,0.4179221391677856
76,1.037,1.0643,0,1,0.5606842041015625,0.129974365234375,-0.4052581787109375,-1.6640509366989136,-0.5094051957130432,-0.0320625938475132
77,1.1402,1.2405,0,1,0.174957275390625,-0.0331878662109375,-1.0810394287109375,0.3284303545951843,-0.4190750122070312,-0.7376889586448669
78,1.2522,1.4433,0,1,0.606842041015625,0.430877685546875,0.3704833984375,-1.4367074966430664,-0.1053424030542373,-0.5980684757232666
79,1.3522,1.6432,0,1,0.7407989501953125,0.9061126708984376,-0.34442138671875,-1.815406084060669,0.7979996800422668,-0.7138270139694214
80,1.4243,1.8139,0,1,0.966766357421875,1.2716217041015625,-0.31951904296875,-1.268705129623413,-0.529974102973938,-0.6397280693054199
81,1.462,1.9393,0,1,1.002349853515625,1.2450714111328125,-0.0858001708984375,-1.3564107418060305,-1.526564359664917,-0.2931362688541412
82,1.4688,2.0147,0,1,0.73699951171875,0.8436431884765625,-0.1480255126953125,-1.4220774173736572,-1.2696279287338257,-0.2055696696043014
83,1.4533,2.044,0,1,0.491546630859375,0.6976318359375,-0.186187744140625,-1.4084150791168213,-0.8063215613365173,-0.2870559990406036
84,1.4222,2.0361,0,1,0.36474609375,0.6799468994140625,-0.0982513427734375,-1.4084150791168213,-0.8063215613365173,-0.2870559990406036
85,1.3785,2.0006,0,1,0.414093017578125,0.7030792236328125,-0.08660888671875,-1.2509911060333252,0.3670403063297272,-0.5969009399414062
86,1.3231,1.9463,0,1,0.542724609375,0.780059814453125,-0.0250091552734375,-1.1146812438964844,1.0062918663024902,-0.5768321752548218
87,1.2576,1.8802,0,1,0.6417999267578125,0.8727569580078125,-0.048431396484375,-0.8858574032783508,1.2418546676635742,-0.4018787145614624
88,1.1864,1.8086,0,1,0.727569580078125,0.9604644775390624,-0.11358642578125,-0.4813615679740906,0.989704430103302,-0.137350395321846
89,1.1165,1.7352,0,1,0.704986572265625,0.9068603515625,-0.095550537109375,-0.112335592508316,0.3990746736526489,-0.0373481698334217
90,1.0557,1.6582,0,1,0.6777496337890625,0.7862396240234375,-0.0354461669921875,-0.0302247479557991,-0.0246550124138593,-0.0617083720862865
91,1.0098,1.5696,0,1,0.656402587890625,0.698974609375,-0.0013275146484375,-0.2947046160697937,-0.0102965794503688,-0.1474075615406036
92,0.9813,1.4603,0,1,0.672760009765625,0.6858062744140625,0.0076751708984375,-0.7074013352394104,0.1725275665521621,-0.1742687374353408
93,0.9686,1.3271,0,1,0.6741790771484375,0.700408935546875,-0.0610504150390625,-0.869942843914032,0.1806105226278305,-0.1012640371918678
94,0.9679,1.1761,0,1,0.6002197265625,0.764556884765625,-0.133331298828125,-0.6788155436515808,-0.0513233765959739,-0.0884174779057502
95,0.9748,1.0204,0,1,0.570404052734375,0.7973175048828125,-0.1031951904296875,-0.4379706978797912,-0.2843417227268219,-0.1186685934662818
96,0.9852,0.8734,0,1,0.5868988037109375,0.8251495361328125,-0.051025390625,-0.3779241144657135,-0.2718179225921631,-0.0607475042343139
97,0.9959,0.7451,0,1,0.5630340576171875,0.86138916015625,-0.0677490234375,-0.4700167775154114,0.1098849549889564,-0.0004583300324156
98,1.0051,0.641,0,1,0.4988250732421875,0.8535003662109375,-0.0773773193359375,-0.507041871547699,0.4054564237594604,-0.0749488100409507
99,1.0119,0.5631,0,1,0.460235595703125,0.864959716796875,-0.1712646484375,-0.3194288611412048,0.5489590167999268,-0.2020577639341354
100,1.0159,0.5118,0,1,0.4807891845703125,0.8773345947265625,-0.1061859130859375,-0.1129441261291503,0.5999955534934998,-0.2407742589712143
101,1.0173,0.4857,0,1,0.53448486328125,0.8740997314453125,0.037811279296875,-0.0600939616560936,0.6101046204566956,-0.1971596777439117
102,1.0165,0.4817,0,1,0.5419921875,0.80267333984375,0.074737548828125,-0.0417011082172393,0.6202789545059204,-0.2249843776226043
103,1.0142,0.4956,0,1,0.6324462890625,0.7307891845703125,0.0782470703125,-0.0436918213963508,0.706148087978363,-0.2204290479421615
104,1.0109,0.5222,0,1,0.7342987060546875,0.7044830322265625,0.070709228515625,-0.0572350583970546,0.7913404703140259,-0.0812048390507698
105,1.0069,0.5572,0,1,0.7855377197265625,0.66607666015625,0.0489654541015625,-0.0425365418195724,0.7846468687057495,0.0411719381809234
106,1.003,0.5967,0,1,0.8063201904296875,0.6302947998046875,0.0388641357421875,-0.034641332924366,0.6586764454841614,0.0818266868591308
107,0.9999,0.6367,0,1,0.8062896728515625,0.6320037841796875,0.0801239013671875,-0.1402519196271896,0.3300119936466217,0.0716680586338043
108,0.9982,0.6723,0,1,0.7740325927734375,0.690582275390625,0.0342559814453125,-0.3145009577274322,0.0494072288274765,0.1255198419094085
109,0.9984,0.6975,0,1,0.686370849609375,0.7340545654296875,-0.1020965576171875,-0.3602489829063415,-0.0650477111339569,0.1632267385721206
110,1.0004,0.7068,0,1,0.6036529541015625,0.77587890625,-0.1492462158203125,-0.2836727201938629,-0.2632542848587036,0.1374271064996719
111,1.0037,0.6978,0,1,0.5541839599609375,0.788848876953125,-0.0973968505859375,-0.2464601099491119,-0.4881792664527893,0.0100837927311658
112,1.0075,0.6718,0,1,0.5659942626953125,0.8166046142578125,-0.0229644775390625,-0.3214134573936462,-0.6074090003967285,-0.0870052054524421
113,1.0106,0.6345,0,1,0.601287841796875,0.83624267578125,0.03399658203125,-0.3214134573936462,-0.6074090003967285,-0.0870052054524421
114,1.0126,0.5935,0,1,0.5659942626953125,0.8099822998046875,0.0051727294921875,-0.3284899890422821,-0.6062097549438477,-0.1360300034284591
115,1.0132,0.557,0,1,0.51898193359375,0.772369384765625,-0.0374603271484375,-0.1283712834119796,-0.3304729759693146,-0.1570644527673721
116,1.0122,0.5297,0,1,0.508697509765625,0.778076171875,-0.0570526123046875,0.0965792685747146,0.0920777320861816,-0.1279968470335006
117,1.0093,0.5122,0,1,0.5300750732421875,0.8165740966796875,-0.118560791015625,0.3577072620391845,0.5585407614707947,-0.0821752995252609
118,1.0043,0.5024,0,1,0.5844573974609375,0.7672576904296875,-0.222076416015625,0.6974768042564392,0.710253894329071,-0.0954684689640998
119,0.9978,0.4999,0,1,0.6739044189453125,0.731689453125,-0.2126007080078125,0.8888880610466003,0.5526514649391174,-0.0244342368096113
120,0.9906,0.5078,0,1,0.7509613037109375,0.6485595703125,-0.11767578125,0.8141118288040161,0.3049055635929107,0.1001399159431457
121,0.984,0.5293,0,1,0.8062286376953125,0.5802001953125,-0.0135040283203125,0.5903314352035522,-0.0540765523910522,0.317473292350769
122,0.9791,0.565,0,1,0.866180419921875,0.530609130859375,0.04144287109375,0.4135079681873321,-0.5939109921455383,0.6219903230667114
123,0.9764,0.6124,0,1,0.9035797119140624,0.5215606689453125,-0.0262908935546875,0.4095939099788666,-0.8812463879585266,0.8668642640113831
124,0.9765,0.6689,0,1,0.9291839599609376,0.7164764404296875,-0.16033935546875,0.5502511262893677,-0.7774020433425903,1.0960838794708252
125,0.9803,0.7343,0,1,0.8679046630859375,0.9408721923828124,-0.4505462646484375,1.0387945175170898,-0.8159043788909912,1.2726287841796875
126,0.9898,0.8118,0,1,0.7756805419921875,1.10223388671875,-0.8238372802734375,1.9537644386291504,-1.2818422317504885,1.291122555732727
127,1.0083,0.9089,0,1,0.7864227294921875,1.0519561767578125,-1.0298004150390625,2.7386906147003174,-1.213326334953308,1.4901195764541626
128,1.0398,1.0378,0,1,0.728424072265625,0.8704071044921875,-0.7436065673828125,2.9499402046203613,-0.1232811883091926,1.5740163326263428
129,1.0859,1.2109,0,1,0.5384521484375,0.7458953857421875,-0.3496246337890625,2.652627468109131,0.7212889194488525,1.1189478635787964
130,1.143,1.4324,0,1,0.3775787353515625,0.730438232421875,0.0916290283203125,1.6404129266738892,0.4495277404785156,0.6174488067626953
131,1.2015,1.6907,0,1,0.3226776123046875,0.68389892578125,0.2546234130859375,0.5474761128425598,-1.1054214239120483,0.1536678522825241
132,1.2491,1.957,0,1,0.4343414306640625,0.6326904296875,-0.00994873046875,0.1199117600917816,-1.8192074298858645,-0.1020549982786178
133,1.275,2.1938,0,1,0.752777099609375,0.558441162109375,-0.4272003173828125,0.3214451372623443,-0.8493545055389404,0.109198123216629
134,1.2737,2.3669,0,1,0.9029388427734376,0.4596710205078125,-0.5388641357421875,0.5856163501739502,0.2853177487850189,0.4552439451217651
135,1.2467,2.4512,0,1,0.8814849853515625,0.3738555908203125,-0.1810455322265625,0.1900556981563568,-0.1177442073822021,0.5138305425643921
136,1.2005,2.434,0,1,0.775115966796875,0.28021240234375,-0.1121063232421875,-0.4910427033901214,-1.0865401029586792,0.2615224123001098
137,1.1433,2.3186,0,1,0.5802154541015625,0.291961669921875,-0.2547149658203125,-1.1102499961853027,-1.1435999870300293,-0.2280313074588775
138,1.0814,2.1259,0,1,0.3983917236328125,0.4738922119140625,-0.4053497314453125,-1.3053947687149048,-0.9808480739593506,-0.5472683906555176
139,1.0189,1.8905,0,1,0.30438232421875,0.5939483642578125,-0.415130615234375,-1.2126376628875732,-1.2082703113555908,-0.6715980768203735
140,0.959,1.6519,0,1,0.3279876708984375,0.66119384765625,-0.4252166748046875,-0.9385243058204652,-1.453317403793335,-0.5757511854171753
141,0.9044,1.445,0,1,0.4011993408203125,0.6971893310546875,-0.52545166015625,-0.4775524437427521,-1.2644736766815186,-0.3415842354297638
142,0.8585,1.2926,0,1,0.4534149169921875,0.6745147705078125,-0.6301422119140625,-0.0632500723004341,-0.8130186200141907,-0.1546747982501983
143,0.8247,1.2008,0,1,0.4886932373046875,0.611572265625,-0.7181396484375,0.1986331939697265,-0.6444482207298279,-0.0084877610206604
144,0.8061,1.1601,0,1,0.4908599853515625,0.5092315673828125,-0.781829833984375,0.4943543374538421,-0.4578661024570465,0.0839833170175552
145,0.8044,1.1516,0,1,0.466949462890625,0.452545166015625,-0.9363861083984376,1.003312110900879,-0.1543749272823333,0.1678968518972396
146,0.8197,1.1565,0,1,0.4624481201171875,0.4990234375,-1.4243316650390625,1.984598517417908,0.5041720867156982,0.2564376294612884
147,0.8529,1.1669,0,1,0.941619873046875,0.5475921630859375,-2.4194488525390625,3.4483635425567627,2.0540575981140137,0.875531792640686
148,0.9084,1.1917,0,1,1.8860626220703125,0.4852294921875,0.6245269775390625,-0.17125004529953,2.324873208999634,1.3546067476272583
149,0.9936,1.2533,0,1,1.249969482421875,0.4564666748046875,2.2091827392578125,-4.450121879577637,-2.439537763595581,0.3350994288921356
150,1.1134,1.3758,0,1,0.492584228515625,0.16705322265625,-1.504669189453125,-2.1037027835845947,0.106727510690689,-1.0454657077789309
151,1.2641,1.5717,0,1,0.7614288330078125,0.223602294921875,0.2348175048828125,-1.863765835762024,-2.4005017280578613,-1.0133442878723145
152,1.4296,1.8342,0,1,0.8079833984375,0.5366973876953125,0.269927978515625,-2.28792142868042,-2.513979911804199,-0.5914292335510254
153,1.5846,2.1397,0,1,0.763427734375,1.0650634765625,-0.450408935546875,-1.3548035621643066,-1.384352445602417,-0.5065667629241943
154,1.705,2.4544,0,1,0.666534423828125,1.4116668701171875,-0.1798858642578125,-1.2572903633117676,-1.7063032388687134,-0.5350359678268433
155,1.7769,2.7402,0,1,0.4156341552734375,1.3935089111328125,-0.3091888427734375,-1.7232905626296997,-1.175145387649536,-0.7301463484764099
156,1.798,2.9628,0,1,0.3235015869140625,1.052398681640625,-0.18878173828125,-2.1855270862579346,-1.025876522064209,-0.7599231600761414
157,1.774,3.1003,0,1,0.3679656982421875,0.780914306640625,-0.17144775390625,-2.024127960205078,-0.7858463525772095,-0.6251277923583984
158,1.7127,3.1467,0,1,0.3697509765625,0.687164306640625,-0.2193145751953125,-1.4582769870758057,0.1015556529164314,-0.4609849154949188
159,1.622,3.1066,0,1,0.434539794921875,0.71368408203125,-0.273040771484375,-1.4582769870758057,0.1015556529164314,-0.4609849154949188
160,1.5095,2.9909,0,1,0.4469451904296875,0.7599029541015625,-0.22271728515625,-0.3496882319450378,1.807929277420044,0.1719568520784378
161,1.3843,2.8156,0,1,0.55010986328125,0.8204345703125,-0.14764404296875,-0.2343725562095642,2.0961697101593018,0.3718976676464081
162,1.2567,2.6031,0,1,0.6827239990234375,0.8586578369140625,-0.082183837890625,-0.2619266808032989,1.9583245515823364,0.5418283939361572
163,1.1374,2.3793,0,1,0.7430572509765625,0.813385009765625,-0.113677978515625,-0.1644808202981948,1.3131890296936035,0.5333113074302673
164,1.0363,2.1665,0,1,0.784637451171875,0.779632568359375,-0.184326171875,-0.0212240628898143,0.6182968020439148,0.4131707847118377
165,0.9608,1.9761,0,1,0.6832122802734375,0.7429962158203125,-0.2305145263671875,-0.2638627886772156,0.4239217042922973,0.1342912316322326
166,0.914,1.8078,0,1,0.4922027587890625,0.8309326171875,-0.266845703125,-0.825555145740509,0.4294914603233337,-0.013375193811953
167,0.8948,1.6547,0,1,0.38995361328125,0.8542938232421875,-0.2719573974609375,-1.0401438474655151,-0.1032885685563087,-0.2270845472812652
168,0.8984,1.5117,0,1,0.417572021484375,0.83404541015625,-0.1979217529296875,-0.9237546920776368,-0.6162536144256592,-0.4485980272293091
169,0.9178,1.3789,0,1,0.49127197265625,0.8009490966796875,-0.0614013671875,-0.8937661647796631,-0.6686590313911438,-0.4577089846134186
170,0.9452,1.2607,0,1,0.538482666015625,0.7825164794921875,-0.01702880859375,-0.9008709788322448,-0.3982126116752624,-0.3406499922275543
171,0.9737,1.162,0,1,0.5793914794921875,0.7893218994140625,-0.0337677001953125,-0.8115389347076416,-0.0225053094327449,-0.2322473526000976
172,0.998,1.0852,0,1,0.6417694091796875,0.7828369140625,-0.1003265380859375,-0.5825225710868835,0.4074117243289947,-0.1759704947471618
173,1.0154,1.0285,0,1,0.6875762939453125,0.7901763916015625,-0.111602783203125,-0.360989362001419,0.6776605248451233,-0.1313399076461792
174,1.0252,0.9872,0,1,0.7019500732421875,0.7803192138671875,-0.0438995361328125,-0.2660865485668182,0.5663188099861145,-0.0497214831411838
175,1.0287,0.955,0,1,0.6856842041015625,0.7650146484375,-0.004241943359375,-0.346202939748764,0.3688571155071258,0.0692315325140953
176,1.0279,0.9255,0,1,0.6212158203125,0.76239013671875,-0.0313262939453125,-0.485626608133316,0.3132495284080505,0.1641814857721328
177,1.0247,0.8935,0,1,0.5414581298828125,0.7786865234375,-0.0746612548828125,-0.485626608133316,0.3132495284080505,0.1641814857721328
178,1.02,0.8561,0,1,0.5119171142578125,0.803375244140625,-0.0938568115234375,-0.4224532544612884,0.2211608737707138,-0.0016580841038376
179,1.0145,0.8124,0,1,0.5618438720703125,0.8490753173828125,-0.0646514892578125,-0.4024968445301056,0.2941818237304687,0.0242989473044872
180,1.0085,0.7635,0,1,0.5380096435546875,0.8335723876953125,-0.0549468994140625,-0.3681758940219879,0.3577344417572021,0.0083119915798306
181,1.0023,0.7113,0,1,0.535797119140625,0.8009796142578125,-0.0802459716796875,-0.2669589817523956,0.3230425119400024,-0.043566919863224
182,0.9966,0.6585,0,1,0.6082611083984375,0.75201416015625,-0.1396026611328125,-0.1175322234630584,0.3664182126522064,-0.0084736458957195
183,0.9917,0.6072,0,1,0.6755828857421875,0.7082061767578125,-0.1824798583984375,-0.1175322234630584,0.3664182126522064,-0.0084736458957195
184,0.9876,0.5592,0,1,0.707305908203125,0.6870574951171875,-0.1605987548828125,0.211839810013771,0.4764347076416015,0.2448145449161529
185,0.9846,0.5167,0,1,0.7119903564453125,0.7004241943359375,-0.0796966552734375,0.1645916104316711,0.617458164691925,0.3504056930541992
186,0.9829,0.4828,0,1,0.6703338623046875,0.7699127197265625,-0.1183013916015625,0.1792866736650467,0.6339961290359497,0.3789065778255462
187,0.9826,0.4613,0,1,0.5732421875,0.8223419189453125,-0.1452789306640625,0.3070800602436065,0.3001052439212799,0.3666440546512604
188,0.9839,0.4549,0,1,0.5560302734375,0.804931640625,-0.1682281494140625,0.449832946062088,0.1753044426441192,0.3969734609127044
189,0.9866,0.4636,0,1,0.622039794921875,0.774871826171875,-0.1771087646484375,0.649960994720459,0.3229410350322723,0.5671672821044922
190,0.9904,0.4863,0,1,0.6944580078125,0.8024749755859375,-0.1289825439453125,0.9315548539161682,0.3404478728771209,0.7142574191093445
191,0.9951,0.5229,0,1,0.7581329345703125,0.8277130126953125,-0.059234619140625,1.1764622926712036,0.2912225127220154,0.8225785493850708
192,1.0009,0.5759,0,1,0.8325042724609375,0.8114166259765625,-0.22088623046875,1.6071820259094238,0.4543136954307556,0.9518683552742004
193,1.009,0.6505,0,1,0.92523193359375,0.83087158203125,-0.535247802734375,2.493976831436157,0.1757193654775619,1.1940099000930786
194,1.0212,0.756,0,1,0.9187469482421876,0.8238983154296875,-0.778564453125,3.3416593074798584,-0.439749151468277,1.4209133386611938
195,1.0402,0.9054,0,1,0.90234375,0.7755584716796875,-0.74017333984375,3.3956313133239746,-0.646001398563385,1.595011591911316
196,1.0682,1.1124,0,1,0.864593505859375,0.69781494140625,-0.4308929443359375,2.966404914855957,-1.046902418136597,1.6677590608596802
197,1.1049,1.383,0,1,0.746429443359375,0.6253814697265625,-0.4091644287109375,2.4144105911254883,-0.5254417061805725,1.3479427099227903
198,1.1466,1.7081,0,1,0.4313507080078125,0.68798828125,0.13580322265625,2.4144105911254883,-0.5254417061805725,1.3479427099227903
199,1.1859,2.0627,0,1,0.3701629638671875,0.6837310791015625,0.427490234375,-0.0305943936109542,-2.53842830657959,0.4108879268169403
200,1.2144,2.4121,0,1,0.50592041015625,0.578857421875,0.0699615478515625,-0.5079050064086914,-2.410211563110352,0.0639965608716011
201,1.2251,2.7197,0,1,0.778350830078125,0.480621337890625,-0.56207275390625,-0.0587972700595855,-0.5757439732551575,0.1114223971962928
202,1.2152,2.9493,0,1,0.820068359375,0.4261932373046875,-0.473785400390625,0.3478272259235382,0.3645635843276977,0.1922144442796707
203,1.1864,3.0676,0,1,0.695648193359375,0.3413848876953125,-0.1868896484375,-0.0277008693665266,0.07681754976511,0.0804570242762565
204,1.1435,3.0505,0,1,0.5318145751953125,0.307281494140625,-0.2752838134765625,-0.4664713144302368,-0.0298670846968889,-0.0841106176376342
205,1.0913,2.8918,0,1,0.3937835693359375,0.3460235595703125,-0.2721405029296875,-0.888615071773529,-0.0402941592037677,-0.2487038224935531
206,1.0329,2.6083,0,1,0.310882568359375,0.43707275390625,-0.2473907470703125,-0.888615071773529,-0.0402941592037677,-0.2487038224935531
207,0.9702,2.2377,0,1,0.3448333740234375,0.530029296875,-0.300750732421875,-1.4618713855743408,-1.3297815322875977,-0.4458611011505127
208,0.9057,1.8321,0,1,0.47607421875,0.5532989501953125,-0.4457244873046875,-1.26168692111969,-1.3834693431854248,-0.377099335193634
209,0.8432,1.4475,0,1,0.6347503662109375,0.5295867919921875,-0.6749420166015625,-0.7266544103622437,-0.8313464522361755,-0.2120613902807235
210,0.789,1.1302,0,1,0.8118743896484375,0.53076171875,-1.0409698486328125,0.2250972986221313,-0.4383728206157684,0.101963385939598
211,0.7516,0.9047,0,1,0.9046783447265624,0.5588226318359375,-1.3574066162109375,1.1285099983215332,0.1417693793773651,0.4652776718139648
212,0.7407,0.7742,0,1,0.8242645263671875,0.4572906494140625,-1.308319091796875,1.6189420223236084,1.0181549787521362,0.680520236492157
213,0.7642,0.7318,0,1,0.8145599365234375,0.3907318115234375,-1.205169677734375,2.250433921813965,1.0337693691253662,0.8427866101264954
214,0.8249,0.7691,0,1,1.0375213623046875,0.42352294921875,0.282806396484375,0.7951112389564514,0.315826416015625,0.9722945690155028
215,0.9174,0.8755,0,1,0.895660400390625,0.4940338134765625,1.3955078125,-2.127135753631592,-1.484783172607422,0.5130385160446167
216,1.0313,1.0364,0,1,0.779388427734375,0.3133392333984375,-1.1703948974609375,-1.676352858543396,1.6882447004318235,-0.1767236441373825
217,1.1536,1.2344,0,1,0.8785247802734375,0.43475341796875,0.1761474609375,-1.3967944383621216,-0.8962231874465942,-0.2975161075592041
218,1.2711,1.4515,0,1,0.9682159423828124,0.70599365234375,-0.1041259765625,-1.8017773628234863,-2.5099546909332275,-0.2720621526241302
219,1.3706,1.6711,0,1,0.883636474609375,1.0464630126953125,-0.2569427490234375,-2.1657028198242188,-1.688669204711914,-0.2609530389308929
220,1.4425,1.882,0,1,0.5392608642578125,1.1155548095703125,-0.0056915283203125,-2.468156099319458,-1.956712365150452,-0.6406921148300171
221,1.4829,2.0793,0,1,0.4182281494140625,1.095672607421875,-0.2064666748046875,-1.7997105121612549,-1.39229154586792,-1.0197802782058716
222,1.4928,2.2594,0,1,0.55352783203125,1.0578155517578125,-0.067291259765625,-1.2575550079345703,-0.6401346921920776,-0.812694251537323
223,1.4764,2.4135,0,1,0.6927490234375,1.03448486328125,-0.051544189453125,-0.9125827550888062,-0.0294614862650632,-0.1893038749694824
224,1.44,2.5244,0,1,0.598236083984375,0.9520721435546876,-0.1866912841796875,-0.6259728074073792,0.4853693544864654,0.1445579826831817
225,1.3906,2.5718,0,1,0.420166015625,0.93157958984375,-0.2183685302734375,-0.49198117852211,1.043580174446106,0.0965523719787597
226,1.3349,2.5411,0,1,0.3978271484375,0.904815673828125,-0.2434844970703125,-0.4000062644481659,1.3733530044555664,-0.0318793691694736
227,1.2779,2.432,0,1,0.4781646728515625,0.925201416015625,-0.1878204345703125,-0.3309550285339355,1.3217191696166992,-0.1494563370943069
228,1.223,2.2584,0,1,0.6722564697265625,0.84295654296875,-0.1562347412109375,-0.2321930229663849,1.0266642570495603,-0.2255332618951797
229,1.173,2.0428,0,1,0.8478851318359375,0.740814208984375,-0.14215087890625,-0.0701013207435607,0.5466575026512146,-0.1471569538116455
230,1.1304,1.8075,0,1,0.9096832275390624,0.6212921142578125,-0.1553192138671875,-0.0552986748516559,0.4488129615783691,-0.0636082738637924
231,1.097,1.57,0,1,0.852752685546875,0.50823974609375,-0.20794677734375,-0.3538571298122406,1.0234861373901367,-0.1110514178872108
232,1.0733,1.3449,0,1,0.75933837890625,0.5225372314453125,-0.2017364501953125,-0.7189536094665527,1.2976950407028198,-0.1923180520534515
233,1.0582,1.147,0,1,0.6345062255859375,0.6460418701171875,-0.230804443359375,-0.7189536094665527,1.2976950407028198,-0.1923180520534515
234,1.0489,0.9916,0,1,0.4975738525390625,0.75537109375,-0.21038818359375,-0.9616043567657472,-0.366748183965683,-0.232967734336853
235,1.0421,0.8897,0,1,0.4268341064453125,0.737335205078125,-0.044403076171875,-1.2117174863815308,-0.921708047389984,-0.4191149771213531
236,1.0347,0.845,0,1,0.4503021240234375,0.7845001220703125,-0.06988525390625,-1.3721729516983032,-0.9733683466911316,-0.5955387353897095
237,1.0246,0.8555,0,1,0.4906463623046875,0.89422607421875,-0.196624755859375,-1.311052680015564,-0.6494296789169312,-0.6842347979545593
238,1.0114,0.915,0,1,0.511199951171875,0.930938720703125,-0.2014923095703125,-1.067949652671814,-0.3688419461250305,-0.681492805480957
239,0.9966,1.0117,0,1,0.51324462890625,0.9024505615234376,-0.11468505859375,-0.8253011107444763,-0.224837377667427,-0.5717244744300842
240,0.983,1.1281,0,1,0.4843292236328125,0.87847900390625,-0.109832763671875,-0.5877114534378052,0.2537076473236084,-0.4574543833732605
241,0.9731,1.2429,0,1,0.4902496337890625,0.8646087646484375,-0.0765380859375,-0.3682738840579986,0.8740302920341492,-0.3381812274456024
242,0.9682,1.3366,0,1,0.5114898681640625,0.853729248046875,-0.0388641357421875,-0.1881781667470932,1.19279944896698,-0.2745268940925598
243,0.9682,1.3962,0,1,0.5717010498046875,0.7859954833984375,-0.0249481201171875,-0.1881781667470932,1.19279944896698,-0.2745268940925598
244,0.9721,1.4184,0,1,0.65087890625,0.74969482421875,-0.004486083984375,0.0282638613134622,1.0853041410446167,-0.1966369003057479
245,0.9784,1.4069,0,1,0.7009735107421875,0.711395263671875,-0.0340423583984375,0.0721775218844413,0.986627161502838,-0.0903408154845237
246,0.9855,1.3692,0,1,0.73095703125,0.701690673828125,-0.037322998046875,0.0505939349532127,1.0702050924301147,-0.047345146536827
247,0.9924,1.3138,0,1,0.7311553955078125,0.6847076416015625,-0.0040130615234375,0.0192133747041225,1.023916721343994,-0.0563807189464569
248,0.9982,1.2491,0,1,0.6979217529296875,0.6741485595703125,0.0018310546875,0.0286028832197189,0.7953006029129028,-0.0767214074730873
249,1.0026,1.1817,0,1,0.6588592529296875,0.7207489013671875,-0.0839385986328125,0.1130216270685195,0.6738138198852539,-0.0132127413526177
250,1.0051,1.1153,0,1,0.5865325927734375,0.7738189697265625,-0.12628173828125,0.1869493722915649,0.5526661276817322,-0.0127011481672525
251,1.0056,1.0507,0,1,0.5722808837890625,0.783782958984375,-0.0611724853515625,0.1204150915145874,0.3972397744655609,-0.0848592296242713
252,1.0042,0.986,0,1,0.6356048583984375,0.7757415771484375,0.0225677490234375,-0.0127046098932623,0.0519960895180702,-0.1141356229782104
253,1.0012,0.9178,0,1,0.713409423828125,0.763580322265625,-0.0429229736328125,-0.0323249176144599,-0.1325026452541351,-0.0523068793118
254,0.9977,0.8422,0,1,0.7913665771484375,0.7542877197265625,-0.139190673828125,0.0891218855977058,-0.0940500646829605,0.0908135250210762
255,0.9948,0.7566,0,1,0.6931610107421875,0.6496124267578125,-0.152191162109375,0.2198450118303299,-0.2002103179693222,0.2463890016078949
256,0.9937,0.6625,0,1,0.561004638671875,0.677093505859375,-0.0689697265625,0.1171218305826187,-0.2313858270645141,0.3093506693840027
257,0.9941,0.5654,0,1,0.5702056884765625,0.770721435546875,-0.06890869140625,0.1296389549970626,-0.3596303462982178,0.3290436565876007
258,0.995,0.4736,0,1,0.685333251953125,0.8385467529296875,-0.1408538818359375,0.4148246347904205,-0.4211980998516083,0.3745187520980835
259,0.9957,0.3967,0,1,0.782257080078125,0.8549041748046875,-0.0350189208984375,0.5894747376441956,-0.3300303816795349,0.3242726027965545
260,0.9969,0.3433,0,1,0.8889617919921875,0.8317413330078125,0.2048797607421875,0.4528298079967499,-0.6982901692390442,0.3669513761997223
261,1.0006,0.3204,0,1,0.8503570556640625,0.751434326171875,0.257080078125,0.1803370118141174,-1.2997562885284424,0.5300204753875732
262,1.0087,0.3332,0,1,0.6865692138671875,0.59027099609375,0.090972900390625,0.013923805207014,-1.368474364280701,0.4640078842639923
263,1.0215,0.3849,0,1,0.5721282958984375,0.6143798828125,-0.1393890380859375,-0.0260499771684408,-0.958634912967682,0.4127180576324463
264,1.0361,0.4738,0,1,0.592864990234375,0.69189453125,-0.1859893798828125,0.0785352885723114,-0.8493955135345459,0.4149996042251587
265,1.0485,0.5914,0,1,0.70843505859375,0.7129974365234375,-0.182525634765625,0.2574589550495147,-0.8667864799499512,0.5041763186454773
266,1.0554,0.7238,0,1,0.8160400390625,0.6592254638671875,-0.32989501953125,0.6010829210281372,-0.5614476203918457,0.7293351292610168
267,1.056,0.8563,0,1,0.8806304931640625,0.6139373779296875,-0.485870361328125,1.1490343809127808,-0.3653995394706726,0.991275429725647
268,1.0523,0.9786,0,1,0.9394073486328124,0.64031982421875,-0.508148193359375,1.648263454437256,-0.8566694259643555,1.2166249752044678
269,1.0478,1.0889,0,1,0.979583740234375,0.7095947265625,-0.363800048828125,1.6150164604187012,-1.530890703201294,1.3147799968719482
270,1.0467,1.1943,0,1,0.9704437255859376,0.718505859375,-0.306396484375,1.1967854499816897,-1.5857150554656982,1.2681554555892944
271,1.0524,1.3052,0,1,0.8432159423828125,0.67901611328125,-0.27447509765625,0.7078801989555359,-1.0375217199325562,1.1100095510482788
272,1.0655,1.4268,0,1,0.6269683837890625,0.7045440673828125,-0.18682861328125,0.3739291131496429,-0.8723040223121643,0.8899735808372498
273,1.0841,1.5536,0,1,0.5167694091796875,0.718292236328125,-0.0608367919921875,-0.0690621584653854,-0.9358854293823242,0.713038444519043
274,1.1033,1.6707,0,1,0.5817108154296875,0.6661224365234375,-0.1269073486328125,-0.322588175535202,-0.7195767760276794,0.7201249003410339
275,1.1175,1.7604,0,1,0.6922607421875,0.5854339599609375,-0.12744140625,-0.322588175535202,-0.7195767760276794,0.7201249003410339
276,1.1219,1.8083,0,1,0.74468994140625,0.528839111328125,-0.15252685546875,-0.4925929307937622,-0.1604333519935608,0.9979801774024964
277,1.1145,1.8073,0,1,0.7486114501953125,0.43853759765625,-0.2362213134765625,-0.4107590317726135,-0.1345335692167282,1.1649174690246582
278,1.0953,1.7592,0,1,0.674560546875,0.33856201171875,-0.287841796875,-0.4761441648006439,-0.0485201328992843,1.0684229135513306
279,1.0663,1.6734,0,1,0.639984130859375,0.2847137451171875,-0.2320556640625,-0.9014829397201538,0.1211085841059684,0.7857619524002075
280,1.0296,1.5639,0,1,0.65673828125,0.35980224609375,-0.194793701171875,-1.4414583444595337,-0.1941500306129455,0.6350864171981812
281,0.9877,1.4477,0,1,0.635589599609375,0.462738037109375,-0.2294769287109375,-1.8322502374649048,-0.7135362029075623,0.5109045505523682
282,0.9434,1.3437,0,1,0.6004791259765625,0.53240966796875,-0.27850341796875,-1.938846468925476,-1.0252363681793213,0.3404654264450073
283,0.9,1.2711,0,1,0.5720672607421875,0.5748443603515625,-0.300628662109375,-1.863713622093201,-1.1698983907699585,0.2280249148607254
284,0.861,1.2451,0,1,0.552154541015625,0.5845184326171875,-0.3260040283203125,-1.6691378355026243,-1.1358062028884888,0.2019999623298645
285,0.8295,1.2727,0,1,0.5340576171875,0.5688934326171875,-0.3472137451171875,-1.6691378355026243,-1.1358062028884888,0.2019999623298645
286,0.8074,1.3501,0,1,0.5834197998046875,0.54443359375,-0.4056854248046875,-1.3130100965499878,-0.8697095513343811,0.1529983431100845
287,0.7956,1.4641,0,1,0.678924560546875,0.5056304931640625,-0.5267181396484375,-1.0864299535751345,-0.7441133260726929,0.159501239657402
288,0.7941,1.5933,0,1,0.796295166015625,0.4600982666015625,-0.58905029296875,-0.8603301644325256,-0.7346668243408203,0.1739875078201294
289,0.8031,1.7134,0,1,0.9541015625,0.4385986328125,-0.6652679443359375,-0.6594482064247131,-0.8029704689979553,0.2787120640277862
290,0.823,1.802,0,1,1.00732421875,0.4398651123046875,-0.6548004150390625,-0.598109781742096,-0.921569287776947,0.3733142018318176
291,0.8544,1.844,0,1,1.0713043212890625,0.386260986328125,-0.60125732421875,-0.6567406058311462,-0.9645947813987732,0.5529515743255615
292,0.8974,1.8344,0,1,0.957183837890625,0.3498687744140625,-0.4878997802734375,-0.7384242415428162,-0.7894600033760071,0.6418218016624451
293,0.9499,1.7777,0,1,0.867156982421875,0.3262481689453125,-0.5060272216796875,-0.5539894104003906,-0.3261906206607818,0.6389762163162231
294,1.007,1.6843,0,1,0.65850830078125,0.42694091796875,0.2067108154296875,-1.0072556734085083,0.1504968255758285,0.4148240983486175
295,1.062,1.5671,0,1,0.9953765869140624,0.644622802734375,-0.2270965576171875,-0.5211033821105957,0.5703279376029968,0.8042829036712646
296,1.1086,1.4399,0,1,1.4797821044921875,1.29254150390625,0.159637451171875,-0.1220396235585212,-0.3439001142978668,1.483226299285889
297,1.1459,1.3172,0,1,0.8194427490234375,1.344207763671875,-0.22186279296875,-1.1918120384216309,-0.5802034735679626,0.3118734657764435
298,1.1783,1.2144,0,1,0.359954833984375,0.5922698974609375,-0.0286407470703125,-2.508857011795044,-2.26211166381836,-0.356138676404953
299,1.2086,1.1514,0,1,0.3078155517578125,0.3929290771484375,0.226043701171875,-3.4189236164093018,-3.42773985862732,-0.7515389919281006
300,1.2332,1.1557,0,1,0.59063720703125,0.5624542236328125,-0.127716064453125,-2.920323848724365,-2.089482307434082,-0.8316527605056763
301,1.2442,1.2543,0,1,0.6865081787109375,0.984039306640625,0.0876312255859375,-2.3199851512908936,-0.8976700901985168,-0.8677444458007812
302,1.2368,1.4549,0,1,0.662689208984375,1.246063232421875,-0.105224609375,-1.2707957029342651,-0.9266663193702698,-0.8460918664932251
303,1.2133,1.735,0,1,0.691375732421875,1.2819061279296875,-0.0056304931640625,-0.6175130009651184,-1.4918317794799805,-0.5094054341316223
304,1.1821,2.0484,0,1,0.59405517578125,1.09197998046875,-0.10711669921875,-0.441206693649292,-1.008440017700195,-0.1624357849359512
305,1.1528,2.3392,0,1,0.41375732421875,0.831573486328125,-0.2996978759765625,-0.6569302082061768,0.6363287568092346,-0.0607773289084434
306,1.1315,2.5572,0,1,0.3861541748046875,0.69549560546875,-0.221954345703125,-0.9264916181564332,1.1923341751098633,-0.1375544071197509
307,1.1186,2.6687,0,1,0.5258636474609375,0.640106201171875,-0.258087158203125,-0.7814849019050598,0.7002148032188416,-0.1913135051727295
308,1.1103,2.6618,0,1,0.687652587890625,0.6340179443359375,-0.100555419921875,-0.7704719305038452,0.1503713876008987,-0.1522918045520782
309,1.1019,2.5438,0,1,0.8015899658203125,0.61297607421875,-0.0612335205078125,-0.9079312682151794,0.0144636277109384,-0.1574703156948089
310,1.09,2.3352,0,1,0.8805694580078125,0.5797882080078125,-0.0546112060546875,-1.033639669418335,-0.0600465573370456,-0.146426722407341
311,1.0741,2.0655,0,1,0.9054412841796876,0.50396728515625,-0.0921478271484375,-1.054132103919983,-0.2291018962860107,-0.1409643143415451
312,1.0557,1.7684,0,1,0.8529510498046875,0.532958984375,-0.170257568359375,-1.0662434101104736,-0.4163114726543426,-0.1227512210607528
313,1.0372,1.4779,0,1,0.7811431884765625,0.6470184326171875,-0.0744171142578125,-1.2634912729263306,-0.962736427783966,-0.0391154438257217
314,1.0206,1.2244,0,1,0.69073486328125,0.7250823974609375,-0.0050506591796875,-1.483301877975464,-1.6574398279190063,-0.0305789485573768
315,1.0075,1.0343,0,1,0.6147308349609375,0.75677490234375,-0.0294036865234375,-1.5800122022628784,-2.025315999984741,-0.1210446655750274
316,0.9983,0.9287,0,1,0.5572967529296875,0.777008056640625,-0.1043243408203125,-1.492772102355957,-2.0908119678497314,-0.1777670681476593
317,0.9926,0.9203,0,1,0.5099945068359375,0.7932281494140625,-0.135467529296875,-1.2959575653076172,-1.995344638824463,-0.1864289939403534
318,0.9894,1.0086,0,1,0.51678466796875,0.813262939453125,-0.0679931640625,-1.1920665502548218,-1.8109992742538448,-0.121009774506092
319,0.9876,1.1789,0,1,0.5607147216796875,0.8480377197265625,0.0009307861328125,-1.1704970598220823,-1.614248752593994,-0.0004876247840002
320,0.9864,1.404,0,1,0.57122802734375,0.8568572998046875,-0.001617431640625,-1.203871250152588,-1.331604242324829,0.1488821506500244
321,0.9857,1.6497,0,1,0.46844482421875,0.8486328125,-0.143890380859375,-1.0830376148223877,-0.9887536764144896,0.0927344635128974
322,0.9856,1.8808,0,1,0.406890869140625,0.8522491455078125,-0.2917327880859375,-0.680079996585846,-0.8946040272712708,-0.0568004325032234
323,0.9861,2.0651,0,1,0.437744140625,0.850799560546875,-0.2136688232421875,-0.3551370501518249,-0.8105229735374451,-0.1008251458406448
324,0.9872,2.1775,0,1,0.62689208984375,0.8096160888671875,-0.0279541015625,-0.2974410057067871,-0.4715020060539245,0.0502077750861644
325,0.9885,2.2025,0,1,0.69525146484375,0.7535858154296875,0.05157470703125,-0.3209474086761474,-0.3037905097007751,0.0840427055954933
326,0.9904,2.1354,0,1,0.7584686279296875,0.720611572265625,-0.025665283203125,-0.3531104028224945,-0.1931396275758743,0.1266799122095108
327,0.9929,1.9828,0,1,0.7959136962890625,0.676513671875,-0.2107696533203125,-0.2485570907592773,-0.0142484446987509,0.1435595601797104
328,0.9965,1.7608,0,1,0.7103729248046875,0.723602294921875,-0.1708984375,-0.2532032430171966,-0.3959957957267761,0.1081395223736763
329,1.0014,1.4936,0,1,0.640869140625,0.801910400390625,-0.0209197998046875,-0.5217364430427551,-1.0990368127822876,0.1141702458262443
330,1.0075,1.2118,0,1,0.6210174560546875,0.8303680419921875,0.016021728515625,-0.8569956421852112,-1.3618584871292114,0.1003172844648361
331,1.0143,0.9505,0,1,0.581024169921875,0.8089752197265625,-0.04541015625,-0.9808230400085448,-1.2748546600341797,-0.0426987260580062
332,1.0209,0.7431,0,1,0.560394287109375,0.8371124267578125,-0.144500732421875,-0.8791547417640686,-1.0346028804779053,-0.118304006755352
333,1.0265,0.613,0,1,0.541778564453125,0.82489013671875,-0.2377166748046875,-0.5469549894332886,-0.8132284283638,-0.030866302549839
334,1.0306,0.5669,0,1,0.5240631103515625,0.804595947265625,-0.2722320556640625,-0.2043041288852691,-0.4659192264080047,0.0397532731294631
335,1.0326,0.5935,0,1,0.5425262451171875,0.7771148681640625,-0.21527099609375,-0.0543332807719707,-0.1936189979314804,0.0422595739364624
336,1.0323,0.6672,0,1,0.558929443359375,0.7722320556640625,-0.1636810302734375,-0.0449408441781997,-0.2138331979513168,0.0016500946367159
337,1.0296,0.7563,0,1,0.6040496826171875,0.7759857177734375,-0.1647796630859375,-0.0656269490718841,-0.2659488618373871,0.006639793049544
338,1.0247,0.8316,0,1,0.6452484130859375,0.7812957763671875,-0.1599884033203125,-0.0143930539488792,-0.2936092615127563,0.086995355784893
339,1.0182,0.8731,0,1,0.645660400390625,0.7707366943359375,-0.17926025390625,0.1384545415639877,-0.2230003178119659,0.1269901692867279
340,1.0112,0.8716,0,1,0.6441192626953125,0.7794647216796875,-0.129669189453125,0.1900660842657089,-0.1021122559905052,0.099342830479145
341,1.005,0.8274,0,1,0.732574462890625,0.8096771240234375,-0.0472564697265625,0.1900660842657089,-0.1021122559905052,0.099342830479145
342,1.0008,0.748,0,1,0.793853759765625,0.7793426513671875,0.0476226806640625,-0.0337092280387878,-0.3494985997676849,0.0563415698707103
343,0.9997,0.646,0,1,0.795318603515625,0.6937255859375,0.0543212890625,-0.2026593685150146,-0.8482114672660828,0.0901988670229911
344,1.0025,0.5375,0,1,0.7032623291015625,0.5646820068359375,-0.1457977294921875,-0.2528548836708069,-0.8725394606590271,0.1498371660709381
345,1.0085,0.4407,0,1,0.65399169921875,0.5892791748046875,-0.3392791748046875,-0.0443389676511287,-0.6847727298736572,0.3519276678562164
346,1.0157,0.3717,0,1,0.6044769287109375,0.6466217041015625,-0.370361328125,0.3175303041934967,-0.6650592088699341,0.4870114624500274
347,1.0217,0.3403,0,1,0.653717041015625,0.6980438232421875,-0.40447998046875,0.6305965781211853,-0.3174650371074676,0.6177582740783691
348,1.025,0.3499,0,1,0.762451171875,0.712860107421875,-0.4610443115234375,0.8589890003204346,0.1531554609537124,0.7853448987007141
349,1.0257,0.3984,0,1,0.8708953857421875,0.6930084228515625,-0.413909912109375,0.8869538307189941,0.0475246421992778,0.9819633960723876
350,1.0259,0.4805,0,1,0.9221038818359376,0.7006683349609375,-0.3787689208984375,0.6531093716621399,-0.1526590436697006,1.0450485944747925
351,1.0282,0.5892,0,1,0.9437713623046876,0.7150726318359375,-0.420196533203125,0.6531093716621399,-0.1526590436697006,1.0450485944747925
352,1.0355,0.7148,0,1,0.9085540771484376,0.672393798828125,-0.361602783203125,0.0848650932312011,-0.509043276309967,0.9951700568199158
353,1.0491,0.8464,0,1,0.8231201171875,0.61163330078125,-0.2748870849609375,-0.2206841707229614,-0.3015313446521759,0.9657642245292664
354,1.0683,0.9719,0,1,0.7368316650390625,0.6203765869140625,-0.2354278564453125,-0.3811199069023132,-0.0489076226949691,0.9901675581932068
355,1.09,1.0805,0,1,0.589935302734375,0.6847076416015625,-0.1775360107421875,-0.425770491361618,-0.4333468973636627,0.9319950342178344
356,1.1097,1.1646,0,1,0.4970550537109375,0.7605743408203125,-0.1915435791015625,-0.5174279808998108,-0.9787647128105164,0.8231045007705688
357,1.1226,1.2217,0,1,0.44097900390625,0.7089691162109375,0.0065155029296875,-0.9923095107078552,-0.7129181027412415,0.6887283325195312
358,1.1248,1.2547,0,1,0.4868621826171875,0.68304443359375,0.0023345947265625,-1.1472045183181765,-0.5545942187309265,0.6092833280563354
359,1.1144,1.2702,0,1,0.6397552490234375,0.664825439453125,-0.182525634765625,-0.8380762934684753,-0.3861546218395233,0.8306806683540344
360,1.0916,1.275,0,1,0.638153076171875,0.627471923828125,-0.285430908203125,-0.6921907067298889,0.1608152538537979,0.9702891707420348
361,1.0591,1.2744,0,1,0.5935516357421875,0.5701904296875,-0.302215576171875,-0.8640868663787842,0.276221215724945,0.8996695876121521
362,1.0211,1.2715,0,1,0.566375732421875,0.5266571044921875,-0.3046112060546875,-1.196740746498108,-0.0195124484598636,0.6719949245452881
363,0.9815,1.2686,0,1,0.5026397705078125,0.49639892578125,-0.2474365234375,-1.5502678155899048,-0.3104337751865387,0.2705356180667877
364,0.9432,1.2689,0,1,0.55828857421875,0.5076446533203125,-0.2504119873046875,-1.6798887252807615,-0.3758351504802704,0.062504656612873
365,0.908,1.2762,0,1,0.6500701904296875,0.5311126708984375,-0.2823333740234375,-1.5013245344161987,-0.4014941751956939,0.0735280141234397
366,0.8771,1.2939,0,1,0.691741943359375,0.5313720703125,-0.307403564453125,-1.5013245344161987,-0.4014941751956939,0.0735280141234397
367,0.8522,1.3229,0,1,0.7176666259765625,0.4820098876953125,-0.3768157958984375,-0.84917151927948,-0.6583922505378723,0.0750532075762748
368,0.8348,1.3594,0,1,0.7833404541015625,0.437103271484375,-0.4659423828125,-0.694347083568573,-0.726322591304779,0.1886524707078933
369,0.8267,1.3954,0,1,0.9072265625,0.3604736328125,-0.5371551513671875,-0.4469769597053528,-0.8525359034538269,0.4801623523235321
370,0.8291,1.4214,0,1,1.02374267578125,0.2835845947265625,-0.656982421875,0.1236178129911422,-0.8445056676864624,0.7819485664367676
371,0.8436,1.4304,0,1,1.202484130859375,0.31109619140625,-0.6631317138671875,0.7437609434127808,-0.3006378710269928,0.9951111674308776
372,0.8716,1.4204,0,1,1.442718505859375,0.5760955810546875,-0.043609619140625,-0.041834533214569,1.2221044301986694,1.0370527505874634
373,0.9147,1.3951,0,1,0.74176025390625,0.86962890625,0.6496734619140625,-1.0637054443359375,0.0638687312602996,-0.1526859551668167
374,0.9726,1.3616,0,1,0.44622802734375,1.055511474609375,-0.6321258544921875,-0.3829977214336395,-1.7522313594818115,-0.9689333438873292
375,1.0423,1.3304,0,1,0.5102996826171875,0.8167572021484375,0.566986083984375,-2.261758804321289,-2.338497877120972,-0.7463138699531555
376,1.1168,1.3188,0,1,0.5084991455078125,0.788665771484375,0.5340576171875,-3.601937055587769,-2.0940959453582764,-0.7117340564727783
377,1.1877,1.351,0,1,0.760009765625,0.9587860107421876,-0.7568359375,-1.966038703918457,-1.1151856184005735,-0.5162000060081482
378,1.2478,1.4466,0,1,0.5706329345703125,1.0880279541015625,-0.204437255859375,-0.5039384961128235,-2.120131015777588,-0.5480948090553284
379,1.2927,1.6071,0,1,0.364654541015625,1.01666259765625,0.187408447265625,-0.5885215997695923,-2.272618055343628,-0.9111790060997008
380,1.3208,1.8144,0,1,0.3577423095703125,1.0209503173828125,-0.0369415283203125,-0.6291710138320923,-1.5877598524093628,-1.1017273664474487
381,1.3316,2.0393,0,1,0.37249755859375,1.024627685546875,-0.2523651123046875,-0.6470826268196106,-0.3333894312381744,-0.9340574145317078
382,1.3258,2.2474,0,1,0.374053955078125,0.956024169921875,-0.1497650146484375,-0.7933069467544556,0.5141946077346802,-0.5786486864089966
383,1.3052,2.4045,0,1,0.39813232421875,0.885986328125,-0.1058197021484375,-0.7933069467544556,0.5141946077346802,-0.5786486864089966
384,1.2727,2.4837,0,1,0.603912353515625,0.8187408447265625,-0.1141204833984375,-0.4984886348247528,0.636442244052887,0.2613711357116699
385,1.2317,2.4713,0,1,0.8334197998046875,0.687713623046875,0.087127685546875,-1.0391931533813477,-0.8298633694648743,-0.2906374335289001
386,1.1862,2.3722,0,1,1.0256805419921875,0.6250457763671875,0.185943603515625,-2.5366744995117188,-3.657559871673584,-0.7913958430290222
387,1.1414,2.2182,0,1,0.974609375,0.5986785888671875,-0.28546142578125,-3.369905471801758,-5.762875080108643,-0.5622920989990234
388,1.1025,2.0724,0,1,0.7110748291015625,0.7608642578125,-0.429901123046875,-3.13166618347168,-5.577682971954346,-0.7575588226318359
389,1.0735,2.0132,0,1,0.566070556640625,0.75677490234375,-0.2282562255859375,-2.63273024559021,-3.9830689430236816,-1.294533610343933
390,1.0557,2.0998,0,1,0.491180419921875,0.7688140869140625,-0.1516876220703125,-1.8253124952316284,-1.1820759773254397,-1.705929398536682
391,1.0474,2.3432,0,1,0.46282958984375,0.809783935546875,0.050201416015625,-1.8253124952316284,-1.1820759773254397,-1.705929398536682
392,1.0449,2.7025,0,1,0.453704833984375,0.85150146484375,0.1875,-1.0104349851608276,1.8717681169509888,-0.8905863761901855
393,1.0443,3.1052,0,1,0.3992462158203125,0.910980224609375,0.188507080078125,-0.8563711047172546,1.5071371793746948,-0.3805857002735138
394,1.0427,3.471,0,1,0.0119476318359375,1.013427734375,-0.4583740234375,0.5289781093597412,-0.1811479479074478,-0.648469090461731
395,1.0396,3.7308,0,1,0.0513763427734375,1.118255615234375,-0.3001251220703125,1.5002670288085938,-1.8598062992095947,-1.0720235109329224
396,1.036,3.8404,0,1,0.253662109375,1.2093048095703125,-0.15032958984375,0.3076553046703338,-1.085869312286377,-0.5626042485237122
397,1.0343,3.7874,0,1,0.4110260009765625,1.0694732666015625,-0.051727294921875,-1.2985743284225464,0.3350115418434143,0.4497919380664825
398,1.0369,3.5869,0,1,0.335418701171875,0.921295166015625,-0.02154541015625,-1.7129435539245603,0.4080503284931183,0.7425004839897156
399,1.0443,3.2729,0,1,0.36175537109375,0.912017822265625,-0.026275634765625,-1.4733285903930664,-0.12318105250597,0.7377827167510986
400,1.0549,2.8905,0,1,0.3834075927734375,0.8568878173828125,-0.1073455810546875,-0.8981886506080627,-0.372429221868515,0.5787832140922546
401,1.0654,2.4856,0,1,0.41619873046875,0.795074462890625,-0.19384765625,-0.4236820340156555,0.2593356966972351,0.3130330145359039
402,1.0723,2.0949,0,1,0.5565185546875,0.8204498291015625,-0.096343994140625,-0.3708776831626892,0.9866513609886168,0.3832485973834991
403,1.0734,1.7431,0,1,0.6623687744140625,0.8578033447265625,0.027191162109375,-0.440981388092041,1.044497847557068,0.8202642798423767
404,1.0683,1.4473,0,1,0.6682586669921875,0.834228515625,0.061614990234375,-0.4610086381435394,0.7009351849555969,1.3379603624343872
405,1.0585,1.2199,0,1,0.5876617431640625,0.7755126953125,0.0302734375,-0.440233826637268,0.4007633924484253,1.6501563787460327
406,1.0463,1.069,0,1,0.4901123046875,0.747955322265625,-0.0774993896484375,-0.320423811674118,0.5381481647491455,1.5952142477035522
407,1.0333,0.9962,0,1,0.4348297119140625,0.783233642578125,-0.1515045166015625,-0.0577543750405311,0.7555675506591797,1.142885446548462
408,1.0199,0.9943,0,1,0.4902801513671875,0.82879638671875,-0.052886962890625,0.1807823032140731,0.4266621172428131,0.5638790726661682
409,1.0063,1.0454,0,1,0.548553466796875,0.78680419921875,-0.0079498291015625,0.2934750318527221,-0.1008967831730842,0.0430348180234432
410,0.9928,1.122,0,1,0.62091064453125,0.780426025390625,-0.0608673095703125,0.2455514371395111,-0.1616245806217193,-0.0137637490406632
411,0.9802,1.1931,0,1,0.597869873046875,0.779205322265625,-0.08831787109375,0.2460712939500808,-0.0582499913871288,0.1726623177528381
412,0.9695,1.2323,0,1,0.5755615234375,0.7308349609375,-0.09539794921875,0.4447353780269623,0.0025558357592672,0.2179989069700241
413,0.9615,1.2243,0,1,0.6051788330078125,0.72088623046875,-0.0927886962890625,0.6960126161575317,0.093056172132492,0.4171673953533172
414,0.9562,1.1681,0,1,0.6397705078125,0.6927032470703125,-0.0475006103515625,0.961225926876068,0.1450868844985962,0.7830711007118225
415,0.9532,1.0763,0,1,0.662750244140625,0.6686859130859375,-0.0069732666015625,1.2420133352279663,0.1188611388206482,1.1088169813156128
416,0.9518,0.9724,0,1,0.693511962890625,0.6474151611328125,-0.07861328125,1.598718762397766,0.2601959109306335,1.3852589130401611
417,0.9516,0.8853,0,1,0.81256103515625,0.795196533203125,-0.388824462890625,2.172489881515503,0.7453961372375488,1.6187212467193604
418,0.9533,0.8451,0,1,0.860137939453125,1.0178680419921875,-0.664276123046875,2.70135498046875,1.0716602802276611,1.6685569286346436
419,0.9599,0.8778,0,1,0.861297607421875,1.029815673828125,-0.610076904296875,2.52848482131958,1.5049382448196411,1.5269076824188232
420,0.9759,1.0,0,1,0.7364654541015625,0.881683349609375,-0.371246337890625,1.766708254814148,1.7968909740447998,1.2021311521530151
421,1.0043,1.2115,0,1,0.691986083984375,0.7892608642578125,-0.1589202880859375,1.141479253768921,1.0224839448928833,0.9616568088531494
422,1.044,1.4909,0,1,0.723114013671875,0.822052001953125,-0.28814697265625,1.2038958072662354,0.0225338041782379,0.798808753490448
423,1.0899,1.7984,0,1,0.4748992919921875,0.81689453125,-0.2819976806640625,1.3313648700714111,-0.7308153510093689,0.4401150643825531
424,1.1345,2.0868,0,1,0.3497772216796875,0.8112030029296875,-0.0895233154296875,1.3313648700714111,-0.7308153510093689,0.4401150643825531
425,1.1703,2.3149,0,1,0.336151123046875,0.73779296875,-0.020965576171875,0.6309888958930969,-1.2093374729156494,-0.0806367918848991
426,1.1907,2.4553,0,1,0.5115814208984375,0.633819580078125,-0.19000244140625,0.5114808678627014,-0.5571990609169006,-0.0927805379033088
427,1.1915,2.4949,0,1,0.750701904296875,0.5775909423828125,-0.377655029296875,0.6562084555625916,0.4223427176475525,0.1154126152396202
428,1.1725,2.433,0,1,0.84490966796875,0.5362396240234375,-0.2911224365234375,0.7343980669975281,0.5604928731918335,0.3789342641830444
429,1.1375,2.2807,0,1,0.82269287109375,0.463470458984375,-0.12689208984375,0.4823663830757141,0.1604250967502594,0.4262908697128296
430,1.0929,2.0585,0,1,0.7812652587890625,0.3731231689453125,-0.1353759765625,0.0443546809256076,-0.1329252868890762,0.1548074185848236
431,1.0453,1.7908,0,1,0.7972259521484375,0.327056884765625,-0.18426513671875,-0.3846262395381927,-0.5188096165657043,-0.2028838694095611
432,0.9996,1.5034,0,1,0.7906646728515625,0.3681488037109375,-0.183929443359375,-0.7341898083686829,-1.222700119018555,-0.3112612068653106
433,0.9594,1.2237,0,1,0.6779937744140625,0.4979705810546875,-0.313720703125,-0.7933061718940735,-1.499414563179016,-0.3026416301727295
434,0.9264,0.9816,0,1,0.603485107421875,0.5993499755859375,-0.42633056640625,-0.5970538258552551,-1.523852825164795,-0.3096303045749664
435,0.902,0.8041,0,1,0.56488037109375,0.651763916015625,-0.5722198486328125,-0.1931620091199875,-1.6035305261611938,-0.2145184278488159
436,0.8869,0.7083,0,1,0.5257568359375,0.6220703125,-0.6638031005859375,0.2585346102714538,-1.4171146154403689,-0.0813204199075698
437,0.8816,0.6971,0,1,0.525115966796875,0.5462799072265625,-0.635986328125,0.5926644206047058,-0.8828927278518677,-0.0143190184608101
438,0.8858,0.7588,0,1,0.5556488037109375,0.4853515625,-0.5567626953125,0.7277241945266724,-0.3955824971199035,-0.0195385478436946
439,0.898,0.8696,0,1,0.608856201171875,0.4814605712890625,-0.4719390869140625,0.7017277479171753,-0.188170701265335,-0.0285165961831808
440,0.915,0.9997,0,1,0.652191162109375,0.5020599365234375,-0.4086151123046875,0.622400164604187,-0.3981449902057647,0.0035920715890824
441,0.9333,1.1202,0,1,0.6611785888671875,0.5060577392578125,-0.4613494873046875,0.6244611740112305,-0.5003232955932617,0.052968144416809
442,0.9498,1.2092,0,1,0.6615447998046875,0.476409912109375,-0.5259857177734375,0.645641565322876,-0.1513205468654632,0.1441510468721389
443,0.9624,1.2541,0,1,0.64410400390625,0.435760498046875,-0.4810333251953125,0.4551544785499573,0.4174363911151886,0.1778336465358734
444,0.9703,1.2518,0,1,0.6686248779296875,0.392547607421875,-0.5922698974609375,0.2848706245422363,1.1477789878845217,0.1489548534154892
445,0.9742,1.2091,0,1,0.94891357421875,0.44940185546875,-1.27606201171875,1.2974909543991089,1.2905892133712769,0.3768676519393921
446,0.9778,1.1428,0,1,1.61328125,0.688812255859375,-1.04925537109375,1.4805254936218262,1.088340401649475,0.8059234023094177
447,0.9897,1.0769,0,1,1.3207550048828125,0.6451263427734375,0.9168701171875,-1.5752270221710205,-0.5318127870559692,0.2841124236583709
448,1.0195,1.0366,0,1,0.72412109375,0.3763427734375,0.1880950927734375,-2.7075445652008057,-2.97757339477539,-0.3579640090465545
449,1.0701,1.0468,0,1,0.3703155517578125,0.271392822265625,-0.6464385986328125,-2.0289909839630127,-3.6856863498687744,-0.7025184631347656
450,1.134,1.1324,0,1,0.60345458984375,0.42974853515625,0.05450439453125,-2.2878918647766118,-2.8518002033233643,-0.3323494493961334
451,1.1964,1.3105,0,1,0.3960418701171875,0.6518402099609375,-0.1542510986328125,-1.924716830253601,-1.4595746994018557,-0.4381714761257171
452,1.2424,1.5762,0,1,0.378753662109375,0.98565673828125,-0.4511871337890625,-1.122897386550903,-0.1328922659158706,-0.691057562828064
453,1.2627,1.8968,0,1,0.5609893798828125,1.270599365234375,-0.143341064453125,-1.2329269647598269,0.4395113289356231,-0.6340352892875671
454,1.2575,2.2201,0,1,0.7698822021484375,1.2490081787109375,-0.1678619384765625,-1.285791516304016,0.112699382007122,-0.317736953496933
455,1.2344,2.4913,0,1,0.6982269287109375,1.0196075439453125,-0.2058868408203125,-1.104706883430481,-0.1542654633522033,-0.097622163593769
456,1.2044,2.6679,0,1,0.4714813232421875,0.84326171875,-0.1699981689453125,-0.9579778909683228,-0.0284470878541469,-0.1339383572340011
457,1.1758,2.7263,0,1,0.4055328369140625,0.7801666259765625,-0.1324005126953125,-0.8113831281661987,0.4450094103813171,-0.2224445194005966
458,1.152,2.6629,0,1,0.467132568359375,0.819366455078125,-0.1277008056640625,-0.6669082641601562,1.0489914417266846,-0.2743418216705322
459,1.1323,2.4931,0,1,0.5946807861328125,0.9007720947265624,-0.05859375,-0.6530640721321106,1.572641134262085,-0.24241903424263
460,1.1149,2.2486,0,1,0.703704833984375,0.9578704833984376,-0.065826416015625,-0.5296611785888672,1.7844606637954712,-0.0743938088417053
461,1.0995,1.9711,0,1,0.7770538330078125,0.959808349609375,-0.21795654296875,-0.0973172336816787,1.8470321893692017,0.1650366187095642
462,1.0872,1.7033,0,1,0.7172698974609375,0.8641357421875,-0.244842529296875,0.249980017542839,1.83051335811615,0.2225750237703323
463,1.0799,1.4805,0,1,0.6000518798828125,0.769500732421875,-0.15521240234375,0.1066406890749931,1.7692396640777588,-0.0252243969589471
464,1.078,1.3251,0,1,0.56854248046875,0.7147216796875,-0.05670166015625,-0.3956956565380096,1.3198213577270508,-0.3256979286670685
465,1.0798,1.2435,0,1,0.59228515625,0.712554931640625,0.0074462890625,-0.8823268413543701,0.3667721450328827,-0.4381879866123199
466,1.0817,1.227,0,1,0.6270599365234375,0.718109130859375,0.0427398681640625,-0.8823268413543701,0.3667721450328827,-0.4381879866123199
467,1.0806,1.2563,0,1,0.6421356201171875,0.7135467529296875,-0.0074310302734375,-1.265344738960266,-0.7162781953811646,-0.3784242570400238
468,1.0742,1.3091,0,1,0.6690673828125,0.703216552734375,-0.0699462890625,-1.242979884147644,-0.4460624456405639,-0.3413093984127044
469,1.0624,1.367,0,1,0.6677703857421875,0.706268310546875,-0.111968994140625,-1.1082448959350586,-0.107597567141056,-0.2724275290966034
470,1.046,1.4166,0,1,0.6420745849609375,0.7291717529296875,-0.1419677734375,-0.9403685927391052,0.179433673620224,-0.227696806192398
471,1.027,1.4481,0,1,0.5915374755859375,0.7394866943359375,-0.1453704833984375,-0.7881329655647278,0.3427493572235107,-0.2171850502490997
472,1.0076,1.4546,0,1,0.560211181640625,0.73394775390625,-0.138671875,-0.6628314852714539,0.3335952758789062,-0.1949287354946136
473,0.9894,1.4324,0,1,0.5628814697265625,0.7331695556640625,-0.0968780517578125,-0.6156916618347168,0.2846458554267883,-0.1546851843595504
474,0.9735,1.3811,0,1,0.5705718994140625,0.747283935546875,-0.073944091796875,-0.6156916618347168,0.2846458554267883,-0.1546851843595504
475,0.9605,1.3036,0,1,0.594757080078125,0.7745819091796875,-0.07183837890625,-0.5589868426322937,0.1346571445465088,-0.1510726064443588
476,0.9506,1.2054,0,1,0.6193084716796875,0.7919464111328125,-0.079376220703125,-0.4568556845188141,-0.0098084220662713,-0.135349839925766
477,0.9443,1.0934,0,1,0.6321868896484375,0.79058837890625,-0.112213134765625,-0.3346618711948395,0.0621477924287319,-0.0763206034898758
478,0.9419,0.9743,0,1,0.63262939453125,0.7529144287109375,-0.1435546875,-0.1367120444774627,0.1784517616033554,-0.0022716764360666
479,0.9435,0.8535,0,1,0.6290740966796875,0.763153076171875,-0.1538543701171875,0.0804463699460029,0.2530370652675628,0.0820631757378578
480,0.9488,0.7356,0,1,0.61053466796875,0.7729034423828125,-0.2200164794921875,0.2425721585750579,0.5104954838752747,0.0729133561253547
481,0.9569,0.6254,0,1,0.664215087890625,0.757049560546875,-0.146881103515625,0.3251719772815704,0.5098238587379456,0.0714060068130493
482,0.9669,0.5293,0,1,0.7357940673828125,0.7364959716796875,-0.032623291015625,0.2585612535476684,0.2786926031112671,0.1334776282310485
483,0.9779,0.4527,0,1,0.721221923828125,0.6738739013671875,-0.05908203125,0.1792304664850235,0.2260147631168365,0.1964925527572631
484,0.9888,0.3985,0,1,0.7187347412109375,0.6233062744140625,-0.141204833984375,0.2905162572860718,0.2330593466758728,0.3748260736465454
485,0.9986,0.3665,0,1,0.72808837890625,0.59783935546875,-0.1524810791015625,0.6222468018531799,0.0924095585942268,0.6067807674407959
486,1.0062,0.3565,0,1,0.7774658203125,0.6344146728515625,-0.1489715576171875,1.0135610103607178,-0.0385412685573101,0.8960484862327576
487,1.0109,0.3707,0,1,0.85235595703125,0.759735107421875,-0.1915130615234375,1.3837755918502808,0.0133213978260755,1.1836291551589966
488,1.0133,0.4152,0,1,0.8962860107421875,0.900482177734375,-0.3010711669921875,1.7440083026885986,0.020906614139676,1.3293602466583252
489,1.016,0.4983,0,1,0.8569183349609375,0.98028564453125,-0.4487457275390625,2.128478527069092,-0.3723195195198059,1.284530758857727
490,1.023,0.6284,0,1,0.8005828857421875,0.9407806396484376,-0.5684814453125,2.371885299682617,-1.1421594619750977,1.2110610008239746
491,1.0381,0.8106,0,1,0.7660369873046875,0.9141998291015624,-0.5452728271484375,2.345329523086548,-1.3604187965393066,1.2004209756851196
492,1.0634,1.0442,0,1,0.6408538818359375,0.895843505859375,-0.487884521484375,2.271791219711304,-0.6992254853248596,0.9900866150856018
493,1.0979,1.3202,0,1,0.4532623291015625,0.8558197021484375,-0.3896942138671875,2.017470359802246,0.5086914896965027,0.5816833972930908
494,1.1371,1.6184,0,1,0.357452392578125,0.8047943115234375,0.1072998046875,1.3205652236938477,0.1329551190137863,0.1817876398563385
495,1.1743,1.9088,0,1,0.3828582763671875,0.730010986328125,0.3189697265625,0.6621734499931335,-1.401332139968872,-0.0528621487319469
496,1.2015,2.158,0,1,0.4955902099609375,0.614227294921875,0.0702667236328125,0.4255534410476684,-1.8699712753295896,-0.0545423366129398
497,1.2123,2.338,0,1,0.7906951904296875,0.566375732421875,-0.4816741943359375,0.5668234825134277,-0.2856040596961975,0.2506124973297119
498,1.204,2.4317,0,1,0.839202880859375,0.5091552734375,-0.53253173828125,0.6676571369171143,0.835631787776947,0.3705106973648071
499,1.1786,2.4322,0,1,0.73553466796875,0.4351043701171875,-0.247222900390625,0.6676571369171143,0.835631787776947,0.3705106973648071
500,1.1412,2.3439,0,1,0.613037109375,0.3944091796875,-0.2209625244140625,-0.0857415348291397,-0.6671575307846069,-0.1110202595591545
501,1.0966,2.1807,0,1,0.4951934814453125,0.523895263671875,-0.2762908935546875,-0.4910227060317993,-0.4707363545894623,-0.3270412385463714
502,1.0486,1.9628,0,1,0.3975830078125,0.61456298828125,-0.320648193359375,-0.6678198575973511,-0.3268758654594421,-0.46372851729393
503,0.9995,1.7139,0,1,0.340118408203125,0.655670166015625,-0.285858154296875,-0.69188392162323,-0.6680014729499817,-0.5279802083969116
504,0.9515,1.4593,0,1,0.3458404541015625,0.6845550537109375,-0.3051910400390625,-0.6386915445327759,-0.9710806608200072,-0.542376697063446
505,0.9069,1.2241,0,1,0.4432220458984375,0.6988067626953125,-0.4407958984375,-0.4390844106674194,-0.838625967502594,-0.4598722457885742
506,0.8685,1.0288,0,1,0.544891357421875,0.6821746826171875,-0.5560150146484375,-0.1332142502069473,-0.6161822080612183,-0.3028794527053833
507,0.8392,0.8847,0,1,0.564788818359375,0.61224365234375,-0.6234588623046875,0.190597116947174,-0.5158175230026245,-0.1441641002893448
508,0.8221,0.7922,0,1,0.539764404296875,0.5359954833984375,-0.6739959716796875,0.5058085918426514,-0.3849197328090668,-0.0251176040619611
509,0.8189,0.7429,0,1,0.5262451171875,0.4927520751953125,-0.715423583984375,0.7993062734603882,-0.0009869674686342,-0.0270057842135429
510,0.8296,0.7254,0,1,0.590240478515625,0.4677734375,-0.717681884765625,0.9622443318367004,0.5918007493019104,-0.0662011206150055
511,0.852,0.7302,0,1,0.7025909423828125,0.378570556640625,-0.6909637451171875,0.9648797512054444,1.0149937868118286,-0.0986645221710205
512,0.8833,0.7522,0,1,0.9399261474609376,0.272064208984375,-0.6717376708984375,0.7954462766647339,0.8082065582275391,-0.0724619477987289
513,0.9203,0.7884,0,1,1.1159515380859375,0.143524169921875,-0.7422332763671875,0.3868558406829834,0.1627503037452697,0.0412017665803432
514,0.9613,0.834,0,1,1.2595062255859375,0.18048095703125,-0.8323211669921875,0.1156767979264259,0.2442507594823837,0.4063682854175567
515,1.0066,0.8801,0,1,1.6375274658203125,0.4969024658203125,-0.447784423828125,-0.2004763782024383,0.7897790670394897,1.345721960067749
516,1.0588,0.9199,0,1,1.7618865966796875,0.7946014404296875,0.4035797119140625,-0.7401630282402039,-0.7661792039871216,1.9881421327590945
517,1.1209,0.957,0,1,0.3237762451171875,0.771270751953125,0.1151885986328125,-1.027588963508606,-2.868460893630981,0.2402962297201156
518,1.1925,1.0071,0,1,-0.3014984130859375,0.614013671875,-0.8347015380859375,-2.2938716411590576,-1.9389299154281616,-0.9025442004203796
519,1.2658,1.0932,0,1,0.0548553466796875,0.324554443359375,0.354461669921875,-3.846153974533081,-2.506676197052002,-1.5221235752105713
520,1.3274,1.2388,0,1,0.661376953125,0.6448822021484375,-0.0586700439453125,-3.070183515548706,-1.544118046760559,-1.1163382530212402
521,1.3644,1.4594,0,1,0.957611083984375,1.0913848876953125,-0.4310760498046875,-1.447402000427246,-1.0715843439102173,-0.6890079975128174
522,1.3712,1.7483,0,1,0.7790679931640625,1.310699462890625,-0.020050048828125,-1.1125938892364502,-0.909843683242798,-0.7797208428382874
523,1.3522,2.0721,0,1,0.65093994140625,1.1959381103515625,-0.1370697021484375,-1.1711394786834717,-0.682171106338501,-0.6676251888275146
524,1.3182,2.3809,0,1,0.5000457763671875,0.9890289306640624,-0.14727783203125,-1.1347393989562988,-0.107020191848278,-0.4466078579425812
525,1.2799,2.6251,0,1,0.3077850341796875,0.9686737060546876,-0.0854339599609375,-1.079445719718933,0.5959760546684265,-0.4139849245548248
526,1.2439,2.7688,0,1,0.30938720703125,0.8468170166015625,-0.189483642578125,-0.934499204158783,0.9503162503242492,-0.2663014531135559
527,1.2121,2.7956,0,1,0.46630859375,0.8574371337890625,-0.229278564453125,-0.6041215658187866,1.4023852348327637,0.2702852785587311
528,1.1836,2.7108,0,1,0.498199462890625,0.873565673828125,-0.256591796875,-0.3311680853366852,1.8148270845413208,0.6445316076278687
529,1.1569,2.5381,0,1,0.4742889404296875,0.89068603515625,-0.257843017578125,-0.1422932296991348,1.88059675693512,0.7090072631835938
530,1.1312,2.3133,0,1,0.45050048828125,0.893646240234375,-0.157257080078125,-0.1570711135864257,1.5411076545715332,0.479424387216568
531,1.1066,2.074,0,1,0.5056304931640625,0.8683624267578125,-0.1125030517578125,-0.2975121140480041,1.1450871229171753,0.1742887049913406
532,1.0836,1.8499,0,1,0.5898590087890625,0.8219757080078125,-0.0268096923828125,-0.5016215443611145,0.7609878778457642,0.0059020975604653
533,1.0628,1.6571,0,1,0.6715545654296875,0.7602081298828125,0.0059051513671875,-0.6274340748786926,0.3597523272037506,0.0389260947704315
534,1.0447,1.499,0,1,0.730712890625,0.70220947265625,-0.038238525390625,-0.6274340748786926,0.3597523272037506,0.0389260947704315
535,1.0298,1.3704,0,1,0.7436370849609375,0.6451416015625,-0.1370086669921875,-0.4130980968475342,0.1143204495310783,0.03254010155797
536,1.0182,1.2618,0,1,0.7111663818359375,0.637054443359375,-0.164093017578125,-0.350309818983078,0.2441152036190033,-0.2771961987018585
537,1.0097,1.1636,0,1,0.7279205322265625,0.7297210693359375,-0.1116943359375,-0.5375790596008301,0.0396123901009559,-0.2245457619428634
538,1.0039,1.0688,0,1,0.67431640625,0.7494964599609375,-0.06170654296875,-0.7912131547927856,-0.3931401073932647,-0.1071429625153541
539,1.0003,0.9759,0,1,0.598175048828125,0.734130859375,-0.034332275390625,-0.949876606464386,-0.6883491277694702,-0.1190781891345977
540,0.9984,0.8896,0,1,0.5490875244140625,0.7357025146484375,-0.0687408447265625,-0.9417536854743958,-0.7556192278862,-0.1329849511384964
541,0.9972,0.8189,0,1,0.5371246337890625,0.746673583984375,-0.1300048828125,-0.7493464350700378,-0.6467928886413574,-0.1796541810035705
542,0.9955,0.7718,0,1,0.581207275390625,0.804443359375,-0.1561431884765625,-0.4714647233486175,-0.4449865221977234,-0.1268767267465591
543,0.9925,0.7507,0,1,0.6331787109375,0.81982421875,-0.1038818359375,-0.2390392124652862,-0.2363092005252838,-0.0069487197324633
544,0.9886,0.7503,0,1,0.6716461181640625,0.763092041015625,-0.0717926025390625,-0.0939720347523689,-0.0140665508806705,0.0708275660872459
545,0.9847,0.7584,0,1,0.6966552734375,0.7085418701171875,-0.074920654296875,-0.0199220422655344,0.1874444633722305,0.1444695591926574
546,0.982,0.7613,0,1,0.6930999755859375,0.688323974609375,-0.1411590576171875,0.0944242402911186,0.2838777899742126,0.192396879196167
547,0.9809,0.7484,0,1,0.6851959228515625,0.7057037353515625,-0.2231597900390625,0.3089232146739959,0.1257653832435608,0.2583460509777069
548,0.9816,0.7158,0,1,0.666046142578125,0.7501373291015625,-0.2799224853515625,0.512492835521698,-0.094679906964302,0.3411871492862701
549,0.984,0.6663,0,1,0.655303955078125,0.7921295166015625,-0.2163238525390625,0.5124643445014954,-0.1634203493595123,0.382292240858078
550,0.988,0.608,0,1,0.610198974609375,0.77752685546875,-0.126312255859375,0.3522227704524994,-0.2858618497848511,0.3723235130310058
551,0.9934,0.5506,0,1,0.559234619140625,0.7540130615234375,-0.0481719970703125,0.3522227704524994,-0.2858618497848511,0.3723235130310058
552,0.9993,0.5025,0,1,0.624176025390625,0.7600555419921875,0.0082550048828125,-0.0837122052907943,-0.659461259841919,0.2799030244350433
553,1.0046,0.4699,0,1,0.727386474609375,0.7855987548828125,0.049285888671875,-0.242609441280365,-0.5838344097137451,0.3306831121444702
554,1.0087,0.456,0,1,0.8708953857421875,0.8273162841796875,0.0824127197265625,-0.2360444813966751,-0.6014869213104248,0.3673455119132995
555,1.0125,0.4616,0,1,1.0573883056640625,0.841827392578125,-0.006378173828125,-0.0247452929615974,-0.6539602279663086,0.544617772102356
556,1.0185,0.4856,0,1,1.085906982421875,0.708404541015625,-0.2030181884765625,0.4524566829204559,-0.7762746810913086,0.7324649095535278
557,1.0298,0.5263,0,1,0.857452392578125,0.51922607421875,-0.27886962890625,0.6956584453582764,-0.6312770247459412,0.6786789298057556
558,1.0478,0.5824,0,1,0.6277923583984375,0.607757568359375,-0.2646331787109375,0.4140754640102386,-0.4022617042064667,0.6774469017982483
559,1.0705,0.6512,0,1,0.4644927978515625,0.7596435546875,-0.2418670654296875,0.032232504338026,-0.8657726049423218,0.677689790725708
560,1.0928,0.7285,0,1,0.375152587890625,0.8166656494140625,-0.205902099609375,-0.2471655756235122,-1.3234307765960691,0.4635956287384033
561,1.1092,0.8102,0,1,0.3958587646484375,0.8109588623046875,-0.2531280517578125,-0.2768395841121673,-1.3821417093276978,0.3265626728534698
562,1.1156,0.8936,0,1,0.52679443359375,0.8020477294921875,-0.347503662109375,0.0788106620311737,-1.0671110153198242,0.4407353103160858
563,1.1108,0.9765,0,1,0.6725311279296875,0.7476959228515625,-0.4103240966796875,0.6596412658691406,-0.519881010055542,0.5539020895957947
564,1.0964,1.055,0,1,0.842193603515625,0.661346435546875,-0.3602294921875,0.6596412658691406,-0.519881010055542,0.5539020895957947
565,1.0764,1.1231,0,1,0.966033935546875,0.590606689453125,-0.3058624267578125,0.7438123822212219,0.8146998286247253,0.766078531742096
566,1.0558,1.1763,0,1,0.9757080078125,0.5122222900390625,-0.22900390625,0.4193016588687897,0.7620840668678284,0.9212468266487122
567,1.0393,1.2131,0,1,0.8904571533203125,0.45623779296875,-0.14794921875,0.1567746996879577,0.0940641835331916,0.9323857426643372
568,1.0294,1.2338,0,1,0.781890869140625,0.4423065185546875,-0.1082763671875,-0.1623074114322662,-0.5146244764328003,0.832947313785553
569,1.0259,1.2392,0,1,0.654510498046875,0.444091796875,-0.18701171875,-0.4263369441032409,-0.4800752699375152,0.5979238748550415
570,1.0258,1.2296,0,1,0.603759765625,0.533294677734375,-0.241912841796875,-0.6268367171287537,-0.3999367654323578,0.5092927813529968
571,1.0251,1.2059,0,1,0.6250762939453125,0.6158905029296875,-0.2890167236328125,-0.7173171043395996,-0.5679385662078857,0.5699723958969116
572,1.0203,1.1708,0,1,0.5821075439453125,0.61358642578125,-0.346435546875,-0.6595523357391357,-0.5979686379432678,0.502770185470581
573,1.01,1.1285,0,1,0.5682525634765625,0.5311737060546875,-0.309112548828125,-0.6063863039016724,-0.5189976096153259,0.3109072744846344
574,0.9943,1.0839,0,1,0.6277923583984375,0.475799560546875,-0.3002166748046875,-0.6332176923751831,-0.4516907632350921,0.2230104506015777
575,0.9741,1.0401,0,1,0.6786956787109375,0.468780517578125,-0.3103790283203125,-0.6965751051902771,-0.2799605429172516,0.2067800760269165
576,0.951,0.9989,0,1,0.6810302734375,0.4645538330078125,-0.2659912109375,-0.8280380368232727,-0.1556580364704132,0.1442418694496154
577,0.9271,0.9609,0,1,0.6809234619140625,0.5072479248046875,-0.256317138671875,-0.9757699370384216,-0.1058398783206939,0.1123451814055442
578,0.9043,0.9274,0,1,0.660064697265625,0.5173492431640625,-0.2590789794921875,-1.0775821208953855,-0.1537014096975326,0.0803907141089439
579,0.8846,0.9009,0,1,0.6316070556640625,0.5014801025390625,-0.2563018798828125,-1.1459264755249023,-0.2796646654605865,0.0067460532300174
580,0.8691,0.8848,0,1,0.6345367431640625,0.4884490966796875,-0.2495880126953125,-1.212729811668396,-0.379188597202301,-0.059792760759592
581,0.858,0.8827,0,1,0.6585235595703125,0.4770660400390625,-0.247711181640625,-1.3135511875152588,-0.4556732475757599,-0.1199213415384292
582,0.8512,0.8975,0,1,0.7545928955078125,0.4717254638671875,-0.3249359130859375,-1.4192874431610107,-0.51083904504776,-0.0590073950588703
583,0.8482,0.9311,0,1,0.822174072265625,0.4713287353515625,-0.442718505859375,-1.4168373346328735,-0.56382155418396,0.0497031062841415
584,0.8496,0.9834,0,1,0.915008544921875,0.4407196044921875,-0.5023956298828125,-1.3046034574508667,-0.5767741203308105,0.1161210164427757
585,0.8567,1.052,0,1,1.045013427734375,0.450775146484375,-0.5331878662109375,-1.1141960620880127,-0.3969859778881073,0.214603915810585
586,0.8717,1.1304,0,1,1.119415283203125,0.48638916015625,-0.458831787109375,-0.7712799310684204,0.1521482616662979,0.6124663352966309
587,0.8967,1.2092,0,1,1.083587646484375,0.4536895751953125,-0.1798553466796875,-0.5571908354759216,0.4830383062362671,1.0181547403335571
588,0.9322,1.2783,0,1,0.872955322265625,0.4615631103515625,0.333892822265625,-1.071483492851257,-0.1514132171869278,0.9291603565216064
589,0.9763,1.3307,0,1,0.9937744140625,0.574615478515625,-0.0270843505859375,-1.1095032691955566,-0.6178693175315857,0.6949577331542969
590,1.0248,1.3654,0,1,0.5457916259765625,0.93145751953125,-0.972930908203125,0.2831648588180542,-2.106208324432373,-0.1903843283653259
591,1.0736,1.3874,0,1,0.4799346923828125,0.944854736328125,-0.163818359375,-1.5127111673355105,-0.8181982040405273,-0.5895887017250061
592,1.1193,1.4069,0,1,0.424407958984375,0.7417144775390625,0.4084930419921875,-2.922569274902344,-0.9575278162956238,-1.0459288358688354
593,1.1582,1.4389,0,1,0.56011962890625,0.7455291748046875,0.1605224609375,-2.923884868621826,-0.5500215888023376,-1.288414716720581
594,1.1861,1.4999,0,1,0.8521575927734375,0.8183746337890625,-0.01934814453125,-2.061239004135132,-0.2416565716266632,-0.749565601348877
595,1.2002,1.6004,0,1,0.8040313720703125,0.80804443359375,0.00262451171875,-0.831819474697113,-1.0385364294052124,-0.1381064802408218
596,1.2005,1.7349,0,1,0.58984375,0.8130035400390625,0.1296844482421875,-0.2557694613933563,-1.501895546913147,0.0134947700425982
597,1.1893,1.8817,0,1,0.52032470703125,0.7991790771484375,0.1453399658203125,-0.2774835526943207,-1.033407211303711,0.0653563663363456
598,1.1696,2.0116,0,1,0.522308349609375,0.832183837890625,0.108917236328125,-0.5503236055374146,-0.2303924560546875,0.0169307794421911
599,1.1438,2.0963,0,1,0.6400299072265625,0.8620147705078125,-0.010498046875,-0.6955683827400208,0.3075674176216125,-0.0257759373635053
600,1.1149,2.1143,0,1,0.800933837890625,0.874755859375,-0.0802001953125,-0.6781052350997925,0.2597413063049316,-0.1651825606822967
601,1.0867,2.0562,0,1,0.8291015625,0.9143829345703124,0.04864501953125,-0.7341115474700928,-0.1923539936542511,-0.1185490190982818
602,1.0632,1.9265,0,1,0.813262939453125,0.7918243408203125,0.01531982421875,-0.7539105415344238,-0.7096086144447327,-0.3133437931537628
603,1.0481,1.7419,0,1,0.8170623779296875,0.73333740234375,0.0097198486328125,-0.829738438129425,-0.8123128414154053,-0.3272486925125122
604,1.0429,1.5279,0,1,0.72772216796875,0.7257080078125,0.0273590087890625,-0.9838252067565918,-0.8303451538085938,-0.2819768190383911
605,1.0466,1.3134,0,1,0.688751220703125,0.7418975830078125,0.004364013671875,-1.0620124340057373,-0.883449375629425,-0.361182689666748
606,1.0563,1.1257,0,1,0.705108642578125,0.7848663330078125,-0.0001983642578125,-1.092585802078247,-1.0284379720687866,-0.3878689110279083
607,1.0682,0.9858,0,1,0.7345123291015625,0.81072998046875,0.021209716796875,-1.1462548971176147,-1.3154103755950928,-0.3446039855480194
608,1.0793,0.9074,0,1,0.72723388671875,0.814697265625,0.034210205078125,-1.262589693069458,-1.6153461933135986,-0.2765620946884155
609,1.0879,0.8967,0,1,0.644805908203125,0.7900543212890625,-0.0462493896484375,-1.2974960803985596,-1.7413440942764282,-0.2459684908390045
610,1.093,0.9528,0,1,0.5475616455078125,0.755889892578125,-0.1818695068359375,-1.1183319091796875,-1.6812744140625,-0.3064661920070648
611,1.0938,1.0683,0,1,0.5417938232421875,0.746307373046875,-0.0324554443359375,-1.0896387100219729,-1.7985330820083618,-0.3314554393291473
612,1.0895,1.2296,0,1,0.614288330078125,0.788726806640625,0.1300048828125,-1.2761188745498655,-1.937142372131348,-0.2367366403341293
613,1.08,1.4193,0,1,0.6506805419921875,0.8122406005859375,0.1220703125,-1.4270915985107422,-1.709828495979309,-0.0781294256448745
614,1.0661,1.6194,0,1,0.6165924072265625,0.78558349609375,0.0741119384765625,-1.448861837387085,-1.1569589376449585,-0.0058187404647469
615,1.0498,1.8119,0,1,0.572509765625,0.7587432861328125,0.0333251953125,-1.448861837387085,-1.1569589376449585,-0.0058187404647469
616,1.0328,1.9793,0,1,0.5003662109375,0.7636566162109375,-0.0443878173828125,-1.201162576675415,-0.4079872071743011,-0.155127540230751
617,1.0163,2.1055,0,1,0.4838104248046875,0.8198394775390625,-0.09478759765625,-1.023317813873291,-0.519287645816803,-0.2332220673561096
618,1.0011,2.177,0,1,0.508941650390625,0.8535919189453125,-0.052734375,-0.9479258060455322,-0.7477256059646606,-0.2026146203279495
619,0.9876,2.1862,0,1,0.5185394287109375,0.836212158203125,-0.0569915771484375,-0.9391956925392152,-0.8083010911941528,-0.205381378531456
620,0.9763,2.1335,0,1,0.50445556640625,0.8075408935546875,-0.0975341796875,-0.930014193058014,-0.6906330585479736,-0.3031036853790283
621,0.9679,2.0277,0,1,0.5546417236328125,0.7858734130859375,-0.13671875,-0.8388683199882507,-0.5560547113418579,-0.2987078726291656
622,0.9623,1.8828,0,1,0.596527099609375,0.7510223388671875,-0.2011566162109375,-0.6128900051116943,-0.3965407013893127,-0.2370831221342086
623,0.9595,1.7136,0,1,0.640411376953125,0.7223968505859375,-0.237640380859375,-0.331857830286026,-0.1957524567842483,-0.1494142562150955
624,0.9591,1.5323,0,1,0.6548919677734375,0.722686767578125,-0.1925506591796875,-0.1994912773370742,0.0705181062221527,-0.0801984295248985
625,0.9608,1.347,0,1,0.624908447265625,0.7455291748046875,-0.163787841796875,-0.1653660535812378,0.1382146030664444,-0.0733836665749549
626,0.9642,1.162,0,1,0.5826873779296875,0.7576904296875,-0.1544342041015625,-0.1048137620091438,-0.1319913268089294,-0.0461078397929668
627,0.9686,0.981,0,1,0.5989227294921875,0.7613372802734375,-0.142364501953125,-0.0535588338971138,-0.4457817375659942,0.0967007130384445
628,0.9734,0.8091,0,1,0.6403045654296875,0.7713165283203125,-0.1485443115234375,0.0928116962313652,-0.5475237965583801,0.1698209941387176
629,0.9781,0.6537,0,1,0.7675018310546875,0.779022216796875,-0.1190338134765625,0.405189573764801,-0.6251834630966187,0.2657949328422546
630,0.9829,0.5245,0,1,0.8584747314453125,0.783355712890625,0.0807952880859375,0.5983806252479553,-1.0274150371551514,0.4287588000297546
631,0.9889,0.4327,0,1,0.8536529541015625,0.7507781982421875,0.2036895751953125,0.5395585894584656,-1.6098462343215942,0.4857131838798523
632,0.9974,0.3899,0,1,0.6770172119140625,0.616180419921875,0.118438720703125,0.2361238449811935,-1.3792271614074707,0.3801864683628082
633,1.0087,0.4041,0,1,0.579833984375,0.6330718994140625,-0.0160369873046875,-0.217631921172142,-0.4984894096851349,0.3727687895298004
634,1.0208,0.4731,0,1,0.6228179931640625,0.7024078369140625,-0.16497802734375,-0.3049564361572265,-0.0082579301670193,0.3538733720779419
635,1.0309,0.5816,0,1,0.7662506103515625,0.729583740234375,-0.2711944580078125,0.1487617790699005,-0.3940991163253784,0.498401790857315
636,1.0369,0.7065,0,1,0.8361053466796875,0.767547607421875,-0.312835693359375,0.9475066065788268,-0.7474478483200073,0.7850703001022339
637,1.0391,0.8277,0,1,0.83477783203125,0.7429351806640625,-0.30206298828125,1.347608208656311,-0.1085709482431411,1.0027134418487549
638,1.0396,0.9353,0,1,0.85565185546875,0.690460205078125,-0.313934326171875,1.263917326927185,0.828910231590271,1.183996081352234
639,1.0412,1.0298,0,1,0.895233154296875,0.6308135986328125,-0.273223876953125,0.9124743342399596,0.5340801477432251,1.3738560676574707
640,1.0457,1.1173,0,1,0.8793487548828125,0.6026458740234375,-0.2192230224609375,0.6483622789382935,-0.0759983584284782,1.4182552099227903
641,1.0537,1.2031,0,1,0.8831329345703125,0.6164093017578125,-0.1593017578125,0.2972740232944488,-0.7473980188369751,1.2994425296783447
642,1.0645,1.2887,0,1,0.846588134765625,0.6269073486328125,-0.085601806640625,-0.353036880493164,-1.479214429855347,1.1699261665344238
643,1.0765,1.3733,0,1,0.7604217529296875,0.6831207275390625,-0.18927001953125,-0.7156587839126587,-1.3284881114959717,1.040843486785889
644,1.0875,1.4553,0,1,0.494049072265625,0.7575225830078125,-0.1235504150390625,-0.852441132068634,-1.2599852085113523,0.8054027557373047
645,1.0951,1.5331,0,1,0.3762054443359375,0.7713470458984375,-0.011871337890625,-0.9001287221908569,-1.2819594144821167,0.4995738565921783
646,1.0967,1.604,0,1,0.424896240234375,0.751800537109375,0.0406036376953125,-0.9591281414031982,-1.054365158081055,0.432129830121994
647,1.0901,1.6631,0,1,0.5792083740234375,0.69818115234375,-0.1551361083984375,-0.7713587880134583,-0.1655974835157394,0.6065613031387329
648,1.0745,1.7041,0,1,0.6694488525390625,0.611083984375,-0.247802734375,-0.5544427037239075,0.674322247505188,0.6964517831802368
649,1.0511,1.7195,0,1,0.7113800048828125,0.5851898193359375,-0.22991943359375,-0.5544427037239075,0.674322247505188,0.6964517831802368
650,1.0225,1.7045,0,1,0.717864990234375,0.5592803955078125,-0.196807861328125,-0.8194589018821716,0.1346486210823059,0.5230506658554077
651,0.9923,1.6584,0,1,0.745361328125,0.5213623046875,-0.1782684326171875,-1.3792575597763062,-0.4070234298706054,0.3373090624809265
652,0.9636,1.5871,0,1,0.7198486328125,0.491363525390625,-0.16265869140625,-1.8111436367034912,-0.9370175004005432,0.19915172457695
653,0.9388,1.5039,0,1,0.6483001708984375,0.4817352294921875,-0.151702880859375,-1.909924030303955,-1.2606738805770874,0.0657595694065094
654,0.9187,1.4286,0,1,0.5998687744140625,0.494873046875,-0.144805908203125,-1.838733792304993,-1.2957559823989868,-0.0538387298583984
655,0.9029,1.3813,0,1,0.5993499755859375,0.5232086181640625,-0.18084716796875,-1.6335760354995728,-1.207058310508728,-0.0437815673649311
656,0.8902,1.3757,0,1,0.571136474609375,0.57037353515625,-0.2900238037109375,-1.2428919076919556,-1.1151225566864014,0.0114513263106346
657,0.8794,1.414,0,1,0.5683441162109375,0.5727386474609375,-0.4857940673828125,-0.7493655681610107,-1.2721811532974243,0.1442437320947647
658,0.8704,1.4863,0,1,0.681182861328125,0.5179901123046875,-0.6269073486328125,-0.3286633789539337,-0.8703306317329407,0.3059772253036499
659,0.8643,1.573,0,1,0.808380126953125,0.407135009765625,-0.5557098388671875,-0.0893961936235427,0.2606790065765381,0.3540262579917907
660,0.8634,1.6495,0,1,0.951904296875,0.4246826171875,-0.4149932861328125,0.2952375113964081,1.1550683975219729,0.592957615852356
661,0.8698,1.6948,0,1,1.0327606201171875,0.4610443115234375,-0.0259246826171875,0.3278801441192627,1.6623523235321045,0.9658108353614808
662,0.8852,1.7004,0,1,0.747589111328125,0.585845947265625,0.8101043701171875,-1.0396299362182615,1.246671199798584,0.280788779258728
663,0.9101,1.6723,0,1,1.0981292724609375,0.869964599609375,-0.28070068359375,-0.6446352005004883,1.8451026678085327,-0.2768094837665558
664,0.9452,1.6244,0,1,1.06146240234375,0.8487701416015625,-0.4503936767578125,0.2499882727861404,-0.6876164674758911,-0.0127437580376863
665,0.9901,1.5702,0,1,0.6496734619140625,0.4818115234375,-0.1604156494140625,-0.8699356913566589,-1.7531524896621704,0.1689125895500183
666,1.0419,1.5197,0,1,0.4470977783203125,0.532012939453125,-0.1260223388671875,-1.7786810398101809,-1.431718111038208,-0.3110060691833496
667,1.093,1.4824,0,1,0.647216796875,0.772735595703125,-0.061126708984375,-1.8715705871582031,-1.0858309268951416,-0.6947510838508606
668,1.1343,1.4693,0,1,0.7136077880859375,0.8918304443359375,0.0911407470703125,-1.8641536235809328,-0.8067721724510193,-0.7195959687232971
669,1.1598,1.4884,0,1,0.69989013671875,0.9179534912109376,0.0836334228515625,-1.5965834856033323,-0.3222938776016235,-0.6684646010398865
670,1.1684,1.54,0,1,0.5972137451171875,0.8959503173828125,0.18975830078125,-1.2927335500717163,-0.0571367889642715,-0.7036590576171875
671,1.1632,1.6148,0,1,0.701385498046875,0.9664154052734376,0.14422607421875,-0.8793350458145142,-0.3294407427310943,-0.4434674382209778
672,1.1491,1.6951,0,1,0.6563568115234375,1.041107177734375,-0.003326416015625,-0.2856684923171997,-0.7348660230636597,-0.2485365718603134
673,1.1319,1.7596,0,1,0.681884765625,1.043670654296875,0.0128173828125,-0.0566558204591274,-0.605815052986145,-0.2198029309511184
674,1.1168,1.7878,0,1,0.7137908935546875,0.9980316162109376,-0.0221099853515625,-0.0467161051928997,-0.4298799932003021,-0.3038861155509949
675,1.1079,1.7655,0,1,0.6968231201171875,0.8782196044921875,-0.0357208251953125,-0.20362289249897,-0.4456906616687774,-0.4058249890804291
676,1.1068,1.6878,0,1,0.63140869140625,0.76239013671875,-0.03314208984375,-0.5423410534858704,-0.477028340101242,-0.5317317843437195
677,1.1121,1.5607,0,1,0.6246795654296875,0.7548828125,-0.0844268798828125,-0.7181426882743835,-0.3759640455245971,-0.6122477054595947
678,1.1203,1.3998,0,1,0.6295623779296875,0.758941650390625,-0.049072265625,-0.6727288961410522,-0.4413768649101257,-0.6040142774581909
679,1.1271,1.2264,0,1,0.6441650390625,0.741058349609375,0.0524139404296875,-0.6314565539360046,-0.7433441877365112,-0.5709441900253296
680,1.1289,1.0626,0,1,0.6692962646484375,0.706817626953125,0.111602783203125,-0.6691080331802368,-1.0203256607055664,-0.525258481502533
681,1.1237,0.9276,0,1,0.72161865234375,0.68035888671875,0.0988616943359375,-0.732607901096344,-1.0480319261550903,-0.4713291823863983
682,1.1112,0.8355,0,1,0.763275146484375,0.6646728515625,0.0241851806640625,-0.732607901096344,-1.0480319261550903,-0.4713291823863983
683,1.0928,0.7934,0,1,0.7445526123046875,0.6989288330078125,-0.0576629638671875,-0.7800065875053406,-0.7039312720298767,-0.3739557564258575
684,1.0708,0.7999,0,1,0.7059326171875,0.75201416015625,-0.03692626953125,-0.7648534774780273,-0.2332178056240081,-0.1758202910423278
685,1.0481,0.8452,0,1,0.652313232421875,0.7839508056640625,-0.058074951171875,-0.7574940919876099,-0.4498542547225952,-0.1849384307861328
686,1.0273,0.9134,0,1,0.625518798828125,0.8196563720703125,-0.031585693359375,-0.9073365926742554,-0.6030909419059753,-0.2606401145458221
687,1.0105,0.9883,0,1,0.61346435546875,0.83221435546875,0.0319061279296875,-1.155226230621338,-0.8324399590492249,-0.3517396748065948
688,0.9989,1.0588,0,1,0.5815887451171875,0.8179168701171875,-0.0311431884765625,-1.2983077764511108,-0.9094194173812866,-0.3549351990222931
689,0.9927,1.121,0,1,0.5285491943359375,0.7799530029296875,-0.0671539306640625,-1.2597324848175049,-0.9569630026817322,-0.3561378717422485
690,0.9911,1.1763,0,1,0.5230255126953125,0.7734527587890625,-0.0566253662109375,-1.1615808010101318,-0.9525264501571656,-0.3221697807312011
691,0.9922,1.2281,0,1,0.5311126708984375,0.77239990234375,-0.0374908447265625,-1.0752241611480713,-0.7419713139533997,-0.2918733954429626
692,0.994,1.2782,0,1,0.5420989990234375,0.770965576171875,-0.0331268310546875,-1.0752241611480713,-0.7419713139533997,-0.2918733954429626
693,0.9946,1.3252,0,1,0.5021820068359375,0.7621612548828125,-0.08709716796875,-0.7914464473724365,-0.1702854484319687,-0.2296720743179321
694,0.9928,1.3639,0,1,0.4481201171875,0.7815093994140625,-0.192291259765625,-0.5117599368095398,0.1750754117965698,-0.3106193840503692
695,0.9883,1.3861,0,1,0.5432586669921875,0.8302154541015625,-0.0927581787109375,-0.3554731607437134,0.2558016777038574,-0.2466982007026672
696,0.9812,1.3822,0,1,0.672393798828125,0.793212890625,0.0520172119140625,-0.331224262714386,0.0353212393820285,-0.1758884787559509
697,0.9731,1.3447,0,1,0.7112274169921875,0.76251220703125,0.106536865234375,-0.393160343170166,-0.2466438710689544,-0.1554630994796753
698,0.966,1.2714,0,1,0.691558837890625,0.7147979736328125,0.065093994140625,-0.4982167184352875,-0.2285692542791366,-0.1592903286218643
699,0.9617,1.1661,0,1,0.6708221435546875,0.6714935302734375,-0.006591796875,-0.5783137083053589,0.1167034432291984,-0.1307031512260437
700,0.9609,1.0389,0,1,0.6518707275390625,0.7253265380859375,-0.0382080078125,-0.4993405640125274,0.0946207791566848,-0.0041252365335822
701,0.9631,0.9024,0,1,0.597686767578125,0.729736328125,-0.0973663330078125,-0.1948922574520111,-0.2685153484344482,0.0750534683465957
702,0.9673,0.7687,0,1,0.5817108154296875,0.77178955078125,-0.1046600341796875,-0.0175965707749128,-0.1279837936162948,0.1845623850822448
703,0.9721,0.6462,0,1,0.6340484619140625,0.8243560791015625,-0.049652099609375,0.1103336960077285,0.0768638849258422,0.2369124144315719
704,0.977,0.5401,0,1,0.776824951171875,0.8142242431640625,0.0157623291015625,0.3374169170856476,-0.1377496123313903,0.3344954252243042
705,0.982,0.4537,0,1,0.8720245361328125,0.783966064453125,0.127471923828125,0.5633432269096375,-0.8272300362586975,0.5795350074768066
706,0.9886,0.3923,0,1,0.8887481689453125,0.6928253173828125,0.1494293212890625,0.6947795748710632,-1.329673409461975,0.8239282369613647
707,0.9982,0.3652,0,1,0.872833251953125,0.5890655517578125,0.0701446533203125,0.6947795748710632,-1.329673409461975,0.8239282369613647
708,1.0115,0.3829,0,1,0.8694000244140625,0.518646240234375,-0.0693206787109375,0.7933748364448547,0.0205793101340532,1.1229058504104614
709,1.0275,0.4525,0,1,0.8825225830078125,0.5422821044921875,-0.4633941650390625,1.5466872453689575,1.0620100498199463,1.4286881685256958
710,1.0448,0.5756,0,1,0.865203857421875,0.750946044921875,-0.768218994140625,2.880305528640747,1.1340712308883667,1.7809468507766724
711,1.0627,0.7537,0,1,0.7518768310546875,0.8750152587890625,-0.5030670166015625,3.0348024368286133,0.7402415871620178,1.8230384588241575
712,1.0819,0.9893,0,1,0.6950531005859375,0.882720947265625,-0.0535736083984375,1.8295857906341555,-0.2013653367757797,1.650978446006775
713,1.1027,1.2778,0,1,0.5706024169921875,0.7767791748046875,0.0897216796875,0.876288115978241,-0.9660771489143372,1.1359199285507202
714,1.1237,1.5984,0,1,0.6318206787109375,0.7683563232421875,0.0583953857421875,0.3217884302139282,-1.2771873474121094,0.6659721732139587
715,1.1414,1.9155,0,1,0.7080841064453125,0.7302398681640625,-0.0825653076171875,0.1863376498222351,-1.5174106359481812,0.4863379597663879
716,1.1524,2.1893,0,1,0.77349853515625,0.6702117919921875,-0.2542724609375,0.3694640696048736,-1.3374708890914917,0.3982845246791839
717,1.1548,2.3866,0,1,0.867462158203125,0.6048736572265625,-0.3686981201171875,0.514131486415863,-0.3687319457530975,0.4417305290699005
718,1.1486,2.4861,0,1,0.7817535400390625,0.473236083984375,-0.2090301513671875,0.2765386402606964,0.2920297384262085,0.4436565339565277
719,1.135,2.4782,0,1,0.6311492919921875,0.4110565185546875,-0.063385009765625,-0.0970607697963714,-0.040166862308979,0.3565940856933594
720,1.1148,2.3646,0,1,0.477203369140625,0.3800506591796875,-0.114471435546875,-0.357668399810791,-0.5420345067977905,0.1799311488866806
721,1.0871,2.1591,0,1,0.3972320556640625,0.3690948486328125,-0.2165069580078125,-0.4730370640754699,-0.4900208413600921,-0.036072514951229
722,1.0503,1.8866,0,1,0.4441986083984375,0.3836822509765625,-0.2183990478515625,-0.5691513419151306,-0.3884534537792206,-0.193235233426094
723,1.0035,1.579,0,1,0.5587005615234375,0.4088134765625,-0.225006103515625,-0.6846997737884521,-0.5960285067558289,-0.2808737456798553
724,0.948,1.2708,0,1,0.666259765625,0.4261932373046875,-0.2642059326171875,-0.7923532724380493,-0.940098762512207,-0.3733011484146118
725,0.888,0.9945,0,1,0.749053955078125,0.434234619140625,-0.249969482421875,-0.934114933013916,-1.2838971614837646,-0.42278853058815
726,0.8298,0.7785,0,1,0.7825927734375,0.46533203125,-0.2633209228515625,-1.0574933290481567,-1.4436039924621582,-0.3607270419597626
727,0.7805,0.6436,0,1,0.7439727783203125,0.506500244140625,-0.361572265625,-1.0595711469650269,-1.1614935398101809,-0.2877968847751617
728,0.7462,0.5992,0,1,0.7137298583984375,0.550048828125,-0.4683380126953125,-0.9874154329299928,-0.5820658206939697,-0.2775618433952331
729,0.7306,0.6399,0,1,0.772491455078125,0.5814666748046875,-0.63421630859375,-0.7304379940032959,-0.1394220739603042,-0.3038504421710968
730,0.7357,0.7449,0,1,0.933685302734375,0.5250396728515625,-0.68243408203125,-0.3469616770744324,0.1564774960279464,-0.2425282150506973
731,0.7615,0.8827,0,1,1.0699005126953125,0.456817626953125,-0.5925140380859375,-0.060325127094984,-0.0474601946771144,0.0371159426867961
732,0.8069,1.0175,0,1,1.1787872314453125,0.4673919677734375,-0.7108154296875,0.303839236497879,-0.2400328367948532,0.5798711180686951
733,0.87,1.1199,0,1,1.3479461669921875,0.5829620361328125,-1.03546142578125,1.2984018325805664,0.1206427961587905,1.3515433073043823
734,0.9486,1.1774,0,1,1.2560882568359375,0.7681732177734375,-0.5681304931640625,1.3335566520690918,1.364416003227234,1.637637972831726
735,1.0402,1.1982,0,1,0.373931884765625,0.7891845703125,0.8549652099609375,-0.9090620279312134,0.3946594297885895,0.2763277292251587
736,1.1394,1.2024,0,1,0.0032958984375,0.68359375,0.494049072265625,-2.419266939163208,-1.0500788688659668,-1.0528568029403689
737,1.2357,1.2127,0,1,-0.1877288818359375,0.566619873046875,-0.5297698974609375,-1.8856996297836304,-2.597724914550781,-1.8729897737503047
738,1.3153,1.2534,0,1,0.4612274169921875,0.63067626953125,0.052734375,-1.8837329149246216,-2.5255138874053955,-1.4130759239196775
739,1.3659,1.3466,0,1,1.088775634765625,0.962127685546875,-0.2307281494140625,-1.331477165222168,-0.8354802131652832,0.0137919783592224
740,1.382,1.4988,0,1,0.8831939697265625,1.187744140625,-0.1389617919921875,-0.5891463756561279,0.1869629621505737,0.5293416380882263
741,1.3679,1.6911,0,1,0.64715576171875,1.0723419189453125,0.062347412109375,-0.5891463756561279,0.1869629621505737,0.5293416380882263
742,1.3339,1.8842,0,1,0.59356689453125,0.840850830078125,-0.1285552978515625,-0.4162978827953338,-0.0187779478728771,-0.1674782037734985
743,1.2908,2.0348,0,1,0.5173187255859375,0.79718017578125,0.0125732421875,-1.0786057710647583,0.3142023980617523,-0.1755750179290771
744,1.2456,2.1105,0,1,0.395751953125,0.9048004150390624,-0.02349853515625,-1.1629230976104736,0.5436398386955261,-0.4346835613250732
745,1.2019,2.0994,0,1,0.48004150390625,0.999969482421875,-0.051513671875,-0.8234328627586365,0.8414787650108337,-0.6708760857582092
746,1.1616,2.0097,0,1,0.6136932373046875,1.037139892578125,-0.115814208984375,-0.3418044745922088,1.1319955587387085,-0.5110126733779907
747,1.1268,1.8632,0,1,0.6850128173828125,0.9923858642578124,-0.1222381591796875,0.0687625557184219,1.2179807424545288,-0.1770104616880417
748,1.1,1.6868,0,1,0.6202545166015625,0.860321044921875,-0.096893310546875,0.2854799330234527,1.2960795164108276,-0.1181740462779998
749,1.0825,1.5064,0,1,0.5875244140625,0.7422637939453125,-0.0033416748046875,0.2120725810527801,1.2626041173934937,-0.2418459206819534
750,1.0737,1.3434,0,1,0.6218414306640625,0.6818084716796875,0.0866241455078125,-0.0148497857153415,0.9326360821723938,-0.3372983932495117
751,1.0706,1.2115,0,1,0.6596832275390625,0.67010498046875,0.1051177978515625,-0.2750547230243683,0.6139100193977356,-0.4086074829101562
752,1.0692,1.1151,0,1,0.773040771484375,0.7160491943359375,0.061065673828125,-0.3785816729068756,0.4850492477416992,-0.3794021904468536
753,1.0666,1.05,0,1,0.8047332763671875,0.7513275146484375,0.0519256591796875,-0.3439344763755798,0.2469362765550613,-0.3730297684669494
754,1.0617,1.007,0,1,0.7667236328125,0.7389984130859375,0.0572967529296875,-0.3054392635822296,-0.1390465646982193,-0.3626985549926758
755,1.0552,0.9748,0,1,0.70977783203125,0.70513916015625,0.083404541015625,-0.4133439064025879,-0.5301304459571838,-0.2360548675060272
756,1.0483,0.9441,0,1,0.6380615234375,0.6901092529296875,0.04364013671875,-0.5427088141441345,-0.7363693714141846,-0.1177295595407486
757,1.0413,0.9104,0,1,0.61102294921875,0.7225494384765625,0.0004425048828125,-0.6212126612663269,-0.7015905976295471,-0.0816554501652717
758,1.0342,0.8745,0,1,0.6221160888671875,0.7744140625,0.000762939453125,-0.6212126612663269,-0.7015905976295471,-0.0816554501652717
759,1.0264,0.8407,0,1,0.6219024658203125,0.8144989013671875,-0.0084075927734375,-0.6589520573616028,-0.5622023344039917,-0.1930767744779586
760,1.0182,0.8135,0,1,0.5960845947265625,0.8308258056640625,-0.0703125,-0.5699793100357056,-0.4681565463542938,-0.1840175092220306
761,1.0103,0.7953,0,1,0.6058502197265625,0.836151123046875,-0.0597686767578125,-0.4911766350269317,-0.2823632359504699,-0.1129238903522491
762,1.0035,0.7853,0,1,0.5695037841796875,0.7940826416015625,-0.059417724609375,-0.4088969528675079,-0.0581474602222442,-0.1278943121433258
763,0.9986,0.7793,0,1,0.5543212890625,0.790618896484375,-0.079559326171875,-0.2986482083797455,0.0660969913005828,-0.1802872121334076
764,0.9957,0.771,0,1,0.6019744873046875,0.8258819580078125,-0.047088623046875,-0.2288049459457397,0.0132630746811628,-0.1372329592704773
765,0.9944,0.754,0,1,0.6441802978515625,0.8250579833984375,-0.011322021484375,-0.2560056746006012,0.0283165927976369,-0.1095912083983421
766,0.9946,0.7238,0,1,0.6059112548828125,0.7956390380859375,-0.02239990234375,-0.3239053785800934,0.145454928278923,-0.1449609100818634
767,0.996,0.6793,0,1,0.5385589599609375,0.776519775390625,-0.06463623046875,-0.3465070724487304,0.3255615830421448,-0.2316582649946212
768,0.9982,0.6238,0,1,0.5159149169921875,0.79681396484375,-0.15924072265625,-0.247367188334465,0.527048647403717,-0.3157073557376861
769,1.0004,0.5642,0,1,0.5228729248046875,0.8484344482421875,-0.2250518798828125,-0.0371878482401371,0.6529296040534973,-0.3326208293437958
770,1.0017,0.5096,0,1,0.564056396484375,0.8125152587890625,-0.1809539794921875,0.1649058610200882,0.6932253241539001,-0.3458066582679748
771,1.002,0.4689,0,1,0.6594696044921875,0.7501220703125,-0.0734100341796875,0.3113437592983246,0.4879544973373413,-0.241763100028038
772,1.0015,0.4476,0,1,0.7022552490234375,0.7033538818359375,-0.0070343017578125,0.4228681623935699,-0.026045449078083,-0.0142569663003087
773,1.0004,0.4466,0,1,0.717254638671875,0.6743316650390625,-7.62939453125e-05,0.4228681623935699,-0.026045449078083,-0.0142569663003087
774,0.9992,0.4616,0,1,0.7852630615234375,0.679901123046875,0.0229339599609375,0.4566378593444824,-0.4225813448429107,0.2754936218261719
775,0.9981,0.4864,0,1,0.771728515625,0.654571533203125,0.1187896728515625,0.2954159379005432,-0.5221707820892334,0.3323350846767425
776,0.9974,0.5157,0,1,0.69708251953125,0.58837890625,0.1089630126953125,0.0718140006065368,-0.4895830154418945,0.3611041307449341
777,0.997,0.5457,0,1,0.6289825439453125,0.6347503662109375,0.040313720703125,-0.2138779312372207,0.1581355780363083,0.4257664978504181
778,0.9964,0.5739,0,1,0.5496063232421875,0.7766876220703125,-0.16009521484375,-0.2840897738933563,1.2025415897369385,0.3109552264213562
779,0.9947,0.6003,0,1,0.6133575439453125,0.95416259765625,-0.615936279296875,0.6347095966339111,0.984556257724762,0.345938503742218
780,0.9926,0.6289,0,1,0.6326141357421875,0.938323974609375,-0.3972320556640625,1.218248963356018,0.2857619822025299,0.4629527330398559
781,0.9927,0.6663,0,1,0.6234588623046875,0.805511474609375,-0.1888580322265625,1.1919482946395874,0.2718765139579773,0.4241510033607483
782,0.9974,0.7175,0,1,0.6876983642578125,0.738006591796875,-0.1588897705078125,1.0787924528121948,0.1638398021459579,0.4935324788093567
783,1.0073,0.7843,0,1,0.7304229736328125,0.763641357421875,-0.2426300048828125,1.1578023433685305,-0.2612142860889435,0.5780252814292908
784,1.0212,0.8645,0,1,0.778289794921875,0.82342529296875,-0.3767852783203125,1.4079464673995972,-0.6955358982086182,0.6748977303504944
785,1.0375,0.9552,0,1,0.8404541015625,0.8187255859375,-0.4127655029296875,1.570787787437439,-0.6949707865715027,0.8679052591323853
786,1.0555,1.0543,0,1,0.82965087890625,0.75885009765625,-0.348388671875,1.5244765281677246,-0.511816680431366,1.0352623462677002
787,1.075,1.1615,0,1,0.76910400390625,0.742950439453125,-0.311553955078125,1.5735300779342651,-0.5634644031524658,1.062386393547058
788,1.0952,1.2764,0,1,0.5985870361328125,0.8136138916015625,-0.3412628173828125,1.613074541091919,-0.5299208760261536,0.8759989142417908
789,1.1144,1.3961,0,1,0.4238433837890625,0.8650970458984375,-0.162689208984375,1.2729454040527344,-0.6871576309204102,0.6428652405738831
790,1.1301,1.5148,0,1,0.32763671875,0.851287841796875,-0.0044708251953125,0.7288536429405212,-1.0440236330032349,0.375862568616867
791,1.1391,1.6226,0,1,0.3610076904296875,0.8086700439453125,-0.07061767578125,0.4258269369602203,-0.9849730730056764,0.2118286341428756
792,1.1388,1.7068,0,1,0.5262451171875,0.6968536376953125,-0.3446044921875,0.6144304275512695,-0.0679920986294746,0.211855798959732
793,1.1278,1.7544,0,1,0.650177001953125,0.5862579345703125,-0.33807373046875,0.8297554850578308,0.7719308137893677,0.3061609864234924
794,1.1065,1.7566,0,1,0.6918487548828125,0.532440185546875,-0.167266845703125,0.667759120464325,0.789168119430542,0.3755970597267151
795,1.077,1.7119,0,1,0.68328857421875,0.4743499755859375,-0.101348876953125,0.1762823611497879,0.4919268488883972,0.2828913629055023
796,1.0421,1.6255,0,1,0.66522216796875,0.41180419921875,-0.1286468505859375,-0.3887205719947815,0.2328851819038391,0.0620021186769008
797,1.0041,1.5054,0,1,0.6415557861328125,0.381805419921875,-0.1821136474609375,-0.7963482737541199,-0.2392951399087906,-0.1612924933433532
798,0.9652,1.3619,0,1,0.603729248046875,0.46331787109375,-0.2579345703125,-0.9531083106994628,-0.8358714580535889,-0.2385459989309311
799,0.927,1.2095,0,1,0.5843505859375,0.51708984375,-0.308319091796875,-0.9531083106994628,-0.8358714580535889,-0.2385459989309311
800,0.8913,1.0667,0,1,0.5892486572265625,0.54052734375,-0.3747100830078125,-0.9223549365997314,-1.2497658729553225,-0.2572214007377624
801,0.8601,0.9522,0,1,0.6013641357421875,0.5322723388671875,-0.4635772705078125,-0.812103807926178,-1.3234869241714478,-0.2066162973642349
802,0.8359,0.8809,0,1,0.6237945556640625,0.519927978515625,-0.622314453125,-0.5852094292640686,-1.4143071174621582,-0.1306522786617279
803,0.8207,0.8606,0,1,0.72723388671875,0.507293701171875,-0.7601165771484375,-0.2509187757968902,-1.2634121179580688,0.0079527320340275
804,0.8171,0.8897,0,1,0.80548095703125,0.4783782958984375,-0.840850830078125,0.1712612360715866,-0.7886530756950378,0.1699690669775009
805,0.8274,0.9564,0,1,0.8148651123046875,0.4444580078125,-0.784088134765625,0.5008209943771362,-0.3697855174541473,0.2789834439754486
806,0.853,1.0415,0,1,0.828948974609375,0.4170379638671875,-0.8283843994140625,0.7403353452682495,-0.2108043730258941,0.3649537265300751
807,0.8934,1.1237,0,1,1.0753631591796875,0.5354156494140625,-1.03228759765625,1.1115182638168335,0.0293738674372434,0.6959657669067383
808,0.9476,1.1881,0,1,1.4230499267578125,0.680938720703125,-0.905181884765625,1.002430081367493,1.1822091341018677,1.127261757850647
809,1.0149,1.2307,0,1,0.9525909423828124,0.523651123046875,0.859100341796875,-1.4841471910476685,0.3227562010288238,0.7254850268363953
810,1.0931,1.2595,0,1,0.2824554443359375,0.315582275390625,0.278106689453125,-2.6954832077026367,-2.460190296173096,-0.2628412246704101
811,1.1748,1.2923,0,1,0.312530517578125,0.104217529296875,-0.8394317626953125,-1.499354362487793,-2.585371971130371,-0.7844423651695251
812,1.247,1.3524,0,1,0.8082275390625,0.3241729736328125,0.4271697998046875,-2.092686891555786,-2.148768663406372,-0.1995282918214798
813,1.2969,1.4588,0,1,0.7032623291015625,0.6087646484375,-0.18365478515625,-1.4817290306091309,-1.1826509237289429,0.0074025224894285
814,1.3173,1.6143,0,1,0.7115478515625,1.007293701171875,-0.268402099609375,-1.4817290306091309,-1.1826509237289429,0.0074025224894285
815,1.3083,1.8034,0,1,0.5901947021484375,1.271148681640625,-0.1422882080078125,-1.4210894107818604,-0.8832283020019531,-0.1129787489771843
816,1.2773,1.9985,0,1,0.526763916015625,1.196014404296875,-0.2074432373046875,-1.6184685230255127,-0.9857578873634338,-0.2254315316677093
817,1.2354,2.1704,0,1,0.5301666259765625,0.959716796875,-0.107421875,-1.3915421962738037,-0.6996244192123413,-0.1714774817228317
818,1.1931,2.2956,0,1,0.505126953125,0.843841552734375,-0.055694580078125,-1.153336524963379,0.2487365752458572,-0.0518693216145038
819,1.1571,2.3588,0,1,0.578765869140625,0.8834381103515625,-0.051361083984375,-0.8452476263046265,1.097522258758545,0.1162091642618179
820,1.1297,2.3536,0,1,0.6615142822265625,0.979461669921875,-0.0707244873046875,-0.5398434996604919,1.3922125101089478,0.1663021594285965
821,1.1109,2.2833,0,1,0.737335205078125,1.049713134765625,-0.081817626953125,-0.3829162120819092,1.2982462644577026,0.1688191145658493
822,1.1008,2.1606,0,1,0.728668212890625,0.987701416015625,-0.1455078125,-0.3282066285610199,1.2826268672943115,0.1026771068572998
823,1.0992,2.0032,0,1,0.7070159912109375,0.8836517333984375,-0.073638916015625,-0.4474938809871673,1.195184588432312,0.0218845251947641
824,1.1056,1.8302,0,1,0.71405029296875,0.844879150390625,-0.025665283203125,-0.6812134385108948,1.0019041299819946,-0.0703798905014991
825,1.1178,1.6584,0,1,0.7277069091796875,0.8104400634765625,-0.048583984375,-0.8409208059310913,0.6800916790962219,-0.1910735517740249
826,1.1325,1.5009,0,1,0.7205810546875,0.7469329833984375,-0.111297607421875,-0.90550434589386,0.2501634955406189,-0.3110454976558685
827,1.1459,1.3655,0,1,0.685821533203125,0.723602294921875,-0.054901123046875,-1.123534083366394,-0.2303402572870254,-0.3601126372814178
828,1.1548,1.2565,0,1,0.62640380859375,0.7474212646484375,0.0129852294921875,-1.4449297189712524,-0.7436121106147766,-0.3609195649623871
829,1.1565,1.1773,0,1,0.5608673095703125,0.7712554931640625,-0.0420379638671875,-1.6101295948028564,-1.062873125076294,-0.3736433684825897
830,1.1495,1.1328,0,1,0.506988525390625,0.782867431640625,-0.1014251708984375,-1.5626946687698364,-1.0950151681900024,-0.4261217415332794
831,1.1336,1.1278,0,1,0.4923553466796875,0.7796630859375,-0.0982818603515625,-1.427105188369751,-0.9064385890960692,-0.4784810841083526
832,1.1098,1.1635,0,1,0.4901275634765625,0.774810791015625,-0.093719482421875,-1.2865091562271118,-0.5445554256439209,-0.4302033185958862
833,1.08,1.234,0,1,0.4820709228515625,0.76312255859375,-0.082244873046875,-1.1235908269882202,-0.1827820688486099,-0.3642296195030212
834,1.0467,1.3254,0,1,0.4860992431640625,0.77093505859375,-0.077178955078125,-0.916483998298645,0.0089924298226833,-0.3384944200515747
835,1.0126,1.419,0,1,0.5290069580078125,0.7992706298828125,-0.0837554931640625,-0.7252224087715149,0.1261374354362487,-0.2986732423305511
836,0.9804,1.4946,0,1,0.579742431640625,0.791412353515625,-0.06219482421875,-0.6137124300003052,0.2453804612159729,-0.2889188826084137
837,0.9527,1.5354,0,1,0.604278564453125,0.7946319580078125,-0.0507049560546875,-0.5673145651817322,0.3065032064914703,-0.262934148311615
838,0.9316,1.5311,0,1,0.59564208984375,0.79412841796875,-0.06927490234375,-0.5014415383338928,0.3363114297389984,-0.2385859489440918
839,0.9187,1.4794,0,1,0.60321044921875,0.7857666015625,-0.093292236328125,-0.5014415383338928,0.3363114297389984,-0.2385859489440918
840,0.9142,1.3851,0,1,0.634002685546875,0.7710723876953125,-0.11822509765625,-0.2456140220165252,0.2188551127910614,-0.129538282752037
841,0.9175,1.2577,0,1,0.6560211181640625,0.758453369140625,-0.1031494140625,-0.1146408319473266,0.1708670854568481,-0.0079223718494176
842,0.9271,1.108,0,1,0.657470703125,0.7929534912109375,-0.0760955810546875,-0.102128766477108,0.2770547568798065,0.0752244442701339
843,0.9412,0.947,0,1,0.6607818603515625,0.8175506591796875,-0.110595703125,-0.0644682049751281,0.411578506231308,0.0915653333067894
844,0.9581,0.7857,0,1,0.604888916015625,0.72998046875,-0.1141510009765625,0.0859830826520919,0.2054871171712875,0.1626176685094833
845,0.9758,0.6347,0,1,0.6240386962890625,0.7415008544921875,-0.009246826171875,0.0153469983488321,0.2509504556655884,0.3430500328540802
846,0.9921,0.5032,0,1,0.530731201171875,0.776031494140625,-0.023101806640625,-0.0273908786475658,0.4873920381069183,0.3237484991550445
847,1.0051,0.3987,0,1,0.510162353515625,0.84228515625,-0.1705780029296875,0.30193030834198,0.4854178428649902,0.2179360538721084
848,1.0136,0.3266,0,1,0.684783935546875,0.8810272216796875,-0.233612060546875,0.9778892993927002,0.1390518993139267,0.370440125465393
849,1.0178,0.2915,0,1,0.7122802734375,0.8167572021484375,-0.159942626953125,1.296044945716858,0.42768394947052,0.381693035364151
850,1.0194,0.2971,0,1,0.760162353515625,0.76251220703125,0.089569091796875,1.178884506225586,0.3306114673614502,0.3596777319908142
851,1.0206,0.3458,0,1,0.8315582275390625,0.7312774658203125,0.2552947998046875,0.9021170735359192,-0.4611282050609588,0.462390273809433
852,1.0234,0.435,0,1,0.9463043212890624,0.709716796875,0.2267608642578125,0.6336789131164551,-1.092816710472107,0.7148366570472717
853,1.0294,0.5574,0,1,1.02716064453125,0.60321044921875,-0.2599945068359375,0.9173620343208312,-0.4300781488418579,0.9976369142532348
854,1.0402,0.7031,0,1,1.06683349609375,0.616973876953125,-0.771240234375,2.0399720668792725,0.3391298651695251,1.4511902332305908
855,1.0572,0.8656,0,1,0.865936279296875,0.8062591552734375,-0.74200439453125,2.828360319137573,0.3413916826248169,1.7098559141159058
856,1.082,1.0461,0,1,0.7154998779296875,0.973175048828125,-0.5300445556640625,2.828360319137573,0.3413916826248169,1.7098559141159058
857,1.1149,1.2512,0,1,0.5845184326171875,0.9479522705078124,-0.21893310546875,1.973517894744873,-0.7193589806556702,1.750403642654419
858,1.1534,1.4848,0,1,0.399871826171875,0.84185791015625,-0.03399658203125,1.3972551822662354,-0.9361871480941772,1.4092737436294556
859,1.1919,1.7388,0,1,0.2627410888671875,0.7261962890625,0.10595703125,0.8325792551040649,-0.94868266582489,0.7656052708625793
860,1.2223,1.9914,0,1,0.3884735107421875,0.6397857666015625,0.0456390380859375,0.8325792551040649,-0.94868266582489,0.7656052708625793
861,1.2367,2.2116,0,1,0.7546539306640625,0.6683197021484375,-0.2344512939453125,0.3189478814601898,-0.2804210186004638,0.2993597984313965
862,1.2305,2.3672,0,1,0.9108123779296876,0.63592529296875,-0.242523193359375,0.2240645289421081,0.1911276131868362,0.4362172484397888
863,1.2044,2.4315,0,1,0.7762451171875,0.437652587890625,-0.037811279296875,-0.2211568802595138,0.1675514429807663,0.3573741018772125
864,1.1633,2.39,0,1,0.5899658203125,0.2534637451171875,-0.0486907958984375,-0.2211568802595138,0.1675514429807663,0.3573741018772125
865,1.1124,2.244,0,1,0.4453125,0.2119293212890625,-0.1185150146484375,-0.9821423888206482,0.1536726504564285,-0.1604290902614593
866,1.0546,2.0122,0,1,0.41912841796875,0.2800140380859375,-0.1071624755859375,-1.1968059539794922,0.1867413818836212,-0.3499864935874939
867,0.991,1.7277,0,1,0.4958953857421875,0.356201171875,-0.134918212890625,-1.3551298379898071,0.0216360539197921,-0.4201442897319793
868,0.9229,1.4314,0,1,0.5830841064453125,0.4682769775390625,-0.1495208740234375,-1.4290682077407837,-0.5912635922431946,-0.4116708934307098
869,0.8533,1.1641,0,1,0.6457672119140625,0.5150604248046875,-0.152801513671875,-1.4445558786392212,-1.3545920848846436,-0.3972368240356445
870,0.7877,0.96,0,1,0.7020721435546875,0.4928436279296875,-0.23699951171875,-1.474910855293274,-1.5810856819152832,-0.3596769571304321
871,0.7326,0.8426,0,1,0.9994354248046876,0.4828948974609375,-0.7290802001953125,-0.9414239525794984,-1.4202417135238647,0.0343590378761291
872,0.6959,0.8202,0,1,1.303375244140625,0.5302581787109375,-1.144744873046875,-0.0129807796329259,-0.4349551796913147,0.7357211709022522
873,0.6864,0.8827,0,1,1.14154052734375,0.47039794921875,-0.753143310546875,0.3747650980949402,1.1281791925430298,0.920801281929016
874,0.7113,1.0054,0,1,0.934295654296875,0.41375732421875,-0.3242340087890625,0.4496808648109436,1.2537789344787598,0.918793261051178
875,0.7714,1.1591,0,1,1.0041351318359375,0.4733428955078125,-0.518829345703125,1.0895458459854126,0.8018572926521301,1.2453819513320925
876,0.8596,1.3192,0,1,1.067169189453125,0.6118316650390625,-0.3503875732421875,1.4119116067886353,1.114268183708191,1.5302067995071411
877,0.9637,1.4701,0,1,0.6304931640625,0.7219085693359375,0.7099151611328125,-0.6825972199440002,0.9410088062286376,0.6813237071037292
878,1.0701,1.6026,0,1,0.558380126953125,0.72198486328125,0.123199462890625,-2.0914177894592285,0.0680541545152664,-0.2935919463634491
879,1.1663,1.7115,0,1,0.49639892578125,0.6684112548828125,-0.64996337890625,-1.6107442378997805,-0.486892968416214,-0.9345743060112
880,1.2415,1.7963,0,1,0.8190460205078125,0.6499176025390625,0.43670654296875,-2.540327787399292,-2.070387840270996,-0.8941875100135803
881,1.2894,1.8646,0,1,1.113739013671875,0.7578277587890625,-0.1287078857421875,-2.540327787399292,-2.070387840270996,-0.8941875100135803
882,1.3096,1.9313,0,1,0.796051025390625,0.7733612060546875,-0.117767333984375,-1.5830122232437134,-1.515420913696289,-0.3719876706600189
883,1.3063,2.011,0,1,0.5037994384765625,0.8656158447265625,0.0715179443359375,-1.3309690952301023,-2.5554888248443604,-0.6072664856910706
884,1.2854,2.1098,0,1,0.458709716796875,0.95001220703125,-0.1018829345703125,-1.0799202919006348,-2.3380556106567383,-0.7206529974937439
885,1.2527,2.2245,0,1,0.531158447265625,0.9835662841796876,0.033843994140625,-1.1887980699539185,-1.3469656705856323,-0.6432628631591797
886,1.2135,2.344,0,1,0.5123291015625,0.942840576171875,0.0411376953125,-1.2032244205474854,-0.6066622138023376,-0.5688080787658691
887,1.1726,2.4494,0,1,0.5314788818359375,0.9208831787109376,0.0250396728515625,-0.968101680278778,-0.1809910833835601,-0.5216512084007263
888,1.1345,2.5176,0,1,0.6310577392578125,0.9400634765625,0.061187744140625,-0.7312904596328735,0.1596471816301345,-0.3633459806442261
889,1.1022,2.5272,0,1,0.77484130859375,0.95574951171875,0.093475341796875,-0.7312904596328735,0.1596471816301345,-0.3633459806442261
890,1.0785,2.4645,0,1,0.88934326171875,0.8524169921875,0.05194091796875,-0.3158242702484131,0.4534878730773926,-0.0729122906923294
891,1.0652,2.3262,0,1,0.871978759765625,0.664581298828125,-0.0622406005859375,-0.2049648612737655,0.5427953600883484,-0.203282281756401
892,1.0628,2.1204,0,1,0.808929443359375,0.587432861328125,-0.050537109375,-0.4879409074783325,0.420434296131134,-0.2812694907188415
893,1.0693,1.8647,0,1,0.7390289306640625,0.6662750244140625,0.0294189453125,-1.1438660621643066,-0.4906552135944366,-0.34137624502182
894,1.0808,1.5859,0,1,0.662384033203125,0.7949066162109375,-0.1155853271484375,-1.4604125022888184,-1.4983900785446167,-0.4195045828819275
895,1.0929,1.3185,0,1,0.6035919189453125,0.838623046875,-0.131378173828125,-1.415003776550293,-2.061686754226685,-0.4917172789573669
896,1.1019,1.101,0,1,0.578765869140625,0.8062896728515625,-0.040557861328125,-1.4735441207885742,-2.1724443435668945,-0.5377199053764343
897,1.1055,0.9677,0,1,0.5535736083984375,0.7387237548828125,0.030120849609375,-1.5847525596618652,-2.2091939449310303,-0.568818986415863
898,1.1026,0.9407,0,1,0.5586395263671875,0.70770263671875,0.0320892333984375,-1.5847525596618652,-2.2091939449310303,-0.568818986415863
899,1.0925,1.025,0,1,0.5855712890625,0.71807861328125,-0.028839111328125,-1.574293613433838,-1.7587313652038574,-0.3975468277931213
900,1.0755,1.2072,0,1,0.609039306640625,0.7511138916015625,-0.0640411376953125,-1.3759684562683103,-1.2539352178573608,-0.244494691491127
901,1.0531,1.457,0,1,0.618896484375,0.7689208984375,-0.057647705078125,-1.1369236707687378,-0.9420804381370544,-0.0778018534183502
902,1.0276,1.7325,0,1,0.57464599609375,0.76556396484375,-0.071868896484375,-0.9362297654151917,-0.6348970532417297,0.0400859005749225
903,1.002,1.9875,0,1,0.5176849365234375,0.7715606689453125,-0.10986328125,-0.7592387199401855,-0.2459397315979004,0.0369068868458271
904,0.9787,2.1802,0,1,0.4770355224609375,0.809295654296875,-0.1686859130859375,-0.5676727294921875,0.0635379627346992,-0.0180056318640708
905,0.9595,2.28,0,1,0.458953857421875,0.8678436279296875,-0.2017669677734375,-0.3802157640457153,0.1631548404693603,-0.0842650830745697
906,0.9456,2.2709,0,1,0.4702911376953125,0.9232330322265624,-0.210235595703125,-0.2173666805028915,0.0686608180403709,-0.1207242906093597
907,0.9377,2.1527,0,1,0.5411529541015625,0.8370361328125,-0.1646270751953125,-0.0594164542853832,-0.0724454373121261,-0.1600551754236221
908,0.9361,1.9392,0,1,0.623382568359375,0.76043701171875,-0.073944091796875,-0.0391154438257217,-0.1282964497804641,-0.1412239670753479
909,0.9406,1.6548,0,1,0.6460113525390625,0.73089599609375,-0.0889434814453125,-0.1069536134600639,0.0606007613241672,-0.1340206563472747
910,0.9496,1.3299,0,1,0.657928466796875,0.741943359375,-0.128021240234375,-0.1008997187018394,0.1334102600812912,-0.1231933012604713
911,0.9613,0.9962,0,1,0.6796417236328125,0.766021728515625,-0.1166839599609375,-0.0505222976207733,-0.1085597649216651,-0.0119099225848913
912,0.974,0.6827,0,1,0.702301025390625,0.80047607421875,-0.0701751708984375,-0.1341274380683899,-0.3177910149097442,0.1673932522535324
913,0.9866,0.4126,0,1,0.681121826171875,0.8222808837890625,-0.0306396484375,-0.3483145833015442,-0.3748100996017456,0.2907431423664093
914,0.9986,0.2031,0,1,0.6096038818359375,0.8349456787109375,-0.0401458740234375,-0.4783354103565216,-0.4621782898902893,0.2262065112590789
915,1.0098,0.0646,0,1,0.6238250732421875,0.846038818359375,-0.0428314208984375,-0.4668151140213012,-0.4732202887535095,0.0479946881532669
916,1.02,0.0003,0,1,0.7142791748046875,0.754547119140625,0.0620269775390625,-0.3915653824806213,-0.8255338668823242,-0.0833705216646194
917,1.029,0.0067,0,1,0.760406494140625,0.6698455810546875,0.1411895751953125,-0.4013037383556366,-1.4470914602279663,0.090916059911251
918,1.0363,0.0764,0,1,0.66375732421875,0.5545806884765625,0.018402099609375,-0.3665271401405334,-1.3514461517333984,0.2621794044971466
919,1.0409,0.1997,0,1,0.671966552734375,0.6324310302734375,-0.35687255859375,0.5362892746925354,0.4530622959136963,0.538865327835083
920,1.042,0.3635,0,1,0.6684112548828125,0.8070526123046875,-0.613616943359375,1.368374228477478,0.334174782037735,0.7908390164375305
921,1.0401,0.5525,0,1,0.6366119384765625,0.947052001953125,-0.680267333984375,2.195563316345215,-0.0051524178124964,0.8709708452224731
922,1.0378,0.7542,0,1,0.6109466552734375,0.932647705078125,-0.4342041015625,2.1330466270446777,0.017806427553296,0.8612591028213501
923,1.0389,0.9619,0,1,0.6173248291015625,0.83551025390625,-0.2981109619140625,1.7013660669326782,-0.1253376752138137,0.8605378866195679
924,1.0458,1.1711,0,1,0.6870880126953125,0.769256591796875,-0.3079833984375,1.4384944438934326,-0.4208936989307403,0.8076499104499817
925,1.0584,1.3743,0,1,0.7189483642578125,0.7347869873046875,-0.2441253662109375,1.3698546886444092,-0.8212043642997742,0.7006521224975586
926,1.0744,1.5605,0,1,0.7989654541015625,0.7321929931640625,-0.2741851806640625,1.368733525276184,-1.0470750331878662,0.6302623748779297
927,1.0909,1.7188,0,1,0.71612548828125,0.690826416015625,-0.2157440185546875,1.09797203540802,-0.9879598021507264,0.4799080193042755
928,1.1052,1.84,0,1,0.6175689697265625,0.64605712890625,-0.1903076171875,0.6232385635375977,-0.9457238912582396,0.2438147962093353
929,1.1144,1.9169,0,1,0.629119873046875,0.6065673828125,-0.2364959716796875,0.2296654134988784,-0.6932969689369202,0.1306983530521392
930,1.1161,1.943,0,1,0.638916015625,0.576202392578125,-0.203125,0.0204389616847038,-0.3852813839912414,0.1856372356414795
931,1.1084,1.9125,0,1,0.5680999755859375,0.599090576171875,-0.0817718505859375,-0.1672803312540054,-0.3367567062377929,0.3865663409233093
932,1.0908,1.8234,0,1,0.46246337890625,0.5986480712890625,-0.1372833251953125,-0.0777685642242431,-0.1954017132520675,0.4022646248340606
933,1.0635,1.6804,0,1,0.50750732421875,0.5714111328125,-0.20989990234375,0.1402726918458938,0.4386612474918365,0.341311514377594
934,1.0279,1.4955,0,1,0.6222686767578125,0.5264129638671875,-0.2674560546875,0.2068767547607422,1.1490468978881836,0.3977242112159729
935,0.9867,1.2889,0,1,0.685394287109375,0.491424560546875,-0.21533203125,-0.0367058180272579,1.4181630611419678,0.4919468462467193
936,0.9434,1.0869,0,1,0.722015380859375,0.462432861328125,-0.182098388671875,-0.4561832547187805,1.197777509689331,0.436876118183136
937,0.9024,0.9162,0,1,0.7571258544921875,0.4303741455078125,-0.1885986328125,-0.9327990412712096,0.5846922397613525,0.2763713896274566
938,0.8672,0.7968,0,1,0.726654052734375,0.4140167236328125,-0.1956787109375,-1.4266161918640137,-0.2533883154392242,0.0606843866407871
939,0.8404,0.7385,0,1,0.69256591796875,0.4612579345703125,-0.201141357421875,-1.8442683219909668,-0.9795721769332886,-0.0941251665353775
940,0.8233,0.7441,0,1,0.688140869140625,0.5374298095703125,-0.270172119140625,-1.8442683219909668,-0.9795721769332886,-0.0941251665353775
941,0.8157,0.8115,0,1,0.704071044921875,0.56951904296875,-0.3204803466796875,-1.839695692062378,-0.9741877913475036,-0.0198498703539371
942,0.8169,0.9344,0,1,0.7025146484375,0.5518646240234375,-0.4069366455078125,-1.5619224309921265,-0.7638100385665894,0.1224721223115921
943,0.8258,1.0995,0,1,0.7269287109375,0.5312957763671875,-0.5135345458984375,-1.2588967084884644,-0.6223956346511841,0.2196322232484817
944,0.8417,1.2867,0,1,0.8376312255859375,0.526763916015625,-0.5630340576171875,-1.0616145133972168,-0.7642033696174622,0.2924963235855102
945,0.8639,1.4716,0,1,0.9509124755859376,0.5172882080078125,-0.5461883544921875,-0.9505415558815002,-1.0007706880569458,0.3656056821346283
946,0.8922,1.631,0,1,0.968902587890625,0.524078369140625,-0.4838714599609375,-0.9366158843040466,-1.1234766244888306,0.5268206596374512
947,0.9264,1.7487,0,1,0.85614013671875,0.501739501953125,-0.38739013671875,-1.064907789230347,-0.893390953540802,0.540885865688324
948,0.9651,1.8175,0,1,0.651824951171875,0.5227203369140625,-0.3199462890625,-1.1044912338256836,-0.569115400314331,0.4432759582996368
949,1.0049,1.8371,0,1,0.554534912109375,0.5715179443359375,-0.4701995849609375,-0.7025221586227417,-0.3465129435062408,0.4705573916435241
950,1.0409,1.8117,0,1,0.8411407470703125,0.6452178955078125,-0.6457672119140625,0.3171523809432983,-0.2324601411819458,0.914852261543274
951,1.0696,1.7474,0,1,0.97589111328125,0.7239837646484375,-0.268310546875,0.3778935074806213,0.6824398040771484,0.9790403246879578
952,1.09,1.6525,0,1,0.86077880859375,0.685150146484375,0.254791259765625,-0.6672390103340149,0.1878734976053238,0.6216925978660583
953,1.1037,1.5384,0,1,0.5858154296875,0.552032470703125,-0.4864044189453125,-0.8634042739868164,-1.1728529930114746,0.1069767847657203
954,1.1118,1.4194,0,1,0.420379638671875,0.5303802490234375,-0.0535736083984375,-2.088155031204224,-1.7767544984817505,-0.190322533249855
955,1.1135,1.3162,0,1,0.4999847412109375,0.6302947998046875,0.6110382080078125,-3.57405161857605,-2.48898720741272,-0.5466758608818054
956,1.1069,1.2599,0,1,0.6903839111328125,0.7856903076171875,0.42523193359375,-4.070334434509277,-2.2945377826690674,-0.707716703414917
957,1.0927,1.2879,0,1,1.0929718017578125,0.8185882568359375,-0.6616058349609375,-4.070334434509277,-2.2945377826690674,-0.707716703414917
958,1.0751,1.4285,0,1,0.737060546875,0.9945526123046876,-0.0637969970703125,-0.5478820204734802,-1.2192697525024414,-0.046496395021677
959,1.0608,1.6813,0,1,0.50439453125,1.0390472412109375,0.3546295166015625,-0.7348787784576416,-2.123757839202881,-0.2718866467475891
960,1.0555,2.01,0,1,0.4405517578125,1.0635528564453125,0.1705169677734375,-1.0605788230895996,-1.85373055934906,-0.5186263918876648
961,1.0615,2.3578,0,1,0.4112548828125,1.0282440185546875,-0.212310791015625,-1.0139418840408323,-0.917966604232788,-0.4578695595264435
962,1.0774,2.6667,0,1,0.4762420654296875,0.9598846435546876,0.0115203857421875,-1.2288650274276731,-0.3781661987304687,-0.1671474426984787
963,1.0996,2.8888,0,1,0.5589141845703125,1.008636474609375,0.1483306884765625,-1.424045443534851,-0.2276787012815475,-0.1789255440235138
964,1.1238,2.9938,0,1,0.8065948486328125,0.976348876953125,0.1132659912109375,-1.214267015457153,-0.1088005155324935,-0.2190913408994674
965,1.1467,2.9721,0,1,0.9560699462890624,0.8931732177734375,0.0976104736328125,-0.8433070182800293,-0.3074590265750885,0.0164596661925315
966,1.1667,2.8322,0,1,0.829833984375,0.830535888671875,0.0589447021484375,-0.8433070182800293,-0.3074590265750885,0.0164596661925315
967,1.1837,2.5955,0,1,0.7366180419921875,0.7282562255859375,-0.0024261474609375,-0.5472428202629089,-0.1334605813026428,-0.2645070254802704
968,1.1967,2.2913,0,1,0.710357666015625,0.766998291015625,0.066802978515625,-1.0037909746170044,-0.126471921801567,-0.4107103049755096
969,1.2043,1.9529,0,1,0.611175537109375,0.780517578125,0.0106964111328125,-1.4330767393112185,-0.7124466896057129,-0.3706457018852234
970,1.2045,1.6173,0,1,0.5172119140625,0.794647216796875,-0.0536041259765625,-1.4669634103775024,-1.6021084785461426,-0.447587639093399
971,1.1958,1.3233,0,1,0.531280517578125,0.8088836669921875,0.053924560546875,-1.5136760473251345,-2.1853535175323486,-0.4894770085811615
972,1.1778,1.1071,0,1,0.5584716796875,0.817535400390625,0.073822021484375,-1.591620922088623,-2.145240068435669,-0.4486313164234161
973,1.1515,0.9958,0,1,0.565093994140625,0.8012847900390625,0.0237579345703125,-1.4981706142425537,-1.689070701599121,-0.3837311565876007
974,1.1194,0.9994,0,1,0.5681304931640625,0.7683258056640625,-0.020263671875,-1.2253252267837524,-1.1366877555847168,-0.2782563865184784
975,1.0842,1.1066,0,1,0.5847625732421875,0.7454681396484375,0.0026092529296875,-0.9324123859405518,-0.784012496471405,-0.1609468013048172
976,1.0492,1.2858,0,1,0.6368865966796875,0.7572021484375,0.040618896484375,-0.7470963001251221,-0.5805467367172241,-0.0075271585956215
977,1.0168,1.4932,0,1,0.6322479248046875,0.7548370361328125,0.036407470703125,-0.6541679501533508,-0.3546536862850189,0.0357862263917923
978,0.9893,1.6827,0,1,0.6106719970703125,0.755035400390625,-6.103515625e-05,-0.6425805687904358,-0.0890659615397453,0.0223444532603025
979,0.9682,1.8164,0,1,0.5925750732421875,0.76190185546875,-0.0555877685546875,-0.603711724281311,0.0649086907505989,0.0022548984270542
980,0.9539,1.8701,0,1,0.5597686767578125,0.7766571044921875,-0.125823974609375,-0.4947229027748108,0.0247282497584819,-0.0271013919264078
981,0.9462,1.8354,0,1,0.5456085205078125,0.8085174560546875,-0.179718017578125,-0.3803087174892425,-0.0972495898604393,-0.0547085180878639
982,0.9441,1.7181,0,1,0.5770416259765625,0.8069000244140625,-0.1488037109375,-0.3610298335552215,-0.2501302063465118,-0.1131372079253196
983,0.9465,1.5347,0,1,0.6225738525390625,0.7714996337890625,-0.10943603515625,-0.409448504447937,-0.3941973745822906,-0.1261827051639557
984,0.9523,1.3093,0,1,0.6326904296875,0.7507171630859375,-0.106109619140625,-0.4144659042358398,-0.5087324976921082,-0.0519327074289321
985,0.9603,1.0694,0,1,0.607696533203125,0.765045166015625,-0.0995330810546875,-0.377471923828125,-0.570462167263031,0.0196815598756074
986,0.9691,0.8413,0,1,0.573150634765625,0.79876708984375,-0.1178131103515625,-0.3207719027996063,-0.5419010519981384,0.0123706497251987
987,0.9778,0.6465,0,1,0.5819091796875,0.831146240234375,-0.084381103515625,-0.2971954643726349,-0.5105838775634766,-0.0020186761394143
988,0.9855,0.4988,0,1,0.583251953125,0.8676605224609375,-0.0564117431640625,-0.2971954643726349,-0.5105838775634766,-0.0020186761394143
989,0.992,0.4029,0,1,0.5032806396484375,0.8568878173828125,-0.0872039794921875,-0.2959477603435516,-0.2237971425056457,-0.0456337966024875
990,0.9975,0.3559,0,1,0.503509521484375,0.8460540771484375,-0.085113525390625,-0.1834787428379058,-0.1708311289548874,-0.063067115843296
991,1.0019,0.3478,0,1,0.55322265625,0.8220062255859375,-0.06201171875,0.0704025253653526,-0.4146190285682678,-0.1117672771215438
992,1.0052,0.366,0,1,0.694549560546875,0.7730255126953125,0.0079345703125,0.308323472738266,-0.8600436449050903,-0.1027066707611084
993,1.0075,0.3999,0,1,0.8503875732421875,0.7537384033203125,0.0948486328125,0.3632210791110992,-1.3211348056793213,0.1111763194203376
994,1.0096,0.4457,0,1,0.8561553955078125,0.6864166259765625,0.1082611083984375,0.2540149688720703,-1.5661158561706543,0.2772403955459595
995,1.0125,0.5054,0,1,0.74932861328125,0.5784912109375,-0.0082550048828125,0.0759530887007713,-0.9553579092025756,0.2858671844005584
996,1.0169,0.5818,0,1,0.72991943359375,0.6534423828125,-0.1663055419921875,0.0747394859790802,-0.0383593738079071,0.504490315914154
997,1.0223,0.6717,0,1,0.69964599609375,0.732421875,-0.4115753173828125,0.7081566452980042,0.1063514724373817,0.70481276512146
998,1.0279,0.7665,0,1,0.665191650390625,0.7577667236328125,-0.38372802734375,1.3112465143203735,-0.1335905492305755,0.872556746006012
999,1.0331,0.8584,0,1,0.630950927734375,0.7725067138671875,-0.2007598876953125,1.3479489088058472,-0.1151066124439239,1.010383129119873
1000,1.0377,0.9453,0,1,0.62127685546875,0.7520904541015625,-0.1433868408203125,1.1098670959472656,-0.0117836883291602,1.1188114881515503
1001,1.0414,1.0294,0,1,0.6902618408203125,0.728179931640625,-0.2105255126953125,0.8428958058357239,0.0436409525573253,1.205663561820984
1002,1.0437,1.1127,0,1,0.809326171875,0.7157135009765625,-0.2723236083984375,0.6992545127868652,-0.1120911166071891,1.1395045518875122
1003,1.0447,1.1946,0,1,0.9469757080078124,0.70281982421875,-0.2656402587890625,0.6987519264221191,-0.489477276802063,1.1937060356140137
1004,1.0456,1.2721,0,1,0.9625244140625,0.6667633056640625,-0.21295166015625,0.576884925365448,-0.589817464351654,1.1990987062454224
1005,1.0482,1.3413,0,1,0.883209228515625,0.61474609375,-0.2082672119140625,0.1420713812112808,-0.308692067861557,1.0329344272613523
1006,1.054,1.3974,0,1,0.6174163818359375,0.6940460205078125,-0.2317047119140625,-0.32954141497612,-0.573302686214447,0.8708970546722412
1007,1.0625,1.4357,0,1,0.44451904296875,0.7259674072265625,-0.1456756591796875,-0.6670938730239868,-0.806046187877655,0.6688444018363953
1008,1.0709,1.4527,0,1,0.39654541015625,0.6982574462890625,-0.015869140625,-0.932616651058197,-0.6789052486419678,0.4527198076248169
1009,1.0755,1.4478,0,1,0.4963226318359375,0.6996917724609375,-0.167144775390625,-0.7001466155052185,-0.3992800116539001,0.4794630110263824
1010,1.0724,1.423,0,1,0.6238250732421875,0.677032470703125,-0.2959442138671875,-0.3787822127342224,0.144349455833435,0.6978076100349426
1011,1.0601,1.3805,0,1,0.59149169921875,0.58489990234375,-0.2557220458984375,-0.4687288701534271,0.4180774092674255,0.6644003391265869
1012,1.0394,1.3229,0,1,0.6092071533203125,0.5400390625,-0.2030029296875,-0.7798454761505127,-0.0684818550944328,0.4978734254837036
1013,1.0123,1.2544,0,1,0.616485595703125,0.49969482421875,-0.1807403564453125,-1.1403753757476809,-0.661761462688446,0.1856542825698852
1014,0.9811,1.1817,0,1,0.641204833984375,0.4143524169921875,-0.2530059814453125,-1.1403753757476809,-0.661761462688446,0.1856542825698852
1015,0.9481,1.1145,0,1,0.753448486328125,0.3695068359375,-0.1160430908203125,-1.1814671754837036,-0.7199922800064087,-0.6290090680122375
1016,0.9157,1.0638,0,1,0.7657012939453125,0.5396575927734375,-0.0677490234375,-1.7197672128677368,-1.4876564741134644,-0.6143409013748169
1017,0.8861,1.0416,0,1,0.685699462890625,0.4559326171875,-0.251434326171875,-1.4808595180511477,-1.474437594413757,-0.8779270052909851
1018,0.8618,1.0596,0,1,0.614776611328125,0.6408233642578125,-0.248260498046875,-1.417019248008728,-1.710133671760559,-0.5918545126914978
1019,0.8446,1.1252,0,1,0.4838104248046875,0.6911773681640625,-0.5276336669921875,-0.9542545676231384,-1.7448259592056274,-0.3568483889102936
1020,0.836,1.2371,0,1,0.6636810302734375,0.687469482421875,-0.888275146484375,-0.1391728073358535,-1.225365400314331,0.1988462507724762
1021,0.8382,1.3821,0,1,1.1392059326171875,0.626739501953125,-1.171600341796875,1.0566000938415527,-0.0486370436847209,0.9564338326454164
1022,0.8554,1.539,0,1,1.3263092041015625,0.7483978271484375,-0.641632080078125,1.2865363359451294,1.371738314628601,1.6394438743591309
1023,0.8929,1.6867,0,1,0.4607086181640625,0.822967529296875,0.9455413818359376,-0.5895269513130188,1.065848708152771,0.7307159900665283
1024,0.9527,1.8111,0,1,0.0294647216796875,0.892120361328125,0.8407135009765625,-2.0440170764923096,0.3415184617042541,-0.93739914894104
1025,1.0311,1.9051,0,1,0.699310302734375,0.915191650390625,-0.5713958740234375,-1.4103899002075195,0.4771918654441833,-0.5639395117759705
1026,1.1194,1.9661,0,1,0.895355224609375,0.7786865234375,0.0615386962890625,-1.2323654890060425,-0.4000608623027801,0.4093236029148102
1027,1.2064,1.9937,0,1,0.6805267333984375,0.9128265380859376,-0.0152587890625,-1.1098289489746094,-0.836020827293396,0.1034225299954414
1028,1.2821,1.9878,0,1,0.7754364013671875,1.08062744140625,-0.3669891357421875,-0.4392822980880737,-0.9035306572914124,-0.4669189751148224
1029,1.3391,1.9492,0,1,0.753143310546875,0.9888763427734376,-0.05596923828125,-0.7463383674621582,-1.2664645910263062,-0.5737367868423462
1030,1.3744,1.882,0,1,0.5685272216796875,0.8142547607421875,0.003082275390625,-0.7463383674621582,-1.2664645910263062,-0.5737367868423462
1031,1.3873,1.7943,0,1,0.44537353515625,0.773895263671875,-0.0491790771484375,-1.0118757486343384,-0.2100693434476852,-0.3639638423919678
1032,1.3784,1.6959,0,1,0.4191741943359375,0.7925872802734375,-0.0174560546875,-0.7576174139976501,0.4425185620784759,-0.2597311735153198
1033,1.3485,1.5944,0,1,0.4288482666015625,0.781463623046875,-0.056121826171875,-0.8317874670028687,0.1617995500564575,-0.5133269429206848
1034,1.3001,1.4939,0,1,0.5571136474609375,0.729827880859375,-0.136077880859375,-0.8079096078872681,-0.7496039271354675,-0.9723182320594788
1035,1.2377,1.399,0,1,0.742645263671875,0.78839111328125,-0.0376739501953125,-1.1032341718673706,-1.1206965446472168,-0.9456560015678406
1036,1.1679,1.3175,0,1,0.75909423828125,0.7576751708984375,0.0482635498046875,-1.2834393978118896,-1.4288322925567627,-0.7035770416259766
1037,1.0984,1.2606,0,1,0.734588623046875,0.7113800048828125,0.016876220703125,-1.1980013847351074,-1.4162389039993286,-0.4015125334262848
1038,1.0369,1.238,0,1,0.7455596923828125,0.80419921875,0.00274658203125,-0.9560551047325134,-0.9678691625595092,0.0910124629735946
1039,0.9889,1.2527,0,1,0.6618194580078125,0.920196533203125,0.0561676025390625,-1.022127389907837,-0.2565300464630127,0.5025038719177246
1040,0.9578,1.2976,0,1,0.46112060546875,0.876495361328125,-0.0408935546875,-0.9462307095527648,0.2363811135292053,0.2214972376823425
1041,0.9442,1.3572,0,1,0.3787841796875,0.8770751953125,-0.11865234375,-0.6716071367263794,-0.0267394687980413,-0.2225369364023208
1042,0.9458,1.4126,0,1,0.459991455078125,0.9016265869140624,-0.046234130859375,-0.6395842432975769,-0.5363302826881409,-0.312542200088501
1043,0.9581,1.4469,0,1,0.5557708740234375,0.845611572265625,0.0225067138671875,-0.8636375665664673,-0.7166222929954529,-0.2029565721750259
1044,0.9764,1.4503,0,1,0.5716552734375,0.777740478515625,0.03662109375,-1.0362423658370972,-0.660870373249054,-0.1710851937532425
1045,0.996,1.4223,0,1,0.5833740234375,0.7451019287109375,0.0444793701171875,-1.05614173412323,-0.6651732325553894,-0.2286640703678131
1046,1.0132,1.3702,0,1,0.5961151123046875,0.74560546875,0.0229034423828125,-0.996202826499939,-0.6025327444076538,-0.2788904905319214
1047,1.0252,1.3054,0,1,0.606170654296875,0.757415771484375,0.0025787353515625,-0.996202826499939,-0.6025327444076538,-0.2788904905319214
1048,1.0306,1.239,0,1,0.6036224365234375,0.766815185546875,-0.023895263671875,-0.8913983702659607,-0.3517971932888031,-0.2494409829378128
1049,1.0294,1.1791,0,1,0.5721893310546875,0.763031005859375,-0.0587158203125,-0.7709180116653442,-0.3933941721916199,-0.1965048015117645
1050,1.0226,1.1294,0,1,0.5790252685546875,0.77008056640625,-0.054290771484375,-0.6753960251808167,-0.4296086132526397,-0.1446205675601959
1051,1.0118,1.0897,0,1,0.612335205078125,0.7723388671875,-0.0116424560546875,-0.6706374883651733,-0.4538338184356689,-0.0802234634757042
1052,0.9991,1.0569,0,1,0.6069488525390625,0.7823486328125,-0.0010833740234375,-0.696370005607605,-0.4619466066360473,-0.0213468335568904
1053,0.9863,1.0274,0,1,0.55657958984375,0.7994842529296875,-0.05279541015625,-0.6279584765434265,-0.3785260021686554,-0.0146319391205906
1054,0.9751,0.9982,0,1,0.5103607177734375,0.8231353759765625,-0.1196441650390625,-0.4185932576656341,-0.1182443499565124,-0.0389431379735469
1055,0.9666,0.9658,0,1,0.53009033203125,0.86578369140625,-0.112884521484375,-0.1576234549283981,0.0371849201619625,0.0673457533121109
1056,0.9615,0.9255,0,1,0.57037353515625,0.840087890625,-0.0371246337890625,0.0558086708188056,0.0771075710654258,0.1708119511604309
1057,0.9601,0.8726,0,1,0.5325775146484375,0.778564453125,-0.0418243408203125,0.14246366918087,0.3020866215229034,0.0579344071447849
1058,0.9619,0.8049,0,1,0.5834197998046875,0.779388427734375,-0.042633056640625,0.1688918173313141,0.5184729695320129,-0.0277751721441745
1059,0.9662,0.7245,0,1,0.692626953125,0.7719268798828125,0.029876708984375,0.1508789956569671,0.3938162624835968,0.0448255278170108
1060,0.9718,0.638,0,1,0.75665283203125,0.7631072998046875,0.1031646728515625,0.0495941825211048,0.0093444995582103,0.2125910967588424
1061,0.9785,0.5527,0,1,0.7254638671875,0.7082977294921875,0.09674072265625,-0.104085125029087,-0.2244695872068405,0.2460151016712188
1062,0.9861,0.4746,0,1,0.769317626953125,0.700347900390625,0.082672119140625,-0.2045030742883682,-0.4111638367176056,0.2738717496395111
1063,0.9945,0.4091,0,1,0.8352508544921875,0.715179443359375,0.0664825439453125,-0.1959322243928909,-0.6182267665863037,0.4096759259700775
1064,1.0036,0.3613,0,1,0.84930419921875,0.7130889892578125,-0.00238037109375,-0.0661159008741378,-0.5317906737327576,0.6369218826293945
1065,1.0137,0.3368,0,1,0.8123321533203125,0.7104644775390625,-0.1188507080078125,0.2328183352947235,-0.1504963040351867,0.914602756500244
1066,1.0248,0.34,0,1,0.754974365234375,0.7646026611328125,-0.332427978515625,0.945862114429474,0.0167302433401346,1.1790858507156372
1067,1.0369,0.3755,0,1,0.7011260986328125,0.8732452392578125,-0.6125946044921875,1.9820075035095213,-0.4073331356048584,1.458842396736145
1068,1.0507,0.4504,0,1,0.616668701171875,0.980712890625,-0.551788330078125,2.408262014389038,-0.5108464956283569,1.5389206409454346
1069,1.0669,0.5747,0,1,0.5111846923828125,1.044769287109375,-0.3857879638671875,2.4174790382385254,-0.3205111622810364,1.25592839717865
1070,1.0866,0.7563,0,1,0.4853363037109375,1.0950469970703125,-0.2674407958984375,2.304640769958496,0.3816496133804321,0.916487753391266
1071,1.1095,0.9945,0,1,0.4369049072265625,1.045623779296875,-0.1719512939453125,1.933157205581665,1.4653252363204956,0.716913104057312
1072,1.1342,1.2759,0,1,0.3293914794921875,0.967315673828125,0.049591064453125,1.451182842254639,0.8257243037223816,0.4448975622653961
1073,1.1578,1.5756,0,1,0.2801513671875,0.895172119140625,0.116668701171875,1.0904544591903689,-0.6010016798973083,0.0447123423218727
1074,1.1761,1.8603,0,1,0.347564697265625,0.8717041015625,0.100494384765625,0.7106109857559204,-1.1405197381973269,-0.2172910422086715
1075,1.1851,2.0945,0,1,0.5919036865234375,0.74072265625,-0.290283203125,0.4933260977268219,-0.0323773808777332,-0.1799463331699371
1076,1.1823,2.2482,0,1,0.762603759765625,0.677398681640625,-0.3673248291015625,0.5786910653114319,0.8915342092514038,0.0426143072545528
1077,1.1679,2.3033,0,1,0.763458251953125,0.6308746337890625,-0.1724395751953125,0.7072570323944092,0.3762186467647552,0.1382311135530471
1078,1.144,2.256,0,1,0.68646240234375,0.5626678466796875,-0.080352783203125,0.5388967394828796,-0.1633393913507461,-0.1210768893361091
1079,1.1138,2.1169,0,1,0.64471435546875,0.524749755859375,-0.0912322998046875,0.1243349984288215,-0.1671580970287323,-0.4739124476909637
1080,1.0799,1.9056,0,1,0.6250762939453125,0.538665771484375,-0.136138916015625,-0.1271156072616577,-0.4102184176445007,-0.5593184232711792
1081,1.0439,1.648,0,1,0.653839111328125,0.5156097412109375,-0.2211151123046875,-0.1271156072616577,-0.4102184176445007,-0.5593184232711792
1082,1.0072,1.3726,0,1,0.7471160888671875,0.5068359375,-0.283660888671875,-0.0473459437489509,-1.036563754081726,-0.3159571588039398
1083,0.9717,1.1084,0,1,0.7751007080078125,0.4728240966796875,-0.2617340087890625,-0.1251717656850814,-1.0096317529678345,-0.2564512193202972
1084,0.9397,0.881,0,1,0.7444305419921875,0.442535400390625,-0.2602691650390625,-0.2234232276678085,-0.926727056503296,-0.2507888078689575
1085,0.9134,0.7091,0,1,0.736907958984375,0.450469970703125,-0.3878936767578125,-0.1383464187383651,-1.0014971494674685,-0.1814422309398651
1086,0.8945,0.6019,0,1,0.7860260009765625,0.4965057373046875,-0.5973358154296875,0.2174084782600402,-1.0209685564041138,-0.0533476434648036
1087,0.8843,0.5592,0,1,0.901336669921875,0.565185546875,-0.703094482421875,0.592949628829956,-0.6127939224243164,0.1249403357505798
1088,0.8847,0.5723,0,1,0.9266510009765624,0.534759521484375,-0.6288299560546875,0.7485402822494507,-0.2077723741531372,0.323749840259552
1089,0.8974,0.6266,0,1,0.78118896484375,0.382904052734375,-0.510040283203125,0.6039519309997559,-0.1620123386383056,0.3664038181304931
1090,0.9222,0.7042,0,1,0.6099395751953125,0.393768310546875,-0.3815155029296875,0.2379451841115951,-0.6862771511077881,0.3904764056205749
1091,0.9551,0.7881,0,1,0.5008087158203125,0.43603515625,-0.3085784912109375,-0.1290234923362732,-1.3213545083999634,0.2564530968666076
1092,0.989,0.8663,0,1,0.452545166015625,0.4987335205078125,-0.3125,-0.3717440068721771,-1.3732291460037231,0.0525638759136199
1093,1.0156,0.9341,0,1,0.410491943359375,0.570526123046875,-0.3879547119140625,-0.3194765448570251,-1.030873417854309,-0.0644114762544632
1094,1.0287,0.9913,0,1,0.32440185546875,0.690277099609375,-0.612701416015625,0.1266042739152908,-0.8205242156982422,-0.0823795646429061
1095,1.0265,1.0382,0,1,0.2795257568359375,0.96124267578125,-1.219268798828125,0.9347679615020752,-0.7930709719657898,0.0577490516006946
1096,1.0146,1.0743,0,1,0.6107635498046875,1.4119720458984375,-2.0652008056640625,0.9347679615020752,-0.7930709719657898,0.0577490516006946
1097,1.0064,1.1016,0,1,1.3231048583984375,0.8511962890625,-0.4902496337890625,-0.0122633241117,2.916244983673096,0.8667824864387512
1098,1.0188,1.13,0,1,0.477508544921875,0.4616546630859375,1.8643798828125,-2.720613479614258,-1.851737141609192,-0.7162598371505737
1099,1.0629,1.1792,0,1,0.636688232421875,0.1350250244140625,-0.1363067626953125,-2.555336236953736,-1.0233577489852903,-1.2601399421691897
1100,1.1376,1.2712,0,1,0.9600067138671876,-0.0131378173828125,-0.708526611328125,-2.555336236953736,-1.0233577489852903,-1.2601399421691897
1101,1.2298,1.4191,0,1,1.041595458984375,0.4723052978515625,0.33740234375,-0.9786682724952698,-1.726806640625,0.4755961000919342
1102,1.3213,1.6183,0,1,0.67144775390625,0.9736480712890624,-0.0636138916015625,-1.3366128206253052,-1.0298486948013306,0.4626952111721039
1103,1.397,1.8472,0,1,0.5577545166015625,1.255096435546875,0.007354736328125,-1.909687042236328,0.0405812487006187,-0.1977785974740982
1104,1.4475,2.0737,0,1,0.5850067138671875,1.33673095703125,0.001007080078125,-1.909687042236328,0.0405812487006187,-0.1977785974740982
1105,1.4712,2.2672,0,1,0.731475830078125,1.22003173828125,-0.0504302978515625,-1.6500881910324097,-0.1834968626499176,-0.5770199298858643
1106,1.4715,2.4047,0,1,0.6361083984375,0.982269287109375,-0.00701904296875,-1.3804585933685305,0.0080081252381205,-0.1955604404211044
1107,1.4542,2.4729,0,1,0.4676361083984375,0.834716796875,0.0029449462890625,-1.1313025951385498,0.2487211376428604,-0.0572560988366603
1108,1.4239,2.4666,0,1,0.368408203125,0.8340606689453125,-0.0527496337890625,-0.8029459714889526,0.5539500117301941,-0.1408141106367111
1109,1.3831,2.388,0,1,0.3566741943359375,0.9142913818359376,-0.1294403076171875,-0.5416259765625,0.9657482504844666,-0.244600161910057
1110,1.333,2.2465,0,1,0.403564453125,0.9972686767578124,-0.0939483642578125,-0.5895093679428101,1.3911207914352417,-0.2385212332010269
1111,1.2761,2.0601,0,1,0.4799041748046875,0.9629364013671876,-0.0366363525390625,-0.7531187534332275,1.4710383415222168,-0.2521273195743561
1112,1.2164,1.8528,0,1,0.55474853515625,0.8526153564453125,-0.000518798828125,-0.7187637090682983,1.0050634145736694,-0.244176983833313
1113,1.1585,1.6496,0,1,0.6325531005859375,0.7732391357421875,0.017822265625,-0.5492532849311829,0.3710337281227112,-0.1604314893484115
1114,1.1064,1.4679,0,1,0.6887664794921875,0.6913604736328125,0.01123046875,-0.3972456157207489,0.0703628435730934,-0.0911730527877807
1115,1.0624,1.3136,0,1,0.7109527587890625,0.6248779296875,-0.0511627197265625,-0.3252571821212768,0.388529896736145,-0.1744990944862365
1116,1.0276,1.1842,0,1,0.6810760498046875,0.65350341796875,-0.0576934814453125,-0.4200271070003509,0.8149526119232178,-0.3815960884094238
1117,1.0017,1.0751,0,1,0.647918701171875,0.789703369140625,-0.057525634765625,-0.5692954063415527,0.7151471376419067,-0.2626049816608429
1118,0.9837,0.984,0,1,0.5378875732421875,0.806365966796875,-0.107513427734375,-0.5416259765625,0.3227833807468414,-0.2424232959747314
1119,0.9726,0.9104,0,1,0.5131072998046875,0.826446533203125,-0.0712738037109375,-0.5402949452400208,0.12802055478096,-0.292631059885025
1120,0.9671,0.853,0,1,0.5417633056640625,0.84796142578125,-0.050079345703125,-0.554398238658905,0.1887262463569641,-0.2595064043998718
1121,0.9661,0.8089,0,1,0.540802001953125,0.8509521484375,-0.0797119140625,-0.554398238658905,0.1887262463569641,-0.2595064043998718
1122,0.9684,0.7745,0,1,0.54052734375,0.8255615234375,-0.0930023193359375,-0.274475485086441,0.434961587190628,-0.184324562549591
1123,0.9728,0.7465,0,1,0.5786285400390625,0.7806549072265625,-0.0775299072265625,-0.0685859844088554,0.5755884647369385,-0.1135217696428299
1124,0.9785,0.7222,0,1,0.6366119384765625,0.7578125,-0.05548095703125,0.1034853756427764,0.730147123336792,-0.0388730950653553
1125,0.9843,0.7002,0,1,0.69134521484375,0.7597808837890625,-0.0401153564453125,0.270586222410202,0.7852184176445007,0.0841449722647667
1126,0.9896,0.6814,0,1,0.6518096923828125,0.74761962890625,0.0372161865234375,0.3289821445941925,0.6423984169960022,0.1620637327432632
1127,0.994,0.6677,0,1,0.5893402099609375,0.7271270751953125,-0.0293731689453125,0.266663908958435,0.8841375112533569,0.1567249000072479
1128,0.9971,0.6618,0,1,0.625762939453125,0.7648162841796875,0.0210418701171875,0.1714886575937271,0.8462103605270386,0.204384833574295
1129,0.9988,0.6654,0,1,0.6658172607421875,0.8019256591796875,0.072509765625,0.1714886575937271,0.8462103605270386,0.204384833574295
1130,0.999,0.6792,0,1,0.6382598876953125,0.812744140625,-0.0186920166015625,0.0046959519386291,0.6539567708969116,0.2967632412910461
1131,0.9984,0.702,0,1,0.63421630859375,0.8003692626953125,-0.160369873046875,0.2096147388219833,0.6986901760101318,0.4417510330677032
1132,0.998,0.7307,0,1,0.560760498046875,0.774871826171875,-0.2005462646484375,0.6027793288230896,0.5096566081047058,0.5847651958465576
1133,0.9983,0.7622,0,1,0.519989013671875,0.83343505859375,-0.1364593505859375,0.8046571016311646,0.6750192046165466,0.5885308980941772
1134,0.9994,0.7957,0,1,0.57708740234375,0.890594482421875,-0.14019775390625,0.8817393183708191,1.0091508626937866,0.4889726042747497
1135,1.0013,0.8327,0,1,0.6998443603515625,0.8571014404296875,0.0460357666015625,1.0591436624526978,0.3681415319442749,0.4965533018112182
1136,1.0043,0.8759,0,1,0.784088134765625,0.840576171875,0.202972412109375,1.053963541984558,-0.3535665869712829,0.678207516670227
1137,1.0095,0.9269,0,1,0.77056884765625,0.7349700927734375,0.1210479736328125,0.9411070346832277,-0.1532904803752899,0.8758449554443359
1138,1.0175,0.9855,0,1,0.8800048828125,0.6601104736328125,-0.2359466552734375,1.2437963485717771,0.6955944895744324,1.2267217636108398
1139,1.0288,1.0525,0,1,1.0853271484375,0.6939544677734375,-0.7894287109375,2.471480369567871,0.6851019263267517,1.7993099689483645
1140,1.0447,1.135,0,1,1.0713348388671875,0.7708282470703125,-0.7875518798828125,3.342323064804077,-0.3199396431446075,2.1416220664978027
1141,1.0674,1.2489,0,1,0.89544677734375,0.789886474609375,-0.451141357421875,3.045599937438965,-1.3989875316619873,2.064539194107056
1142,1.0987,1.4136,0,1,0.7000885009765625,0.739501953125,-0.1757049560546875,2.320077657699585,-2.1911730766296387,1.662712335586548
1143,1.1368,1.6403,0,1,0.551177978515625,0.70513916015625,-0.3299407958984375,1.849245548248291,-1.50197434425354,1.0960553884506226
1144,1.176,1.9213,0,1,0.325103759765625,0.7704010009765625,-0.154205322265625,0.9755271077156068,-0.6053389310836792,0.6262212991714478
1145,1.208,2.2261,0,1,0.412628173828125,0.764617919921875,0.3405303955078125,0.9755271077156068,-0.6053389310836792,0.6262212991714478
1146,1.2255,2.509,0,1,0.6009979248046875,0.6672821044921875,0.216949462890625,0.1356832683086395,-2.17978310585022,0.3121448457241058
1147,1.2247,2.7269,0,1,0.8312225341796875,0.5345458984375,-0.853302001953125,1.9528217315673828,1.455498218536377,0.1177812293171882
1148,1.2063,2.8552,0,1,0.9852752685546876,0.313995361328125,0.0472564697265625,0.9075618982315063,2.165797710418701,0.2633243203163147
1149,1.1752,2.8905,0,1,0.745941162109375,0.1680755615234375,-0.2633056640625,0.1677546501159668,1.1979426145553589,-0.1486134380102157
1150,1.1369,2.8424,0,1,0.613067626953125,0.264617919921875,-0.22540283203125,-0.7791868448257446,-1.1396702527999878,-0.3377383649349212
1151,1.0946,2.7258,0,1,0.4819793701171875,0.3312225341796875,-0.182891845703125,-1.793909788131714,-2.158315420150757,-0.4020054936408996
1152,1.049,2.5626,0,1,0.3587493896484375,0.4376373291015625,-0.1837310791015625,-2.385617971420288,-2.2144105434417725,-0.6568151712417603
1153,0.9994,2.3852,0,1,0.3793487548828125,0.582061767578125,-0.254791259765625,-2.372359275817871,-2.2140042781829834,-0.7762709856033325
1154,0.9462,2.2313,0,1,0.4925994873046875,0.6417694091796875,-0.3474578857421875,-1.8527909517288208,-1.8983523845672607,-0.6860231161117554
1155,0.8917,2.1309,0,1,0.54583740234375,0.61517333984375,-0.4395294189453125,-1.2481348514556885,-1.2799077033996582,-0.5317466855049133
1156,0.8407,2.0949,0,1,0.5434722900390625,0.6073455810546875,-0.5937042236328125,-0.8280801177024841,-0.7786132097244263,-0.4145833253860473
1157,0.7992,2.1109,0,1,0.5559844970703125,0.6311492919921875,-0.7795562744140625,-0.552315890789032,-0.5798359513282776,-0.2640726566314697
1158,0.7731,2.1496,0,1,0.546600341796875,0.6944427490234375,-0.908111572265625,-0.3342687785625458,-0.5796729326248169,-0.1256788372993469
1159,0.767,2.1754,0,1,0.593231201171875,0.7179412841796875,-0.8974456787109375,-0.1202856674790382,-0.3845106661319732,-0.0006522081675939
1160,0.7838,2.1568,0,1,0.559967041015625,0.6105194091796875,-0.710845947265625,0.1177524626255035,-0.0245652645826339,-0.0094057526439428
1161,0.8225,2.0731,0,1,0.558502197265625,0.3929595947265625,-0.545654296875,0.2591838836669922,-0.1016169041395187,0.0816290825605392
1162,0.8776,1.9174,0,1,0.6399688720703125,0.48223876953125,-0.8034820556640625,0.9164373874664308,-0.114416591823101,0.2592070698738098
1163,0.9418,1.7013,0,1,0.8250579833984375,1.2008514404296875,-2.02301025390625,3.0936779975891118,0.6851655840873718,1.0476173162460327
1164,1.0126,1.4584,0,1,1.6638641357421875,1.7885894775390625,-2.020263671875,3.0936779975891118,0.6851655840873718,1.0476173162460327
1165,1.0978,1.2389,0,1,0.464202880859375,0.738067626953125,2.46405029296875,-0.5722371339797974,0.1173428744077682,0.6286434531211853
1166,1.2097,1.0901,0,1,0.1760101318359375,0.25469970703125,1.3571624755859375,-3.655286312103272,-3.288465976715088,-0.997024416923523
1167,1.3525,1.0455,0,1,-0.323394775390625,-0.2923431396484375,-1.656097412109375,-2.716533660888672,2.6673080921173096,-2.4197115898132324
1168,1.5155,1.1264,0,1,0.9982452392578124,0.060302734375,0.264068603515625,-2.0366225242614746,0.6750916242599487,-1.7198708057403564
1169,1.6769,1.336,0,1,1.5479583740234375,0.8201141357421875,0.0537567138671875,-1.3153868913650513,-1.8142452239990237,0.0452281981706619
1170,1.8143,1.6494,0,1,1.218780517578125,1.35797119140625,0.104034423828125,-1.3153868913650513,-1.8142452239990237,0.0452281981706619
1171,1.9123,2.0164,0,1,0.866607666015625,1.4189453125,0.08099365234375,-0.9581422209739684,-0.7964782118797302,-0.0175315886735916
1172,1.9652,2.3761,0,1,0.6688232421875,1.0324554443359375,-0.082427978515625,-1.3328553438186646,0.1459864974021911,-0.1659098714590072
1173,1.9737,2.6705,0,1,0.444976806640625,0.8784332275390625,-0.037200927734375,-1.518643140792847,-0.3333753049373626,-0.0946202501654625
1174,1.9403,2.8576,0,1,0.314697265625,0.807098388671875,-0.0055694580078125,-1.5031086206436155,-0.8317006826400757,-0.3070768415927887
1175,1.8682,2.9193,0,1,0.295257568359375,0.8430328369140625,-0.0641021728515625,-1.4056062698364258,-0.8253543376922607,-0.6007382869720459
1176,1.7622,2.8609,0,1,0.3675384521484375,0.913909912109375,-0.1452789306640625,-1.2212105989456177,-0.4270631670951843,-0.7182388305664062
1177,1.6303,2.7049,0,1,0.4569549560546875,0.937652587890625,-0.1541290283203125,-0.9816142916679382,-0.1560521870851516,-0.6389485597610474
1178,1.484,2.481,0,1,0.5665130615234375,0.84210205078125,-0.1732635498046875,-0.689635157585144,-0.1265467554330825,-0.5074232816696167
1179,1.3362,2.2184,0,1,0.6537628173828125,0.7344970703125,-0.1505889892578125,-0.689635157585144,-0.1265467554330825,-0.5074232816696167
1180,1.1994,1.9419,0,1,0.72906494140625,0.639678955078125,-0.1360626220703125,-0.5674580931663513,0.1079040989279747,-0.0398310348391532
1181,1.0829,1.6705,0,1,0.7607421875,0.597625732421875,-0.1101531982421875,-0.7019794583320618,0.247483029961586,0.12039165943861
1182,0.9925,1.4184,0,1,0.75738525390625,0.5826416015625,-0.15631103515625,-0.7997224926948547,0.3706630170345306,0.0376983769237995
1183,0.9299,1.1962,0,1,0.6750030517578125,0.682464599609375,-0.2517852783203125,-0.8705103993415833,0.4077517986297607,-0.092535525560379
1184,0.8938,1.0124,0,1,0.604400634765625,0.8171234130859375,-0.26177978515625,-0.8705103993415833,0.4077517986297607,-0.092535525560379
1185,0.8808,0.8726,0,1,0.5444793701171875,0.84149169921875,-0.205535888671875,-0.8554001450538635,-0.1375948786735534,-0.0262249466031789
1186,0.8863,0.7788,0,1,0.5409393310546875,0.807891845703125,-0.1158447265625,-0.8235948085784912,-0.7746427059173584,-0.0315073244273662
1187,0.9049,0.7294,0,1,0.5346832275390625,0.7617340087890625,-0.109375,-0.991348922252655,-0.8036882281303406,-0.0864326283335685
1188,0.9307,0.7203,0,1,0.556976318359375,0.769622802734375,-0.1417999267578125,-0.8983476161956787,-0.5601770281791687,-0.1107741817831993
1189,0.9581,0.7454,0,1,0.6227874755859375,0.7811126708984375,-0.1573333740234375,-0.7306408882141113,-0.251720130443573,-0.0365649349987506
1190,0.9828,0.7949,0,1,0.6494598388671875,0.7729034423828125,-0.1373443603515625,-0.5726310014724731,-0.0666112527251243,0.0492240041494369
1191,1.002,0.8552,0,1,0.6544342041015625,0.7622528076171875,-0.138153076171875,-0.4280671775341034,-0.0786119848489761,0.1151502877473831
1192,1.015,0.9108,0,1,0.6312103271484375,0.7627716064453125,-0.14459228515625,-0.3262697160243988,-0.2272270321846008,0.159017875790596
1193,1.0221,0.9477,0,1,0.6044769287109375,0.782623291015625,-0.107696533203125,-0.318448543548584,-0.42533078789711,0.1970092058181762
1194,1.0241,0.957,0,1,0.588958740234375,0.8070068359375,-0.08404541015625,-0.314410924911499,-0.5748875141143799,0.2440832406282425
1195,1.0223,0.9371,0,1,0.5639801025390625,0.8097381591796875,-0.0816497802734375,-0.2626532018184662,-0.5557470917701721,0.2794582843780517
1196,1.0179,0.8926,0,1,0.5725250244140625,0.797698974609375,-0.0933380126953125,-0.1064119264483451,-0.4578573107719421,0.3356680274009704
1197,1.0122,0.832,0,1,0.637664794921875,0.8259735107421875,-0.133941650390625,0.2377137541770935,-0.4728876650333404,0.4868210554122925
1198,1.0063,0.7652,0,1,0.607086181640625,0.9060516357421876,-0.089935302734375,0.44572314620018,-0.4070074558258056,0.5402509570121765
1199,1.0017,0.7016,0,1,0.59991455078125,0.92388916015625,-0.01513671875,0.4462445974349975,-0.3455115854740143,0.4806987047195434
1200,1.0,0.6495,0,1,0.7295989990234375,0.8509979248046875,0.099212646484375,0.3920814990997314,-0.6370992064476013,0.4936696290969848
1201,1.0023,0.6149,0,1,0.7180938720703125,0.770538330078125,0.111236572265625,0.3920814990997314,-0.6370992064476013,0.4936696290969848
1202,1.0091,0.6009,0,1,0.5770263671875,0.6862030029296875,-0.0269927978515625,0.2682394385337829,-0.4225358068943023,0.5135695934295654
1203,1.0189,0.6071,0,1,0.4717254638671875,0.634918212890625,-0.2336883544921875,0.2682394385337829,-0.4225358068943023,0.5135695934295654
1204,1.0284,0.6299,0,1,0.4424591064453125,0.6097564697265625,-0.310089111328125,0.7102802395820618,-0.0436260402202606,0.4301194250583648
1205,1.0337,0.6635,0,1,0.5398101806640625,0.6421051025390625,-0.206695556640625,0.6139025688171387,-0.1427747309207916,0.3737863600254059
1206,1.0315,0.7014,0,1,0.6838836669921875,0.72955322265625,-0.2131500244140625,0.3365932106971741,-0.0753109976649284,0.3138458132743835
1207,1.0213,0.7369,0,1,0.86328125,0.8235321044921875,-0.37384033203125,0.3630525171756744,-0.3832304775714874,0.3787433207035064
1208,1.0063,0.7646,0,1,1.046234130859375,0.8743133544921875,-0.5571746826171875,0.6932448148727417,-0.8924670815467834,0.6093029975891113
1209,0.9928,0.7828,0,1,1.068603515625,0.75,-0.489166259765625,0.6932448148727417,-0.8924670815467834,0.6093029975891113
1210,0.9886,0.7959,0,1,0.981658935546875,0.598236083984375,-0.3966064453125,0.7620864510536194,-0.6058281064033508,0.9226529598236084
1211,0.999,0.8119,0,1,0.875762939453125,0.505859375,-0.344024658203125,0.6897901296615601,-0.4012390375137329,0.9411619305610656
1212,1.024,0.8378,0,1,0.6705322265625,0.6181182861328125,-0.317535400390625,0.6600969433784485,-0.5950023531913757,0.874789297580719
1213,1.059,0.8773,0,1,0.522613525390625,0.6969146728515625,-0.3217926025390625,0.6464756727218628,-0.6316405534744263,0.7348015308380127
1214,1.0959,0.9295,0,1,0.4884033203125,0.7157440185546875,-0.23199462890625,0.6464756727218628,-0.6316405534744263,0.7348015308380127
1215,1.1266,0.99,0,1,0.6024627685546875,0.6994171142578125,-0.15106201171875,0.2196370214223861,-0.4912552237510681,0.7310147881507874
1216,1.1446,1.0516,0,1,0.71148681640625,0.5967864990234375,-0.175537109375,0.0620423331856727,-0.4483183920383453,0.7415819764137268
1217,1.1468,1.1058,0,1,0.7506866455078125,0.52496337890625,-0.1675567626953125,-0.0883511677384376,-0.5138457417488098,0.7226415872573853
1218,1.1333,1.1447,0,1,0.775390625,0.4547882080078125,-0.256988525390625,-0.1406476646661758,-0.5045281648635864,0.8056951761245728
1219,1.1068,1.1635,0,1,0.7384185791015625,0.4058837890625,-0.2539215087890625,-0.3234102725982666,-0.1764874160289764,0.7885220646858215
1220,1.0712,1.1609,0,1,0.702392578125,0.396148681640625,-0.191864013671875,-0.6824171543121338,0.0846469774842262,0.6904106736183167
1221,1.0305,1.1397,0,1,0.6641693115234375,0.4537353515625,-0.13128662109375,-1.0845608711242676,-0.0004679173871409,0.5605804920196533
1222,0.9884,1.106,0,1,0.6239776611328125,0.52386474609375,-0.14190673828125,-1.3868424892425537,-0.1706617474555969,0.4405339658260345
1223,0.9475,1.0695,0,1,0.558837890625,0.5768890380859375,-0.1638336181640625,-1.5558924674987793,-0.1910269409418106,0.3010117709636688
1224,0.9101,1.0418,0,1,0.550567626953125,0.55767822265625,-0.1743621826171875,-1.6738358736038208,-0.1672651618719101,0.1963535398244857
1225,0.8776,1.0339,0,1,0.556060791015625,0.527313232421875,-0.21868896484375,-1.7485623359680176,-0.1241107657551765,0.136485144495964
1226,0.8509,1.0534,0,1,0.5679168701171875,0.5179443359375,-0.2668914794921875,-1.799031376838684,-0.1525682359933853,0.0534576326608657
1227,0.8301,1.1035,0,1,0.58807373046875,0.5382232666015625,-0.3353729248046875,-1.812635898590088,-0.4424935281276703,-0.079696424305439
1228,0.8153,1.1827,0,1,0.6493988037109375,0.55706787109375,-0.3903656005859375,-1.8141040802001955,-0.8785129189491272,-0.1772573441267013
1229,0.8069,1.2858,0,1,0.722320556640625,0.5337677001953125,-0.41656494140625,-1.7486072778701782,-1.0834578275680542,-0.2200774997472763
1230,0.8055,1.406,0,1,0.7971649169921875,0.4501800537109375,-0.376617431640625,-1.6126015186309814,-1.0491310358047483,-0.2473120540380478
1231,0.8117,1.5344,0,1,0.9191436767578124,0.446197509765625,-0.389251708984375,-1.3475717306137085,-1.136459231376648,-0.0776958614587783
1232,0.8262,1.661,0,1,0.9556884765625,0.4800567626953125,-0.423828125,-1.055159568786621,-1.2009074687957764,0.1042683497071266
1233,0.8489,1.7742,0,1,0.8447418212890625,0.5049285888671875,-0.44580078125,-0.8238028287887573,-1.1173467636108398,0.2332721352577209
1234,0.8792,1.8621,0,1,0.7044219970703125,0.500579833984375,-0.4195709228515625,-0.5346575379371643,-0.7441186308860779,0.2702075242996216
1235,0.915,1.9133,0,1,0.604888916015625,0.5296630859375,-0.4632415771484375,-0.1167303472757339,-0.2120448797941208,0.2767980396747589
1236,0.9523,1.9168,0,1,0.722076416015625,0.6874542236328125,-0.6463165283203125,0.5184453129768372,0.4205240607261657,0.4998497664928436
1237,0.9885,1.8675,0,1,1.45111083984375,1.057037353515625,-1.23046875,1.7823418378829956,1.871914029121399,1.5016076564788818
1238,1.0253,1.7748,0,1,1.4346160888671875,1.30792236328125,0.3565826416015625,1.0102916955947876,1.9089815616607664,1.692119002342224
1239,1.0696,1.6644,0,1,0.502197265625,0.8998870849609375,0.3605804443359375,-0.29296875,-0.0311310216784477,-0.024687236174941
1240,1.1268,1.5629,0,1,0.0604095458984375,0.466827392578125,-0.9090423583984376,-0.6869642734527588,-0.3114444315433502,-0.9849011301994324
1241,1.1937,1.4844,0,1,0.3004608154296875,0.31817626953125,0.4263153076171875,-2.088461399078369,-1.97499418258667,-1.0369337797164917
1242,1.2588,1.4367,0,1,0.56854248046875,0.4076080322265625,0.2312164306640625,-2.67195463180542,-2.099040508270264,-0.6599614024162292
1243,1.3076,1.4313,0,1,0.9623260498046876,0.4525299072265625,-0.314666748046875,-1.7032619714736938,-0.7003738284111023,-0.1700148731470108
1244,1.3293,1.4776,0,1,1.0555572509765625,0.7850494384765625,0.0737152099609375,-0.970952570438385,-0.7295311689376831,0.0165012124925851
1245,1.3221,1.5705,0,1,0.9901885986328124,0.933197021484375,-0.042449951171875,-0.970952570438385,-0.7295311689376831,0.0165012124925851
1246,1.2923,1.6885,0,1,0.78240966796875,0.86834716796875,0.075347900390625,-1.1057002544403076,-1.607036590576172,-0.0224893298000097
1247,1.25,1.8058,0,1,0.5263671875,0.9373321533203124,0.1525421142578125,-2.0067310333251958,-1.3836174011230469,-0.1946025043725967
1248,1.205,1.9054,0,1,0.4471588134765625,0.9043731689453124,0.16375732421875,-2.1913506984710693,-1.5213608741760254,-0.5282824635505676
1249,1.1637,1.9832,0,1,0.5532989501953125,0.8975067138671875,-0.037384033203125,-1.7515584230422974,-1.208052158355713,-0.5178442001342773
1250,1.1292,2.0427,0,1,0.6153411865234375,0.952545166015625,-0.055572509765625,-1.133072018623352,-0.7305410504341125,-0.3519228994846344
1251,1.103,2.086,0,1,0.6417694091796875,1.0114288330078125,0.0797882080078125,-0.8491957783699036,-0.5567543506622314,-0.1667266637086868
1252,1.0855,2.1077,0,1,0.630126953125,0.9910125732421876,-0.028289794921875,-0.5924787521362305,-0.3150231838226318,-0.0113274892792105
1253,1.077,2.0966,0,1,0.56573486328125,0.894805908203125,-0.079681396484375,-0.4610880017280578,0.0395804308354854,-0.0630668476223945
1254,1.0766,2.0407,0,1,0.5653228759765625,0.847137451171875,-0.0225067138671875,-0.6254209876060486,0.1578641980886459,-0.1950864046812057
1255,1.0821,1.9334,0,1,0.6056976318359375,0.8331756591796875,-0.0625457763671875,-0.8087934851646423,0.0092816492542624,-0.3028155267238617
1256,1.09,1.778,0,1,0.612548828125,0.8390960693359375,-0.150115966796875,-0.8100672960281372,-0.394174724817276,-0.3552931249141693
1257,1.0973,1.588,0,1,0.584808349609375,0.829925537109375,-0.19451904296875,-0.7142784595489502,-0.8814921975135803,-0.3482197523117065
1258,1.1015,1.3843,0,1,0.547210693359375,0.803131103515625,-0.1640777587890625,-0.7369198203086853,-1.085328459739685,-0.3156458437442779
1259,1.1013,1.1909,0,1,0.54107666015625,0.762786865234375,-0.049072265625,-0.9170629978179932,-1.0669499635696411,-0.3135470151901245
1260,1.0957,1.0304,0,1,0.567047119140625,0.711212158203125,0.0285186767578125,-1.0593165159225464,-1.0669171810150146,-0.381618469953537
1261,1.0844,0.9195,0,1,0.6405792236328125,0.694427490234375,0.0252532958984375,-1.0933687686920166,-0.9285571575164796,-0.3542169332504272
1262,1.0678,0.8669,0,1,0.6712799072265625,0.6823272705078125,-0.014495849609375,-1.0303999185562134,-0.6859032511711121,-0.272755354642868
1263,1.0468,0.8715,0,1,0.6754608154296875,0.7081298828125,-0.0511932373046875,-0.9284825921058656,-0.5732116103172302,-0.2239105999469757
1264,1.0236,0.9228,0,1,0.6439056396484375,0.7445526123046875,-0.07293701171875,-0.9284825921058656,-0.5732116103172302,-0.2239105999469757
1265,1.0006,1.0039,0,1,0.63470458984375,0.7674560546875,-0.054290771484375,-0.9768131375312804,-0.6314248442649841,-0.2634060680866241
1266,0.9802,1.0966,0,1,0.5880584716796875,0.7837066650390625,-0.07025146484375,-1.053274631500244,-0.7426677346229553,-0.2795658707618713
1267,0.9642,1.1854,0,1,0.5523681640625,0.80218505859375,-0.0512237548828125,-1.090275526046753,-0.8258292078971863,-0.3212968111038208
1268,0.9537,1.2606,0,1,0.5634002685546875,0.81787109375,0.00323486328125,-1.1092928647994995,-0.9140176773071288,-0.2818250358104706
1269,0.9488,1.3182,0,1,0.563446044921875,0.7972564697265625,0.01507568359375,-1.098880410194397,-0.9243043661117554,-0.2159477472305297
1270,0.9487,1.3583,0,1,0.5185546875,0.755615234375,-0.00689697265625,-1.0894384384155271,-0.9696524143218994,-0.2076804935932159
1271,0.9521,1.3842,0,1,0.4682464599609375,0.761871337890625,-0.082000732421875,-1.059788465499878,-0.9382827877998352,-0.2156033962965011
1272,0.957,1.3993,0,1,0.4505767822265625,0.8301849365234375,-0.2318572998046875,-0.877024233341217,-0.6818611025810242,-0.271676242351532
1273,0.9619,1.4058,0,1,0.586456298828125,0.9065704345703124,-0.291473388671875,-0.5656610131263733,-0.406688928604126,-0.148873895406723
1274,0.966,1.4021,0,1,0.5567626953125,0.9197998046875,-0.2188262939453125,-0.4795689880847931,0.0046466835774481,-0.1964406222105026
1275,0.9703,1.383,0,1,0.51690673828125,0.8905181884765625,-0.2078094482421875,-0.4116235077381134,-0.0159968100488185,-0.3426050245761871
1276,0.9762,1.3421,0,1,0.5698699951171875,0.86224365234375,-0.1119384765625,-0.429100751876831,-0.1823599487543106,-0.2232860773801803
1277,0.9843,1.2755,0,1,0.57513427734375,0.776611328125,-0.0910797119140625,-0.5479446053504944,0.0664892792701721,-0.1346904337406158
1278,0.9942,1.1842,0,1,0.57843017578125,0.7587738037109375,-0.063262939453125,-0.6349409818649292,0.2513739168643951,-0.1875618994235992
1279,1.0046,1.0744,0,1,0.6571044921875,0.8021087646484375,-0.0399627685546875,-0.5733623504638672,0.0031571774743497,-0.175324946641922
1280,1.0137,0.9557,0,1,0.71142578125,0.8015289306640625,-0.0619964599609375,-0.2592984139919281,-0.5414278507232666,-0.0803635492920875
1281,1.0209,0.8391,0,1,0.7158966064453125,0.7310791015625,-0.0600433349609375,0.1575352996587753,-0.9801689982414246,0.08771413564682
1282,1.0259,0.7358,0,1,0.6711883544921875,0.6550750732421875,-0.0628509521484375,0.5284473299980164,-1.00628924369812,0.340410053730011
1283,1.0287,0.6566,0,1,0.62994384765625,0.6157684326171875,-0.13232421875,0.8767038583755493,-0.6534675359725952,0.5885477066040039
1284,1.0287,0.6116,0,1,0.6827545166015625,0.6099395751953125,-0.3186798095703125,1.3341445922851562,-0.2432600557804107,0.873441755771637
1285,1.0254,0.6085,0,1,0.8050994873046875,0.5976409912109375,-0.3800201416015625,1.7675395011901855,-0.1815689951181411,1.1598340272903442
1286,1.019,0.6526,0,1,0.841461181640625,0.650115966796875,-0.099090576171875,1.672240138053894,-0.026134131476283,1.2220993041992188
1287,1.0113,0.7462,0,1,0.9417877197265624,0.7322235107421875,0.0553131103515625,1.2043520212173462,0.189797893166542,1.2367738485336304
1288,1.0051,0.8855,0,1,0.99041748046875,0.8020477294921875,-0.06915283203125,0.7798840999603271,0.3639742136001587,1.2540862560272217
1289,1.0038,1.0578,0,1,0.9779052734375,0.8517913818359375,-0.3243865966796875,0.6722409725189209,0.2480300366878509,1.334769368171692
1290,1.0108,1.2439,0,1,0.9662017822265624,0.81317138671875,-0.38653564453125,0.694280207157135,0.4781554043292999,1.5420628786087036
1291,1.0283,1.4238,0,1,0.78265380859375,0.773284912109375,-0.178863525390625,0.6005979776382446,0.574425220489502,1.4500021934509275
1292,1.0558,1.5807,0,1,0.6481475830078125,0.72589111328125,0.0667877197265625,0.4804403781890869,-0.3898420333862304,1.1582889556884766
1293,1.0895,1.7031,0,1,0.6352386474609375,0.7196502685546875,0.07171630859375,0.3314644694328308,-1.839307427406311,0.9850587844848632
1294,1.1231,1.7864,0,1,0.7451171875,0.70361328125,-0.16082763671875,-0.153207927942276,-1.75091552734375,1.0063393115997314
1295,1.1498,1.8335,0,1,0.570770263671875,0.60015869140625,-0.129730224609375,-0.9835287928581238,-1.0425671339035034,0.8319299817085266
1296,1.1646,1.8527,0,1,0.539398193359375,0.6982879638671875,0.1275634765625,-1.5897654294967651,-1.481192946434021,0.6788961887359619
1297,1.1644,1.8548,0,1,0.5639190673828125,0.703094482421875,0.044921875,-1.5513306856155396,-1.8480747938156128,0.5526895523071289
1298,1.1484,1.8516,0,1,0.630462646484375,0.6363525390625,-0.1625823974609375,-1.13314950466156,-1.387721061706543,0.6081695556640625
1299,1.1186,1.8532,0,1,0.7266387939453125,0.5581207275390625,-0.343017578125,-0.8090291619300842,-0.4832044839859009,0.8801640868186951
1300,1.0791,1.8621,0,1,0.57977294921875,0.564666748046875,-0.28924560546875,-0.874640703201294,-0.4390977323055267,0.756442129611969
1301,1.0349,1.8722,0,1,0.4839019775390625,0.625457763671875,-0.2650299072265625,-1.1733381748199463,-1.0276936292648315,0.4616070389747619
1302,0.9904,1.8744,0,1,0.4306488037109375,0.626861572265625,-0.29486083984375,-1.3156846761703491,-1.2771782875061035,0.2322665303945541
1303,0.9489,1.8634,0,1,0.4188232421875,0.608856201171875,-0.289825439453125,-1.2366430759429932,-1.2022931575775146,0.1011362075805664
1304,0.9121,1.8395,0,1,0.4488067626953125,0.5950927734375,-0.2755126953125,-1.0810766220092771,-1.12734854221344,0.0428888760507106
1305,0.8809,1.8062,0,1,0.4593353271484375,0.562957763671875,-0.3223114013671875,-1.0810766220092771,-1.12734854221344,0.0428888760507106
1306,0.8552,1.767,0,1,0.463958740234375,0.5458831787109375,-0.3816375732421875,-0.57435542345047,-0.7961738109588623,0.0804743394255638
1307,0.835,1.7228,0,1,0.511474609375,0.564605712890625,-0.482421875,-0.2472601234912872,-0.7329647541046143,0.2183549702167511
1308,0.8204,1.6704,0,1,0.6029510498046875,0.5625457763671875,-0.6124725341796875,-0.0357502736151218,-0.5740337371826172,0.3822222054004669
1309,0.8123,1.6044,0,1,0.705718994140625,0.5269622802734375,-0.66790771484375,-0.0826546624302864,-0.4009495377540588,0.4280115365982055
1310,0.8126,1.5195,0,1,0.859893798828125,0.4650115966796875,-0.7769775390625,-0.0923088937997818,-0.0620732232928276,0.3699495494365692
1311,0.8238,1.4135,0,1,1.105560302734375,0.387451171875,-1.1309356689453125,0.4839834570884704,0.844754159450531,0.4752006232738495
1312,0.8495,1.2896,0,1,1.2759552001953125,0.5061492919921875,-0.2024993896484375,0.4839834570884704,0.844754159450531,0.4752006232738495
1313,0.8931,1.1586,0,1,1.360626220703125,0.6427154541015625,1.3271636962890625,-1.878017544746399,0.5704477429389954,0.6857759356498718
1314,0.9574,1.0386,0,1,1.79541015625,0.73016357421875,0.177215576171875,-1.6888604164123535,0.6266316771507263,0.8581448197364807
1315,1.0433,0.9521,0,1,0.3411102294921875,0.8040618896484375,-0.846466064453125,0.7535033226013184,-2.3496882915496826,-0.3991676270961761
1316,1.1472,0.9201,0,1,0.242584228515625,0.75555419921875,-0.153717041015625,-0.6222488880157471,-2.606775283813477,-0.500223696231842
1317,1.2575,0.9582,0,1,0.166290283203125,0.72900390625,0.3937225341796875,-2.8940136432647705,-1.1720430850982666,-0.7105382680892944
1318,1.3565,1.0737,0,1,0.4593963623046875,1.0230560302734375,-0.3927459716796875,-2.296142101287842,-0.2376050949096679,-1.043852925300598
1319,1.4286,1.2617,0,1,0.7979736328125,1.2356719970703125,-0.2325592041015625,-1.106207013130188,-0.6920256018638611,-0.8616883754730225
1320,1.4662,1.502,0,1,0.8451080322265625,1.100067138671875,-0.0861968994140625,-0.5712352395057678,-1.2665754556655884,-0.4173972308635711
1321,1.4709,1.7595,0,1,0.6312408447265625,0.6672821044921875,-0.017608642578125,-0.7517381906509399,-0.8245007991790771,-0.2415793389081955
1322,1.4486,1.9934,0,1,0.529022216796875,0.501678466796875,0.0862274169921875,-1.3053044080734253,-0.024550350382924,-0.3506512343883514
1323,1.4049,2.1686,0,1,0.6562957763671875,0.555450439453125,0.08990478515625,-1.5443506240844729,0.3221263885498047,-0.352704256772995
1324,1.3439,2.264,0,1,0.7803497314453125,0.6396484375,-0.0372161865234375,-1.1924269199371338,0.2100760042667389,-0.3182501494884491
1325,1.2705,2.2746,0,1,0.8126678466796875,0.7664794921875,0.105499267578125,-0.9284296035766602,-0.3088167011737823,-0.394883394241333
1326,1.1918,2.2075,0,1,0.822509765625,0.86724853515625,0.195037841796875,-1.005566954612732,-0.6678851246833801,-0.4360625445842743
1327,1.1166,2.0784,0,1,0.819488525390625,0.889190673828125,0.1610870361328125,-1.1670321226119995,-0.8075138330459595,-0.3507934510707855
1328,1.0537,1.9091,0,1,0.743316650390625,0.813385009765625,0.06964111328125,-1.2200872898101809,-0.8910926580429077,-0.2218644917011261
1329,1.0093,1.7244,0,1,0.6710205078125,0.788330078125,0.0001220703125,-1.1594918966293335,-0.9574090838432312,-0.1471702754497528
1330,0.9856,1.5488,0,1,0.604400634765625,0.83074951171875,-0.0248870849609375,-1.1403002738952637,-0.940088152885437,-0.1932245790958404
1331,0.9807,1.4015,0,1,0.5158233642578125,0.897979736328125,-0.0834503173828125,-1.19306743144989,-0.7632683515548706,-0.3248044550418854
1332,0.99,1.2943,0,1,0.4258270263671875,0.944549560546875,-0.1306915283203125,-1.230077862739563,-0.7164726257324219,-0.4882493019104004
1333,1.008,1.2318,0,1,0.3997344970703125,0.95697021484375,-0.0301361083984375,-1.2912882566452026,-1.03489351272583,-0.6201737523078918
1334,1.0293,1.2132,0,1,0.458038330078125,0.9430389404296876,0.081024169921875,-1.3930000066757202,-1.4734742641448977,-0.5457661151885986
1335,1.0497,1.2354,0,1,0.4036102294921875,0.867767333984375,0.0104827880859375,-1.4186954498291016,-1.4457558393478394,-0.4430096447467804
1336,1.0657,1.2938,0,1,0.2924346923828125,0.800018310546875,-0.1259765625,-1.3024362325668335,-0.9151473641395568,-0.4893350601196289
1337,1.0746,1.3808,0,1,0.2564849853515625,0.795440673828125,-0.18212890625,-0.994943380355835,-0.4491434395313263,-0.6215122938156128
1338,1.0744,1.4827,0,1,0.3219757080078125,0.84979248046875,-0.1830291748046875,-0.5853143334388733,-0.2233340144157409,-0.6291528940200806
1339,1.0643,1.58,0,1,0.5104827880859375,0.8953704833984375,-0.136077880859375,-0.2683073580265045,0.1852516084909439,-0.283587247133255
1340,1.0459,1.6506,0,1,0.62689208984375,0.824066162109375,-0.022186279296875,-0.0383841395378112,0.6211135983467102,0.0201955493539571
1341,1.0228,1.6752,0,1,0.67852783203125,0.8061065673828125,0.104583740234375,0.0978192389011383,0.5922611951828003,0.2526402473449707
1342,0.9994,1.6431,0,1,0.6469268798828125,0.7418365478515625,0.13140869140625,0.136133074760437,0.4407867193222046,0.25586798787117
1343,0.9795,1.5542,0,1,0.6077423095703125,0.6939544677734375,0.0728607177734375,0.0060640177689492,0.6902295351028442,0.0158047955483198
1344,0.9654,1.4185,0,1,0.6411590576171875,0.733642578125,-0.0120086669921875,-0.2000526636838913,0.9755518436431884,-0.0711074694991111
1345,0.9574,1.2532,0,1,0.652984619140625,0.7653656005859375,-0.0935211181640625,-0.1847629249095916,0.6476203203201294,0.000909203197807
1346,0.9548,1.0788,0,1,0.69366455078125,0.7811126708984375,-0.131591796875,-0.0468748323619365,0.0474548675119876,0.0783810913562774
1347,0.957,0.9118,0,1,0.706329345703125,0.7796630859375,-0.0786590576171875,-0.0468748323619365,0.0474548675119876,0.0783810913562774
1348,0.9633,0.7613,0,1,0.685699462890625,0.768310546875,-0.0301055908203125,-0.1769753098487854,-0.2836516797542572,0.1765148490667343
1349,0.9728,0.631,0,1,0.6412811279296875,0.73712158203125,-0.0164947509765625,-0.2645501792430877,-0.2676436901092529,0.1636334061622619
1350,0.9842,0.5222,0,1,0.612030029296875,0.740814208984375,-0.05035400390625,-0.3077040314674377,-0.211183875799179,0.1366031169891357
1351,0.9959,0.4363,0,1,0.6099700927734375,0.7611541748046875,-0.0714111328125,-0.2646369934082031,-0.2404147386550903,0.1180957481265068
1352,1.006,0.3735,0,1,0.6281585693359375,0.8039093017578125,-0.0985870361328125,-0.1001721397042274,-0.3676453828811645,0.1794187575578689
1353,1.0132,0.333,0,1,0.6517181396484375,0.8248748779296875,-0.1343841552734375,0.1391075551509857,-0.3798586428165436,0.2654218077659607
1354,1.0175,0.3128,0,1,0.6440887451171875,0.8226165771484375,-0.098358154296875,0.2051648646593094,-0.1932323127985,0.3336535990238189
1355,1.0196,0.31,0,1,0.6906890869140625,0.8281402587890625,-0.0571746826171875,0.2228924632072448,-0.2245915681123733,0.4465402066707611
1356,1.0207,0.3219,0,1,0.755126953125,0.8204803466796875,-0.026153564453125,0.338051289319992,-0.5003613829612732,0.6292767524719238
1357,1.0223,0.3465,0,1,0.77191162109375,0.7825775146484375,-0.0456695556640625,0.5750741958618164,-0.7141543626785278,0.869422197341919
1358,1.0255,0.3851,0,1,0.6992950439453125,0.81201171875,-0.15576171875,0.8233348727226257,-0.3449605703353882,1.0341461896896362
1359,1.0312,0.4416,0,1,0.608856201171875,0.9034271240234376,-0.301910400390625,1.2802715301513672,-0.1034486293792724,0.9897267818450928
1360,1.0394,0.5209,0,1,0.542266845703125,0.884674072265625,-0.1932373046875,1.6741706132888794,-0.4116756916046142,0.8631014823913574
1361,1.0495,0.6273,0,1,0.57794189453125,0.8450469970703125,-0.0860443115234375,1.7388510704040527,-0.5076789259910583,0.9035977721214294
1362,1.0604,0.7627,0,1,0.6666107177734375,0.799346923828125,-0.311309814453125,1.7388510704040527,-0.5076789259910583,0.9035977721214294
1363,1.0705,0.9264,0,1,0.7458648681640625,0.7353515625,-0.5155181884765625,2.436718225479126,-0.2503749430179596,1.2438344955444336
1364,1.0792,1.1153,0,1,0.8174591064453125,0.6859588623046875,-0.4974365234375,2.734865188598633,-0.0377750769257545,1.2974222898483276
1365,1.0865,1.3266,0,1,0.820648193359375,0.6290283203125,-0.2634429931640625,2.4734129905700684,0.5773858428001404,1.3223901987075806
1366,1.093,1.5564,0,1,0.817230224609375,0.5217132568359375,-0.07562255859375,1.7297017574310305,1.0247652530670166,1.2761907577514648
1367,1.098,1.7956,0,1,0.66845703125,0.3895721435546875,-0.0244293212890625,0.8818943500518799,0.2051371783018112,0.6938903331756592
1368,1.0995,2.0248,0,1,0.6822357177734375,0.5381622314453125,0.07904052734375,-0.1047804728150367,-1.299636960029602,0.2729042470455169
1369,1.0947,2.2171,0,1,0.763885498046875,0.6180877685546875,-0.2035369873046875,-0.4929156899452209,-1.1360392570495603,0.1846300363540649
1370,1.082,2.3461,0,1,0.75177001953125,0.489288330078125,-0.2640838623046875,-0.4929156899452209,-1.1360392570495603,0.1846300363540649
1371,1.0618,2.3945,0,1,0.6397857666015625,0.41082763671875,-0.251983642578125,-0.4418224096298218,0.1574583351612091,0.0243476834148168
1372,1.0358,2.3559,0,1,0.5020904541015625,0.4309539794921875,-0.331939697265625,-0.3795161545276642,0.2387726306915283,-0.0645534247159957
1373,1.0053,2.2324,0,1,0.4545135498046875,0.471099853515625,-0.2979888916015625,-0.4785197079181671,0.1902892440557479,-0.1655516773462295
1374,0.9713,2.0351,0,1,0.4852752685546875,0.4983367919921875,-0.26715087890625,-0.6511748433113098,-0.092854306101799,-0.2657810747623443
1375,0.9346,1.7837,0,1,0.561126708984375,0.503387451171875,-0.3026275634765625,-0.7236679196357727,-0.4950787127017975,-0.3548046946525574
1376,0.8968,1.5052,0,1,0.646942138671875,0.51287841796875,-0.3161163330078125,-0.7416799664497375,-0.6887451410293579,-0.4054242074489593
1377,0.8606,1.2302,0,1,0.7317962646484375,0.5107421875,-0.3409881591796875,-0.7519903779029846,-0.678584635257721,-0.3436199426651001
1378,0.8296,0.9871,0,1,0.7616729736328125,0.4976043701171875,-0.395416259765625,-0.6767334342002869,-0.6596865653991699,-0.2372093498706817
1379,0.8075,0.7967,0,1,0.7344818115234375,0.4950103759765625,-0.4725494384765625,-0.5160748362541199,-0.6277531385421753,-0.1661074757575988
1380,0.7973,0.6693,0,1,0.7107086181640625,0.50714111328125,-0.5272979736328125,-0.3610740303993225,-0.4953165352344513,-0.0947352945804596
1381,0.8002,0.6032,0,1,0.6671600341796875,0.53717041015625,-0.537384033203125,-0.2399944812059402,-0.2941333651542663,-0.075273185968399
1382,0.8159,0.5866,0,1,0.6601104736328125,0.5522918701171875,-0.54132080078125,-0.0703817531466484,-0.1188009530305862,-0.0598305761814117
1383,0.8422,0.6008,0,1,0.684112548828125,0.532135009765625,-0.53369140625,0.0769850611686706,-0.0347132384777069,-0.0010498181218281
1384,0.8756,0.6247,0,1,0.7023162841796875,0.4926300048828125,-0.548797607421875,0.1709520369768142,0.0373135507106781,0.0208916999399662
1385,0.9125,0.6402,0,1,0.7431640625,0.450836181640625,-0.55059814453125,0.1829250752925872,0.2584765553474426,0.0109852729365229
1386,0.9492,0.6362,0,1,0.84454345703125,0.4463653564453125,-0.811492919921875,0.4464004039764404,0.4917766451835632,0.1424543559551239
1387,0.984,0.6114,0,1,1.17987060546875,0.5528717041015625,-1.2237548828125,1.380987286567688,0.7524955868721008,0.5323118567466736
1388,1.0187,0.5764,0,1,1.2901458740234375,0.6778411865234375,-0.451416015625,1.2717499732971191,1.6063804626464844,0.5476164817810059
1389,1.0578,0.5514,0,1,1.0918121337890625,0.644195556640625,0.3843994140625,-0.0579610392451286,1.0899479389190674,0.4363213777542114
1390,1.104,0.5568,0,1,0.6211090087890625,0.3604583740234375,0.1438446044921875,-1.18710196018219,0.3964408338069916,0.0157280974090099
1391,1.1545,0.6041,0,1,0.3145904541015625,0.26800537109375,-0.3677978515625,-1.7316282987594604,-0.0688166171312332,-0.6460235118865967
1392,1.2001,0.6955,0,1,0.77691650390625,0.489501953125,0.6753387451171875,-2.7148685455322266,-2.4442834854125977,-0.8169385194778442
1393,1.2305,0.8329,0,1,1.1104583740234375,0.729461669921875,-0.100128173828125,-2.4439308643341064,-2.09234881401062,-0.5682450532913208
1394,1.2413,1.0212,0,1,1.03997802734375,0.88702392578125,-0.1381072998046875,-1.614714503288269,-1.3626394271850586,-0.3023702502250671
1395,1.2349,1.2596,0,1,0.7166290283203125,0.9823150634765624,0.1304779052734375,-1.6257176399230957,-2.062786102294922,-0.3340046107769012
1396,1.2182,1.535,0,1,0.5824127197265625,1.0081787109375,0.062469482421875,-1.740614891052246,-2.0888264179229736,-0.3042251467704773
1397,1.1982,1.8253,0,1,0.4643096923828125,0.9567108154296876,0.14739990234375,-1.9854328632354736,-1.6254643201828003,-0.403281420469284
1398,1.1792,2.1067,0,1,0.427581787109375,0.9415740966796876,0.0810089111328125,-1.9759379625320437,-0.9295212626457214,-0.5608726143836975
1399,1.163,2.3565,0,1,0.4843597412109375,0.97412109375,-0.0103302001953125,-1.6499627828598022,-0.2852343916893005,-0.5584784746170044
1400,1.1496,2.5536,0,1,0.5161895751953125,0.9763031005859376,-0.0566558837890625,-1.1569879055023191,0.061436727643013,-0.4330992400646209
1401,1.1383,2.6787,0,1,0.4914093017578125,0.97509765625,-0.0791168212890625,-0.651757001876831,0.1876223534345626,-0.3030392229557037
1402,1.1286,2.7162,0,1,0.4637603759765625,0.94915771484375,-0.069793701171875,-0.3278388679027557,0.2753820419311523,-0.1741017550230026
1403,1.1199,2.6563,0,1,0.4531707763671875,0.8698577880859375,-0.052520751953125,-0.2537944614887237,0.4651133716106415,-0.1174398139119148
1404,1.1115,2.4996,0,1,0.4890899658203125,0.7916107177734375,-0.035125732421875,-0.3210158348083496,0.601850688457489,-0.0848714783787727
1405,1.1021,2.2589,0,1,0.5596771240234375,0.7448272705078125,0.01904296875,-0.4170771241188049,0.5026301145553589,-0.0270822178572416
1406,1.0904,1.9582,0,1,0.63677978515625,0.7332305908203125,0.0239715576171875,-0.4526982307434082,0.3710601031780243,-0.0097871171310544
1407,1.0753,1.6281,0,1,0.6795806884765625,0.7370147705078125,-0.08172607421875,-0.4165974855422973,0.6148242950439453,-0.1230431050062179
1408,1.0575,1.3002,0,1,0.686737060546875,0.775543212890625,-0.146453857421875,-0.3484775424003601,0.7197456359863281,-0.180101066827774
1409,1.0383,1.0028,0,1,0.6683349609375,0.786712646484375,-0.136505126953125,-0.3280987739562988,0.3948186933994293,-0.1593379974365234
1410,1.02,0.7566,0,1,0.637451171875,0.7501373291015625,-0.084381103515625,-0.41684091091156,-0.0954341068863868,-0.1841868758201599
1411,1.0047,0.5726,0,1,0.637115478515625,0.710205078125,-0.0386962890625,-0.41684091091156,-0.0954341068863868,-0.1841868758201599
1412,0.9932,0.4515,0,1,0.659423828125,0.71209716796875,-0.009063720703125,-0.8429250717163086,-0.5256195664405823,-0.1823533028364181
1413,0.9856,0.3888,0,1,0.646942138671875,0.7349395751953125,-0.029388427734375,-0.927765965461731,-0.5432726144790649,-0.1862574964761734
1414,0.9812,0.378,0,1,0.6317291259765625,0.7685546875,-0.0809478759765625,-0.8542875051498413,-0.5257633924484253,-0.1822797954082489
1415,0.9793,0.412,0,1,0.6092071533203125,0.8066864013671875,-0.1252288818359375,-0.7504407167434692,-0.4111824929714203,-0.1458908915519714
1416,0.9794,0.4808,0,1,0.559051513671875,0.8268890380859375,-0.138214111328125,-0.6604927182197571,-0.3342352509498596,-0.166317343711853
1417,0.9809,0.5718,0,1,0.56842041015625,0.83575439453125,-0.0915679931640625,-0.6091970205307007,-0.3458191752433777,-0.1560418009757995
1418,0.9839,0.6701,0,1,0.572601318359375,0.826629638671875,-0.0525665283203125,-0.6093065142631531,-0.2658143639564514,-0.1231123432517051
1419,0.9877,0.7615,0,1,0.5389251708984375,0.80413818359375,-0.055084228515625,-0.5781347155570984,-0.0936780199408531,-0.1470512300729751
1420,0.992,0.8346,0,1,0.547027587890625,0.8065948486328125,-0.0679473876953125,-0.5061947703361511,0.0974439978599548,-0.1516787409782409
1421,0.996,0.8814,0,1,0.5755462646484375,0.81103515625,-0.0758819580078125,-0.4308904111385345,0.2887556254863739,-0.1262458115816116
1422,0.999,0.8983,0,1,0.58294677734375,0.7931365966796875,-0.10552978515625,-0.3190072774887085,0.396036297082901,-0.1138466745615005
1423,1.0007,0.8859,0,1,0.627410888671875,0.7854461669921875,-0.068878173828125,-0.2815941274166107,0.4883451759815216,-0.0420124307274818
1424,1.0012,0.8489,0,1,0.6510009765625,0.7983245849609375,-0.0320587158203125,-0.3731575906276703,0.7200122475624084,0.0307208951562643
1425,1.0008,0.7956,0,1,0.6087646484375,0.7897491455078125,-0.0656890869140625,-0.3682872056961059,0.7309690117835999,0.0235596541315317
1426,1.0001,0.7362,0,1,0.639984130859375,0.7805328369140625,-0.064361572265625,-0.2667627334594726,0.4575102925300598,0.0594476126134395
1427,0.9997,0.6802,0,1,0.7181854248046875,0.768798828125,0.000579833984375,-0.1324781477451324,0.0502882041037082,0.1992960572242736
1428,0.9999,0.6326,0,1,0.7327880859375,0.724578857421875,0.0167694091796875,0.040616400539875,-0.2288353145122528,0.2987800538539886
1429,1.0012,0.5936,0,1,0.741424560546875,0.6762847900390625,0.01556396484375,0.2378615587949752,-0.2873188555240631,0.3783448934555053
1430,1.0035,0.5618,0,1,0.7738189697265625,0.6472320556640625,0.0675811767578125,0.3854843080043793,-0.4888016283512115,0.5197555422782898
1431,1.0068,0.5373,0,1,0.7767333984375,0.6080322265625,0.1103057861328125,0.4691842794418335,-0.7834087610244751,0.6086326837539673
1432,1.0102,0.5236,0,1,0.7743988037109375,0.584197998046875,0.0957183837890625,0.4712631404399872,-0.7235960364341736,0.6449483633041382
1433,1.0131,0.5259,0,1,0.7930908203125,0.626800537109375,0.053863525390625,0.3969334959983825,-0.1453835666179657,0.794762372970581
1434,1.0149,0.5482,0,1,0.767242431640625,0.7535552978515625,-0.0373992919921875,0.4495674073696136,0.6033263802528381,0.9550620317459106
1435,1.0158,0.5922,0,1,0.79766845703125,0.9211578369140624,-0.4654541015625,1.310988426208496,0.9346566200256348,1.0741084814071655
1436,1.0177,0.6599,0,1,0.824920654296875,1.05157470703125,-0.645599365234375,2.389858722686768,0.6242734789848328,1.2124367952346802
1437,1.0241,0.7574,0,1,0.81793212890625,0.938873291015625,-0.5803375244140625,2.7124993801116943,0.544761598110199,1.2804327011108398
1438,1.0391,0.8947,0,1,0.82171630859375,0.761138916015625,-0.3018798828125,2.355612277984619,0.1021905466914177,1.3806538581848145
1439,1.0645,1.0788,0,1,0.7370147705078125,0.6630706787109375,-0.0236053466796875,1.790368914604187,-0.8898390531539917,1.1870473623275757
1440,1.0977,1.3069,0,1,0.713043212890625,0.637054443359375,0.05841064453125,1.35926353931427,-1.93792986869812,0.8849950432777405
1441,1.1326,1.565,0,1,0.7171478271484375,0.6528778076171875,-0.04327392578125,1.048717975616455,-2.2770559787750244,0.5635243654251099
1442,1.1618,1.8319,0,1,0.5900115966796875,0.694610595703125,-0.327911376953125,0.6059197187423706,-1.5006992816925049,0.3137643039226532
1443,1.1794,2.0826,0,1,0.479583740234375,0.81689453125,-0.184417724609375,0.1249730959534645,-1.614926815032959,0.2436310350894928
1444,1.1823,2.2919,0,1,0.4477691650390625,0.8213348388671875,0.018798828125,-0.311119794845581,-2.37949800491333,-0.0183308031409978
1445,1.1699,2.4408,0,1,0.46270751953125,0.7430877685546875,-0.08966064453125,-0.4984183311462402,-1.9030659198760984,-0.2401292473077774
1446,1.144,2.5204,0,1,0.546234130859375,0.6170196533203125,-0.2511749267578125,-0.2609056234359741,-0.3554536998271942,-0.2554861009120941
1447,1.1074,2.5283,0,1,0.59234619140625,0.4752197265625,-0.2298583984375,0.1523216217756271,0.6718937158584595,-0.2089502811431884
1448,1.0635,2.463,0,1,0.6309814453125,0.43408203125,-0.2174530029296875,0.3895589411258697,0.767717182636261,-0.0806663483381271
1449,1.0155,2.3267,0,1,0.590545654296875,0.467926025390625,-0.2200927734375,0.221481516957283,0.6548449397087097,-0.1059440076351165
1450,0.9665,2.1287,0,1,0.53515625,0.5302276611328125,-0.1657562255859375,-0.254376083612442,0.2160585224628448,-0.2472055256366729
1451,0.9193,1.8851,0,1,0.487030029296875,0.61871337890625,-0.1891937255859375,-0.6350957155227661,-0.4212660193443298,-0.3864832520484924
1452,0.8765,1.6167,0,1,0.4882965087890625,0.6944427490234375,-0.279876708984375,-0.6790599822998047,-0.7402200102806091,-0.4865427613258362
1453,0.8403,1.3475,0,1,0.5415496826171875,0.6935882568359375,-0.3463134765625,-0.5218458771705627,-0.740750253200531,-0.5085482001304626
1454,0.8132,1.1021,0,1,0.585357666015625,0.6434173583984375,-0.394073486328125,-0.322509616613388,-0.4943327605724334,-0.4854862689971924
1455,0.7971,0.8999,0,1,0.588470458984375,0.590667724609375,-0.4505615234375,-0.1060145795345306,-0.2225470542907714,-0.4660063087940216
1456,0.7931,0.7501,0,1,0.6020050048828125,0.58209228515625,-0.4882659912109375,0.1105784401297569,0.0049886330962181,-0.4414812624454498
1457,0.8007,0.6519,0,1,0.6210784912109375,0.59490966796875,-0.5565338134765625,0.3597733676433563,0.2536964416503906,-0.4250221252441406
1458,0.8186,0.5974,0,1,0.7022247314453125,0.609039306640625,-0.6143951416015625,0.5688629150390625,0.58623206615448,-0.3384323716163635
1459,0.845,0.5771,0,1,0.811767578125,0.562408447265625,-0.622772216796875,0.6849996447563171,0.896759033203125,-0.1668430417776107
1460,0.8782,0.5839,0,1,0.921966552734375,0.468109130859375,-0.541229248046875,0.6954696178436279,0.8417112231254578,0.0459746830165386
1461,0.9168,0.6127,0,1,0.965911865234375,0.361419677734375,-0.5175323486328125,0.5974469184875488,0.5809571146965027,0.2142103016376495
1462,0.959,0.6592,0,1,0.9875030517578124,0.2996978759765625,-0.603912353515625,0.5974469184875488,0.5809571146965027,0.2142103016376495
1463,1.0031,0.7169,0,1,1.095428466796875,0.4221038818359375,-0.8124542236328125,0.4185597002506256,0.4458166360855102,0.6347426176071167
1464,1.048,0.7787,0,1,1.390716552734375,0.753265380859375,-0.93157958984375,0.6069458723068237,0.2044005393981933,1.1617950201034546
1465,1.0954,0.8395,0,1,1.4929962158203125,0.8724822998046875,-0.612823486328125,0.5528860688209534,-0.2118496745824813,1.531406283378601
1466,1.1489,0.8987,0,1,0.8549652099609375,0.617462158203125,0.492706298828125,-0.7993046641349792,-0.8086536526679993,1.0454992055892944
1467,1.2094,0.9603,0,1,0.3372650146484375,0.314544677734375,0.2567901611328125,-1.7737057209014893,-1.443406105041504,0.3281810581684112
1468,1.2703,1.0321,0,1,-0.3573455810546875,0.1759490966796875,-0.3269805908203125,-1.8987177610397337,-2.6909897327423096,-0.9282274842262268
1469,1.3184,1.1268,0,1,-0.169952392578125,0.368072509765625,-0.8027496337890625,-2.50982928276062,-1.7721028327941897,-1.414700984954834
1470,1.3404,1.2599,0,1,0.8556976318359375,0.69744873046875,-0.1776123046875,-2.581814765930176,-1.2560434341430664,-0.8790066838264465
1471,1.3306,1.4418,0,1,1.0268096923828125,0.9918975830078124,0.2622528076171875,-2.068753480911255,-1.2426570653915403,-0.5847929120063782
1472,1.2935,1.6682,0,1,1.1172027587890625,1.175323486328125,-0.2145538330078125,-0.8265528082847595,-1.1429754495620728,-0.18667533993721
1473,1.2419,1.9175,0,1,0.946746826171875,0.991485595703125,-0.0300140380859375,-0.780721127986908,-1.089693546295166,0.3877517282962799
1474,1.1911,2.1553,0,1,0.5733795166015625,0.7550048828125,0.2249298095703125,-1.824305772781372,-0.6116614937782288,0.1539048701524734
1475,1.1518,2.3475,0,1,0.479461669921875,0.8223419189453125,0.0446929931640625,-2.2267792224884038,-0.2269676327705383,-0.1631550937891006
1476,1.1275,2.4726,0,1,0.5560760498046875,0.913604736328125,-0.0451812744140625,-1.9214709997177124,-0.1644621789455413,-0.3668328523635864
1477,1.1161,2.5249,0,1,0.6037750244140625,0.9735565185546876,-0.0094757080078125,-1.452742099761963,-0.0086193205788731,-0.4013932347297668
1478,1.1135,2.509,0,1,0.586090087890625,0.9559173583984376,0.07073974609375,-1.150157451629639,0.1132554486393928,-0.2630388140678406
1479,1.1159,2.4336,0,1,0.528350830078125,0.9608306884765624,0.07818603515625,-0.9343689680099488,0.1746381223201751,-0.133009448647499
1480,1.1204,2.3079,0,1,0.433929443359375,0.9330596923828124,-0.0367431640625,-0.678733766078949,0.2997515499591827,-0.0647070929408073
1481,1.1245,2.141,0,1,0.388671875,0.926055908203125,-0.1134490966796875,-0.5359659790992737,0.5475482940673828,0.0430657118558883
1482,1.1261,1.943,0,1,0.4171295166015625,0.857086181640625,-0.0735626220703125,-0.572415828704834,0.679469883441925,0.0676722526550293
1483,1.1234,1.7262,0,1,0.45343017578125,0.8075714111328125,-0.0249786376953125,-0.6273366212844849,0.4940408766269684,-0.0114105800166726
1484,1.115,1.5046,0,1,0.531280517578125,0.783294677734375,-0.0276947021484375,-0.611108660697937,0.1538529396057129,-0.051581434905529
1485,1.1003,1.292,0,1,0.6131744384765625,0.7608184814453125,-0.077880859375,-0.5162596106529236,-0.0380448549985885,-0.0376264713704586
1486,1.08,1.0988,0,1,0.66485595703125,0.74249267578125,-0.117523193359375,-0.5162596106529236,-0.0380448549985885,-0.0376264713704586
1487,1.0562,0.9312,0,1,0.70172119140625,0.73486328125,-0.0946807861328125,-0.3529282212257385,0.0027438548859208,0.0555934868752956
1488,1.0314,0.7918,0,1,0.7128143310546875,0.734283447265625,-0.0275726318359375,-0.4392122626304626,0.002372077666223,0.1061820983886718
1489,1.0087,0.6799,0,1,0.66748046875,0.7565765380859375,-0.0279998779296875,-0.5738627314567566,-0.0331228002905845,0.0917781218886375
1490,0.9904,0.594,0,1,0.6166229248046875,0.8094940185546875,-0.1037750244140625,-0.5811965465545654,-0.140189066529274,0.0625486001372337
1491,0.9779,0.5322,0,1,0.5677642822265625,0.8351593017578125,-0.142578125,-0.4678564071655273,-0.2993606030941009,-0.0256976392120122
1492,0.9717,0.4926,0,1,0.5586395263671875,0.83331298828125,-0.121124267578125,-0.4244487583637237,-0.2619993984699249,-0.0990243181586265
1493,0.9713,0.4726,0,1,0.5782012939453125,0.808685302734375,-0.0594940185546875,-0.4734692871570587,-0.1440176218748092,-0.1282567679882049
1494,0.9756,0.468,0,1,0.610748291015625,0.7869415283203125,-0.00115966796875,-0.5454449653625488,-0.1456259042024612,-0.1401778757572174
1495,0.9828,0.4747,0,1,0.625762939453125,0.7716522216796875,0.008148193359375,-0.5803195834159851,-0.1995256245136261,-0.1331463307142257
