id,ASVM,GSVM,walking_nonwalking,normal_abnormal,ax,ay,az,gx,gy,gz
1,1.0039,0.43,0,1,0.4617462158203125,0.8909454345703125,0.02984619140625,0.3629180192947387,0.2178146243095398,-0.0755320414900779
2,1.0039,0.4298,0,1,0.461395263671875,0.8833465576171875,0.0338287353515625,0.2515432834625244,0.065994992852211,-0.0580076426267623
3,1.0039,0.4288,0,1,0.462860107421875,0.884765625,0.0358428955078125,0.116635538637638,0.0272396095097064,-0.069496251642704
4,1.0038,0.4249,0,1,0.44818115234375,0.8719940185546875,0.0239105224609375,-0.0384182296693325,0.0422470569610595,-0.0474921502172946
5,1.0034,0.4152,0,1,0.4342498779296875,0.858673095703125,0.000396728515625,-0.131893053650856,-0.0013283847365528,-0.0459334030747413
6,1.0025,0.3971,0,1,0.4378814697265625,0.8696136474609375,-0.0229339599609375,-0.1411390155553817,-0.0723967030644416,-0.0438569374382495
7,1.0009,0.3699,0,1,0.452728271484375,0.8870849609375,-0.035675048828125,-0.1080500409007072,-0.0981127172708511,-0.0442771837115287
8,0.9985,0.3347,0,1,0.458221435546875,0.9003753662109375,-0.0418548583984375,-0.0817470625042915,-0.0524456314742565,-0.0332804583013057
9,0.9956,0.2944,0,1,0.4296722412109375,0.8961181640625,-0.0477752685546875,-0.0881737992167472,0.0511702448129653,-0.0244568735361099
10,0.9927,0.2521,0,1,0.4141998291015625,0.8868560791015625,-0.0589447021484375,-0.0917834490537643,0.0894878059625625,-0.0280638579279184
11,0.9902,0.2108,0,1,0.4251861572265625,0.8817596435546875,-0.0685272216796875,-0.0542113073170185,0.0096949711441993,-0.0336823314428329
12,0.9884,0.1733,0,1,0.4606475830078125,0.8773345947265625,-0.0650177001953125,0.0061606904491782,-0.1043056324124336,-0.0339270755648613
13,0.9872,0.1413,0,1,0.4872283935546875,0.8767242431640625,-0.058807373046875,0.0649608895182609,-0.0809307992458343,-0.0163675211369991
14,0.9866,0.1159,0,1,0.511322021484375,0.8761749267578125,-0.03704833984375,0.0734947249293327,-0.009141300804913,0.0532032996416091
15,0.9868,0.0974,0,1,0.466827392578125,0.8687286376953125,-0.017852783203125,0.0452132858335971,0.0075343488715589,0.0827505365014076
16,0.9877,0.0856,0,1,0.432647705078125,0.87518310546875,-0.0053253173828125,-0.019384616985917,-0.1003798693418502,0.1141838282346725
17,0.9891,0.08,0,1,0.430694580078125,0.904541015625,-0.0074920654296875,-0.0832179263234138,-0.2390067279338836,0.1150863766670227
18,0.9908,0.0803,0,1,0.443878173828125,0.9127349853515624,-0.029205322265625,-0.1235826611518859,-0.2285713851451873,0.1195873841643333
19,0.9925,0.0869,0,1,0.4489898681640625,0.9082794189453124,-0.057342529296875,-0.1156717389822006,-0.1389584243297577,0.1264053434133529
20,0.9943,0.0999,0,1,0.4315032958984375,0.8934478759765625,-0.07501220703125,-0.0467691048979759,-0.0921823903918266,0.1253621876239776
21,0.9961,0.1182,0,1,0.4294586181640625,0.8937530517578125,-0.0671234130859375,0.0487030893564224,-0.0924028977751731,0.1338542103767395
22,0.9979,0.1395,0,1,0.4282073974609375,0.9071502685546876,-0.0433807373046875,0.12282045930624,-0.1184291765093803,0.1040651500225067
23,0.9995,0.1611,0,1,0.4379730224609375,0.9213104248046876,-0.0155487060546875,0.1341298371553421,-0.1202140226960182,0.0988421589136123
24,1.0009,0.1807,0,1,0.4374237060546875,0.93157958984375,-0.0004425048828125,0.0766505673527717,-0.0636221170425415,0.1022067964076995
25,1.0023,0.1964,0,1,0.41741943359375,0.9021148681640624,-0.005889892578125,0.0266047120094299,-0.0423304140567779,0.1033985614776611
26,1.0037,0.2068,0,1,0.3891143798828125,0.8753509521484375,-0.0129241943359375,0.0405439622700214,-0.068319134414196,0.0856059789657592
27,1.0048,0.2111,0,1,0.376129150390625,0.879730224609375,-0.002349853515625,0.0672682523727417,-0.0884805992245674,0.0656253471970558
28,1.0052,0.209,0,1,0.364471435546875,0.8790435791015625,0.011566162109375,0.0514304339885711,-0.0614710822701454,0.0378200821578502
29,1.0043,0.201,0,1,0.3716583251953125,0.88531494140625,0.01611328125,-0.0144947869703173,-0.0268569141626358,0.0163973495364189
30,1.0015,0.1879,0,1,0.4036712646484375,0.901580810546875,0.00213623046875,-0.0967286750674247,-0.0212765261530876,-0.0116499979048967
31,0.997,0.1711,0,1,0.439483642578125,0.90240478515625,-0.0367279052734375,-0.1413515359163284,-0.007005977910012,-0.0235498007386922
32,0.9915,0.1522,0,1,0.4595794677734375,0.88922119140625,-0.07794189453125,-0.0881583541631698,0.0245697908103466,-0.0017512947088107
33,0.986,0.1332,0,1,0.4567108154296875,0.876312255859375,-0.1015472412109375,0.0377947837114334,0.0859319493174552,0.042158905416727
34,0.9814,0.1163,0,1,0.4552001953125,0.869903564453125,-0.1084747314453125,0.1679927259683609,0.1507234722375869,0.0991588085889816
35,0.9784,0.1034,0,1,0.48760986328125,0.909912109375,-0.1107940673828125,0.2618864774703979,0.2127191871404647,0.1525634378194809
36,0.9774,0.0969,0,1,0.5037689208984375,0.8947296142578125,-0.119964599609375,0.3286612331867218,0.3036341965198517,0.1783540248870849
37,0.9787,0.1001,0,1,0.5226593017578125,0.9005584716796875,-0.129119873046875,0.411056250333786,0.3827596306800842,0.2533976435661316
38,0.9824,0.1164,0,1,0.48931884765625,0.8754425048828125,-0.12200927734375,0.5077529549598694,0.484541118144989,0.3165395855903625
39,0.9882,0.1488,0,1,0.460357666015625,0.844940185546875,-0.097198486328125,0.6015273928642273,0.5041584968566895,0.3029603958129883
40,0.9954,0.1993,0,1,0.4412078857421875,0.8631744384765625,-0.04046630859375,0.6676038503646851,0.3208999931812286,0.302637368440628
41,1.0025,0.2677,0,1,0.427886962890625,0.88922119140625,-0.0302734375,0.6723414063453674,0.134996697306633,0.3111634850502014
42,1.0082,0.3508,0,1,0.488677978515625,0.8972015380859375,-0.0847015380859375,0.6036973595619202,0.1572391539812088,0.310380756855011
43,1.0119,0.4424,0,1,0.5634002685546875,0.8572540283203125,-0.22576904296875,0.6167314052581787,0.127835988998413,0.4309913516044616
44,1.0136,0.5352,0,1,0.5748443603515625,0.8051605224609375,-0.3648529052734375,0.9738812446594238,-0.3296942710876465,0.5817326307296753
45,1.0141,0.6241,0,1,0.470550537109375,0.8791046142578125,-0.3485107421875,1.4919662475585938,-0.7115886211395264,0.5779059529304504
46,1.0146,0.7094,0,1,0.4910125732421875,0.9752044677734376,-0.3653106689453125,1.796210527420044,-0.4146754741668701,0.5420845746994019
47,1.0164,0.7973,0,1,0.495697021484375,1.02679443359375,-0.3951873779296875,1.919602990150452,0.2173786610364914,0.5028916001319885
48,1.0211,0.8963,0,1,0.451873779296875,1.02545166015625,-0.2775115966796875,1.8434709310531616,0.6666722893714905,0.3130005300045013
49,1.0298,1.0128,0,1,0.3454742431640625,0.9556732177734376,-0.08453369140625,1.5289868116378784,0.8496434688568115,0.0668674483895301
50,1.0426,1.1466,0,1,0.354034423828125,0.86920166015625,0.117095947265625,0.7992135882377625,0.1940144747495651,-0.2074432075023651
51,1.0573,1.2878,0,1,0.5728759765625,0.8499603271484375,-0.1388397216796875,0.2566656172275543,-0.6096886396408081,-0.2176644206047058
52,1.0711,1.4177,0,1,0.6692047119140625,0.8009033203125,-0.41156005859375,0.297676146030426,-0.4250650107860565,-0.1572447419166565
53,1.0815,1.5137,0,1,0.61944580078125,0.7321319580078125,-0.3467559814453125,0.3587323129177093,-0.0326178632676601,-0.2474204450845718
54,1.0873,1.557,0,1,0.5788116455078125,0.7047271728515625,-0.227691650390625,0.1879256963729858,0.0731349289417266,-0.1973865777254104
55,1.088,1.5366,0,1,0.5000457763671875,0.670013427734375,-0.185150146484375,-0.0195111166685819,-0.1519879400730133,-0.1102908179163932
56,1.0829,1.4512,0,1,0.4667205810546875,0.6670684814453125,-0.1925506591796875,-0.1371935456991195,-0.3717629015445709,-0.0960690081119537
57,1.0709,1.3092,0,1,0.4456024169921875,0.67022705078125,-0.22381591796875,-0.1526129841804504,-0.497576504945755,-0.0674237832427024
58,1.0515,1.1274,0,1,0.4376373291015625,0.6772308349609375,-0.2543487548828125,-0.1699845045804977,-0.5776127576828003,-0.0364679954946041
59,1.0254,0.9284,0,1,0.4222412109375,0.658477783203125,-0.3334503173828125,-0.1419344991445541,-0.5587120056152344,-0.0427245609462261
60,0.994,0.735,0,1,0.3938446044921875,0.63232421875,-0.3944091796875,-0.0420454554259777,-0.4355456233024597,-0.0993684008717536
61,0.9598,0.5665,0,1,0.374359130859375,0.6276397705078125,-0.4186248779296875,0.0480855032801628,-0.2974308729171753,-0.1735616624355316
62,0.9256,0.4347,0,1,0.39764404296875,0.658905029296875,-0.44622802734375,0.1390564292669296,-0.2273873537778854,-0.2659525871276855
63,0.8942,0.3436,0,1,0.4876708984375,0.7160797119140625,-0.5026702880859375,0.2412171512842178,-0.0981694459915161,-0.2616521120071411
64,0.8686,0.2913,0,1,0.5919647216796875,0.7005462646484375,-0.5752410888671875,0.38031005859375,0.0139091573655605,-0.1452368199825287
65,0.8518,0.272,0,1,0.663818359375,0.6458740234375,-0.5874481201171875,0.4966292083263397,-0.0074717649258673,-0.0573410540819168
66,0.8465,0.2782,0,1,0.690643310546875,0.57830810546875,-0.520355224609375,0.585259199142456,-0.063022643327713,0.0917011573910713
67,0.8538,0.3029,0,1,0.7034759521484375,0.48553466796875,-0.4254302978515625,0.6202038526535034,-0.1343900263309478,0.3442087769508362
68,0.8724,0.3407,0,1,0.688629150390625,0.4527587890625,-0.4061279296875,0.6100950241088867,0.0980868861079216,0.4898224174976349
69,0.899,0.3879,0,1,0.712890625,0.5574493408203125,-0.4420928955078125,0.5461903810501099,0.6143134832382202,0.4053198099136352
70,0.929,0.4425,0,1,0.786224365234375,0.7344207763671875,-0.45330810546875,0.2258317917585373,0.9322161078453064,0.4096815288066864
71,0.9591,0.5034,0,1,0.7149505615234375,0.7959442138671875,-0.5770263671875,0.0133584160357713,0.4877917766571045,0.4507000744342804
72,0.9878,0.5693,0,1,0.63385009765625,0.7827911376953125,-0.8584136962890625,0.6630474925041199,-1.064481496810913,0.392969399690628
73,1.016,0.6398,0,1,0.6276702880859375,0.6624603271484375,-1.0056915283203125,1.4460690021514893,-2.11855697631836,0.2562871873378753
74,1.045,0.7187,0,1,0.3031463623046875,0.492218017578125,-0.3142852783203125,0.6167361736297607,-1.5027533769607544,0.0449336543679237
75,1.0738,0.8135,0,1,0.0001983642578125,0.3678436279296875,0.071380615234375,-0.9696002006530762,-0.03575986251235,-0.1535096615552902
76,1.096,0.9271,0,1,-0.01220703125,0.469268798828125,-0.070831298828125,-1.685274958610535,1.324304223060608,-0.3869887292385101
77,1.1027,1.056,0,1,0.2237701416015625,0.7306060791015625,0.2332305908203125,-1.6809347867965698,1.111928105354309,-0.8759254217147827
78,1.0874,1.1952,0,1,0.4576568603515625,1.1656036376953125,0.2456817626953125,-1.503010630607605,0.0760100781917572,-1.2849619388580322
79,1.0518,1.3406,0,1,0.7459259033203125,1.492950439453125,0.231414794921875,-1.3640729188919067,-1.157448410987854,-0.8623728156089783
80,1.0071,1.4873,0,1,1.0301361083984375,1.3605804443359375,-0.0641326904296875,-1.1483169794082642,-1.840794801712036,0.0661798194050788
81,0.9699,1.6288,0,1,0.956146240234375,0.9107818603515624,-1.073486328125,0.6125800609588623,0.7534290552139282,0.7626196146011353
82,0.956,1.7562,0,1,0.63238525390625,0.9958038330078124,-0.076507568359375,0.7006111145019531,1.7531365156173706,0.1616946160793304
83,0.9737,1.8601,0,1,0.794769287109375,1.12322998046875,0.1121978759765625,-0.4000121057033539,1.9126460552215576,0.2735239565372467
84,1.0219,1.9341,0,1,0.6290740966796875,1.1298828125,0.0592498779296875,-1.365085244178772,1.3685470819473269,0.3319742083549499
85,1.0923,1.9777,0,1,0.427154541015625,1.15838623046875,-0.127410888671875,-1.745328426361084,0.403619647026062,0.1952928006649017
86,1.1734,1.9946,0,1,0.2442474365234375,1.26214599609375,-0.3407745361328125,-1.4981751441955566,-0.6683673858642578,-0.1843559890985489
87,1.2534,1.9897,0,1,0.359130859375,1.19415283203125,-0.0962982177734375,-1.49763286113739,-1.470567226409912,-0.2876011431217193
88,1.3223,1.9697,0,1,0.33538818359375,1.0809783935546875,0.01519775390625,-1.8278437852859497,-1.675683856010437,-0.5018135905265808
89,1.3732,1.9443,0,1,0.3990325927734375,1.05145263671875,-0.09814453125,-1.957744836807251,-1.4354398250579834,-0.5207611918449402
90,1.4016,1.9257,0,1,0.3399658203125,0.9246063232421876,-0.109375,-1.9148939847946167,-1.213237166404724,-0.5459157824516296
91,1.4057,1.9242,0,1,0.3831634521484375,0.85821533203125,-0.1625823974609375,-1.8274080753326416,-1.0435484647750854,-0.4383741617202759
92,1.386,1.9444,0,1,0.387725830078125,0.8130950927734375,-0.1280364990234375,-1.712371826171875,-0.8490620851516724,-0.3264361619949341
93,1.3449,1.983,0,1,0.3781890869140625,0.7344512939453125,-0.1528472900390625,-1.54808509349823,-0.6194677948951721,-0.2214056253433227
94,1.2864,2.0303,0,1,0.344085693359375,0.6691436767578125,-0.1680145263671875,-1.3880558013916016,-0.4194891452789306,-0.2178961038589477
95,1.2151,2.0724,0,1,0.302337646484375,0.6561279296875,-0.2064971923828125,-1.1404454708099363,0.1980070918798446,-0.2492295354604721
96,1.1362,2.0945,0,1,0.3748626708984375,0.5995635986328125,-0.1277313232421875,-0.9233706593513488,0.6116492748260498,-0.1951146274805069
97,1.0545,2.0837,0,1,0.4184417724609375,0.572418212890625,-0.0670013427734375,-0.649820864200592,0.3859224021434784,-0.2762480974197387
98,0.9745,2.0315,0,1,0.45928955078125,0.61334228515625,-0.1053314208984375,-0.4448632001876831,0.3903429806232452,-0.2425402104854583
99,0.9005,1.9352,0,1,0.466400146484375,0.742584228515625,-0.228546142578125,-0.5639608502388,1.5282115936279297,-0.1583387702703476
100,0.8369,1.8018,0,1,0.4973297119140625,0.824432373046875,-0.1732940673828125,-0.7561944723129272,2.394054412841797,-0.2340670973062515
101,0.7878,1.6511,0,1,0.5417633056640625,0.8440704345703125,-0.1551361083984375,-0.7225505113601685,2.0689499378204346,-0.2855044603347778
102,0.7571,1.5112,0,1,0.6478271484375,0.8141937255859375,-0.194793701171875,-0.4881092309951782,1.303425908088684,-0.3217021226882934
103,0.7468,1.4061,0,1,0.777618408203125,0.812286376953125,-0.107147216796875,-0.2857950031757355,0.2772736847400665,-0.2311573177576065
104,0.7573,1.3432,0,1,0.809112548828125,0.8531951904296875,-0.0419158935546875,-0.3210339546203613,-0.6860798001289368,0.0273858178406953
105,0.7871,1.3135,0,1,0.74554443359375,0.9755096435546876,-0.0214080810546875,-0.3855186700820923,-0.9062659740447998,0.3485729098320007
106,0.8333,1.3009,0,1,0.5730133056640625,1.1129302978515625,0.0253143310546875,-0.2844964563846588,-1.1012208461761477,0.535801351070404
107,0.8919,1.292,0,1,0.55438232421875,1.1582794189453125,0.0414276123046875,0.0719165354967117,-1.3490886688232422,0.5868826508522034
108,0.9586,1.281,0,1,0.5173187255859375,1.2308197021484375,0.037200927734375,0.5092182159423828,-1.17767596244812,0.5487006902694702
109,1.0286,1.2679,0,1,0.45196533203125,1.2386474609375,0.0178985595703125,0.8710994720458984,-0.1322832107543945,0.4300810694694519
110,1.0977,1.2545,0,1,0.3619232177734375,1.1796112060546875,0.089202880859375,1.0259835720062256,0.8070403337478638,0.3664584159851074
111,1.1618,1.2423,0,1,0.2442169189453125,1.04534912109375,0.0937652587890625,0.851263701915741,0.8764039874076843,0.2266914695501327
112,1.2165,1.2321,0,1,0.241790771484375,0.936553955078125,0.0203857421875,0.908048450946808,0.5341256856918335,0.0756332427263259
113,1.2567,1.2241,0,1,0.2788543701171875,0.8528594970703125,-0.0769805908203125,1.174644947052002,0.189952090382576,0.0960679426789283
114,1.2783,1.218,0,1,0.33154296875,0.8624114990234375,-0.2546234130859375,1.5817456245422363,0.1034885719418525,0.2194695025682449
115,1.2785,1.2149,0,1,0.298370361328125,0.9162750244140624,-0.3015899658203125,2.126384735107422,0.033004555851221,0.20034721493721
116,1.258,1.2203,0,1,0.332672119140625,0.981597900390625,-0.13592529296875,2.395424127578736,0.1592264026403427,0.1971950978040695
117,1.2208,1.244,0,1,0.3583526611328125,0.9719085693359376,0.0398406982421875,2.2769243717193604,0.3635816872119903,0.2033770829439163
118,1.1731,1.2957,0,1,0.4055633544921875,0.9876251220703124,0.0797882080078125,1.9413120746612549,0.4403204023838043,0.2025523036718368
119,1.122,1.3797,0,1,0.443115234375,1.00640869140625,0.0388641357421875,1.6742366552352903,0.5816170573234558,0.2359773814678192
120,1.0742,1.4911,0,1,0.46893310546875,0.9702301025390624,-0.01629638671875,1.5433276891708374,0.704962432384491,0.2489493638277053
121,1.0349,1.617,0,1,0.46478271484375,0.9181365966796876,-0.052276611328125,1.512672781944275,0.7003746032714844,0.2834290564060211
122,1.0073,1.7409,0,1,0.4296112060546875,0.861358642578125,-0.069671630859375,1.4913300275802612,0.7496758699417114,0.2685859203338623
123,0.9916,1.8473,0,1,0.4265289306640625,0.821014404296875,-0.07305908203125,1.3395167589187622,0.6600647568702698,0.2572906613349914
124,0.9859,1.9241,0,1,0.4522857666015625,0.8333892822265625,-0.1092071533203125,1.1075727939605713,0.4802038967609405,0.3354160785675049
125,0.9867,1.963,0,1,0.4765472412109375,0.7963409423828125,-0.2125396728515625,0.8662962317466736,0.0715833753347396,0.4102562367916107
126,0.9904,1.9587,0,1,0.4182281494140625,0.80413818359375,-0.2191009521484375,0.7155122756958008,-0.219064176082611,0.2870898246765136
127,0.9942,1.909,0,1,0.3506622314453125,0.826080322265625,-0.150543212890625,0.4044257700443268,-0.6192904114723206,0.153657466173172
128,0.9956,1.8151,0,1,0.2855072021484375,0.77740478515625,-0.2217559814453125,0.2464065849781036,-0.6735373735427856,0.0132305845618247
129,0.9933,1.6825,0,1,0.268341064453125,0.754486083984375,-0.27716064453125,0.3047090470790863,-0.2701617181301117,-0.0164527427405118
130,0.9862,1.5201,0,1,0.285675048828125,0.7146453857421875,-0.2968902587890625,0.4364705383777618,0.3594942390918731,0.0015558187151327
131,0.9739,1.3392,0,1,0.3207855224609375,0.6535186767578125,-0.2166595458984375,0.4730983078479767,0.6428495049476624,0.0409098826348781
132,0.9564,1.1527,0,1,0.406097412109375,0.615081787109375,-0.1674346923828125,0.2771922051906585,0.3192674815654754,-0.02396179176867
133,0.9343,0.9736,0,1,0.5531768798828125,0.62646484375,-0.253509521484375,0.0717431604862213,-0.0704715028405189,-0.0542366057634353
134,0.9091,0.8113,0,1,0.6916656494140625,0.611114501953125,-0.3582000732421875,0.0104675544425845,-0.218693733215332,-0.0522541478276252
135,0.8835,0.6701,0,1,0.807464599609375,0.5826568603515625,-0.4545135498046875,0.076607160270214,-0.175729215145111,0.0424462594091892
136,0.862,0.5507,0,1,0.8359375,0.5769195556640625,-0.507904052734375,0.0872640684247016,-0.1806182414293289,0.1593073606491089
137,0.8494,0.4523,0,1,0.813507080078125,0.58709716796875,-0.5919952392578125,-0.0380925238132476,-0.1424743235111236,0.3061998784542084
138,0.8496,0.3741,0,1,0.7003936767578125,0.5760498046875,-0.640838623046875,-0.0679353773593902,-0.1514843255281448,0.4158068001270294
139,0.8642,0.3161,0,1,0.606109619140625,0.570404052734375,-0.5693817138671875,0.0455664210021495,-0.0626455396413803,0.3941257297992706
140,0.8919,0.2781,0,1,0.5500030517578125,0.568511962890625,-0.4729461669921875,0.1010049134492874,-0.0057692057453095,0.3871218860149383
141,0.928,0.2594,0,1,0.50030517578125,0.530517578125,-0.382080078125,0.0609632171690464,0.0343230850994586,0.3446889519691467
142,0.966,0.2576,0,1,0.5388336181640625,0.51263427734375,-0.3818206787109375,0.0365750566124916,-0.090050533413887,0.2556967437267303
143,0.9988,0.2688,0,1,0.7313079833984375,0.69189453125,-0.6438446044921875,0.293974369764328,-0.3494410812854767,0.2964774668216705
144,1.023,0.2898,0,1,1.1163177490234375,0.960052490234375,-1.300079345703125,1.519020676612854,-0.9053282737731934,0.7818266153335571
145,1.0413,0.3239,0,1,1.2226715087890625,1.17840576171875,-0.795623779296875,2.308495283126831,-0.810167133808136,1.284440994262695
146,1.0626,0.3844,0,1,-0.14801025390625,0.6812744140625,0.927154541015625,-0.604617714881897,-2.5116994380950928,0.108317419886589
147,1.0949,0.4897,0,1,-0.181396484375,0.668304443359375,-0.4751739501953125,-2.008338212966919,-0.7601577639579773,-0.3658501505851745
148,1.1381,0.6526,0,1,-0.0128173828125,0.70977783203125,0.159820556640625,-2.021106719970703,0.8848267197608948,-0.911548376083374
149,1.184,0.8725,0,1,0.20751953125,1.0678558349609375,0.1278228759765625,-1.5088112354278564,1.1707618236541748,-1.3256241083145142
150,1.2219,1.1355,0,1,0.5267333984375,1.2782745361328125,0.273651123046875,-1.161624789237976,0.1260788440704345,-0.7749082446098328
151,1.2453,1.4169,0,1,0.498504638671875,1.269622802734375,0.151702880859375,-0.8080837726593018,-1.1421935558319092,-0.1162789389491081
152,1.2542,1.6851,0,1,0.36920166015625,1.1798095703125,0.0500946044921875,-0.5725370049476624,-1.3393561840057373,-0.3434692025184631
153,1.2526,1.9085,0,1,0.5805511474609375,1.1287841796875,-0.46148681640625,-0.3022927641868591,-0.5317807793617249,-0.3963209688663482
154,1.246,2.0626,0,1,0.63909912109375,1.14422607421875,-0.7228546142578125,0.5616135597229004,1.8384003639221191,-0.1018693745136261
155,1.2396,2.1363,0,1,0.626007080078125,1.106658935546875,-0.042999267578125,0.2169746607542038,2.8388659954071045,0.1088958606123924
156,1.2375,2.1377,0,1,0.5600128173828125,1.0697174072265625,0.150177001953125,-0.4181772768497467,2.256949186325073,0.1014754921197891
157,1.241,2.0906,0,1,0.4723052978515625,0.9789886474609376,-0.0301971435546875,-0.8563469052314758,1.398059368133545,-0.1179798990488052
158,1.2486,2.0213,0,1,0.3987884521484375,0.94561767578125,-0.23553466796875,-0.951739490032196,0.7000912427902222,-0.1422359645366668
159,1.2561,1.9468,0,1,0.32037353515625,0.9040985107421876,-0.256866455078125,-0.8213164806365967,0.1776405721902847,-0.2828245162963867
160,1.2591,1.8718,0,1,0.412078857421875,0.89910888671875,-0.13507080078125,-0.8043510913848877,-0.0734917968511581,-0.3953965902328491
161,1.2535,1.7929,0,1,0.4160308837890625,0.8537139892578125,-0.0591278076171875,-0.8501555919647217,-0.2906446158885956,-0.4730927348136902
162,1.2371,1.7051,0,1,0.37835693359375,0.7888946533203125,-0.0463409423828125,-0.9784347414970398,-0.4510979354381561,-0.6521122455596924
163,1.2093,1.6072,0,1,0.42279052734375,0.738555908203125,-0.0915374755859375,-1.1498559713363647,-0.2369851171970367,-0.7033501863479614
164,1.1711,1.5039,0,1,0.4696807861328125,0.736236572265625,-0.1147308349609375,-1.3096020221710205,0.0816884711384773,-0.5461450815200806
165,1.1245,1.4037,0,1,0.4831085205078125,0.7391204833984375,-0.1324005126953125,-1.2778552770614624,0.2722610831260681,-0.48084357380867
166,1.0729,1.3165,0,1,0.5209808349609375,0.7252349853515625,-0.1335296630859375,-1.1562787294387815,0.295091301202774,-0.4868777692317962
167,1.0205,1.2494,0,1,0.5452117919921875,0.7166748046875,-0.1636810302734375,-1.024444580078125,0.2724736034870147,-0.4434205889701843
168,0.9715,1.2052,0,1,0.5965576171875,0.7493133544921875,-0.1546783447265625,-0.8437554836273193,0.2588432729244232,-0.39376300573349
169,0.9297,1.1811,0,1,0.610748291015625,0.7756805419921875,-0.110504150390625,-0.7327208518981934,0.065792329609394,-0.2807291448116302
170,0.8981,1.17,0,1,0.546051025390625,0.7873687744140625,-0.1146087646484375,-0.6804304718971252,-0.0758289843797683,-0.2486281841993332
171,0.8785,1.1622,0,1,0.502899169921875,0.820343017578125,-0.1303558349609375,-0.6679700613021851,-0.0513840951025486,-0.0859780237078666
172,0.8712,1.1484,0,1,0.42242431640625,0.85296630859375,-0.1470794677734375,-0.6233354806900024,0.0769373923540115,-0.0652096271514892
173,0.8747,1.1217,0,1,0.415802001953125,0.905975341796875,-0.1633453369140625,-0.4547142386436462,0.265316903591156,-0.1601148396730423
174,0.8868,1.0784,0,1,0.4027099609375,0.8929290771484375,-0.1477813720703125,-0.1686657071113586,0.3537990748882293,-0.1842766255140304
175,0.9047,1.0181,0,1,0.4006500244140625,0.879669189453125,-0.1092529296875,0.0271139089018106,0.4938573837280273,-0.209505021572113
176,0.9257,0.943,0,1,0.3969268798828125,0.852081298828125,-0.03875732421875,0.0972344055771827,0.5723987817764282,-0.3029987514019012
177,0.9468,0.8585,0,1,0.4107818603515625,0.805572509765625,0.0139617919921875,0.0737535804510116,0.419906735420227,-0.3405407965183258
178,0.9651,0.7717,0,1,0.438873291015625,0.7705078125,0.02496337890625,-0.059346679598093,0.3714808821678161,-0.3778199851512909
179,0.9785,0.6901,0,1,0.5076751708984375,0.7802734375,0.018463134765625,-0.3154261410236358,0.5261551141738892,-0.4228082597255707
180,0.9853,0.6203,0,1,0.5726165771484375,0.8026885986328125,0.00115966796875,-0.596609890460968,0.7062847018241882,-0.3518962562084198
181,0.9859,0.5686,0,1,0.6113739013671875,0.8472747802734375,-0.0044708251953125,-0.6816321015357971,0.6205178499221802,-0.3209958672523498
182,0.9819,0.5405,0,1,0.796844482421875,1.0282135009765625,0.0344696044921875,-0.5130915641784668,-0.1215296238660812,-0.0614676214754581
183,0.9772,0.5377,0,1,0.8809356689453125,1.108001708984375,-0.0071258544921875,-0.2040319591760635,-0.8937022686004639,0.1815093457698822
184,0.9774,0.5577,0,1,0.8749542236328125,1.0714569091796875,-0.0511016845703125,-0.1111169308423996,-0.8009454011917114,0.3905752003192901
185,0.9879,0.5955,0,1,0.762847900390625,1.006561279296875,-0.0657806396484375,-0.0964525043964386,-0.4861755073070526,0.6552121639251709
186,1.0118,0.6451,0,1,0.540252685546875,0.9759979248046876,-0.0631256103515625,0.0683668032288551,-0.4292754530906677,0.7850263714790344
187,1.048,0.7005,0,1,0.4273223876953125,1.0336456298828125,-0.10150146484375,0.4489343762397766,-0.3770034611225128,0.8776662945747375
188,1.0919,0.7568,0,1,0.236785888671875,1.0579376220703125,-0.3131866455078125,1.1827713251113892,-0.0838046222925186,0.7437529563903809
189,1.1367,0.8132,0,1,0.010772705078125,1.036529541015625,-0.4924468994140625,2.2779009342193604,0.1871142238378524,0.4532505869865417
190,1.1764,0.8754,0,1,0.036834716796875,1.036102294921875,-0.3056182861328125,2.968568801879883,0.0429868809878826,0.3548116087913513
191,1.2063,0.9566,0,1,0.2059173583984375,1.1134033203125,-0.0727386474609375,2.985592842102051,0.161274641752243,0.2765005528926849
192,1.2239,1.0732,0,1,0.32464599609375,1.1036834716796875,0.062652587890625,2.5997915267944336,0.4703243672847748,0.0541529841721057
193,1.229,1.2355,0,1,0.4380645751953125,1.048919677734375,0.1636199951171875,2.103787422180176,0.4828689098358154,-0.0479217208921909
194,1.2233,1.4404,0,1,0.47418212890625,1.00885009765625,0.1597137451171875,1.648575782775879,0.225403293967247,-0.0097775291651487
195,1.2095,1.6689,0,1,0.4947357177734375,0.928253173828125,0.1880035400390625,1.2090647220611572,-0.2497325986623764,0.0494453124701976
196,1.1907,1.8911,0,1,0.4672698974609375,0.814727783203125,0.0491180419921875,0.8714134693145752,-0.5100017189979553,0.037862692028284
197,1.1687,2.0733,0,1,0.5374908447265625,0.7545013427734375,-0.1263427734375,0.7691568732261658,-0.191795527935028,0.1356462389230728
198,1.1445,2.1867,0,1,0.5876312255859375,0.7535400390625,-0.20849609375,0.8352866172790527,0.2951570749282837,0.3037327229976654
199,1.1184,2.2141,0,1,0.5470428466796875,0.7384185791015625,-0.2344207763671875,0.8171741962432861,0.6165095567703247,0.4053754508495331
200,1.0908,2.1537,0,1,0.49993896484375,0.7809295654296875,-0.2011260986328125,0.6441196203231812,0.8698318004608154,0.4843179583549499
201,1.0626,2.0186,0,1,0.428619384765625,0.80615234375,-0.169525146484375,0.4069075882434845,0.7606744170188904,0.5405607223510742
202,1.035,1.8314,0,1,0.38165283203125,0.822723388671875,-0.1864013671875,0.2163181900978088,0.3886303007602691,0.5606843829154968
203,1.0088,1.6172,0,1,0.3753814697265625,0.7727203369140625,-0.141693115234375,-0.0099977729842066,-0.047386422753334,0.5130640864372253
204,0.9849,1.3976,0,1,0.33935546875,0.7119598388671875,-0.1320648193359375,-0.291364461183548,-0.4777713716030121,0.3356006443500519
205,0.9629,1.189,0,1,0.33056640625,0.6815185546875,-0.0889892578125,-0.5285516977310181,-0.5078799724578857,0.1184715181589126
206,0.9422,1.0034,0,1,0.366455078125,0.6970062255859375,-0.0973968505859375,-0.7443042397499084,-0.6260601878166199,0.0266513172537088
207,0.9217,0.8503,0,1,0.35894775390625,0.7162322998046875,-0.2204437255859375,-0.6982531547546387,-0.5184705853462219,-0.1053573116660118
208,0.9009,0.7361,0,1,0.37420654296875,0.715667724609375,-0.282806396484375,-0.4898597300052643,-0.342909961938858,-0.2017214000225067
209,0.8804,0.6624,0,1,0.4461212158203125,0.712066650390625,-0.3167572021484375,-0.2821778953075409,-0.2861348092556,-0.2239300310611724
210,0.8616,0.6246,0,1,0.52862548828125,0.70404052734375,-0.4003753662109375,-0.0890989825129509,-0.3354890644550323,-0.2037917375564575
211,0.8466,0.6127,0,1,0.62493896484375,0.67864990234375,-0.4904022216796875,0.1372635811567306,-0.3603909313678741,-0.0949613973498344
212,0.838,0.6149,0,1,0.678558349609375,0.643096923828125,-0.533050537109375,0.3313238620758056,-0.3662624061107635,0.0515854284167289
213,0.838,0.6206,0,1,0.725860595703125,0.5860443115234375,-0.514617919921875,0.3409229516983032,-0.3259687721729278,0.1900543570518493
214,0.848,0.6224,0,1,0.7384033203125,0.5412445068359375,-0.4664154052734375,0.2614640891551971,-0.2297676801681518,0.3232949674129486
215,0.8677,0.6169,0,1,0.69873046875,0.4821929931640625,-0.4159088134765625,0.2484670728445053,-0.2469376176595688,0.4796936213970184
216,0.8948,0.604,0,1,0.608642578125,0.4351348876953125,-0.339111328125,0.2928094863891601,0.049150500446558,0.4698045253753662
217,0.9248,0.5858,0,1,0.6032562255859375,0.438232421875,-0.27362060546875,0.223007783293724,0.5221630334854126,0.3380363583564758
218,0.9525,0.5663,0,1,0.7645263671875,0.607269287109375,-0.5677947998046875,0.3548030853271484,0.7476633191108704,0.3448053300380707
219,0.9746,0.5508,0,1,1.198638916015625,1.02886962890625,-1.0485992431640625,0.9845961928367616,0.7913697361946106,0.660500168800354
220,0.9942,0.5482,0,1,1.794525146484375,1.519287109375,-1.406646728515625,1.9701054096221924,0.946597456932068,1.5870903730392456
221,1.0218,0.5717,0,1,0.3553314208984375,0.7982330322265625,0.7225189208984375,0.3595171570777893,-1.2706063985824585,1.0997278690338137
222,1.0686,0.6364,0,1,-0.1202850341796875,0.543487548828125,0.3861083984375,-1.0239803791046145,-2.4585161209106445,-0.0198749043047428
223,1.1349,0.7528,0,1,-0.0650177001953125,0.6107635498046875,0.1447601318359375,-1.4247692823410034,-2.429511070251465,-0.4288876950740814
224,1.2077,0.9247,0,1,0.050445556640625,0.8669281005859375,0.100616455078125,-1.4396992921829224,-2.2576937675476074,-0.508969783782959
225,1.2695,1.1483,0,1,0.13653564453125,1.173431396484375,0.047332763671875,-1.2975043058395386,-1.7997967004776,-0.4737129807472229
226,1.3073,1.4099,0,1,0.2269439697265625,1.3576812744140625,0.035369873046875,-1.2670925855636597,-1.0550535917282104,-0.3491646647453308
227,1.3178,1.6846,0,1,0.4980926513671875,1.399993896484375,-0.616790771484375,-0.5591839551925659,-0.4304014444351196,0.0993553474545478
228,1.3066,1.9377,0,1,0.45086669921875,1.267547607421875,-0.4947662353515625,0.481175422668457,0.5850357413291931,0.1381735801696777
229,1.2845,2.133,0,1,0.4469451904296875,1.1876068115234375,-0.1119537353515625,0.053369216620922,2.0175437927246094,-0.137516051530838
230,1.2617,2.2457,0,1,0.4808197021484375,1.068206787109375,-0.0010986328125,-0.4652422666549682,2.382030963897705,-0.2647506892681122
231,1.2443,2.2734,0,1,0.4947662353515625,0.97442626953125,-0.028411865234375,-0.7487546801567078,1.586559534072876,-0.1854705214500427
232,1.2339,2.2318,0,1,0.5005035400390625,1.0462646484375,-0.088592529296875,-0.9245115518569946,0.6013574600219727,-0.3192967772483825
233,1.2288,2.1421,0,1,0.5890350341796875,1.0757293701171875,-0.0645751953125,-1.0681049823760986,0.0538608357310295,-0.3603549897670746
234,1.2267,2.0218,0,1,0.5361480712890625,0.9855194091796876,-0.055419921875,-1.1465142965316772,-0.1498696506023407,-0.319262146949768
235,1.225,1.8839,0,1,0.4429931640625,0.850433349609375,-0.03790283203125,-1.2093079090118408,-0.2407806515693664,-0.2964505851268768
236,1.2211,1.7398,0,1,0.3720245361328125,0.7369842529296875,-0.075164794921875,-1.3350224494934082,-0.2186527103185653,-0.3679361939430237
237,1.2119,1.6003,0,1,0.3285980224609375,0.6676483154296875,-0.1337890625,-1.4345446825027466,-0.1183913573622703,-0.4143894612789154
238,1.1935,1.4758,0,1,0.27392578125,0.721710205078125,-0.189849853515625,-1.342375874519348,-0.1572865545749664,-0.499299556016922
239,1.1635,1.3752,0,1,0.3062286376953125,0.7649078369140625,-0.2335052490234375,-1.0479906797409058,-0.1432362496852874,-0.5796939730644226
240,1.1217,1.3027,0,1,0.40289306640625,0.8065643310546875,-0.212982177734375,-0.7615820169448853,0.0592830292880535,-0.6245677471160889
241,1.0709,1.2568,0,1,0.4940948486328125,0.814544677734375,-0.141387939453125,-0.6051940321922302,0.3008780777454376,-0.5398983955383301
242,1.0163,1.2303,0,1,0.570587158203125,0.791748046875,-0.07989501953125,-0.547678530216217,0.3993450105190277,-0.479567676782608
243,0.9642,1.2134,0,1,0.60919189453125,0.7366485595703125,-0.08172607421875,-0.5472918748855591,0.4264636933803558,-0.3413421511650085
244,0.9201,1.1961,0,1,0.615936279296875,0.71417236328125,-0.103729248046875,-0.6206246614456177,0.581607460975647,-0.3446106314659118
245,0.8879,1.1718,0,1,0.6437835693359375,0.7631683349609375,-0.1118621826171875,-0.7379041314125061,0.7048250436782837,-0.421066552400589
246,0.8695,1.1386,0,1,0.59368896484375,0.80853271484375,-0.12762451171875,-0.8530871868133545,0.5905040502548218,-0.3147888481616974
247,0.8646,1.0992,0,1,0.5014801025390625,0.830474853515625,-0.171417236328125,-0.8633701801300049,0.4198625087738037,-0.3140391409397125
248,0.8718,1.0586,0,1,0.470855712890625,0.8495330810546875,-0.1799163818359375,-0.7853710055351257,0.1444426625967025,-0.3075426518917084
249,0.8884,1.021,0,1,0.4394683837890625,0.859771728515625,-0.1600799560546875,-0.6649194359779358,-0.1082833334803581,-0.3552688956260681
250,0.9108,0.9881,0,1,0.4320220947265625,0.8521881103515625,-0.1308135986328125,-0.5769368410110474,-0.2109689563512802,-0.4437023401260376
251,0.9354,0.9594,0,1,0.448272705078125,0.8485107421875,-0.0765228271484375,-0.5646854639053345,-0.1241270080208778,-0.4509253799915313
252,0.9587,0.9331,0,1,0.454925537109375,0.8195343017578125,-0.043670654296875,-0.5336465835571289,-0.1745624840259552,-0.4331655502319336
253,0.9781,0.9073,0,1,0.4975128173828125,0.791290283203125,-0.031219482421875,-0.5089852213859558,-0.3120987713336944,-0.3670978546142578
254,0.9917,0.8805,0,1,0.5309600830078125,0.7829742431640625,-0.0600128173828125,-0.4728080332279205,-0.1503607481718063,-0.3304801881313324
255,0.9988,0.8519,0,1,0.575103759765625,0.7903594970703125,-0.079315185546875,-0.4317319691181183,0.2045478075742721,-0.269164890050888
256,0.9996,0.8204,0,1,0.6946563720703125,0.840118408203125,-0.0528564453125,-0.2935977876186371,0.2786385416984558,-0.0911948904395103
257,0.9963,0.785,0,1,0.817230224609375,0.98370361328125,0.0079803466796875,-0.0143435187637805,-0.1118306592106819,0.2268230319023132
258,0.9924,0.7448,0,1,0.89898681640625,1.117340087890625,0.0290985107421875,0.3072792589664459,-0.7226322293281555,0.526675283908844
259,0.9934,0.7009,0,1,0.8814697265625,1.1951751708984375,0.0368499755859375,0.3900628089904785,-0.7910547256469727,0.745152473449707
260,1.0049,0.6595,0,1,0.629058837890625,1.208770751953125,0.04443359375,0.3143683075904846,-0.3861269354820251,0.9142711758613586
261,1.0305,0.6297,0,1,0.4071502685546875,1.1563873291015625,0.0174407958984375,0.237594187259674,-0.0293757319450378,0.830641508102417
262,1.0702,0.6188,0,1,0.17376708984375,1.1075286865234375,-0.1744384765625,0.3698709905147552,0.4828222990036011,0.6192089319229126
263,1.1194,0.6299,0,1,-0.064544677734375,1.0123443603515625,-0.66180419921875,1.3780375719070437,0.4617018401622772,0.2941741049289703
264,1.1711,0.6641,0,1,0.067474365234375,0.8656158447265625,-0.4375762939453125,2.577073574066162,-0.2872695922851562,0.2245167344808578
265,1.2173,0.7259,0,1,0.2261505126953125,0.85870361328125,-0.1202392578125,2.824522018432617,-0.1468842476606369,0.1001263335347175
266,1.2507,0.8247,0,1,0.3845367431640625,0.963958740234375,0.08734130859375,2.4672534465789795,0.3040499091148376,0.1075967699289321
267,1.2659,0.9692,0,1,0.4803466796875,1.0319366455078125,0.1254119873046875,1.9933760166168213,0.5919780731201172,0.1627958416938781
268,1.2617,1.1585,0,1,0.4914398193359375,1.069183349609375,0.08349609375,1.6652705669403076,0.6211192011833191,0.246860921382904
269,1.2411,1.3788,0,1,0.44342041015625,1.091033935546875,-0.0306396484375,1.5299229621887207,0.6328650712966919,0.3170003294944763
270,1.2102,1.6064,0,1,0.3529510498046875,1.076019287109375,-0.1408233642578125,1.6146575212478638,0.4701286256313324,0.3159632980823517
271,1.1756,1.8155,0,1,0.272857666015625,1.00872802734375,-0.133514404296875,1.699742078781128,0.2151141762733459,0.2298861891031265
272,1.1426,1.9839,0,1,0.295379638671875,0.938018798828125,-0.07806396484375,1.5669068098068235,0.1958496570587158,0.1234199404716491
273,1.1142,2.0975,0,1,0.343505859375,0.8569488525390625,-0.04815673828125,1.1911693811416626,0.0945973470807075,0.1225645318627357
274,1.0908,2.1489,0,1,0.3516998291015625,0.7854766845703125,-0.0702056884765625,0.8416345119476318,-0.1204861998558044,0.1068486869335174
275,1.0709,2.136,0,1,0.35711669921875,0.7552490234375,-0.119842529296875,0.6490312814712524,-0.2234892845153808,0.0559362359344959
276,1.0521,2.0603,0,1,0.353973388671875,0.7347869873046875,-0.13031005859375,0.5395729541778564,-0.0327169336378574,0.03309803083539
277,1.0319,1.9275,0,1,0.354217529296875,0.7327423095703125,-0.1607818603515625,0.3978245854377746,0.3520997166633606,0.0592039339244365
278,1.0088,1.7476,0,1,0.364349365234375,0.78314208984375,-0.1384429931640625,0.1587188094854354,0.5541521310806274,0.0703170374035835
279,0.9826,1.535,0,1,0.3587646484375,0.766265869140625,-0.1967926025390625,-0.1095414087176323,0.3700070679187774,0.0073468624614179
280,0.9545,1.3063,0,1,0.3448944091796875,0.7529449462890625,-0.2518157958984375,-0.1939132809638977,0.2080133855342865,-0.0329704657196998
281,0.9264,1.0776,0,1,0.3562469482421875,0.742156982421875,-0.2765960693359375,-0.1540470868349075,0.0834813117980957,-0.0832099318504333
282,0.9003,0.8622,0,1,0.4079437255859375,0.72955322265625,-0.324005126953125,-0.0351446717977523,0.1956006586551666,-0.1767364293336868
283,0.8783,0.6699,0,1,0.5233917236328125,0.7184295654296875,-0.362457275390625,0.1094577834010124,0.3761941492557525,-0.1626653522253036
284,0.862,0.5082,0,1,0.610992431640625,0.7321014404296875,-0.3854522705078125,0.2103343307971954,0.4405957758426666,-0.0072706961072981
285,0.8531,0.3823,0,1,0.6484527587890625,0.6893310546875,-0.4193572998046875,0.275485634803772,0.4615998566150665,0.0724371820688247
286,0.8529,0.2954,0,1,0.71295166015625,0.64666748046875,-0.465728759765625,0.3182094097137451,0.4807146787643432,0.1419107913970947
287,0.862,0.2482,0,1,0.7251739501953125,0.592254638671875,-0.424713134765625,0.2415678799152374,0.3928495347499847,0.2457780689001083
288,0.8797,0.2375,0,1,0.6793212890625,0.6360931396484375,-0.3590850830078125,0.0377777405083179,0.2299743443727493,0.2869031429290771
289,0.9042,0.2568,0,1,0.5858306884765625,0.6596221923828125,-0.34033203125,-0.1317465752363205,0.0975499898195266,0.3768599331378937
290,0.9321,0.2966,0,1,0.542694091796875,0.6391448974609375,-0.3132171630859375,-0.2637336254119873,0.0409788601100444,0.4618062376976013
291,0.9593,0.347,0,1,0.506195068359375,0.5497589111328125,-0.2280426025390625,-0.3840872049331665,-0.0359896905720233,0.523696780204773
292,0.9815,0.4001,0,1,0.473388671875,0.4811553955078125,-0.2217864990234375,-0.4207528233528137,-0.1258631199598312,0.5301458835601807
293,0.9944,0.451,0,1,0.6846466064453125,0.643524169921875,-0.5981597900390625,-0.037392646074295,-0.3919890820980072,0.5848565101623535
294,0.9972,0.4989,0,1,1.211273193359375,1.0060882568359375,-1.244415283203125,1.6615251302719116,-1.0212346315383911,1.2064082622528076
295,0.9957,0.5506,0,1,1.2492828369140625,1.46807861328125,-1.2584381103515625,3.091131687164306,0.2218631505966186,1.7679402828216553
296,1.0028,0.6232,0,1,-0.300140380859375,0.8442535400390625,0.701324462890625,0.257364422082901,-1.4151833057403564,-0.0246725901961326
297,1.0302,0.7363,0,1,-0.378753662109375,0.6122283935546875,-0.1779022216796875,-1.0982685089111328,-2.5642192363739014,-1.0320390462875366
298,1.0791,0.8995,0,1,0.0355072021484375,0.71746826171875,-0.2340850830078125,-0.833617091178894,-0.2472646534442901,-1.2889915704727173
299,1.139,1.1075,0,1,0.3265380859375,0.9678955078125,0.2560577392578125,-0.7069297432899475,0.2512633800506592,-1.400053858757019
300,1.1954,1.3409,0,1,0.5247955322265625,1.17852783203125,0.2163543701171875,-0.7560248374938965,-0.4350968599319458,-1.245679497718811
301,1.2375,1.5725,0,1,0.7204742431640625,1.2847137451171875,0.177642822265625,-0.9630645513534546,-1.1817388534545898,-0.7772629857063293
302,1.2626,1.7753,0,1,0.83819580078125,1.248779296875,-0.0563201904296875,-1.2733925580978394,-1.0062838792800903,-0.4176041483879089
303,1.2742,1.9309,0,1,1.189239501953125,0.9803009033203124,-0.84576416015625,-1.2073792219161987,2.475513696670532,0.0638452917337417
304,1.2798,2.0346,0,1,0.7362060546875,0.8135223388671875,-0.269195556640625,-0.3238340020179748,2.9707143306732178,0.0591416172683239
305,1.2858,2.0945,0,1,0.5990753173828125,0.9507293701171876,0.0111236572265625,-0.0341419912874698,0.8268100619316101,0.153226837515831
306,1.2944,2.1217,0,1,0.45831298828125,0.9963226318359376,-0.004638671875,-0.479872316122055,-0.2793591916561126,0.2138920426368713
307,1.3031,2.1185,0,1,0.3411407470703125,0.9718780517578124,0.0031585693359375,-1.1576752662658691,-0.54805988073349,0.0227913316339254
308,1.3076,2.0802,0,1,0.3599700927734375,0.9684600830078124,-0.0116729736328125,-1.487993836402893,-0.976483166217804,0.026828683912754
309,1.3037,2.0065,0,1,0.304779052734375,0.91949462890625,-0.0557708740234375,-1.531618595123291,-1.2854963541030884,-0.0393117181956768
310,1.2887,1.9078,0,1,0.30181884765625,0.8627471923828125,-0.0952911376953125,-1.535675883293152,-1.3410578966140747,-0.1279049664735794
311,1.2614,1.802,0,1,0.314971923828125,0.7784576416015625,-0.1137847900390625,-1.514906644821167,-1.2522932291030884,-0.229395106434822
312,1.2223,1.708,0,1,0.336212158203125,0.749267578125,-0.1234893798828125,-1.4965457916259766,-1.1536214351654053,-0.208976924419403
313,1.1731,1.6401,0,1,0.3044281005859375,0.761871337890625,-0.1408233642578125,-1.5803847312927246,-0.7831166386604309,-0.2758329212665558
314,1.1166,1.605,0,1,0.3324737548828125,0.8573455810546875,-0.179473876953125,-1.5817346572875977,-0.5232560038566589,-0.3510312736034393
315,1.0568,1.6016,0,1,0.373291015625,0.8935089111328125,-0.2019195556640625,-1.359788417816162,-0.5440893769264221,-0.3675252795219421
316,0.9988,1.622,0,1,0.428619384765625,0.8598175048828125,-0.1773834228515625,-1.0901538133621216,-0.67708820104599,-0.2785331010818481
317,0.948,1.654,0,1,0.4310302734375,0.8257598876953125,-0.1776275634765625,-0.9258372783660888,-0.6127885580062866,-0.2213931083679199
318,0.9086,1.6832,0,1,0.4565582275390625,0.851348876953125,-0.1500091552734375,-0.8626101016998291,-0.3714851438999176,-0.141023963689804
319,0.8827,1.6959,0,1,0.4354095458984375,0.8500518798828125,-0.15802001953125,-0.8349601030349731,-0.1363370716571808,-0.0749096572399139
320,0.8707,1.681,0,1,0.4012603759765625,0.84661865234375,-0.1743927001953125,-0.8103530406951904,0.1015990599989891,-0.0821694359183311
321,0.8711,1.6327,0,1,0.3402252197265625,0.8557891845703125,-0.189453125,-0.7518572211265564,0.2846120297908783,-0.1528393477201461
322,0.8811,1.551,0,1,0.347930908203125,0.8537750244140625,-0.1706695556640625,-0.6715869307518005,0.2422656267881393,-0.209129512310028
323,0.8973,1.4411,0,1,0.37567138671875,0.8726043701171875,-0.162628173828125,-0.5512117743492126,0.1860993057489395,-0.2844013571739197
324,0.9161,1.3116,0,1,0.4341888427734375,0.8806610107421875,-0.1566619873046875,-0.4656033813953399,0.3032469749450683,-0.3746841251850128
325,0.9348,1.1726,0,1,0.51220703125,0.861602783203125,-0.116973876953125,-0.4652355909347534,0.4590855538845062,-0.4062535166740417
326,0.9516,1.035,0,1,0.525604248046875,0.82470703125,-0.0760650634765625,-0.493093341588974,0.470682293176651,-0.3550704717636108
327,0.9657,0.9089,0,1,0.5117950439453125,0.785614013671875,-0.0800933837890625,-0.6290024518966675,0.4483295977115631,-0.3170876801013946
328,0.9764,0.803,0,1,0.508056640625,0.7724151611328125,-0.0681304931640625,-0.753591775894165,0.4044055342674255,-0.2890826761722564
329,0.9834,0.7234,0,1,0.5310821533203125,0.79241943359375,-0.0736846923828125,-0.7783178687095642,0.0673742443323135,-0.2280174493789672
330,0.9865,0.6731,0,1,0.5011444091796875,0.79632568359375,-0.1720733642578125,-0.630171000957489,0.0557365007698535,-0.1533291041851043
331,0.9858,0.6504,0,1,0.5159149169921875,0.8157196044921875,-0.1722564697265625,-0.3707682192325592,0.3013230860233307,-0.0691465809941291
332,0.9824,0.649,0,1,0.6463623046875,0.8896942138671875,-0.08154296875,-0.0509161762893199,0.1346323788166046,0.0441509485244751
333,0.978,0.6586,0,1,0.7506866455078125,0.9415283203125,0.005828857421875,0.2759623527526855,-0.4296429753303528,0.2496292740106582
334,0.9753,0.6688,0,1,0.767669677734375,0.9541473388671876,0.1068878173828125,0.4629002809524536,-0.9849005937576294,0.5173786878585815
335,0.9778,0.6751,0,1,0.7337188720703125,0.9694366455078124,0.1379547119140625,0.4668667912483215,-1.270177125930786,0.7683706879615784
336,0.9881,0.6817,0,1,0.654205322265625,1.0936279296875,0.091766357421875,0.3685466051101684,-1.116875410079956,0.9715874791145324
337,1.0078,0.6983,0,1,0.569091796875,1.2800445556640625,-0.0125274658203125,0.318288505077362,-0.2513363659381866,0.9572532773017884
338,1.0374,0.7334,0,1,0.4815521240234375,1.3770599365234375,-0.11273193359375,0.473444789648056,0.910721719264984,0.8715404868125916
339,1.0762,0.7907,0,1,0.29937744140625,1.16339111328125,-0.4073486328125,1.13652241230011,1.8042207956314087,0.7946814298629761
340,1.1227,0.872,0,1,0.25469970703125,0.9455718994140624,-0.62640380859375,2.6022565364837646,1.586514592170715,0.7409369349479675
341,1.1725,0.9834,0,1,0.2203369140625,0.9258270263671876,-0.2906341552734375,3.432257413864136,1.0166950225830078,0.6626911759376526
342,1.2195,1.1363,0,1,0.254364013671875,0.999298095703125,-0.004608154296875,3.132598161697388,1.110065221786499,0.5301320552825928
343,1.2564,1.3403,0,1,0.2975921630859375,1.0724334716796875,0.1200103759765625,2.3552000522613525,1.2571542263031006,0.459626168012619
344,1.278,1.5936,0,1,0.345245361328125,1.093536376953125,0.0624237060546875,1.7167447805404663,0.9742810130119324,0.3723733127117157
345,1.2825,1.8775,0,1,0.3653411865234375,1.073699951171875,-0.0974273681640625,1.5443263053894043,0.4130043387413025,0.3180658519268036
346,1.2713,2.1591,0,1,0.3735198974609375,0.99627685546875,-0.1018829345703125,1.6285359859466553,-0.0311259608715772,0.2853393256664276
347,1.248,2.4008,0,1,0.3192901611328125,0.91998291015625,0.0133209228515625,1.5293186902999878,-0.2033030539751052,0.2057731300592422
348,1.2163,2.571,0,1,0.32763671875,0.883209228515625,0.1277313232421875,1.157155990600586,-0.4081637859344482,0.1038507670164108
349,1.1795,2.6496,0,1,0.3265380859375,0.8092803955078125,0.0135650634765625,0.7527877688407898,-0.5068163275718689,0.0173576846718788
350,1.1399,2.6293,0,1,0.4539642333984375,0.7754974365234375,-0.228973388671875,0.679036557674408,-0.0877351760864257,0.0131576135754585
351,1.0991,2.5136,0,1,0.529541015625,0.7794647216796875,-0.279083251953125,0.8326895236968994,0.2821941375732422,0.1137763634324073
352,1.059,2.3163,0,1,0.49896240234375,0.76898193359375,-0.2362518310546875,0.8931307196617126,0.2500196993350982,0.1176571249961853
353,1.0217,2.0598,0,1,0.4933624267578125,0.76702880859375,-0.13323974609375,0.6133875250816345,-0.1190749928355217,0.1211370751261711
354,0.9891,1.7714,0,1,0.46173095703125,0.7070159912109375,-0.1684722900390625,0.1782829165458679,-0.4498065710067749,0.0825894176959991
355,0.962,1.4771,0,1,0.4380645751953125,0.64239501953125,-0.219970703125,-0.1120034977793693,-0.3357777297496795,0.0251767262816429
356,0.9401,1.198,0,1,0.405731201171875,0.6261749267578125,-0.17913818359375,-0.2928044497966766,-0.1648752391338348,0.0317475423216819
357,0.9218,0.9486,0,1,0.3796234130859375,0.6177520751953125,-0.1739959716796875,-0.3710174858570099,-0.1498081386089325,-0.0264411941170692
358,0.9052,0.7379,0,1,0.37030029296875,0.617645263671875,-0.1812286376953125,-0.3206946551799774,-0.2682189345359802,-0.1476496458053589
359,0.8884,0.5706,0,1,0.4046630859375,0.6143035888671875,-0.1895751953125,-0.3124580383300781,-0.5290968418121338,-0.2584408819675445
360,0.8703,0.4488,0,1,0.4857635498046875,0.65679931640625,-0.2896575927734375,-0.3266673386096954,-0.7294337153434753,-0.2895910739898681
361,0.8513,0.373,0,1,0.5917510986328125,0.717071533203125,-0.471435546875,-0.282387226819992,-0.6760786175727844,-0.2593604624271393
362,0.8339,0.3415,0,1,0.7164154052734375,0.7124481201171875,-0.6306610107421875,-0.1931966245174408,-0.4465015828609466,-0.1526452004909515
363,0.8222,0.349,0,1,0.7845458984375,0.6642913818359375,-0.6678924560546875,-0.0768702775239944,-0.2961024940013885,0.0553783029317855
364,0.8215,0.385,0,1,0.7794036865234375,0.638824462890625,-0.6072540283203125,0.0731362625956535,-0.1491671204566955,0.2379483878612518
365,0.8353,0.4354,0,1,0.685882568359375,0.584808349609375,-0.5198211669921875,0.1357940435409546,0.0679244548082351,0.3933717906475067
366,0.8641,0.4863,0,1,0.597442626953125,0.5378265380859375,-0.4091033935546875,0.1357061713933944,0.1614980846643448,0.5051451921463013
367,0.9041,0.5279,0,1,0.5338134765625,0.5347442626953125,-0.37420654296875,0.1257003992795944,0.1616304367780685,0.562995433807373
368,0.9485,0.5557,0,1,0.5645751953125,0.5803985595703125,-0.500732421875,0.2524141371250152,0.3051804006099701,0.6173779964447021
369,0.9897,0.5708,0,1,0.69232177734375,0.71307373046875,-0.5886077880859375,0.4903819561004638,0.5175219774246216,0.7566397190093994
370,1.0232,0.5791,0,1,1.057220458984375,0.96978759765625,-1.000030517578125,1.2548969984054563,0.4945711195468902,1.3180642127990725
371,1.0495,0.5924,0,1,0.6869964599609375,1.0235595703125,-0.0755157470703125,1.4297115802764893,1.0037150382995603,1.5646369457244873
372,1.0728,0.6266,0,1,0.350250244140625,0.5405731201171875,0.4356842041015625,-0.146669328212738,0.3689391613006592,0.9895364046096802
373,1.0954,0.694,0,1,0.0765533447265625,0.1647491455078125,-0.644744873046875,-0.7347370982170105,-0.4841365814208984,0.3825841248035431
374,1.1144,0.7941,0,1,-0.083587646484375,0.452667236328125,-0.345977783203125,-0.2069675624370575,-0.7024047374725342,-0.4977426826953888
375,1.1231,0.9144,0,1,0.3536376953125,0.9877166748046876,0.2550048828125,-0.9923569560050964,-0.3469829857349396,-0.6480802297592163
376,1.117,1.0373,0,1,0.46990966796875,1.2373809814453125,0.222747802734375,-1.4309065341949463,-0.4141457676887512,-0.7941237092018127
377,1.0975,1.1496,0,1,0.6273956298828125,1.4512176513671875,0.0329742431640625,-1.4037457704544067,-0.5750761032104492,-0.8271373510360718
378,1.0731,1.2451,0,1,1.113494873046875,1.49090576171875,-0.7286224365234375,-0.5994772911071777,0.6813092827796936,-0.3696371614933014
379,1.0566,1.3218,0,1,0.732452392578125,1.02459716796875,-0.18994140625,0.1067442893981933,1.5736442804336548,-0.1240569651126861
380,1.0591,1.3784,0,1,0.4860687255859375,0.934814453125,0.073883056640625,-0.093142457306385,0.3544861674308777,-0.1501474231481552
381,1.084,1.4114,0,1,0.381011962890625,0.9232635498046876,0.0242919921875,-0.4956467747688293,-0.3901935815811157,-0.1421864330768585
382,1.1255,1.416,0,1,0.434722900390625,1.049102783203125,-0.0337982177734375,-0.8600079417228699,-0.3753781318664551,-0.2796356379985809
383,1.1736,1.389,0,1,0.5654144287109375,1.1051025390625,-0.064788818359375,-0.9852566719055176,-0.3211511373519897,-0.4010502099990845
384,1.2185,1.3332,0,1,0.6284332275390625,1.013214111328125,-0.1164093017578125,-0.903258204460144,-0.2263681590557098,-0.4607915878295898
385,1.2534,1.2574,0,1,0.596710205078125,0.886444091796875,-0.1523895263671875,-0.7747817039489746,0.0797145366668701,-0.4059999585151672
386,1.2749,1.1726,0,1,0.5094451904296875,0.821868896484375,-0.1320343017578125,-0.6810411214828491,0.2951749265193939,-0.4425169825553894
387,1.281,1.0887,0,1,0.5134735107421875,0.8605499267578125,-0.098846435546875,-0.6974760293960571,0.2254054248332977,-0.5295024514198303
388,1.2714,1.0127,0,1,0.502044677734375,0.9155426025390624,-0.0498199462890625,-0.7721185684204102,-0.0863793641328811,-0.6127488613128662
389,1.2476,0.95,0,1,0.4706878662109375,0.85736083984375,-0.0433349609375,-0.8990855813026428,-0.4716042876243591,-0.5993300080299377
390,1.2125,0.9048,0,1,0.4231109619140625,0.7709503173828125,-0.08831787109375,-1.0843286514282229,-0.5794811844825745,-0.5885024070739746
391,1.1696,0.8809,0,1,0.450347900390625,0.7724609375,-0.1151275634765625,-1.2200404405593872,-0.5410091876983643,-0.6294791102409363
392,1.1225,0.8818,0,1,0.4740447998046875,0.811767578125,-0.116790771484375,-1.1642024517059326,-0.7638792991638184,-0.6813998818397522
393,1.0746,0.9096,0,1,0.5213623046875,0.822662353515625,-0.0861968994140625,-1.1857637166976929,-0.9542585611343384,-0.5781869292259216
394,1.029,0.9639,0,1,0.4731597900390625,0.791107177734375,-0.1167449951171875,-1.244128704071045,-0.821073591709137,-0.5237987637519836
395,0.9888,1.0414,0,1,0.4312591552734375,0.755401611328125,-0.1738739013671875,-1.20058012008667,-0.4751105904579162,-0.5110435485839844
396,0.956,1.1348,0,1,0.4196014404296875,0.7492218017578125,-0.217529296875,-1.0274379253387451,-0.1052928641438484,-0.4642579555511474
397,0.9311,1.2333,0,1,0.388580322265625,0.8025665283203125,-0.207550048828125,-0.8000282049179077,0.1982670128345489,-0.4223997294902801
398,0.9138,1.3228,0,1,0.40472412109375,0.809173583984375,-0.1546630859375,-0.6075815558433533,0.3288804292678833,-0.4056423008441925
399,0.9029,1.3893,0,1,0.389892578125,0.78900146484375,-0.1477203369140625,-0.4782174527645111,0.5191550254821777,-0.4595896899700165
400,0.8975,1.4221,0,1,0.42425537109375,0.791595458984375,-0.11669921875,-0.4783026576042175,0.8012048006057739,-0.5150982141494751
401,0.8961,1.417,0,1,0.534393310546875,0.8360137939453125,-0.089263916015625,-0.560596764087677,0.8575189709663391,-0.6171020865440369
402,0.8978,1.378,0,1,0.5817718505859375,0.8341522216796875,-0.07568359375,-0.5761671662330627,0.6115781664848328,-0.5831488966941833
403,0.9022,1.3144,0,1,0.567230224609375,0.8056488037109375,-0.0953216552734375,-0.5699790716171265,0.2415609657764434,-0.4574927091598511
404,0.9094,1.2368,0,1,0.533172607421875,0.7852325439453125,-0.089630126953125,-0.5067486763000488,-0.0395194478332996,-0.3469422459602356
405,0.9191,1.153,0,1,0.516265869140625,0.7854766845703125,-0.0899810791015625,-0.3859013617038727,-0.4017727375030517,-0.2925748825073242
406,0.9303,1.0681,0,1,0.548065185546875,0.82000732421875,-0.0363006591796875,-0.1972158700227737,-0.6948245763778687,-0.1715222150087356
407,0.9421,0.9856,0,1,0.5977325439453125,0.8911590576171875,0.0380401611328125,0.0233862828463315,-1.0341511964797974,0.0002047970920102
408,0.9537,0.9104,0,1,0.63275146484375,0.9618377685546876,0.09979248046875,0.1320429891347885,-1.2614946365356443,0.2249729335308075
409,0.9657,0.8491,0,1,0.6186370849609375,1.0080718994140625,0.1340789794921875,-0.0268065799027681,-1.154067039489746,0.3854193389415741
410,0.9794,0.8091,0,1,0.621246337890625,1.062286376953125,0.06927490234375,-0.2808154225349426,-0.5197715163230896,0.5396477580070496
411,0.9966,0.794,0,1,0.5478363037109375,1.10247802734375,0.0373382568359375,-0.3735120594501495,0.2501411437988281,0.6027335524559021
412,1.0185,0.8015,0,1,0.47198486328125,1.154205322265625,-0.0014495849609375,-0.4023586213588714,0.6169607043266296,0.654964804649353
413,1.0454,0.8254,0,1,0.3618011474609375,1.12054443359375,-0.127166748046875,-0.1837871372699737,1.0703097581863403,0.6989530324935913
414,1.0763,0.86,0,1,0.227508544921875,1.01373291015625,-0.4008941650390625,0.4663336277008056,1.7090370655059814,0.6741603016853333
415,1.1088,0.9047,0,1,0.1048736572265625,0.976654052734375,-0.62078857421875,1.7779686450958252,1.5311543941497805,0.5468758940696716
416,1.1398,0.966,0,1,0.11578369140625,1.045166015625,-0.3574981689453125,2.728914976119995,0.7713593244552612,0.3625986874103546
417,1.166,1.0549,0,1,0.2571258544921875,1.099822998046875,-0.103179931640625,2.777350187301636,0.5258459448814392,0.2936236262321472
418,1.1851,1.1821,0,1,0.352325439453125,1.05133056640625,0.1109466552734375,2.262087345123291,0.3068912327289581,0.1461335122585296
419,1.1959,1.3502,0,1,0.4175262451171875,0.9794921875,0.1474456787109375,1.6789885759353638,-0.036864273250103,0.0748550668358802
420,1.1981,1.5482,0,1,0.488006591796875,0.9683074951171876,0.0993804931640625,1.2294371128082275,-0.2501408755779266,0.119852103292942
421,1.1923,1.7519,0,1,0.510223388671875,0.9391021728515624,0.0566864013671875,0.9085869193077089,-0.3587030172348022,0.1960541903972625
422,1.18,1.93,0,1,0.4765625,0.8896484375,0.0018310546875,0.7263071537017822,-0.3879642486572265,0.2126512825489044
423,1.1626,2.0531,0,1,0.4762725830078125,0.8637237548828125,-0.060089111328125,0.6136913895606995,-0.4122794270515442,0.2858024537563324
424,1.1415,2.1005,0,1,0.4690704345703125,0.8487091064453125,-0.163665771484375,0.6512110829353333,-0.2416025102138519,0.3402494490146637
425,1.1181,2.0645,0,1,0.4607086181640625,0.8787841796875,-0.2281494140625,0.7992724180221558,0.0765451043844223,0.4029653072357178
426,1.0935,1.9513,0,1,0.4164581298828125,0.8883514404296875,-0.2111053466796875,0.9808307886123656,0.3327513337135315,0.5020692348480225
427,1.0693,1.7791,0,1,0.3154754638671875,0.89642333984375,-0.1483001708984375,0.9899473190307616,0.4217176735401153,0.4676473438739776
428,1.0466,1.5741,0,1,0.2791290283203125,0.8597412109375,-0.125091552734375,0.8019616603851318,0.5509710311889648,0.3842304944992065
429,1.0261,1.3641,0,1,0.294036865234375,0.823822021484375,-0.1490936279296875,0.5898507833480835,0.7329200506210327,0.3477792739868164
430,1.0077,1.1727,0,1,0.34808349609375,0.8329315185546875,-0.1892547607421875,0.4566926956176758,0.7006915211677551,0.3666059672832489
431,0.9909,1.0156,0,1,0.3446197509765625,0.8314361572265625,-0.1741180419921875,0.3395205438137054,0.2170614749193191,0.2889242172241211
432,0.9754,0.8987,0,1,0.3401641845703125,0.787628173828125,-0.200164794921875,0.2355227768421173,-0.144626960158348,0.0510783642530441
433,0.9608,0.8179,0,1,0.3422393798828125,0.74029541015625,-0.241424560546875,0.2339616268873214,-0.0923059582710266,-0.1184739172458648
434,0.9469,0.7625,0,1,0.3728179931640625,0.716949462890625,-0.204193115234375,0.159090057015419,-0.1671098917722702,-0.1852931529283523
435,0.9334,0.7203,0,1,0.424713134765625,0.7141876220703125,-0.2292327880859375,0.0790396928787231,-0.3432415127754211,-0.2894997298717499
436,0.92,0.6815,0,1,0.4992523193359375,0.7118072509765625,-0.3166961669921875,0.0981803610920906,-0.505159854888916,-0.2961491048336029
437,0.907,0.6416,0,1,0.5670013427734375,0.6994171142578125,-0.402587890625,0.1983066946268081,-0.6294812560081482,-0.2199968099594116
438,0.8958,0.6014,0,1,0.614990234375,0.6800689697265625,-0.4796600341796875,0.350649893283844,-0.6392428278923035,-0.0549521967768669
439,0.8881,0.565,0,1,0.631683349609375,0.6201629638671875,-0.5031890869140625,0.445461094379425,-0.4290573596954345,0.0714201182126998
440,0.8859,0.5371,0,1,0.6222381591796875,0.5406036376953125,-0.4752197265625,0.4364199340343475,-0.0222464501857757,0.1346755176782608
441,0.8899,0.52,0,1,0.629608154296875,0.503082275390625,-0.365234375,0.2865065932273865,0.1806837618350982,0.1845080554485321
442,0.8994,0.5127,0,1,0.632110595703125,0.4716949462890625,-0.3269195556640625,0.1332539319992065,0.2052239924669265,0.232346162199974
443,0.9118,0.5113,0,1,0.633941650390625,0.471923828125,-0.3230133056640625,0.0266510508954525,0.186019942164421,0.3391913771629333
444,0.924,0.5113,0,1,0.6040496826171875,0.5089111328125,-0.406036376953125,0.0155286258086562,0.3774034678936004,0.3981519043445587
445,0.9332,0.5098,0,1,0.6051483154296875,0.5955047607421875,-0.47607421875,0.0414643511176109,0.7591082453727722,0.4599130153656006
446,0.9386,0.5077,0,1,0.724151611328125,0.82513427734375,-0.884124755859375,0.3095325529575348,0.981115698814392,0.5912268161773682
447,0.9427,0.5116,0,1,1.1888427734375,1.15460205078125,-1.3149566650390625,2.28662109375,0.8593597412109375,1.506020188331604
448,0.9529,0.5363,0,1,0.4645843505859375,1.0634918212890625,0.0960540771484375,1.949944376945496,1.9449230432510376,1.6131938695907593
449,0.9771,0.6031,0,1,0.0545196533203125,0.5653839111328125,0.334930419921875,-0.0392294265329837,1.494114637374878,0.557542085647583
450,1.0161,0.7273,0,1,-0.0959930419921875,0.477691650390625,-0.0486907958984375,-0.8937267661094666,-0.1131175011396408,-0.0990472212433815
451,1.0613,0.9054,0,1,0.186920166015625,0.86529541015625,0.11773681640625,-0.8620268702507019,-1.30401873588562,-0.5875242352485657
452,1.0999,1.1161,0,1,0.4026031494140625,1.073516845703125,0.12689208984375,-0.6368920207023621,-2.3955061435699463,-0.4752775728702545
453,1.1231,1.3355,0,1,0.51239013671875,1.121856689453125,0.1187896728515625,-0.5524900555610657,-2.9155845642089844,-0.2703318893909454
454,1.1293,1.5484,0,1,0.6380767822265625,1.2944793701171875,-0.1110382080078125,-0.9961002469062804,-2.219444513320923,-0.3710488975048065
455,1.1241,1.7485,0,1,0.970306396484375,1.4532928466796875,-0.47515869140625,-1.6377651691436768,1.2220734357833862,-0.2548418641090393
456,1.1174,1.9311,0,1,0.7104949951171875,1.3488616943359375,-0.274505615234375,-1.160275101661682,1.9378750324249268,-0.0688448473811149
457,1.1199,2.0887,0,1,0.6234283447265625,1.12493896484375,-0.216796875,-0.1125467866659164,0.6823567152023315,-0.0679683983325958
458,1.1381,2.2083,0,1,0.4740753173828125,0.98876953125,-0.2327728271484375,0.2117785662412643,0.3371221125125885,-0.0505065843462944
459,1.1714,2.2721,0,1,0.3931427001953125,1.0010833740234375,-0.088470458984375,-0.5208999514579773,0.9814590215682985,-0.138279840350151
460,1.2133,2.2649,0,1,0.387542724609375,1.0538482666015625,-0.0070343017578125,-1.0104241371154783,0.5076232552528381,-0.4546433985233307
461,1.2546,2.1834,0,1,0.4448089599609375,1.0181884765625,-0.0655517578125,-1.0968724489212036,-0.3593618869781494,-0.7280805110931396
462,1.287,2.0394,0,1,0.521270751953125,0.8657379150390625,-0.159759521484375,-1.0668056011199951,-0.6240140795707703,-0.7579313516616821
463,1.3048,1.8557,0,1,0.577850341796875,0.7618408203125,-0.1659698486328125,-1.0460699796676636,-0.4045259058475494,-0.7465378642082214
464,1.3048,1.659,0,1,0.5563507080078125,0.72393798828125,-0.0875091552734375,-1.0586766004562378,-0.3991455137729645,-0.6912029385566711
465,1.2862,1.4735,0,1,0.5063323974609375,0.691070556640625,-0.1107940673828125,-1.0152587890625,-0.4846476316452026,-0.6132839322090149
466,1.2504,1.3175,0,1,0.4516754150390625,0.653228759765625,-0.1334381103515625,-1.0778579711914062,-0.2733790874481201,-0.533481240272522
467,1.2,1.2012,0,1,0.42401123046875,0.6349029541015625,-0.1077880859375,-1.2200387716293335,-0.3230566084384918,-0.5427815318107605
468,1.1389,1.128,0,1,0.448577880859375,0.7152099609375,-0.1702117919921875,-1.1546223163604736,-0.440675139427185,-0.4820659756660461
469,1.0719,1.0955,0,1,0.4567108154296875,0.7794342041015625,-0.1616973876953125,-1.0461490154266355,-0.5121999382972717,-0.3978208601474762
470,1.0044,1.0971,0,1,0.4530487060546875,0.8140106201171875,-0.1535491943359375,-0.9721944332122804,-0.6030550003051758,-0.4225147664546966
471,0.9424,1.1234,0,1,0.44024658203125,0.8222808837890625,-0.216278076171875,-0.9462115168571472,-0.4618288874626159,-0.41370290517807
472,0.8914,1.1632,0,1,0.42144775390625,0.837066650390625,-0.239654541015625,-0.9057730436325072,-0.1101049333810806,-0.4406841695308685
473,0.855,1.2052,0,1,0.42620849609375,0.851898193359375,-0.19842529296875,-0.7871313691139221,0.0455784052610397,-0.4633825719356537
474,0.835,1.2391,0,1,0.44085693359375,0.89892578125,-0.1820220947265625,-0.6966667175292969,0.0689665526151657,-0.4809612929821014
475,0.8312,1.2566,0,1,0.4541168212890625,0.8997802734375,-0.1443023681640625,-0.6660046577453613,0.0644471645355224,-0.5284970998764038
476,0.8416,1.2529,0,1,0.4821014404296875,0.8342742919921875,-0.088836669921875,-0.6390324234962463,-0.2066498547792434,-0.5705191493034363
477,0.8629,1.227,0,1,0.4857025146484375,0.828582763671875,-0.072662353515625,-0.6893725395202637,-0.3780423700809479,-0.531919538974762
478,0.8911,1.1824,0,1,0.46044921875,0.7753448486328125,-0.0639801025390625,-0.741493821144104,-0.4130554795265198,-0.5391375422477722
479,0.9212,1.1253,0,1,0.4561767578125,0.75006103515625,-0.040069580078125,-0.733269453048706,-0.5021904110908508,-0.4968481063842773
480,0.9488,1.064,0,1,0.4463043212890625,0.7865142822265625,-0.0271148681640625,-0.6585667133331299,-0.4972569048404693,-0.4086585938930511
481,0.97,1.0059,0,1,0.4680633544921875,0.8428497314453125,-0.00982666015625,-0.5050884485244751,-0.3671580255031585,-0.2846815288066864
482,0.9829,0.9556,0,1,0.4455718994140625,0.8795013427734375,0.00872802734375,-0.3453470170497894,-0.1397102326154709,-0.1556439250707626
483,0.9876,0.9127,0,1,0.4000396728515625,0.8951416015625,0.014923095703125,-0.368798553943634,0.2785048484802246,-0.1348869800567627
484,0.9858,0.8742,0,1,0.3751220703125,0.9066619873046876,-0.0324249267578125,-0.6539580821990967,0.883610188961029,-0.1567081212997436
485,0.9799,0.8381,0,1,0.51318359375,1.01202392578125,-0.05242919921875,-0.7827187776565552,0.9637146592140198,-0.1924805045127868
486,0.9732,0.8067,0,1,0.6260223388671875,0.952301025390625,-0.0557708740234375,-0.5013203620910645,0.1959612518548965,-0.1614232510328292
487,0.9689,0.7838,0,1,0.6593475341796875,0.8756561279296875,-0.0024566650390625,-0.2005967497825622,-0.3925755023956299,-0.0410891138017177
488,0.9699,0.7699,0,1,0.6938323974609375,0.8666839599609375,0.0395660400390625,-0.0795368999242782,-0.8156796097755432,0.2014111429452896
489,0.9777,0.7624,0,1,0.7270660400390625,0.9160614013671876,0.023193359375,-0.1424594074487686,-0.8646271824836731,0.420583963394165
490,0.9924,0.7593,0,1,0.6731109619140625,1.0030059814453125,-0.006072998046875,-0.2808175384998321,-0.5777664184570312,0.6353309154510498
491,1.0133,0.7604,0,1,0.5409393310546875,1.078125,-0.0872039794921875,-0.2986735105514526,-0.180010512471199,0.7384205460548401
492,1.0392,0.7661,0,1,0.4254302978515625,1.11920166015625,-0.2180328369140625,0.07900320738554,0.2962963879108429,0.8085106611251831
493,1.0686,0.7764,0,1,0.2890625,1.06549072265625,-0.2145538330078125,0.7006608843803406,0.3218550086021423,0.7412394881248474
494,1.0991,0.7915,0,1,0.2307586669921875,1.0241241455078125,-0.18359375,1.295624613761902,0.1136176437139511,0.6805012822151184
495,1.1278,0.8135,0,1,0.2135772705078125,0.9288330078125,-0.183563232421875,1.6894646883010864,-0.1135212332010269,0.6034544706344604
496,1.1509,0.8479,0,1,0.2743682861328125,0.9241790771484376,-0.0933685302734375,1.8313608169555664,-0.2395108640193939,0.5809605717658997
497,1.165,0.902,0,1,0.319091796875,1.0102691650390625,-0.02484130859375,1.7624703645706177,-0.2250917106866836,0.5683974027633667
498,1.168,0.9813,0,1,0.3738861083984375,1.1046600341796875,-0.033416748046875,1.735992193222046,-0.1123968511819839,0.5448294878005981
499,1.1608,1.0868,0,1,0.36517333984375,1.1478424072265625,-0.0808868408203125,1.8280704021453855,0.0559250526130199,0.4822233617305755
500,1.1465,1.2139,0,1,0.329742431640625,1.1544036865234375,-0.0638580322265625,1.9282828569412231,0.1271784603595733,0.4126038253307342
501,1.1298,1.3544,0,1,0.3318939208984375,1.12957763671875,-0.0315399169921875,1.9018951654434204,0.2152705043554306,0.3416265845298767
502,1.115,1.4986,0,1,0.3227386474609375,1.0359344482421875,-0.05560302734375,1.7988041639328003,0.3853221237659454,0.2879295349121094
503,1.1049,1.6365,0,1,0.3321990966796875,0.9263763427734376,-0.064453125,1.6936298608779907,0.4818281531333923,0.1530617177486419
504,1.0997,1.7582,0,1,0.3796539306640625,0.8947601318359375,-0.04022216796875,1.546883225440979,0.4467495381832123,0.068183846771717
505,1.0975,1.8551,0,1,0.4163818359375,0.87713623046875,-0.0288238525390625,1.3082700967788696,0.36536705493927,0.0565375797450542
506,1.0956,1.9196,0,1,0.459320068359375,0.844390869140625,-0.158721923828125,1.1328730583190918,0.4735217690467834,0.0769839957356453
507,1.0914,1.9461,0,1,0.4849853515625,0.7999114990234375,-0.2536773681640625,1.0854647159576416,0.7237057685852051,0.1713549792766571
508,1.0833,1.9323,0,1,0.411590576171875,0.76715087890625,-0.2028350830078125,1.018833041191101,0.7724179029464722,0.1802382171154022
509,1.0705,1.8806,0,1,0.34625244140625,0.7303619384765625,-0.06585693359375,0.7349006533622742,0.5176498293876648,0.1203346699476242
510,1.0526,1.7962,0,1,0.343994140625,0.7170562744140625,-0.085205078125,0.3573413491249084,0.1089182272553443,0.1033921688795089
511,1.0294,1.684,0,1,0.333648681640625,0.72320556640625,-0.168182373046875,0.1602357476949691,-0.0901578590273857,0.0336381196975708
512,1.0012,1.5463,0,1,0.363555908203125,0.7159423828125,-0.1732330322265625,0.0669595897197723,-0.051420047879219,-0.0762580186128616
513,0.9692,1.3846,0,1,0.3968658447265625,0.696990966796875,-0.17059326171875,-0.0807563662528991,-0.0608915798366069,-0.1219559982419014
514,0.9352,1.2025,0,1,0.4207000732421875,0.68792724609375,-0.20758056640625,-0.1790373921394348,-0.0358413532376289,-0.1907454431056976
515,0.9016,1.0071,0,1,0.441192626953125,0.66900634765625,-0.2891387939453125,-0.1785119473934173,-0.0133070172742009,-0.2422107756137848
516,0.8709,0.8095,0,1,0.468658447265625,0.6595916748046875,-0.3495330810546875,-0.1378691792488098,-0.1168283522129058,-0.2760214507579803
517,0.8453,0.6228,0,1,0.5444488525390625,0.6307830810546875,-0.406524658203125,-0.1288506537675857,-0.2819952070713043,-0.2765977680683136
518,0.827,0.4594,0,1,0.6710968017578125,0.6193084716796875,-0.4658050537109375,-0.1608093827962875,-0.4041378796100616,-0.199623093008995
519,0.8176,0.3295,0,1,0.7985076904296875,0.63385009765625,-0.5081939697265625,-0.1978259980678558,-0.4065469801425934,-0.0056514940224587
520,0.8189,0.2392,0,1,0.8582000732421875,0.6212615966796875,-0.517120361328125,-0.1875315457582473,-0.3801792860031128,0.2121554017066955
521,0.8324,0.19,0,1,0.7914276123046875,0.6143646240234375,-0.45135498046875,-0.1417989432811737,-0.3564779460430145,0.3210342228412628
522,0.858,0.1791,0,1,0.6266326904296875,0.6350860595703125,-0.3428497314453125,-0.1775694638490677,-0.2249468266963958,0.454996794462204
523,0.8934,0.2003,0,1,0.4595947265625,0.630950927734375,-0.2811126708984375,-0.2384338825941085,0.045463353395462,0.430225133895874
524,0.9333,0.245,0,1,0.3781890869140625,0.6169586181640625,-0.2789764404296875,-0.234440192580223,0.2782049775123596,0.3380664587020874
525,0.9706,0.3039,0,1,0.396728515625,0.6666412353515625,-0.3320465087890625,-0.1460786461830139,0.2686000466346741,0.2654601633548736
526,0.999,0.3674,0,1,0.4742279052734375,0.8206329345703125,-0.5859222412109375,0.0791613981127739,0.192617118358612,0.2308625131845474
527,1.0156,0.4266,0,1,0.7788543701171875,1.0041656494140625,-1.021392822265625,0.5893887281417847,-0.2041568607091903,0.38938769698143
528,1.0235,0.4771,0,1,1.1782684326171875,1.0708770751953125,-1.101715087890625,1.9686214923858645,-0.250527024269104,1.311975121498108
529,1.0319,0.5237,0,1,0.77581787109375,0.87890625,0.132568359375,1.3042618036270142,0.4159711003303528,1.693671941757202
530,1.0498,0.5816,0,1,0.2701263427734375,0.43743896484375,-0.044403076171875,-0.3191830515861511,1.38374924659729,1.0104587078094482
531,1.0788,0.6662,0,1,-0.43109130859375,0.383514404296875,-0.70849609375,-0.0684722661972045,-0.1453295052051544,0.1323694884777069
532,1.1118,0.7798,0,1,0.015228271484375,0.7022857666015625,0.1844482421875,-0.5490077137947083,-0.493951141834259,-0.4158461987972259
533,1.1385,0.909,0,1,0.235107421875,0.946380615234375,0.1728363037109375,-0.8549761772155762,-0.3138596713542938,-0.5898169279098511
534,1.1511,1.0339,0,1,0.38482666015625,1.1061248779296875,0.18707275390625,-0.9242098331451416,-0.6493462920188904,-0.5982812643051147
535,1.1474,1.139,0,1,0.528656005859375,1.2592926025390625,0.0784454345703125,-1.0161688327789309,-1.0686860084533691,-0.5764294862747192
536,1.1317,1.2176,0,1,0.950836181640625,1.3107147216796875,-0.531036376953125,-0.9528891444206238,-0.28511643409729,-0.3220941424369812
537,1.1131,1.2698,0,1,0.78668212890625,0.9394989013671876,-0.5480194091796875,-0.2127391695976257,1.5930161476135254,0.1125284060835838
538,1.1017,1.2994,0,1,0.4483642578125,0.967437744140625,0.0626678466796875,-0.1401360630989074,0.7445141077041626,0.0446337796747684
539,1.1035,1.3101,0,1,0.3857879638671875,1.1298675537109375,0.0862274169921875,-0.3144644498825073,-0.247404471039772,-0.2845073640346527
540,1.1185,1.3025,0,1,0.554046630859375,1.232757568359375,0.000335693359375,-0.6593273282051086,-0.5107050538063049,-0.5008615255355835
541,1.1436,1.2759,0,1,0.61102294921875,1.1187591552734375,-0.09283447265625,-1.01997709274292,-0.1611124575138092,-0.5472968816757202
542,1.1744,1.2319,0,1,0.587188720703125,0.981903076171875,-0.1186676025390625,-1.0452572107315063,-0.116507701575756,-0.4555795192718506
543,1.2066,1.1771,0,1,0.6053009033203125,0.9627685546875,-0.1214752197265625,-0.9092042446136476,-0.1766799688339233,-0.4547555148601532
544,1.2356,1.1199,0,1,0.62091064453125,1.0125885009765625,-0.0804901123046875,-0.9089243412017822,-0.1480927914381027,-0.4824004769325256
545,1.2574,1.0678,0,1,0.6178436279296875,0.986175537109375,-0.0289459228515625,-0.9878045320510864,-0.2261971831321716,-0.4205895662307739
546,1.2696,1.0262,0,1,0.504913330078125,0.831512451171875,-0.04998779296875,-1.1060640811920166,-0.2851001918315887,-0.3722177743911743
547,1.2706,0.9987,0,1,0.3340911865234375,0.706085205078125,-0.0792388916015625,-1.2535475492477417,-0.0479094684123992,-0.4216452538967132
548,1.259,0.9876,0,1,0.3359832763671875,0.639068603515625,-0.131561279296875,-1.2934738397598269,0.290351927280426,-0.4048572182655334
549,1.2329,0.9941,0,1,0.3133697509765625,0.65814208984375,-0.140106201171875,-1.107994794845581,0.269243985414505,-0.4795173406600952
550,1.1917,1.0175,0,1,0.45465087890625,0.7736053466796875,-0.1259002685546875,-0.8783779144287109,0.0541431307792663,-0.4850037097930908
551,1.137,1.0537,0,1,0.498321533203125,0.8076019287109375,-0.1189117431640625,-0.8454945087432861,0.1201349273324012,-0.4479229152202606
552,1.0738,1.0953,0,1,0.4732513427734375,0.7682342529296875,-0.114593505859375,-0.8767160773277283,0.292671799659729,-0.425807237625122
553,1.0088,1.134,0,1,0.476959228515625,0.7739105224609375,-0.1231231689453125,-0.9418266415596008,0.4488483667373657,-0.4378130137920379
554,0.9489,1.1632,0,1,0.5334625244140625,0.8358612060546875,-0.11785888671875,-0.8367103338241577,0.1128687635064125,-0.4452690780162811
555,0.8998,1.1791,0,1,0.5498809814453125,0.879791259765625,-0.1395721435546875,-0.7888770699501038,-0.0863063931465148,-0.3988520503044128
556,0.8655,1.18,0,1,0.5104217529296875,0.861083984375,-0.1334228515625,-0.8473584651947021,-0.2194692343473434,-0.3426471054553985
557,0.8481,1.1663,0,1,0.4544525146484375,0.8164520263671875,-0.1284027099609375,-0.905717134475708,-0.1881137192249298,-0.344524085521698
558,0.8471,1.14,0,1,0.424591064453125,0.77532958984375,-0.1185302734375,-0.9243954420089722,-0.2282571345567703,-0.3767113089561462
559,0.8593,1.1051,0,1,0.4365081787109375,0.793975830078125,-0.113983154296875,-0.7611886858940125,-0.4302131533622741,-0.417522668838501
560,0.88,1.0665,0,1,0.4331817626953125,0.7909698486328125,-0.084503173828125,-0.5664905905723572,-0.6619489192962646,-0.3987873196601867
561,0.9039,1.0289,0,1,0.42608642578125,0.7728118896484375,-0.034515380859375,-0.5155121088027954,-0.6609281301498413,-0.3701692819595337
562,0.9263,0.9954,0,1,0.4101104736328125,0.7888336181640625,0.0113372802734375,-0.544765293598175,-0.4969141781330108,-0.3406491875648498
563,0.9438,0.9674,0,1,0.422271728515625,0.8421478271484375,0.0345306396484375,-0.6004144549369812,-0.2633235156536102,-0.2863068580627441
564,0.9547,0.9438,0,1,0.437713623046875,0.902679443359375,-0.0070648193359375,-0.4854314029216766,0.2668242454528808,-0.2268419414758682
565,0.9592,0.9222,0,1,0.459442138671875,0.8878631591796875,0.018768310546875,-0.3114337921142578,0.5358951091766357,-0.2072812765836715
566,0.9589,0.899,0,1,0.561004638671875,0.878082275390625,0.0481109619140625,-0.2399289757013321,0.3227543532848358,-0.1962027996778488
567,0.9565,0.8709,0,1,0.68316650390625,0.9177093505859376,0.081756591796875,-0.2264355421066284,-0.1696249842643737,-0.0148623026907444
568,0.9552,0.8351,0,1,0.741607666015625,0.9564361572265624,0.059295654296875,-0.2483576089143753,-0.5774979591369629,0.2082448154687881
569,0.9583,0.7904,0,1,0.75933837890625,1.0035858154296875,-0.002410888671875,-0.2855627834796905,-0.3301733732223511,0.4870652556419372
570,0.9687,0.7392,0,1,0.6322021484375,1.04327392578125,-0.0077362060546875,-0.2543606460094452,-0.1184597983956337,0.6745318174362183
571,0.988,0.6867,0,1,0.511627197265625,1.0835418701171875,-0.0060272216796875,-0.1801098436117172,-0.0455632247030735,0.6470528244972229
572,1.0161,0.6394,0,1,0.403564453125,1.0983428955078125,-0.020477294921875,-0.1064377576112747,0.2270741611719131,0.5705021023750305
573,1.0508,0.602,0,1,0.3791656494140625,1.10174560546875,-0.0876617431640625,0.1618482917547226,0.4867584705352783,0.4607234001159668
574,1.0885,0.5778,0,1,0.3348236083984375,1.017608642578125,-0.1933746337890625,0.6255224943161011,0.5586408972740173,0.3524075746536255
575,1.125,0.5684,0,1,0.3835601806640625,0.8967132568359375,-0.2208709716796875,1.2262901067733765,0.4044289588928222,0.2987297177314758
576,1.1556,0.577,0,1,0.43560791015625,0.8224639892578125,-0.1497955322265625,1.6541295051574707,0.046335007995367,0.3190051615238189
577,1.1762,0.6084,0,1,0.4810791015625,0.831817626953125,-0.1035614013671875,1.8122845888137815,-0.20778489112854,0.4255877733230591
578,1.1836,0.6692,0,1,0.4924468994140625,0.882354736328125,-0.0458221435546875,1.8479176759719849,-0.3883440196514129,0.5627880096435547
579,1.177,0.7643,0,1,0.4219207763671875,0.96405029296875,-0.0383148193359375,1.8716964721679688,-0.5897316932678223,0.6092218160629272
580,1.1583,0.8945,0,1,0.3484954833984375,1.0691375732421875,-0.014251708984375,1.858974814414978,-0.5883913636207581,0.5582337379455566
581,1.1314,1.0556,0,1,0.3398284912109375,1.1088409423828125,-0.0128173828125,1.8015708923339844,-0.4614312648773193,0.4765470921993255
582,1.1018,1.2374,0,1,0.339447021484375,1.0982208251953125,-0.011260986328125,1.719921350479126,-0.2541688978672027,0.4391084015369415
583,1.0749,1.4258,0,1,0.341583251953125,1.0506134033203125,-0.0062408447265625,1.6156165599822998,-0.0043478766456246,0.2903745770454407
584,1.0548,1.6042,0,1,0.3628082275390625,0.99420166015625,-0.022552490234375,1.4796823263168335,0.2719135284423828,0.1475548297166824
585,1.0433,1.7561,0,1,0.4047698974609375,0.939697265625,-0.0880584716796875,1.3773424625396729,0.4681887626647949,0.0899458676576614
586,1.04,1.8683,0,1,0.4788818359375,0.8721923828125,-0.1245269775390625,1.2858232259750366,0.4364428222179413,0.1317377835512161
587,1.0427,1.9325,0,1,0.49700927734375,0.8034210205078125,-0.2177734375,1.2661634683609009,0.4158970713615417,0.2007946223020553
588,1.0482,1.9466,0,1,0.4805145263671875,0.76873779296875,-0.173004150390625,1.2365880012512207,0.4004464745521545,0.2606321275234222
589,1.0531,1.914,0,1,0.39398193359375,0.763824462890625,-0.1136474609375,1.01428484916687,0.4686942398548126,0.1827101558446884
590,1.0541,1.8425,0,1,0.4042205810546875,0.7599334716796875,-0.1046295166015625,0.6228819489479065,0.4325306415557861,0.1411131769418716
591,1.049,1.7404,0,1,0.4193115234375,0.7630767822265625,-0.1640472412109375,0.316615492105484,0.4125332236289978,0.1563477963209152
592,1.0366,1.6149,0,1,0.4108734130859375,0.7447357177734375,-0.2289276123046875,0.2336726784706115,0.2666490077972412,0.1346518248319625
593,1.0173,1.4707,0,1,0.3537750244140625,0.705078125,-0.186004638671875,0.1720173060894012,-0.0351675748825073,-0.0032655680552124
594,0.9925,1.3117,0,1,0.3041839599609375,0.6668243408203125,-0.1412353515625,0.029897978529334,-0.3229522109031677,-0.1923225671052932
595,0.9635,1.1422,0,1,0.303314208984375,0.6532745361328125,-0.208892822265625,-0.0300724152475595,-0.3628261387348175,-0.3509068787097931
596,0.9319,0.9696,0,1,0.3362274169921875,0.645050048828125,-0.2504425048828125,-0.0024671524297446,-0.2814734876155853,-0.4704109132289886
597,0.8991,0.804,0,1,0.4171905517578125,0.6466064453125,-0.3138427734375,0.0249125398695468,-0.3106255233287811,-0.548646867275238
598,0.8669,0.6566,0,1,0.555084228515625,0.653228759765625,-0.418853759765625,0.1106008142232894,-0.3152892291545868,-0.5307013988494873
599,0.8382,0.5369,0,1,0.7099456787109375,0.646331787109375,-0.52032470703125,0.2106973230838775,-0.1688508093357086,-0.3438630998134613
600,0.8169,0.4505,0,1,0.79766845703125,0.6128082275390625,-0.5539398193359375,0.214345321059227,0.2967309951782226,-0.1441885977983474
601,0.8072,0.3977,0,1,0.860443115234375,0.57452392578125,-0.54632568359375,0.1893606036901474,0.5657475590705872,0.0337411873042583
602,0.8124,0.3747,0,1,0.85675048828125,0.564971923828125,-0.4982452392578125,0.1285936683416366,0.4523198008537292,0.2214365154504776
603,0.8337,0.3759,0,1,0.7672271728515625,0.58062744140625,-0.447418212890625,0.0089104045182466,0.395139068365097,0.354493111371994
604,0.8694,0.3947,0,1,0.662567138671875,0.596099853515625,-0.3629302978515625,-0.1207213550806045,0.4475269019603729,0.4210103452205658
605,0.9148,0.4247,0,1,0.629364013671875,0.6605072021484375,-0.4690093994140625,-0.1486749649047851,0.5135679841041565,0.4236913621425628
606,0.9636,0.461,0,1,0.7033538818359375,0.7662811279296875,-0.728790283203125,0.1357413232326507,0.4921963810920715,0.4672153890132904
607,1.0109,0.5001,0,1,0.9130096435546876,0.914581298828125,-0.9961090087890624,0.8438960909843445,0.4092346429824829,0.7575795650482178
608,1.0551,0.5419,0,1,0.78228759765625,0.9141845703125,0.04254150390625,0.9129624962806702,0.4702844321727752,1.1972824335098269
609,1.0969,0.5901,0,1,0.62615966796875,0.704193115234375,0.1710205078125,-0.1186496838927269,-0.1364188343286514,1.0216468572616575
610,1.1359,0.6491,0,1,0.411956787109375,0.405975341796875,-0.6233062744140625,-0.3458042740821838,-0.4199759662151336,0.6162986159324646
611,1.168,0.7201,0,1,-0.2370147705078125,0.3544769287109375,-0.4734954833984375,0.0801414400339126,-1.8329232931137085,-0.4412072300910949
612,1.187,0.8023,0,1,0.2149658203125,0.6214599609375,0.237213134765625,-1.0536311864852903,-1.8969123363494875,-0.4996127486228943
613,1.1867,0.897,0,1,0.271728515625,0.7884979248046875,0.1944427490234375,-1.4319204092025757,-0.8609610795974731,-0.3943749964237213
614,1.1645,1.0069,0,1,0.381744384765625,0.9900054931640624,0.0836944580078125,-1.395036697387695,-0.4306427240371704,-0.263187438249588
615,1.1234,1.1301,0,1,0.5576629638671875,1.37359619140625,-0.2701568603515625,-0.7852615118026733,-0.1753497123718261,-0.1277851313352584
616,1.0728,1.2561,0,1,0.748291015625,1.5458221435546875,-0.3407745361328125,-0.0052160671912133,0.3770061433315277,0.1206640973687172
617,1.0271,1.3662,0,1,0.6221923828125,1.3269805908203125,0.05352783203125,-0.2234386801719665,0.4139803946018219,-0.0036453348584473
618,1.0002,1.4395,0,1,0.4945526123046875,1.138946533203125,0.04345703125,-0.6279033422470093,-0.0491007007658481,-0.2041898816823959
619,1.0006,1.4611,0,1,0.4428253173828125,1.089263916015625,-0.008544921875,-0.7764003872871399,-0.3447547256946563,-0.356244146823883
620,1.028,1.4274,0,1,0.5599365234375,1.081024169921875,-0.041107177734375,-0.8242230415344238,-0.4841272532939911,-0.4542865455150604
621,1.0757,1.3472,0,1,0.654541015625,1.051055908203125,-0.14202880859375,-0.9033802151679992,-0.1476781368255615,-0.4017450511455536
622,1.1341,1.2374,0,1,0.6588897705078125,1.05242919921875,-0.1070709228515625,-0.994113028049469,0.2685861885547638,-0.3020826280117035
623,1.1936,1.1177,0,1,0.597320556640625,1.01739501953125,-0.0628662109375,-1.0198650360107422,0.1414540708065033,-0.2264571040868759
624,1.2462,1.0062,0,1,0.4973297119140625,0.9472503662109376,-0.0926055908203125,-1.027430534362793,-0.0558001473546028,-0.2969155609607696
625,1.2856,0.9166,0,1,0.4204254150390625,0.892181396484375,-0.142913818359375,-1.0578662157058716,-0.0261695515364408,-0.3426412343978882
626,1.3076,0.857,0,1,0.3594512939453125,0.823974609375,-0.17523193359375,-1.0298973321914673,-0.0669822320342063,-0.3537727296352386
627,1.3094,0.83,0,1,0.332550048828125,0.777496337890625,-0.1748199462890625,-0.9494014978408812,-0.2671898901462555,-0.4715214669704437
628,1.2904,0.8335,0,1,0.3548736572265625,0.7674407958984375,-0.1149139404296875,-0.9588490128517152,-0.3638527691364288,-0.5336199998855591
629,1.2519,0.862,0,1,0.3794097900390625,0.736541748046875,-0.037750244140625,-1.1528315544128418,-0.4795689880847931,-0.5208663940429688
630,1.1974,0.9093,0,1,0.4263916015625,0.6815948486328125,-0.0579681396484375,-1.252987504005432,-0.5761961936950684,-0.4629681706428528
631,1.1318,0.9697,0,1,0.4356536865234375,0.695465087890625,-0.077117919921875,-1.2752498388290403,-0.465821772813797,-0.428165465593338
632,1.0607,1.0384,0,1,0.4334564208984375,0.7295989990234375,-0.1797637939453125,-1.1964828968048096,-0.1319127529859542,-0.3651007413864136
633,0.9904,1.1106,0,1,0.44122314453125,0.794952392578125,-0.2163543701171875,-0.9338339567184448,0.12838114798069,-0.3584724068641662
634,0.9265,1.1794,0,1,0.4562835693359375,0.84246826171875,-0.1978607177734375,-0.7377126812934875,0.1333199739456176,-0.3166826069355011
635,0.8745,1.2361,0,1,0.49298095703125,0.860595703125,-0.1827392578125,-0.5909485220909119,0.1238460466265678,-0.294680118560791
636,0.8383,1.2713,0,1,0.488616943359375,0.8416900634765625,-0.1453094482421875,-0.6048803329467773,0.136575162410736,-0.2948249876499176
637,0.8199,1.2776,0,1,0.492401123046875,0.859344482421875,-0.1368560791015625,-0.6209527254104614,0.2448829859495163,-0.2995427548885345
638,0.8188,1.2522,0,1,0.48248291015625,0.8488922119140625,-0.1044921875,-0.5682210922241211,0.3956930041313171,-0.2686197459697723
639,0.8327,1.1974,0,1,0.4524383544921875,0.838775634765625,-0.0921478271484375,-0.519352912902832,0.4398524761199951,-0.2654963731765747
640,0.8576,1.1201,0,1,0.439849853515625,0.8505706787109375,-0.081390380859375,-0.5510151982307434,0.5230070352554321,-0.3289027810096741
641,0.8885,1.0299,0,1,0.465850830078125,0.85107421875,-0.0728607177734375,-0.5209540128707886,0.3335548043251037,-0.3626892566680908
642,0.9207,0.9372,0,1,0.4900970458984375,0.844757080078125,-0.0752105712890625,-0.5068600177764893,0.0471736378967762,-0.3146157264709472
643,0.9504,0.8503,0,1,0.46875,0.8500518798828125,-0.0809783935546875,-0.501287579536438,-0.0379516445100307,-0.2639525532722473
644,0.9749,0.7747,0,1,0.456085205078125,0.85260009765625,-0.0673828125,-0.4972542524337768,0.0699694976210594,-0.1936216652393341
645,0.9926,0.7124,0,1,0.44488525390625,0.856597900390625,-0.0668487548828125,-0.3651827573776245,0.1846358925104141,-0.1107422262430191
646,1.0033,0.6626,0,1,0.5492401123046875,0.9986572265625,-0.0209197998046875,-0.0752228498458862,0.1930307149887085,-0.0159954782575368
647,1.0084,0.622,0,1,0.673095703125,1.108245849609375,0.110748291015625,0.1686159074306488,-0.2692556977272033,0.0716883018612861
648,1.0112,0.5867,0,1,0.7600555419921875,1.1137542724609375,0.1667327880859375,0.2717548012733459,-0.920288622379303,0.1959221065044403
649,1.0163,0.5558,0,1,0.7406005859375,1.0618896484375,0.1360931396484375,0.2463354766368866,-1.2425633668899536,0.4235922694206238
650,1.0283,0.5339,0,1,0.5697784423828125,0.91082763671875,0.0054779052734375,0.1107883006334304,-0.7325770258903503,0.6142434477806091
651,1.0488,0.5288,0,1,0.3771514892578125,0.8918914794921875,-0.116790771484375,0.1717416644096374,0.1357802003622055,0.7393936514854431
652,1.0754,0.5459,0,1,0.2126617431640625,0.9250335693359376,-0.2913970947265625,0.539229691028595,1.11850106716156,0.7504454851150513
653,1.1032,0.5875,0,1,-0.0285491943359375,1.024322509765625,-0.7010650634765625,1.6969470977783203,1.893870234489441,0.5742462277412415
654,1.1276,0.659,0,1,0.0079803466796875,1.079742431640625,-0.4108734130859375,3.0904407501220703,1.363360047340393,0.4795594215393066
655,1.1459,0.7721,0,1,0.1713409423828125,1.0866851806640625,-0.03564453125,3.3852930068969727,0.6009129881858826,0.5102128982543945
656,1.1573,0.9412,0,1,0.329437255859375,1.0128173828125,0.1486053466796875,2.846832513809204,0.2183539122343063,0.2707217633724212
657,1.1621,1.173,0,1,0.4432373046875,0.9649505615234376,0.160491943359375,2.128182888031006,-0.1097038611769676,0.0338636897504329
658,1.1608,1.4565,0,1,0.571319580078125,1.00830078125,0.108062744140625,1.6070613861083984,-0.424842894077301,0.0280271079391241
659,1.1546,1.7629,0,1,0.619964599609375,1.0433349609375,0.0514984130859375,1.1811374425888062,-0.6748519539833069,0.1130629032850265
660,1.1457,2.0517,0,1,0.5963134765625,1.0060577392578125,-0.065093994140625,0.8041713237762451,-0.4878279864788055,0.1707531064748764
661,1.1365,2.2818,0,1,0.566497802734375,0.880401611328125,-0.126220703125,0.5629440546035767,-0.2522037625312805,0.2125871032476425
662,1.1289,2.4195,0,1,0.5283203125,0.8223114013671875,-0.1542205810546875,0.5142444372177124,-0.2301391959190368,0.300024539232254
663,1.1229,2.4453,0,1,0.4395599365234375,0.7881622314453125,-0.1501007080078125,0.5424909591674805,-0.234962448477745,0.3708763420581817
664,1.1168,2.3568,0,1,0.3802490234375,0.7979583740234375,-0.1573333740234375,0.5139554738998413,-0.2030950635671615,0.3931885659694671
665,1.1083,2.1683,0,1,0.328765869140625,0.8244171142578125,-0.2255859375,0.4804635643959045,0.0913714617490768,0.3977755904197693
666,1.0951,1.9065,0,1,0.2563629150390625,0.8598480224609375,-0.213958740234375,0.3967979550361633,0.4729110896587372,0.4231070578098297
667,1.0764,1.6049,0,1,0.23162841796875,0.845550537109375,-0.14874267578125,0.2771884500980377,0.6330272555351257,0.3469946980476379
668,1.0525,1.2974,0,1,0.283203125,0.83087158203125,-0.1305694580078125,0.2264049053192138,0.4130781292915344,0.3184099197387695
669,1.0248,1.0136,0,1,0.292510986328125,0.80242919921875,-0.1642303466796875,0.2379936575889587,0.1222918257117271,0.2588728368282318
670,0.9949,0.7737,0,1,0.260894775390625,0.75933837890625,-0.192138671875,0.2448728680610656,0.086256593465805,0.0476492792367935
671,0.9648,0.587,0,1,0.310791015625,0.77203369140625,-0.172821044921875,0.1369418799877166,-0.0033068470656871,-0.0707452744245529
672,0.9357,0.4529,0,1,0.3319549560546875,0.7658843994140625,-0.2503509521484375,0.0350045897066593,0.1524039208889007,-0.2487182021141052
673,0.9093,0.365,0,1,0.4198150634765625,0.76177978515625,-0.3292083740234375,0.0768641531467437,0.3329393565654754,-0.3292407393455505
674,0.887,0.3143,0,1,0.5234832763671875,0.741943359375,-0.40081787109375,0.2335722744464874,0.2209076136350631,-0.310153067111969
675,0.8706,0.2929,0,1,0.6522979736328125,0.720855712890625,-0.481201171875,0.4974305629730224,-0.002551042009145,-0.1836649030447006
676,0.8621,0.294,0,1,0.7177886962890625,0.669830322265625,-0.4642333984375,0.6200709939002991,-0.2435918897390365,-0.011053716763854
677,0.8632,0.3122,0,1,0.7289886474609375,0.5993194580078125,-0.4246978759765625,0.5016940236091614,-0.2175243347883224,0.084464281797409
678,0.8744,0.343,0,1,0.70892333984375,0.53216552734375,-0.366485595703125,0.2286829799413681,-0.0061500379815697,0.1327591091394424
679,0.8943,0.3808,0,1,0.642333984375,0.5231170654296875,-0.35394287109375,0.0012599414912983,0.1723009347915649,0.2187943905591964
680,0.9196,0.4188,0,1,0.5874481201171875,0.55059814453125,-0.39068603515625,-0.0319632589817047,0.2575772106647491,0.2659768164157867
681,0.9456,0.4502,0,1,0.5784912109375,0.5037841796875,-0.3590545654296875,-0.0264539774507284,0.1533349603414535,0.2758387625217438
682,0.9676,0.4703,0,1,0.579925537109375,0.4266357421875,-0.274810791015625,-0.1608232408761978,0.1454179137945175,0.2570613622665405
683,0.9818,0.4772,0,1,0.62298583984375,0.532562255859375,-0.390228271484375,-0.2465195059776306,0.2980372905731201,0.2823691070079803
684,0.9864,0.472,0,1,0.853118896484375,0.8287353515625,-0.960235595703125,0.2180087566375732,0.3301906883716583,0.5168663263320923
685,0.9843,0.4601,0,1,1.3995208740234375,1.227386474609375,-0.9704132080078124,1.5105575323104858,0.0006775081856176,1.478022217750549
686,0.985,0.454,0,1,1.2253875732421875,1.0851898193359375,0.0137481689453125,1.062087059020996,0.0361494831740856,2.211390733718872
687,1.0001,0.4728,0,1,0.2274627685546875,0.6432647705078125,-0.1552581787109375,-0.0411660782992839,-0.4073643088340759,1.0407159328460691
688,1.0349,0.5347,0,1,-0.6336822509765625,0.4214935302734375,-0.538055419921875,0.1917228251695633,-2.628264904022217,-0.5343712568283081
689,1.0842,0.6492,0,1,-0.1771697998046875,0.531982421875,0.0020294189453125,-0.7335437536239624,-2.4140167236328125,-1.1609057188034058
690,1.135,0.8181,0,1,0.1776580810546875,0.928497314453125,0.2056884765625,-1.1409668922424316,-1.1122492551803589,-1.1540251970291138
691,1.1741,1.0351,0,1,0.40301513671875,1.2389068603515625,0.213287353515625,-1.2477407455444336,-0.7775322198867798,-0.8251175880432129
692,1.1944,1.2825,0,1,0.50653076171875,1.327117919921875,0.1406097412109375,-1.217225193977356,-0.7712080478668213,-0.3402233421802521
693,1.1968,1.5333,0,1,0.479736328125,1.3834686279296875,0.0723724365234375,-1.128896713256836,-0.703098475933075,-0.275110125541687
694,1.1893,1.7578,0,1,0.947052001953125,1.3154296875,-1.1097869873046875,-0.3925502002239227,1.6985769271850586,0.0816919356584549
695,1.1827,1.9339,0,1,0.5630340576171875,1.158477783203125,-0.3078765869140625,0.4024142920970917,4.176718711853027,0.3075655400753021
696,1.1866,2.0584,0,1,0.395782470703125,1.0718994140625,0.1028289794921875,-0.2555127143859863,3.271895408630371,0.0029129656031727
697,1.2047,2.147,0,1,0.430206298828125,1.0650482177734375,-0.040618896484375,-0.6946887373924255,1.763568639755249,-0.4835565388202667
698,1.2339,2.2187,0,1,0.642333984375,0.987518310546875,-0.1376495361328125,-0.7562610507011414,0.4569212198257446,-0.5823550224304199
699,1.267,2.2786,0,1,0.6962432861328125,0.9395751953125,-0.1239166259765625,-0.8409122824668884,-0.4577830135822296,-0.3980949223041534
700,1.2964,2.3165,0,1,0.5839385986328125,0.882049560546875,-0.0659637451171875,-1.0449471473693848,-0.8801563382148743,-0.4090274572372436
701,1.3161,2.3175,0,1,0.4791717529296875,0.839447021484375,-0.0283050537109375,-1.315692663192749,-0.9700170159339904,-0.3994635045528412
702,1.3217,2.274,0,1,0.41119384765625,0.820465087890625,-0.068939208984375,-1.5371994972229004,-1.0194162130355835,-0.3670054376125335
703,1.3104,2.1902,0,1,0.310943603515625,0.7825469970703125,-0.104400634765625,-1.5700348615646362,-1.0084432363510132,-0.3933305144309997
704,1.2815,2.0796,0,1,0.3484649658203125,0.753204345703125,-0.0486907958984375,-1.6709858179092407,-0.9463638663291932,-0.4025570452213287
705,1.2363,1.9604,0,1,0.3717803955078125,0.747650146484375,-0.1350860595703125,-1.567881464958191,-0.7665834426879883,-0.3593219518661499
706,1.178,1.8492,0,1,0.3785552978515625,0.7816162109375,-0.1806640625,-1.2258729934692385,-0.5782830715179443,-0.325323224067688
707,1.1114,1.7567,0,1,0.3840789794921875,0.807159423828125,-0.1771240234375,-0.9556793570518494,-0.5107253193855286,-0.2616790235042572
708,1.0427,1.6843,0,1,0.3830413818359375,0.826812744140625,-0.1655731201171875,-0.8152114748954773,-0.1490509957075119,-0.217796504497528
709,0.9781,1.6258,0,1,0.4020843505859375,0.836761474609375,-0.1849517822265625,-0.6386135220527649,0.1486520618200302,-0.2456869930028915
710,0.923,1.5702,0,1,0.4594268798828125,0.847259521484375,-0.12176513671875,-0.4701142311096191,0.17594014108181,-0.2497816085815429
711,0.8815,1.5057,0,1,0.4893951416015625,0.843414306640625,-0.0784149169921875,-0.4425143003463745,0.0733493119478225,-0.2918989658355713
712,0.8555,1.4239,0,1,0.50811767578125,0.8090362548828125,-0.070953369140625,-0.469517171382904,-0.0529228709638118,-0.3682571053504944
713,0.8453,1.3213,0,1,0.5148162841796875,0.8041534423828125,-0.0699615478515625,-0.6389501094818115,0.0101072285324335,-0.3102758526802063
714,0.8488,1.2008,0,1,0.487548828125,0.8067779541015625,-0.09027099609375,-0.7586437463760376,0.050824299454689,-0.2656231522560119
715,0.8629,1.0711,0,1,0.4609375,0.8134765625,-0.1026763916015625,-0.797457754611969,0.0451429784297943,-0.2344575077295303
716,0.8837,0.9437,0,1,0.425323486328125,0.85369873046875,-0.1380462646484375,-0.7412368059158325,0.206570491194725,-0.2375521063804626
717,0.9072,0.8301,0,1,0.4074554443359375,0.8684234619140625,-0.1237335205078125,-0.6092764139175415,0.3716457188129425,-0.25580033659935
718,0.93,0.7391,0,1,0.3956756591796875,0.8678131103515625,-0.12701416015625,-0.4471748471260071,0.4848583042621612,-0.2892816066741943
719,0.95,0.6748,0,1,0.4529876708984375,0.854736328125,-0.0483856201171875,-0.2655794620513916,0.2079172432422638,-0.3103677332401275
720,0.9656,0.6363,0,1,0.4962310791015625,0.869781494140625,0.003143310546875,-0.1738000214099884,-0.1888096034526825,-0.281604528427124
721,0.9765,0.6177,0,1,0.482147216796875,0.8600921630859375,-0.0027008056640625,-0.2442574054002761,-0.0592364259064197,-0.1976619511842727
722,0.9831,0.6103,0,1,0.486724853515625,0.8610687255859375,0.004638671875,-0.2844599485397339,0.2694202959537506,-0.163699984550476
723,0.9862,0.6054,0,1,0.50213623046875,0.8446044921875,0.0149688720703125,-0.2111710906028747,0.3920545876026153,-0.1562396734952926
724,0.9869,0.5971,0,1,0.543426513671875,0.876556396484375,0.0179443359375,-0.1464112699031829,0.4546971917152405,-0.1444610357284546
725,0.9865,0.5827,0,1,0.6507568359375,0.9610748291015624,0.0753173828125,-0.1791591048240661,0.2014508247375488,-0.1028504818677902
726,0.9868,0.5619,0,1,0.7510528564453125,1.0292205810546875,0.101470947265625,-0.3310490250587463,-0.2656463086605072,0.0760329812765121
727,0.9904,0.5361,0,1,0.7757720947265625,1.0718536376953125,0.0194244384765625,-0.4897670447826385,-0.4089544713497162,0.28243088722229
728,1.0004,0.5083,0,1,0.684906005859375,1.0781707763671875,-0.05584716796875,-0.4856583178043365,-0.1667298674583435,0.5234810709953308
729,1.0192,0.4837,0,1,0.506805419921875,1.04827880859375,-0.1423492431640625,-0.1816174685955047,0.127394437789917,0.5883322358131409
730,1.047,0.4675,0,1,0.39190673828125,1.0528411865234375,-0.188629150390625,0.2835384905338287,0.4088628590106964,0.5543055534362793
731,1.0812,0.4642,0,1,0.2910308837890625,1.016998291015625,-0.2643890380859375,0.886005163192749,0.6424064040184021,0.4301500618457794
732,1.1173,0.4776,0,1,0.2836151123046875,0.94378662109375,-0.2667388916015625,1.587227702140808,0.5765514969825745,0.3568121790885925
733,1.1501,0.5133,0,1,0.3028717041015625,0.915557861328125,-0.1365509033203125,1.9994083642959597,0.1821013540029525,0.3317164182662964
734,1.1743,0.5793,0,1,0.35137939453125,0.928680419921875,-0.0707550048828125,2.1125545501708984,-0.280680388212204,0.377544105052948
735,1.1864,0.683,0,1,0.3675079345703125,0.9886322021484376,0.005157470703125,2.02329683303833,-0.5723924040794373,0.3924764394760132
736,1.1851,0.8275,0,1,0.3861846923828125,1.033203125,0.0656280517578125,1.7802225351333618,-0.6227418780326843,0.3583109974861145
737,1.1718,1.008,0,1,0.4093780517578125,1.04827880859375,0.0718994140625,1.5447237491607666,-0.5414485931396484,0.3285954594612121
738,1.1502,1.2112,0,1,0.4269256591796875,1.05621337890625,0.0199127197265625,1.4067604541778564,-0.3392702043056488,0.3556137681007385
739,1.1252,1.417,0,1,0.4181365966796875,1.027862548828125,-0.0236968994140625,1.3646018505096436,-0.1289457380771637,0.3225311636924743
740,1.1012,1.6033,0,1,0.436126708984375,0.9757843017578124,-0.043670654296875,1.3387422561645508,0.1395224779844284,0.271816611289978
741,1.0815,1.7509,0,1,0.438201904296875,0.8787689208984375,-0.081329345703125,1.3079036474227903,0.3401935398578644,0.2719955742359161
742,1.0674,1.847,0,1,0.47802734375,0.8310546875,-0.1630859375,1.365975260734558,0.5264877676963806,0.3321558535099029
743,1.058,1.8881,0,1,0.469635009765625,0.8077545166015625,-0.184326171875,1.3965792655944824,0.5888648629188538,0.3774996101856231
744,1.0515,1.8787,0,1,0.4177398681640625,0.788299560546875,-0.1739044189453125,1.3278100490570068,0.5832248330116272,0.3454788327217102
745,1.0455,1.83,0,1,0.353546142578125,0.7354736328125,-0.1229248046875,1.0855166912078855,0.4849315285682678,0.3022741079330444
746,1.0375,1.7545,0,1,0.328369140625,0.734283447265625,-0.08673095703125,0.7657248377799988,0.4890647530555725,0.2809376716613769
747,1.0252,1.6626,0,1,0.3562774658203125,0.72589111328125,-0.080963134765625,0.3350797295570373,0.3497798442840576,0.2916156053543091
748,1.0074,1.56,0,1,0.4021148681640625,0.733245849609375,-0.148284912109375,0.0834509506821632,0.035581961274147,0.3004783391952514
749,0.9838,1.4471,0,1,0.3759765625,0.731964111328125,-0.1750030517578125,-0.0337552987039089,-0.2161695808172226,0.157016783952713
750,0.956,1.3218,0,1,0.3798980712890625,0.7316436767578125,-0.1730804443359375,-0.0599264502525329,-0.2303341329097747,-0.0045673213899135
751,0.926,1.1829,0,1,0.4032440185546875,0.721405029296875,-0.203460693359375,-0.085210770368576,-0.2348588556051254,-0.0836751908063888
752,0.8967,1.0319,0,1,0.4405059814453125,0.6916961669921875,-0.281982421875,-0.0486191995441913,-0.1567475348711013,-0.1346132010221481
753,0.8704,0.8739,0,1,0.500579833984375,0.6884765625,-0.3385009765625,-0.0061332597397267,-0.230167955160141,-0.1342006772756576
754,0.8495,0.7165,0,1,0.573455810546875,0.683258056640625,-0.3929443359375,0.0613810680806636,-0.3417653143405914,-0.0889080315828323
755,0.8358,0.5687,0,1,0.6229705810546875,0.656951904296875,-0.43896484375,0.1297284364700317,-0.3389370441436767,-0.0021307952702045
756,0.8308,0.439,0,1,0.649658203125,0.650054931640625,-0.4728851318359375,0.1778666675090789,-0.0945099964737892,0.108932077884674
757,0.8353,0.3344,0,1,0.6694488525390625,0.6320648193359375,-0.468109130859375,0.2248666733503341,0.2590211629867553,0.2568818628787994
758,0.8492,0.2587,0,1,0.61627197265625,0.587982177734375,-0.4657135009765625,0.3146751224994659,0.5374472141265869,0.3293792307376861
759,0.8709,0.2142,0,1,0.619659423828125,0.5898590087890625,-0.374908447265625,0.3302854895591736,0.6675538420677185,0.3445885479450226
760,0.8975,0.2022,0,1,0.65472412109375,0.60723876953125,-0.365692138671875,0.1734415590763092,0.5724563002586365,0.3894071578979492
761,0.9256,0.2225,0,1,0.713104248046875,0.591644287109375,-0.4051055908203125,0.0537875965237617,0.7195954322814941,0.4547613859176636
762,0.9518,0.2723,0,1,0.6833038330078125,0.56390380859375,-0.331756591796875,-0.165646493434906,0.7926185131072998,0.5182538032531738
763,0.9738,0.3461,0,1,0.7042388916015625,0.584320068359375,-0.269439697265625,-0.1961910873651504,0.3988019824028015,0.541709840297699
764,0.9901,0.4364,0,1,0.809356689453125,0.796844482421875,-0.232147216796875,-0.1753300130367279,-0.1457963436841964,0.6823689937591553
765,1.0016,0.5343,0,1,1.28399658203125,1.113006591796875,-0.72216796875,0.0455416515469551,0.981181263923645,1.137582540512085
766,1.0123,0.6322,0,1,0.4939727783203125,1.1150360107421875,-0.2501220703125,-0.0437386929988861,0.2547300159931183,0.757034420967102
767,1.0283,0.7259,0,1,0.0297698974609375,0.8980712890625,-0.2204132080078125,-0.1648182421922683,-1.769817590713501,0.1492083966732025
768,1.0525,0.8152,0,1,-0.055389404296875,0.772979736328125,0.112548828125,-0.57928067445755,-1.9794450998306277,-0.3144008219242096
769,1.0818,0.9046,0,1,0.0147857666015625,0.9215240478515624,0.0693359375,-0.9186821579933168,-1.2691006660461426,-0.73880535364151
770,1.1088,1.0005,0,1,0.1711578369140625,0.952911376953125,0.042938232421875,-0.958478569984436,-0.691208004951477,-0.732681393623352
771,1.127,1.1054,0,1,0.311309814453125,1.068939208984375,0.041290283203125,-0.9328555464744568,-0.592276394367218,-0.5711936950683594
772,1.1333,1.2144,0,1,0.52801513671875,1.1355133056640625,-0.1305694580078125,-0.7447620630264282,-0.3992608487606048,-0.530183732509613
773,1.129,1.3167,0,1,0.882904052734375,1.1142120361328125,-0.5356292724609375,-0.0687716081738472,0.8468266129493713,-0.2546160519123077
774,1.1197,1.3996,0,1,0.7255096435546875,0.957244873046875,-0.1302032470703125,0.2053166627883911,1.779460310935974,-0.1165852025151252
775,1.112,1.4543,0,1,0.662445068359375,0.9018096923828124,0.1378021240234375,-0.2052138745784759,1.1267850399017334,-0.3598961234092712
776,1.1106,1.4796,0,1,0.77484130859375,0.9283447265625,0.03533935546875,-0.8951656818389893,0.5171555280685425,-0.5373100638389587
777,1.1169,1.4787,0,1,0.798553466796875,1.0149078369140625,-0.1385040283203125,-1.2009516954421997,0.4807423949241638,-0.3840195834636688
778,1.1301,1.457,0,1,0.6423187255859375,0.9940948486328124,-0.189361572265625,-1.0053377151489258,0.1160837262868881,-0.3197833299636841
779,1.1483,1.4203,0,1,0.54742431640625,0.95953369140625,-0.1530609130859375,-0.7493967413902283,-0.371601790189743,-0.3059655129909515
780,1.1687,1.3732,0,1,0.42193603515625,0.92645263671875,-0.054901123046875,-0.802533745765686,-0.5137602686882019,-0.3856259882450104
781,1.1876,1.3194,0,1,0.4052734375,0.9110870361328124,0.005401611328125,-1.129509687423706,-0.6818342208862305,-0.5033989548683167
782,1.2004,1.2637,0,1,0.3775787353515625,0.8270263671875,0.012237548828125,-1.3815126419067385,-0.9926162958145142,-0.5982106924057007
783,1.2035,1.2146,0,1,0.37506103515625,0.7295074462890625,-0.0238189697265625,-1.5531775951385498,-1.258530855178833,-0.6637404561042786
784,1.1939,1.1843,0,1,0.393463134765625,0.66790771484375,-0.094512939453125,-1.5842429399490356,-1.1435933113098145,-0.6048741936683655
785,1.1701,1.1843,0,1,0.3612823486328125,0.6766357421875,-0.147857666015625,-1.533397555351257,-0.8376001119613647,-0.5133458971977234
786,1.1323,1.2211,0,1,0.3684539794921875,0.7405242919921875,-0.1507110595703125,-1.419272780418396,-0.575622022151947,-0.4453814625740051
787,1.083,1.2921,0,1,0.3436737060546875,0.8242950439453125,-0.186676025390625,-1.3110699653625488,-0.424315333366394,-0.4452688097953796
788,1.0268,1.3862,0,1,0.3577880859375,0.8721923828125,-0.1797027587890625,-1.1237742900848389,-0.1738258600234985,-0.4643591642379761
789,0.9699,1.4866,0,1,0.416473388671875,0.883331298828125,-0.1712646484375,-0.91164368391037,-0.0162892248481512,-0.4217469692230224
790,0.9189,1.5743,0,1,0.4799041748046875,0.900482177734375,-0.182952880859375,-0.6024501919746399,0.0758154019713401,-0.411728948354721
791,0.8794,1.6316,0,1,0.5153656005859375,0.8651275634765625,-0.1659698486328125,-0.3536203801631927,0.3360975980758667,-0.3645193576812744
792,0.8552,1.6449,0,1,0.5068359375,0.824798583984375,-0.114105224609375,-0.187857523560524,0.5352964401245117,-0.3433176875114441
793,0.8474,1.6073,0,1,0.509368896484375,0.7925872802734375,-0.0584716796875,-0.1621284484863281,0.5356202721595764,-0.3004596829414367
794,0.8543,1.5201,0,1,0.4987640380859375,0.76171875,-0.0001983642578125,-0.289680004119873,0.2720656096935272,-0.2961666882038116
795,0.8722,1.3916,0,1,0.503814697265625,0.7825164794921875,0.01629638671875,-0.4414554238319397,-0.1650382280349731,-0.3005278706550598
796,0.896,1.2349,0,1,0.50347900390625,0.8113861083984375,0.015167236328125,-0.5240443348884583,-0.4874469041824341,-0.2145818024873733
797,0.9211,1.0662,0,1,0.465606689453125,0.84814453125,-0.0139923095703125,-0.5169488787651062,-0.392938494682312,-0.1476959884166717
798,0.944,0.9017,0,1,0.4458770751953125,0.87750244140625,0.0280303955078125,-0.4363333880901336,-0.1418215781450271,-0.0920817255973815
799,0.9624,0.7551,0,1,0.444061279296875,0.9065399169921876,0.0760650634765625,-0.3111661374568939,0.0388081148266792,-0.0998813211917877
800,0.9758,0.6344,0,1,0.50750732421875,0.969482421875,0.1175994873046875,-0.2154662460088729,0.0748092606663703,-0.1286583691835403
801,0.985,0.5412,0,1,0.631072998046875,1.02874755859375,0.12005615234375,-0.2420696169137954,0.0071583106182515,-0.0982759669423103
802,0.9924,0.4728,0,1,0.6165008544921875,1.0401153564453125,0.12322998046875,-0.3981409966945648,-0.0024817998055368,0.019146529957652
803,1.001,0.4248,0,1,0.5291900634765625,1.0406494140625,0.0576629638671875,-0.5963720679283142,0.2028268724679947,0.0961611568927764
804,1.0135,0.3941,0,1,0.470123291015625,1.0603790283203125,0.000213623046875,-0.6213858127593994,0.5218416452407837,0.127368614077568
805,1.031,0.38,0,1,0.3898773193359375,1.038421630859375,-0.0760650634765625,-0.4149852097034454,0.5857404470443726,0.1340121328830719
806,1.0527,0.3831,0,1,0.328521728515625,1.02899169921875,-0.161895751953125,0.0785169154405593,0.6102103590965271,0.1596293449401855
807,1.0766,0.4035,0,1,0.322601318359375,0.989593505859375,-0.1582794189453125,0.6501375436782837,0.5023645758628845,0.132488802075386
808,1.0995,0.4394,0,1,0.3938140869140625,0.9130096435546876,-0.0797576904296875,1.0269719362258911,0.2501049041748047,0.1243389919400215
809,1.1183,0.4886,0,1,0.467864990234375,0.887359619140625,0.01300048828125,1.0467461347579956,-0.0045324340462684,0.1956246197223663
810,1.13,0.5495,0,1,0.5099334716796875,0.8769683837890625,-0.0312042236328125,0.9694002270698548,-0.1686484068632125,0.3375594019889831
811,1.1331,0.6202,0,1,0.4786834716796875,0.865753173828125,-0.1642608642578125,1.1469060182571411,-0.022857379168272,0.4851198196411133
812,1.1274,0.6989,0,1,0.37457275390625,0.90576171875,-0.2429351806640625,1.5880141258239746,0.0456726811826229,0.6078351140022278
813,1.1142,0.7852,0,1,0.3018341064453125,1.0377197265625,-0.1992950439453125,2.075936794281006,-0.0659252181649208,0.6746237277984619
814,1.0959,0.8824,0,1,0.2417144775390625,1.1659393310546875,-0.131866455078125,2.3228185176849365,0.0324809774756431,0.6276119947433472
815,1.0762,0.997,0,1,0.2174530029296875,1.160491943359375,-0.077484130859375,2.339101552963257,0.3742127418518066,0.4481309056282043
816,1.0595,1.1349,0,1,0.2972869873046875,1.13092041015625,-0.02679443359375,2.18674898147583,0.7664849162101746,0.3830802738666534
817,1.0492,1.2977,0,1,0.3329620361328125,1.0315093994140625,0.006683349609375,1.958597540855408,0.9976350665092468,0.2901348769664764
818,1.047,1.4801,0,1,0.384246826171875,0.9365997314453124,0.0334320068359375,1.7174699306488037,0.9404910802841188,0.193236842751503
819,1.0519,1.67,0,1,0.39752197265625,0.8694915771484375,0.03607177734375,1.48906147480011,0.7158268094062805,0.1741241216659546
820,1.061,1.8502,0,1,0.40765380859375,0.848175048828125,-0.0109710693359375,1.2825602293014526,0.580851674079895,0.1603023260831833
821,1.0703,2.0011,0,1,0.535797119140625,0.8368682861328125,-0.1049041748046875,1.0273919105529783,0.4967535734176636,0.2925761938095093
822,1.0763,2.1046,0,1,0.592193603515625,0.78350830078125,-0.3153533935546875,0.9114924669265748,0.7643604874610901,0.4534441828727722
823,1.0769,2.1484,0,1,0.52301025390625,0.7184906005859375,-0.2906951904296875,0.8453152775764465,0.915132701396942,0.5118454694747925
824,1.0716,2.1289,0,1,0.4529571533203125,0.755157470703125,-0.1758880615234375,0.6353516578674316,0.4505764842033386,0.574508547782898
825,1.0605,2.0507,0,1,0.35791015625,0.7330169677734375,-0.08795166015625,0.2796332538127899,-0.2080887556076049,0.4880828559398651
826,1.0438,1.9231,0,1,0.297698974609375,0.7212982177734375,-0.074066162109375,-0.0507675744593143,-0.5521374940872192,0.2674711346626282
827,1.0217,1.7569,0,1,0.2909088134765625,0.7302093505859375,-0.0894927978515625,-0.2455509006977081,-0.495151162147522,0.1198054999113082
828,0.9946,1.5643,0,1,0.3164520263671875,0.7301483154296875,-0.093536376953125,-0.3657891750335693,-0.4997381865978241,0.0466503277420997
829,0.9632,1.3588,0,1,0.3458251953125,0.7005767822265625,-0.2326507568359375,-0.2684245407581329,-0.4563182592391968,-0.0947376936674118
830,0.9295,1.1541,0,1,0.3876800537109375,0.67303466796875,-0.3175048828125,-0.0455112904310226,-0.3907464444637298,-0.18551766872406
831,0.8958,0.9626,0,1,0.44561767578125,0.69500732421875,-0.36492919921875,0.0600918345153331,-0.4641450345516205,-0.2515683174133301
832,0.8651,0.794,0,1,0.5731048583984375,0.7375335693359375,-0.45513916015625,0.0860262289643287,-0.5491107702255249,-0.2237289696931839
833,0.8409,0.6551,0,1,0.6827239990234375,0.73187255859375,-0.561370849609375,0.194580927491188,-0.5187795162200928,-0.0640437006950378
834,0.8269,0.5497,0,1,0.70050048828125,0.6689453125,-0.58380126953125,0.3483614325523376,-0.3396806120872497,0.0873415619134903
835,0.8264,0.4782,0,1,0.6792755126953125,0.6049652099609375,-0.5158233642578125,0.4075938761234283,-0.1201261430978775,0.2194830924272537
836,0.8405,0.4377,0,1,0.627716064453125,0.56549072265625,-0.45001220703125,0.3113605380058288,0.0581866055727005,0.2684594094753265
837,0.8673,0.4221,0,1,0.5855712890625,0.5664825439453125,-0.416168212890625,0.1959125101566314,0.2031384706497192,0.2758587598800659
838,0.9021,0.4241,0,1,0.56134033203125,0.600677490234375,-0.425750732421875,0.1706646829843521,0.3215436637401581,0.2776289582252502
839,0.939,0.4362,0,1,0.6002655029296875,0.6179962158203125,-0.4018707275390625,0.3847061395645141,0.4169064164161682,0.2928164303302765
840,0.9722,0.4529,0,1,0.62054443359375,0.6607513427734375,-0.1653900146484375,0.3300119936466217,0.4311673641204834,0.315826416015625
841,0.9986,0.4723,0,1,1.009429931640625,1.127899169921875,-1.3374786376953125,1.239633083343506,1.5959937572479248,0.5946556329727173
842,1.0197,0.4991,0,1,0.6621856689453125,1.2628326416015625,-0.100799560546875,1.2242175340652466,1.086630940437317,0.5700874328613281
843,1.0417,0.5442,0,1,0.0703277587890625,0.7472991943359375,0.385955810546875,-0.9375876784324646,-0.936657726764679,-0.0937358140945434
844,1.0688,0.6175,0,1,0.09771728515625,0.596923828125,-0.1290130615234375,-1.2950201034545898,-0.9580727219581604,-0.4426959455013275
845,1.0985,0.7216,0,1,0.27801513671875,0.70367431640625,-0.0688934326171875,-0.8112382888793945,-0.1821490377187729,-0.3941086828708648
846,1.1226,0.8495,0,1,0.3815460205078125,0.897613525390625,0.0622100830078125,-0.4987094104290008,-0.2612577080726623,-0.4269364178180694
847,1.134,0.9854,0,1,0.544891357421875,1.0433807373046875,-0.0394744873046875,-0.3669516444206238,-0.5539628267288208,-0.3087434470653534
848,1.1303,1.1088,0,1,0.6032562255859375,1.1328277587890625,-0.3935089111328125,-0.291435569524765,0.2773211002349853,-0.1039612889289856
849,1.1151,1.2008,0,1,0.4721832275390625,1.1058349609375,-0.336212158203125,-0.3972293734550476,1.3633006811141968,0.0823401436209678
850,1.0957,1.2509,0,1,0.3355255126953125,1.0410308837890625,-0.0727386474609375,-0.7112064957618713,0.8731767535209656,-0.0367897041141986
851,1.0788,1.2592,0,1,0.3790740966796875,1.077117919921875,-0.0972137451171875,-0.6955116987228394,0.0229585785418748,-0.2722991704940796
852,1.0689,1.2335,0,1,0.4592437744140625,1.1571502685546875,-0.0764007568359375,-0.5893053412437439,-0.3672112822532654,-0.4128048717975616
853,1.0678,1.1835,0,1,0.547149658203125,1.1698455810546875,-0.052215576171875,-0.6176914572715759,-0.4020012319087982,-0.5807874798774719
854,1.0759,1.1186,0,1,0.645904541015625,1.020233154296875,-0.0842742919921875,-0.6979969143867493,-0.1622586846351623,-0.5794686675071716
855,1.0925,1.0484,0,1,0.6222381591796875,0.88800048828125,-0.066497802734375,-0.8504914045333862,0.0296095572412014,-0.4576578438282013
856,1.115,0.9816,0,1,0.59393310546875,0.8366241455078125,-0.07598876953125,-0.9604607820510864,0.0523473620414733,-0.4526324570178985
857,1.1392,0.9256,0,1,0.575225830078125,0.8078460693359375,-0.082122802734375,-0.977449893951416,0.0487230643630027,-0.3456519544124603
858,1.1599,0.8857,0,1,0.5118255615234375,0.792999267578125,-0.062744140625,-1.0199943780899048,-0.0884358584880828,-0.2454409152269363
859,1.1725,0.8649,0,1,0.40814208984375,0.810882568359375,-0.0592498779296875,-1.054332971572876,-0.2557761073112488,-0.2383864670991897
860,1.1734,0.8633,0,1,0.320220947265625,0.79400634765625,-0.058380126953125,-1.1104929447174072,-0.1877720355987548,-0.246526151895523
861,1.1611,0.8792,0,1,0.303619384765625,0.8092498779296875,-0.0883026123046875,-1.103190541267395,0.0362876988947391,-0.3099136650562286
862,1.1358,0.9092,0,1,0.314666748046875,0.8433685302734375,-0.0942840576171875,-1.0237609148025513,0.0179225411266088,-0.3446423411369324
863,1.0995,0.949,0,1,0.3616790771484375,0.8524017333984375,-0.0674591064453125,-0.9179263710975648,-0.120264358818531,-0.4021181464195251
864,1.0562,0.9928,0,1,0.38629150390625,0.818634033203125,-0.092254638671875,-0.7753630876541138,-0.2274917513132095,-0.4773662984371185
865,1.0106,1.0344,0,1,0.458740234375,0.787017822265625,-0.131439208984375,-0.6533048152923584,-0.0711543411016464,-0.483155220746994
866,0.9673,1.0676,0,1,0.4973297119140625,0.8077239990234375,-0.1654510498046875,-0.5906648635864258,0.3587546944618225,-0.4945063889026642
867,0.9303,1.0871,0,1,0.5537872314453125,0.816986083984375,-0.1303253173828125,-0.473074346780777,0.448296308517456,-0.4428735673427582
868,0.9025,1.0897,0,1,0.5499267578125,0.81243896484375,-0.145538330078125,-0.3020749092102051,0.4178473055362701,-0.3787946999073028
869,0.8856,1.0741,0,1,0.5301361083984375,0.806732177734375,-0.1256256103515625,-0.1685546636581421,0.4480118751525879,-0.2721470892429352
870,0.8801,1.0405,0,1,0.5167694091796875,0.8079986572265625,-0.1043243408203125,-0.1368702352046966,0.339472621679306,-0.2499142289161682
871,0.8846,0.9899,0,1,0.5134124755859375,0.8197021484375,-0.1178436279296875,-0.1898484975099563,0.3815715909004211,-0.2322247177362442
872,0.8968,0.9248,0,1,0.499114990234375,0.8064117431640625,-0.0966339111328125,-0.2199912220239639,0.3594591021537781,-0.2085958123207092
873,0.9138,0.8487,0,1,0.5021514892578125,0.8166656494140625,-0.060272216796875,-0.1917590498924255,0.0856014564633369,-0.2321331053972244
874,0.9326,0.7663,0,1,0.47808837890625,0.859771728515625,-0.0653533935546875,-0.237807497382164,0.0696520507335662,-0.2591873705387115
875,0.9506,0.6822,0,1,0.45745849609375,0.8565826416015625,-0.030975341796875,-0.3155275881290436,0.1935420334339141,-0.2795091271400451
876,0.966,0.6011,0,1,0.459381103515625,0.85064697265625,0.0059356689453125,-0.3127091825008392,-0.0050544133409857,-0.2614949941635132
877,0.9777,0.5275,0,1,0.436492919921875,0.8571319580078125,0.003173828125,-0.3357945084571838,0.0295379180461168,-0.2011818438768386
878,0.9854,0.4653,0,1,0.4647064208984375,0.9036865234375,-0.0025634765625,-0.2882411181926727,0.2120275646448135,-0.137155994772911
879,0.9893,0.4166,0,1,0.5340728759765625,0.961639404296875,0.032379150390625,-0.1346195936203003,0.1935252547264099,-0.1199935153126716
880,0.991,0.3812,0,1,0.642730712890625,1.0211029052734375,0.094818115234375,-0.0602090135216712,-0.040929589420557,-0.1173111796379089
881,0.9928,0.357,0,1,0.723388671875,1.0690765380859375,0.1201171875,-0.2642801105976105,-0.2424182295799255,0.0071729579940438
882,0.9983,0.3409,0,1,0.657440185546875,1.072784423828125,0.02239990234375,-0.564272940158844,-0.0197939444333314,0.1888532787561416
883,1.0103,0.3312,0,1,0.566314697265625,1.0015106201171875,-0.065277099609375,-0.5670527815818787,0.2336138188838958,0.3997740447521209
884,1.0303,0.3294,0,1,0.4399566650390625,0.963287353515625,-0.101806640625,-0.3712475895881653,0.4235928058624267,0.5287101864814758
885,1.0567,0.3385,0,1,0.352752685546875,0.96002197265625,-0.1959686279296875,0.020884508267045,0.7532045245170593,0.4814635813236236
886,1.0856,0.3625,0,1,0.2955322265625,0.92266845703125,-0.32470703125,0.7040950655937195,1.087358832359314,0.3454210460186004
887,1.1124,0.4056,0,1,0.3054656982421875,0.87939453125,-0.378448486328125,1.6739234924316406,0.9045181274414062,0.2839677929878235
888,1.1327,0.4739,0,1,0.3422698974609375,0.9137115478515624,-0.1998443603515625,2.327922105789185,0.2268094420433044,0.3015720844268799
889,1.1434,0.5757,0,1,0.3821258544921875,1.0305938720703125,-0.0590972900390625,2.391912937164306,-0.3589110076427459,0.3486240208148956
890,1.144,0.7184,0,1,0.42254638671875,1.1087799072265625,0.0224609375,2.045095205307007,-0.4761793315410614,0.3619686067104339
891,1.136,0.9031,0,1,0.4305419921875,1.1056671142578125,0.035491943359375,1.6893926858901978,-0.4071898758411407,0.3985575139522552
892,1.1233,1.1206,0,1,0.40325927734375,1.0669403076171875,0.070068359375,1.393103003501892,-0.3672989010810852,0.3934695422649383
893,1.11,1.3512,0,1,0.388458251953125,1.0279083251953125,0.0670318603515625,1.1248291730880735,-0.3749839961528778,0.3887099325656891
894,1.0991,1.5688,0,1,0.365875244140625,0.964874267578125,0.0428924560546875,0.911031186580658,-0.320984423160553,0.3531071841716766
895,1.0919,1.7468,0,1,0.41070556640625,0.9121856689453124,-0.0282440185546875,0.7557830214500427,-0.2009261846542358,0.3279911875724792
896,1.0878,1.8637,0,1,0.467803955078125,0.841644287109375,-0.1708831787109375,0.8200602531433105,0.1452088505029678,0.3802013993263244
897,1.085,1.907,0,1,0.4813385009765625,0.811614990234375,-0.2389678955078125,1.1214038133621216,0.6341375112533569,0.4810166954994201
898,1.0815,1.8778,0,1,0.448089599609375,0.8371429443359375,-0.1828765869140625,1.253170132637024,0.7798771858215332,0.528174638748169
899,1.0756,1.7899,0,1,0.37005615234375,0.8285369873046875,-0.182586669921875,1.2405589818954468,0.8578696846961975,0.468021810054779
900,1.0661,1.6668,0,1,0.3266754150390625,0.8353118896484375,-0.127593994140625,1.056432843208313,0.9399546980857848,0.3939933776855469
901,1.0525,1.5337,0,1,0.3145751953125,0.8228607177734375,-0.05645751953125,0.7001932263374329,0.7081276178359985,0.4418556988239288
902,1.0349,1.4102,0,1,0.2923583984375,0.817138671875,-0.0026397705078125,0.1591449081897735,0.0895290821790695,0.4134975671768188
903,1.0138,1.3053,0,1,0.2928619384765625,0.8094024658203125,-0.09735107421875,-0.2394472062587738,-0.5211851596832275,0.3181473612785339
904,0.9901,1.2182,0,1,0.31463623046875,0.8192596435546875,-0.20001220703125,-0.2951400279998779,-0.6230800747871399,0.2121652513742447
905,0.9652,1.1428,0,1,0.3506622314453125,0.8109588623046875,-0.2775726318359375,-0.0852115675806999,-0.3253322839736938,0.0948338359594345
906,0.9409,1.0719,0,1,0.363037109375,0.7726898193359375,-0.2551116943359375,0.1522236168384552,0.0747128501534462,-0.0085026742890477
907,0.9191,0.9985,0,1,0.399627685546875,0.7481842041015625,-0.197998046875,0.167010024189949,0.0495483763515949,-0.0683494955301284
908,0.9011,0.9165,0,1,0.4999542236328125,0.714691162109375,-0.2640533447265625,0.1420287787914276,-0.1912783533334732,-0.0887165516614914
909,0.8878,0.8234,0,1,0.5947723388671875,0.683135986328125,-0.3521575927734375,0.1507668793201446,-0.4129534959793091,-0.0343928597867488
910,0.8797,0.7212,0,1,0.65399169921875,0.6591033935546875,-0.37005615234375,0.2049976289272308,-0.4853382110595703,0.0327507555484771
911,0.8771,0.6169,0,1,0.6605987548828125,0.6439666748046875,-0.35699462890625,0.1646376848220825,-0.4977163076400757,0.0533260703086853
912,0.8803,0.5197,0,1,0.61444091796875,0.6328582763671875,-0.3661651611328125,0.0364887677133083,-0.4208287298679352,0.1319566965103149
913,0.8889,0.438,0,1,0.546234130859375,0.6099090576171875,-0.381591796875,-0.0154870804399251,-0.2184348702430725,0.1535456180572509
914,0.9014,0.3766,0,1,0.543243408203125,0.617919921875,-0.3543701171875,-0.0020961740519851,-0.0912012830376625,0.1653324961662292
915,0.9156,0.3357,0,1,0.5531005859375,0.6222381591796875,-0.35784912109375,0.0317131876945495,0.039190012961626,0.1838350743055343
916,0.9289,0.3115,0,1,0.5940704345703125,0.6316375732421875,-0.3772735595703125,0.0375521704554557,0.1180528700351715,0.2295016348361969
917,0.9396,0.299,0,1,0.6493682861328125,0.6781158447265625,-0.3924560546875,0.0117157781496644,0.2133809924125671,0.2754632532596588
918,0.9473,0.2937,0,1,0.8008270263671875,0.8441162109375,-0.6802215576171875,0.1384758502244949,0.2446028292179107,0.3786029815673828
919,0.9546,0.2941,0,1,1.1676483154296875,1.0087432861328125,-1.2456817626953125,1.0195395946502686,0.1558010429143905,0.9171463251113892
920,0.9677,0.3037,0,1,0.9423675537109376,0.97796630859375,0.1069488525390625,0.8904486894607544,0.4635306298732757,1.5649999380111694
921,0.9939,0.3325,0,1,0.3227386474609375,0.6039886474609375,0.6932830810546875,-0.9543206095695496,0.0081058628857135,0.947629690170288
922,1.0352,0.392,0,1,0.0954437255859375,0.3397674560546875,-0.4675750732421875,-1.3855422735214231,-0.6483334898948669,0.4643777906894684
923,1.0856,0.4894,0,1,-0.3534698486328125,0.63671875,-1.0579376220703125,1.0868176221847534,-2.0191633701324463,-0.7454190254211426
924,1.1348,0.6268,0,1,0.2801971435546875,1.0270538330078125,0.238433837890625,-0.3646325469017029,-1.6689924001693726,-0.9072971940040588
925,1.1743,0.8011,0,1,0.4605560302734375,1.292205810546875,0.2209320068359375,-1.142654538154602,-0.2429354190826416,-0.8814016580581665
926,1.2011,1.0022,0,1,0.5579986572265625,1.3004302978515625,-0.0332489013671875,-1.2848809957504272,0.3884284198284149,-0.5955307483673096
927,1.2167,1.2122,0,1,0.598785400390625,1.141815185546875,-0.4015045166015625,-0.5470069050788879,0.9850984811782836,-0.3396039009094238
928,1.2254,1.4086,0,1,0.5651397705078125,1.053131103515625,-0.1287384033203125,0.0890055075287818,1.100733757019043,-0.2728432416915893
929,1.2311,1.5697,0,1,0.5029449462890625,1.00921630859375,0.0319671630859375,-0.0363281816244125,0.6764349341392517,-0.3221487402915954
930,1.2356,1.6776,0,1,0.515838623046875,0.9719085693359376,0.020233154296875,-0.2997637987136841,0.3475920557975769,-0.420625776052475
931,1.2384,1.721,0,1,0.544097900390625,0.96923828125,-0.0062713623046875,-0.5525225400924683,0.1507200002670288,-0.4290504157543182
932,1.2382,1.6965,0,1,0.600341796875,1.0162353515625,-0.00531005859375,-0.7241113781929016,-0.0485116094350814,-0.4300799965858459
933,1.2338,1.6105,0,1,0.6412811279296875,1.0253753662109375,-0.0129241943359375,-0.8280156850814819,-0.3059617877006531,-0.4477258324623108
934,1.2254,1.4782,0,1,0.644287109375,0.9623565673828124,-0.024627685546875,-0.9506409168243408,-0.388864666223526,-0.3562356233596802
935,1.2141,1.3211,0,1,0.5926666259765625,0.9000091552734375,-0.068145751953125,-1.020954728126526,-0.3912316858768463,-0.2766808569431305
936,1.201,1.162,0,1,0.5289459228515625,0.8487701416015625,-0.086151123046875,-1.0253076553344729,-0.3589706718921661,-0.2398853003978729
937,1.1864,1.0214,0,1,0.462615966796875,0.8255462646484375,-0.0775909423828125,-1.0494370460510254,-0.3678190410137176,-0.2086165845394134
938,1.1698,0.9137,0,1,0.39715576171875,0.82464599609375,-0.072113037109375,-1.0869622230529783,-0.4320254325866699,-0.1980015039443969
939,1.1499,0.8468,0,1,0.350860595703125,0.8393707275390625,-0.0581817626953125,-1.1275168657302856,-0.3805771768093109,-0.2181549668312072
940,1.1259,0.8221,0,1,0.3205413818359375,0.8771209716796875,-0.0651702880859375,-1.187689185142517,-0.2616121768951416,-0.2625663876533508
941,1.0978,0.8358,0,1,0.3127899169921875,0.8898468017578125,-0.10650634765625,-1.1909509897232056,-0.1894599348306656,-0.287517786026001
942,1.0667,0.8803,0,1,0.3048553466796875,0.8708953857421875,-0.1289215087890625,-1.0993361473083496,-0.1806275695562362,-0.33566614985466
943,1.0343,0.9454,0,1,0.304656982421875,0.8646087646484375,-0.1461639404296875,-0.9445539712905884,-0.2301141619682312,-0.3975670635700226
944,1.003,1.0197,0,1,0.35162353515625,0.850830078125,-0.174407958984375,-0.7652230858802795,-0.1233174055814743,-0.4229304790496826
945,0.9746,1.0909,0,1,0.444366455078125,0.80145263671875,-0.1793212890625,-0.5414965748786926,0.0503153689205646,-0.3680230379104614
946,0.9509,1.1468,0,1,0.4750213623046875,0.7640838623046875,-0.1681976318359375,-0.3790613114833832,0.2269966602325439,-0.3443888127803802
947,0.9325,1.1773,0,1,0.5338287353515625,0.7866973876953125,-0.108184814453125,-0.2820378243923187,0.192969724535942,-0.3853242397308349
948,0.92,1.1752,0,1,0.6250457763671875,0.815765380859375,-0.049530029296875,-0.3240007162094116,0.0739285498857498,-0.28878253698349
949,0.9134,1.1383,0,1,0.6028900146484375,0.7938232421875,-0.0492706298828125,-0.4631053209304809,-0.1092460602521896,-0.1580546200275421
950,0.9128,1.0693,0,1,0.5290374755859375,0.8252105712890625,-0.1012725830078125,-0.562923014163971,-0.1090998575091362,-0.0867767035961151
951,0.9177,0.9758,0,1,0.4514617919921875,0.83984375,-0.101898193359375,-0.6219362616539001,-0.0442992858588695,-0.0421929918229579
952,0.9269,0.8689,0,1,0.3989410400390625,0.8610687255859375,-0.09722900390625,-0.6030062437057495,-0.069728747010231,-0.0535630919039249
953,0.9387,0.7608,0,1,0.3467864990234375,0.8805084228515625,-0.1633758544921875,-0.5971091985702515,0.227360188961029,-0.1143633276224136
954,0.9512,0.663,0,1,0.348846435546875,0.87884521484375,-0.1489105224609375,-0.5694237947463989,0.5459016561508179,-0.2327397763729095
955,0.9625,0.5844,0,1,0.36468505859375,0.8693695068359375,-0.10321044921875,-0.3632463812828064,0.15201136469841,-0.2664189040660858
956,0.9714,0.5301,0,1,0.3818817138671875,0.892852783203125,-0.068695068359375,-0.199417233467102,-0.2093846499919891,-0.2426645755767822
957,0.9772,0.4997,0,1,0.3886260986328125,0.888580322265625,-0.0549163818359375,-0.1945873200893402,-0.0775589719414711,-0.2810159623622894
958,0.98,0.4881,0,1,0.4736175537109375,0.89532470703125,0.0038299560546875,-0.2086016833782196,0.0929834693670272,-0.307308554649353
959,0.9804,0.4879,0,1,0.5840301513671875,0.9424591064453124,0.090606689453125,-0.2120262384414672,-0.3499566614627838,-0.2644116878509521
960,0.9801,0.4927,0,1,0.6932373046875,1.0072784423828125,0.1020660400390625,-0.2010398954153061,-0.8873591423034668,-0.1837394684553146
961,0.9816,0.4997,0,1,0.7291717529296875,1.0027008056640625,0.0681304931640625,-0.2430081218481063,-1.0444446802139282,-0.0581530518829822
962,0.9879,0.511,0,1,0.7186431884765625,0.933074951171875,0.004150390625,-0.3346799910068512,-0.7408735752105713,0.112406700849533
963,1.0012,0.5302,0,1,0.6334991455078125,0.8837432861328125,-0.0546875,-0.4173935055732727,0.0668546631932258,0.2575772106647491
964,1.0216,0.5589,0,1,0.5315399169921875,0.9468231201171876,-0.1357269287109375,-0.2397755831480026,0.6940152645111084,0.4461638927459717
965,1.047,0.5954,0,1,0.4518585205078125,1.0601654052734375,-0.18499755859375,0.230335995554924,0.9854660034179688,0.599465012550354
966,1.0745,0.6382,0,1,0.3286590576171875,1.0920562744140625,-0.323638916015625,0.9308653473854064,1.4727102518081665,0.6754506230354309
967,1.1012,0.6908,0,1,0.1997222900390625,0.9878997802734376,-0.475128173828125,1.8951666355133057,1.9901353120803835,0.6165997982025146
968,1.1247,0.7642,0,1,0.2032928466796875,0.868072509765625,-0.3198089599609375,2.692501306533813,1.5056463479995728,0.5386813282966614
969,1.1428,0.8746,0,1,0.3452911376953125,0.914581298828125,-0.089111328125,2.822455644607544,0.6052294373512268,0.5664650201797485
970,1.1532,1.0358,0,1,0.4403533935546875,0.9945831298828124,0.0215911865234375,2.367845058441162,-0.009428123012185,0.5397990345954895
971,1.1544,1.25,0,1,0.491973876953125,1.0178985595703125,0.0806732177734375,1.82283627986908,-0.5844733119010925,0.4376692175865173
972,1.1471,1.5031,0,1,0.5194244384765625,0.9722442626953124,0.0923919677734375,1.4074276685714722,-1.02439284324646,0.4027354717254638
973,1.1339,1.7681,0,1,0.5275115966796875,0.96405029296875,0.058258056640625,1.1155604124069214,-1.269377827644348,0.4552300870418548
974,1.1179,2.0128,0,1,0.4986572265625,0.9610137939453124,0.0235595703125,0.9119893908500672,-1.2217371463775637,0.4851967990398407
975,1.1019,2.2082,0,1,0.4739837646484375,0.960357666015625,0.0104217529296875,0.6934970021247864,-0.8893221616744995,0.4989650547504425
976,1.088,2.3328,0,1,0.4100494384765625,0.92657470703125,-0.01025390625,0.4516971409320831,-0.5302683711051941,0.475049078464508
977,1.077,2.3738,0,1,0.4185333251953125,0.862152099609375,-0.13671875,0.3928695321083069,-0.1025415584444999,0.4661844670772552
978,1.0685,2.3267,0,1,0.49676513671875,0.835296630859375,-0.2388763427734375,0.5855318903923035,0.3218179941177368,0.6438958644866943
979,1.0613,2.1977,0,1,0.3929901123046875,0.791229248046875,-0.227783203125,0.7773378491401672,0.5968130826950073,0.6403821110725403
980,1.0539,2.0036,0,1,0.296142578125,0.7588653564453125,-0.1194610595703125,0.6761467456817627,0.5719431638717651,0.5062224268913269
981,1.0445,1.7697,0,1,0.260101318359375,0.7450103759765625,-0.0350189208984375,0.3080502450466156,0.2042428851127624,0.3887964785099029
982,1.0311,1.5224,0,1,0.274505615234375,0.7723846435546875,0.0086212158203125,-0.1886633932590484,-0.3547969758510589,0.2955416440963745
983,1.0122,1.283,0,1,0.2916259765625,0.7935028076171875,-0.1043701171875,-0.5175408720970154,-0.6866095066070557,0.1358856558799743
984,0.9878,1.0674,0,1,0.34521484375,0.797576904296875,-0.2547607421875,-0.428693562746048,-0.4969114959239959,0.0709793642163276
985,0.9596,0.886,0,1,0.3435821533203125,0.7749786376953125,-0.2888641357421875,-0.2137170732021331,-0.1416314393281936,0.0265527814626693
986,0.9301,0.7434,0,1,0.335418701171875,0.7777099609375,-0.326171875,-0.1105531454086303,-0.0627837553620338,-0.0888009741902351
987,0.9028,0.637,0,1,0.374114990234375,0.7790985107421875,-0.3955535888671875,-0.0468473993241786,-0.14683897793293,-0.1969823092222213
988,0.8804,0.5591,0,1,0.48974609375,0.7490692138671875,-0.45269775390625,0.0632769763469696,-0.3396055102348327,-0.2612497210502624
989,0.8655,0.5021,0,1,0.6141357421875,0.6887664794921875,-0.4837646484375,0.2542301416397095,-0.5516306757926941,-0.1898519545793533
990,0.8597,0.4608,0,1,0.6853179931640625,0.637237548828125,-0.4306182861328125,0.3052267432212829,-0.5792663097381592,-0.0868432819843292
991,0.8637,0.4336,0,1,0.7170257568359375,0.5733642578125,-0.41015625,0.2000340223312378,-0.2812985181808471,0.0204197876155376
992,0.8771,0.4193,0,1,0.67071533203125,0.5428924560546875,-0.3311920166015625,0.0013568805297836,0.1284016519784927,0.1007311344146728
993,0.8973,0.4149,0,1,0.6150970458984375,0.5323638916015625,-0.3501434326171875,-0.1192872449755668,0.1860553622245788,0.2637131214141845
994,0.9209,0.4155,0,1,0.579071044921875,0.559234619140625,-0.40753173828125,-0.0737325400114059,-0.0120726414024829,0.370668888092041
995,0.9436,0.4167,0,1,0.600982666015625,0.5803985595703125,-0.37652587890625,-0.0561053454875946,-0.1387184709310531,0.4428778290748596
996,0.9621,0.416,0,1,0.679351806640625,0.750457763671875,-0.664093017578125,0.2710245847702026,0.0631110593676567,0.4432485401630401
997,0.9758,0.4145,0,1,1.1096038818359375,1.03643798828125,-0.6381683349609375,0.8428580164909363,0.4668121933937073,0.8987553715705872
998,0.9888,0.4184,0,1,1.352203369140625,1.68707275390625,-0.9055328369140624,2.2283413410186768,1.2792779207229614,1.7284506559371948
999,1.0103,0.4427,0,1,0.34576416015625,1.0886993408203125,0.1847381591796875,1.3620260953903198,-0.4151804149150848,0.7696256041526794
1000,1.0484,0.5077,0,1,-0.2312469482421875,0.4564971923828125,0.0463409423828125,-0.2585750818252563,-3.368004083633423,-0.2851848602294922
1001,1.102,0.6307,0,1,-0.2039947509765625,0.2130126953125,-0.246063232421875,-0.5624521374702454,-2.6570980548858643,-0.815920889377594
1002,1.1578,0.8196,0,1,0.17498779296875,0.4297027587890625,0.02960205078125,-0.7198018431663513,-0.4544918835163116,-0.7647978067398071
1003,1.198,1.0658,0,1,0.3900299072265625,0.8865966796875,0.2359161376953125,-1.0637003183364868,0.8716078996658325,-0.8041356205940247
1004,1.21,1.3432,0,1,0.7131195068359375,1.2771759033203125,0.0009002685546875,-1.2822952270507812,1.6031635999679563,-0.6454508900642395
1005,1.1928,1.6177,0,1,0.9731903076171876,1.4092254638671875,-0.731414794921875,-0.1986033767461776,2.1846933364868164,-0.0028328043408691
1006,1.1576,1.8608,0,1,0.7995758056640625,1.1158447265625,-0.1401824951171875,0.3674661517143249,1.5905790328979492,0.2126776427030563
1007,1.1207,2.0526,0,1,0.512359619140625,0.8746337890625,-0.1328887939453125,-0.3119547069072723,0.485995203256607,-0.0032692966051399
1008,1.095,2.1777,0,1,0.3999481201171875,0.9319915771484376,-0.09320068359375,-0.8989348411560059,-0.2884182035923004,-0.0783446058630943
1009,1.0852,2.2245,0,1,0.359405517578125,1.0187225341796875,-0.00994873046875,-1.0421327352523804,-0.8205806612968445,-0.2746648490428924
1010,1.0893,2.1908,0,1,0.4697418212890625,1.093963623046875,0.0273284912109375,-1.104848027229309,-1.400417447090149,-0.4056146144866943
1011,1.1026,2.0892,0,1,0.540283203125,1.024658203125,-0.06097412109375,-1.2129042148590088,-1.5608693361282349,-0.3453938961029053
1012,1.1204,1.9446,0,1,0.5307464599609375,0.9124908447265624,-0.134033203125,-1.341109275817871,-1.147087335586548,-0.198338121175766
1013,1.1386,1.7874,0,1,0.5013885498046875,0.8585662841796875,-0.1731109619140625,-1.3484503030776978,-0.5891551375389099,-0.1096308901906013
1014,1.1533,1.6432,0,1,0.411163330078125,0.89361572265625,-0.2278289794921875,-1.2767140865325928,-0.0901184380054473,-0.125152587890625
1015,1.1614,1.5272,0,1,0.344970703125,0.9404144287109376,-0.2131805419921875,-1.12779700756073,0.147543653845787,-0.200351744890213
1016,1.161,1.4438,0,1,0.3602752685546875,0.9390869140625,-0.1378173828125,-0.9590882062911988,-0.020160662010312,-0.2273857593536377
1017,1.1518,1.3883,0,1,0.355377197265625,0.8816986083984375,-0.13336181640625,-0.8644868731498718,-0.1974848508834839,-0.186754435300827
1018,1.1347,1.3511,0,1,0.30828857421875,0.820709228515625,-0.12445068359375,-0.8896156549453735,-0.1120178773999214,-0.2466364055871963
1019,1.111,1.3214,0,1,0.340576171875,0.8369293212890625,-0.100067138671875,-0.9553626775741576,0.0810216143727302,-0.3054685592651367
1020,1.0824,1.2909,0,1,0.373138427734375,0.826202392578125,-0.094940185546875,-0.9673338532447816,0.1754242777824401,-0.3361018598079681
1021,1.0507,1.255,0,1,0.4152679443359375,0.7864990234375,-0.1081085205078125,-0.9318986535072328,0.2111458033323288,-0.3179883658885956
1022,1.0177,1.213,0,1,0.4213104248046875,0.751678466796875,-0.134796142578125,-0.8277144432067871,0.2938353419303894,-0.3252734243869781
1023,0.9856,1.1664,0,1,0.4614105224609375,0.7766571044921875,-0.14068603515625,-0.6441805958747864,0.3142799139022827,-0.3741187453269958
1024,0.956,1.1174,0,1,0.5146484375,0.7976837158203125,-0.121429443359375,-0.5685401558876038,0.2716453671455383,-0.3498978316783905
1025,0.9307,1.0672,0,1,0.5296630859375,0.8137969970703125,-0.095916748046875,-0.5812194347381592,0.1834217607975006,-0.2497991770505905
1026,0.9113,1.0162,0,1,0.4708709716796875,0.8356781005859375,-0.1029815673828125,-0.6264596581459045,0.1073261871933937,-0.215795412659645
1027,0.899,0.9644,0,1,0.4295196533203125,0.8777923583984375,-0.1228179931640625,-0.6872955560684204,0.2163693159818649,-0.1648312956094741
1028,0.8943,0.9123,0,1,0.404510498046875,0.8956756591796875,-0.13531494140625,-0.6030544638633728,0.151618555188179,-0.1892761886119842
1029,0.8967,0.8611,0,1,0.39239501953125,0.8812408447265625,-0.1447296142578125,-0.458762526512146,0.2281522154808044,-0.1858071535825729
1030,0.9052,0.8122,0,1,0.3687896728515625,0.8681488037109375,-0.1792449951171875,-0.2269774824380874,0.4831773042678833,-0.1988395899534225
1031,0.918,0.7663,0,1,0.3901824951171875,0.8567047119140625,-0.1305389404296875,0.0118843559175729,0.6991940140724182,-0.250524640083313
1032,0.933,0.7245,0,1,0.4269561767578125,0.852996826171875,-0.02093505859375,0.1879560500383377,0.4925809204578399,-0.2636982202529907
1033,0.9478,0.688,0,1,0.4355926513671875,0.841766357421875,0.01568603515625,0.1915409415960312,0.3517367243766784,-0.2545287013053894
1034,0.9607,0.6576,0,1,0.4788055419921875,0.8380126953125,-0.0238037109375,0.0065164887346327,0.7290235757827759,-0.2819834947586059
1035,0.9705,0.634,0,1,0.503814697265625,0.8552093505859375,-0.0302581787109375,-0.1449135094881057,1.0198924541473389,-0.2832593917846679
1036,0.9768,0.6191,0,1,0.5000762939453125,0.8786773681640625,-0.0085601806640625,-0.0901762321591377,0.7008068561553955,-0.3528065383434295
1037,0.98,0.6155,0,1,0.5335235595703125,0.8947296142578125,-0.0121002197265625,-0.0158173125237226,0.3361050486564636,-0.3674392700195312
1038,0.9816,0.6232,0,1,0.63763427734375,0.933258056640625,0.0138702392578125,0.0380110330879688,0.1203586384654045,-0.2933871448040008
1039,0.9832,0.6376,0,1,0.7179412841796875,0.96441650390625,0.054901123046875,0.0200408194214105,-0.1212958022952079,-0.0942458063364029
1040,0.9872,0.6504,0,1,0.711334228515625,0.90814208984375,0.04583740234375,-0.1851781159639358,-0.1490792334079742,0.0231149066239595
1041,0.9959,0.653,0,1,0.77581787109375,0.9314117431640624,0.0399322509765625,-0.4998127520084381,-0.0459642969071865,0.2483775913715362
1042,1.0105,0.6405,0,1,0.7429656982421875,0.9503021240234376,-0.0556182861328125,-0.5816535353660583,-0.0176927112042903,0.4369962215423584
1043,1.0312,0.6145,0,1,0.64666748046875,0.9417266845703124,-0.1991424560546875,-0.3866840600967407,0.4040662348270416,0.6497614979743958
1044,1.057,0.5827,0,1,0.52972412109375,0.956390380859375,-0.4347991943359375,0.2869018018245697,1.1514374017715454,0.9045684933662416
1045,1.0859,0.558,0,1,0.3253936767578125,0.9995880126953124,-0.6538848876953125,1.662692666053772,1.2990713119506836,1.049008011817932
1046,1.1154,0.5587,0,1,0.2070159912109375,1.072296142578125,-0.4436187744140625,3.024202823638916,0.5265673995018005,1.079048991203308
1047,1.1433,0.6078,0,1,0.1548614501953125,1.1539154052734375,-0.105438232421875,3.1117539405822754,0.3138481974601745,0.8895024657249451
1048,1.1678,0.7264,0,1,0.25433349609375,1.1934051513671875,0.0694580078125,2.504545927047729,0.3370802998542785,0.6623100638389587
1049,1.1875,0.9238,0,1,0.3748931884765625,1.1125640869140625,0.1299591064453125,1.9313353300094604,-0.1471404433250427,0.418938398361206
1050,1.2017,1.1895,0,1,0.4696044921875,1.0545654296875,0.09503173828125,1.6033483743667605,-0.8145656585693359,0.2500977218151092
1051,1.2104,1.4939,0,1,0.558990478515625,0.9971466064453124,0.0889434814453125,1.3838295936584473,-1.2477556467056274,0.2883140742778778
1052,1.2137,1.7985,0,1,0.5557708740234375,0.9178466796875,0.06134033203125,1.1753156185150146,-1.2514556646347046,0.3532398343086242
1053,1.2116,2.066,0,1,0.517822265625,0.851806640625,0.005859375,0.9257427453994752,-0.8737927079200745,0.3846294283866882
1054,1.2039,2.2666,0,1,0.498931884765625,0.813323974609375,-0.054901123046875,0.7312523722648621,-0.2015722692012787,0.423800528049469
1055,1.1902,2.3796,0,1,0.4884185791015625,0.7512969970703125,-0.138885498046875,0.6282476782798767,0.2886549830436706,0.4623487293720245
1056,1.1698,2.3948,0,1,0.49603271484375,0.7197265625,-0.2041015625,0.639588475227356,0.6022619009017944,0.5048453211784363
1057,1.1427,2.3142,0,1,0.470947265625,0.744415283203125,-0.1900482177734375,0.6287611722946167,0.4838716089725494,0.5938063263893127
1058,1.1095,2.1522,0,1,0.2980499267578125,0.792236328125,-0.1739654541015625,0.4986819624900818,0.3196626901626587,0.5122275948524475
1059,1.0718,1.9319,0,1,0.215087890625,0.820404052734375,-0.1273040771484375,0.2547174990177154,0.1156091541051864,0.291657418012619
1060,1.0316,1.6783,0,1,0.2392425537109375,0.8336029052734375,-0.0110015869140625,-0.1618906259536743,-0.4173205494880676,0.1875557750463485
1061,0.9912,1.4147,0,1,0.275146484375,0.787841796875,-0.10308837890625,-0.3985628187656402,-0.6426076889038086,0.0499324053525924
1062,0.9528,1.1609,0,1,0.322479248046875,0.73370361328125,-0.16961669921875,-0.3510911762714386,-0.5001493692398071,-0.1108245179057121
1063,0.9182,0.9342,0,1,0.3739776611328125,0.6885986328125,-0.1498260498046875,-0.3283922672271728,-0.3756093084812164,-0.2501707077026367
1064,0.8883,0.7468,0,1,0.3982696533203125,0.68585205078125,-0.2021331787109375,-0.3292886912822723,-0.3089631795883178,-0.3540696501731872
1065,0.8635,0.605,0,1,0.40875244140625,0.683135986328125,-0.268707275390625,-0.3470530211925506,-0.303532987833023,-0.4634613990783691
1066,0.8441,0.5098,0,1,0.48480224609375,0.6912689208984375,-0.3659210205078125,-0.326730728149414,-0.3372249007225036,-0.5469906330108643
1067,0.8304,0.458,0,1,0.6226654052734375,0.717010498046875,-0.49017333984375,-0.1940192729234695,-0.3285579085350036,-0.5007363557815552
1068,0.8237,0.4435,0,1,0.76519775390625,0.733612060546875,-0.589080810546875,0.0497355982661247,-0.1975423693656921,-0.3274559080600738
1069,0.8261,0.4568,0,1,0.8568267822265625,0.6917572021484375,-0.588836669921875,0.2005371004343032,-0.0582377389073371,-0.0583533197641372
1070,0.8402,0.4854,0,1,0.8350372314453125,0.5989990234375,-0.5145263671875,0.1886143833398819,-0.1641415357589721,0.1208443939685821
1071,0.8674,0.5162,0,1,0.7748565673828125,0.5345001220703125,-0.4564056396484375,-0.0196922123432159,-0.2295716702938079,0.2521792352199554
1072,0.9061,0.5387,0,1,0.7425384521484375,0.522247314453125,-0.36871337890625,-0.239371046423912,-0.0520538799464702,0.4057075679302215
1073,0.9518,0.5473,0,1,0.6478424072265625,0.543792724609375,-0.3046417236328125,-0.3161502480506897,0.0836488232016563,0.4937711060047149
1074,0.9979,0.5417,0,1,0.6036834716796875,0.66278076171875,-0.2277984619140625,-0.2611951231956482,-0.0161371584981679,0.4794787168502807
1075,1.0377,0.526,0,1,0.572052001953125,0.8906707763671875,-0.227386474609375,-0.205748900771141,-0.1105462163686752,0.4625601768493652
1076,1.0669,0.5059,0,1,0.68701171875,1.2318115234375,-0.5443115234375,0.2452614158391952,0.3289922773838043,0.5891224145889282
1077,1.0864,0.4886,0,1,1.1597137451171875,1.50103759765625,-1.1316375732421875,1.523091435432434,1.1746420860290527,1.3462601900100708
1078,1.103,0.4862,0,1,0.4491119384765625,0.92340087890625,-0.1587371826171875,1.4461665153503418,1.150793194770813,1.563374638557434
1079,1.1249,0.5156,0,1,-0.3007354736328125,0.498870849609375,-0.3076324462890625,-0.0518661253154277,-0.2849880754947662,0.5469224452972412
1080,1.1534,0.5888,0,1,-0.2387542724609375,0.3975830078125,0.0627899169921875,-0.818537712097168,-1.372627019882202,-0.2479935586452484
1081,1.1807,0.7047,0,1,0.1004791259765625,0.748992919921875,0.152801513671875,-0.9519022107124328,-0.8141072988510132,-0.8709461092948914
1082,1.1956,0.852,0,1,0.432525634765625,1.00396728515625,0.208160400390625,-0.9168089032173156,-1.2774757146835327,-0.9826393127441406
1083,1.1909,1.017,0,1,0.5623931884765625,1.1070709228515625,0.0147857666015625,-0.946297287940979,-2.043914794921875,-0.4671594500541687
1084,1.1675,1.1878,0,1,0.640777587890625,1.0301055908203125,-0.600311279296875,-0.7907095551490784,-0.701226532459259,-0.198277935385704
1085,1.1331,1.3531,0,1,0.666656494140625,0.91290283203125,-0.46923828125,-0.3163995146751404,1.2447649240493774,-0.0651909857988357
1086,1.0975,1.4995,0,1,0.5940704345703125,0.9302215576171876,0.0089569091796875,-0.1712798774242401,1.1936469078063965,0.1333734989166259
1087,1.0691,1.6124,0,1,0.493072509765625,0.9586029052734376,0.173736572265625,-0.4210870563983917,0.1279648840427398,-0.0802897810935974
1088,1.0523,1.6791,0,1,0.569549560546875,1.078277587890625,0.097320556640625,-0.7086597084999084,-0.5776452422142029,-0.295762687921524
1089,1.0482,1.6918,0,1,0.6859283447265625,1.173248291015625,0.0441741943359375,-1.2003718614578247,-0.4775668382644653,-0.4086743295192718
1090,1.0564,1.6517,0,1,0.7791290283203125,1.1664886474609375,-0.0402984619140625,-1.58363676071167,-0.0177230704575777,-0.3652395009994507
1091,1.0763,1.5717,0,1,0.65277099609375,1.0377960205078125,-0.029510498046875,-1.67292582988739,0.1381759792566299,-0.2540232241153717
1092,1.1061,1.4726,0,1,0.45660400390625,0.948089599609375,-0.100128173828125,-1.53881573677063,-0.2259321957826614,-0.2168809175491333
1093,1.1418,1.3766,0,1,0.3101806640625,0.9248046875,-0.140350341796875,-1.4472777843475342,-0.4730498492717743,-0.3189614713191986
1094,1.177,1.3013,0,1,0.3327789306640625,0.9263763427734376,-0.1292877197265625,-1.4110479354858398,-0.6229695677757263,-0.3573802411556244
1095,1.2048,1.2567,0,1,0.3099212646484375,0.8455047607421875,-0.12188720703125,-1.3027808666229248,-0.7070498466491699,-0.4039765000343323
1096,1.2194,1.246,0,1,0.297515869140625,0.748291015625,-0.1077117919921875,-1.2079249620437622,-0.806206226348877,-0.4603846371173858
1097,1.2168,1.2658,0,1,0.3029937744140625,0.6617889404296875,-0.117645263671875,-1.1311461925506592,-0.8568885922431946,-0.4059205949306488
1098,1.1954,1.3085,0,1,0.3204193115234375,0.6145477294921875,-0.1026153564453125,-0.9346235990524292,-0.9713951945304872,-0.429470419883728
1099,1.1553,1.364,0,1,0.3503875732421875,0.6432952880859375,-0.105712890625,-0.7431492209434509,-1.0342575311660769,-0.366862416267395
1100,1.0992,1.4213,0,1,0.372955322265625,0.7284698486328125,-0.096160888671875,-0.587059497833252,-0.6068183183670044,-0.3056541979312897
1101,1.0323,1.4687,0,1,0.4285430908203125,0.8052215576171875,-0.0182952880859375,-0.5428337454795837,-0.1627385765314102,-0.2590997517108917
1102,0.9617,1.4943,0,1,0.4417877197265625,0.8773651123046875,-0.0233154296875,-0.5838948488235474,0.2896105051040649,-0.2175480425357818
1103,0.8955,1.4882,0,1,0.455902099609375,0.921875,-0.043243408203125,-0.6490113139152527,0.6858771443367004,-0.2108882665634155
1104,0.8418,1.4465,0,1,0.451873779296875,0.924072265625,-0.0924224853515625,-0.6035005450248718,0.9270620942115784,-0.2721673250198364
1105,0.8062,1.3736,0,1,0.4508514404296875,0.882537841796875,-0.14459228515625,-0.4516249895095825,1.0084210634231567,-0.345901221036911
1106,0.7915,1.281,0,1,0.45947265625,0.8339996337890625,-0.132293701171875,-0.2558924853801727,0.7928835153579712,-0.3953001797199249
1107,0.797,1.1821,0,1,0.4701995849609375,0.790771484375,-0.1251220703125,-0.117122896015644,0.4732085764408111,-0.4269928634166717
1108,0.8188,1.0874,0,1,0.53680419921875,0.819427490234375,-0.094024658203125,-0.1027458161115646,0.3665497601032257,-0.4393256902694702
1109,0.8515,1.002,0,1,0.63201904296875,0.8520965576171875,-0.0115203857421875,-0.1376532018184662,0.0753370970487594,-0.3551498353481293
1110,0.8894,0.9262,0,1,0.62567138671875,0.8330841064453125,0.01214599609375,-0.2271476686000824,-0.1733467578887939,-0.204927310347557
1111,0.9279,0.8569,0,1,0.563568115234375,0.8301239013671875,-0.0357818603515625,-0.369551420211792,0.089262768626213,-0.0675444230437278
1112,0.9638,0.7905,0,1,0.564788818359375,0.9317169189453124,-0.0373077392578125,-0.3475065529346466,0.2287298440933227,0.0629230365157127
1113,0.9949,0.7245,0,1,0.653656005859375,1.109649658203125,0.0156402587890625,-0.098233625292778,-0.2201036065816879,0.1575709879398346
1114,1.0212,0.6588,0,1,0.6959228515625,1.1941986083984375,0.0801239013671875,0.042008701711893,-0.7663390040397644,0.2817667126655578
1115,1.0449,0.5961,0,1,0.6317596435546875,1.1898345947265625,0.081451416015625,-0.0302218180149793,-0.9482786655426024,0.4535509645938873
1116,1.0693,0.5431,0,1,0.514373779296875,1.156280517578125,-0.022247314453125,-0.1290187090635299,-0.4887864589691162,0.5870645642280579
1117,1.097,0.5076,0,1,0.3838958740234375,1.0818939208984375,-0.0995330810546875,-0.0501758195459842,0.2150949984788894,0.5753961801528931
1118,1.1278,0.4944,0,1,0.216949462890625,1.0277862548828125,-0.2767181396484375,0.3924018740653991,0.8045622706413269,0.4029668867588043
1119,1.1592,0.5051,0,1,0.0588226318359375,0.9828643798828124,-0.5778961181640625,1.5768917798995972,0.7290006875991821,0.2681510150432586
1120,1.1874,0.5418,0,1,0.042755126953125,0.950927734375,-0.3663482666015625,2.6609699726104736,0.1350166797637939,0.2105108946561813
1121,1.2083,0.6116,0,1,0.1955108642578125,0.9795379638671876,-0.1154937744140625,2.869180202484131,0.1679320186376571,0.1722487360239029
1122,1.2188,0.7261,0,1,0.3259735107421875,1.0351409912109375,0.0074310302734375,2.4975833892822266,0.6228734254837036,0.0668386816978454
1123,1.2175,0.8937,0,1,0.4458465576171875,0.991668701171875,0.109130859375,1.9772199392318728,0.6894298195838928,0.0376136861741542
1124,1.205,1.1111,0,1,0.5029449462890625,1.0046844482421875,0.0986328125,1.4904210567474363,0.4214209914207458,0.1252005249261856
1125,1.1842,1.36,0,1,0.51959228515625,0.993438720703125,0.039825439453125,1.1194099187850952,0.0764657482504844,0.2443122714757919
1126,1.159,1.6095,0,1,0.4617767333984375,0.9694671630859376,-0.0409393310546875,0.8348336219787598,-0.027204455807805,0.2831086814403534
1127,1.133,1.8243,0,1,0.4298858642578125,0.9205780029296876,-0.135101318359375,0.7837621569633484,0.1401579082012176,0.2873340547084808
1128,1.1091,1.9734,0,1,0.385406494140625,0.8398590087890625,-0.1117095947265625,0.7944246530532837,0.1902085542678833,0.2768246829509735
1129,1.0882,2.0372,0,1,0.3679962158203125,0.790283203125,-0.069000244140625,0.7726719975471497,0.157443955540657,0.2937549352645874
1130,1.0697,2.0111,0,1,0.3489532470703125,0.7803192138671875,-0.06072998046875,0.6377969980239868,0.1282461136579513,0.2905870974063873
1131,1.0517,1.9032,0,1,0.3582763671875,0.789764404296875,-0.13507080078125,0.4739976525306701,0.2049459517002105,0.2673757672309875
1132,1.0326,1.7313,0,1,0.3495025634765625,0.803802490234375,-0.2312774658203125,0.395552396774292,0.4365371167659759,0.2408373802900314
1133,1.0115,1.5178,0,1,0.32257080078125,0.8378448486328125,-0.21307373046875,0.3120777308940887,0.578162431716919,0.1963282376527786
1134,0.9887,1.2868,0,1,0.27728271484375,0.8213958740234375,-0.157379150390625,0.1189660653471946,0.5389484167098999,0.1286349445581436
1135,0.9655,1.0607,0,1,0.256683349609375,0.78515625,-0.1249237060546875,-0.0924686789512634,0.3202430009841919,0.0146242165938019
1136,0.9429,0.8565,0,1,0.2846527099609375,0.7481536865234375,-0.1340789794921875,-0.2509198486804962,-0.0151203628629446,-0.1261105239391327
1137,0.9217,0.6845,0,1,0.3287200927734375,0.7431488037109375,-0.186065673828125,-0.2401758432388305,-0.2344836145639419,-0.1621585488319397
1138,0.9022,0.5484,0,1,0.400177001953125,0.731201171875,-0.2329559326171875,-0.1727707087993621,-0.3198597729206085,-0.2679121494293213
1139,0.8848,0.4481,0,1,0.5067901611328125,0.74322509765625,-0.3047637939453125,-0.1028028130531311,-0.2701955437660217,-0.2503193020820617
1140,0.8705,0.3808,0,1,0.6027984619140625,0.766937255859375,-0.37908935546875,0.0159850921481847,-0.0913738533854484,-0.1447489261627197
1141,0.8608,0.3412,0,1,0.6557464599609375,0.7908782958984375,-0.433349609375,0.1783095598220825,0.0234978683292865,-0.0860398113727569
1142,0.8583,0.322,0,1,0.692047119140625,0.7727813720703125,-0.44000244140625,0.2154140472412109,-0.0646666139364242,0.0071175643242895
1143,0.8649,0.3149,0,1,0.657470703125,0.7158966064453125,-0.4332122802734375,0.1066406890749931,-0.2171371132135391,0.1630610972642898
1144,0.8816,0.3134,0,1,0.5988616943359375,0.672607421875,-0.3870849609375,0.0378531068563461,-0.2843033671379089,0.2332393825054168
1145,0.9069,0.3134,0,1,0.5328216552734375,0.66339111328125,-0.32281494140625,0.0117096528410911,-0.1301886290311813,0.2594273090362549
1146,0.9371,0.3129,0,1,0.4847869873046875,0.6779022216796875,-0.2658843994140625,-0.068045362830162,0.0927411243319511,0.2217321246862411
1147,0.9672,0.3111,0,1,0.4906005859375,0.68792724609375,-0.2507171630859375,-0.1719669699668884,0.1243416592478752,0.2043129205703735
1148,0.992,0.308,0,1,0.51116943359375,0.66937255859375,-0.3780059814453125,-0.125227689743042,0.1236151456832885,0.2126930952072143
1149,1.0081,0.3037,0,1,0.5346832275390625,0.675140380859375,-0.413299560546875,0.027917118743062,0.0496778078377246,0.2960878610610962
1150,1.014,0.2987,0,1,0.55120849609375,0.6541748046875,-0.4761505126953125,0.1432572901248932,-0.0163060016930103,0.3617464900016784
1151,1.0106,0.2941,0,1,0.579620361328125,0.626251220703125,-0.505615234375,0.1796563118696212,0.0987087339162826,0.387184202671051
1152,1.0008,0.2918,0,1,0.6349639892578125,0.7109375,-0.5629425048828125,0.261282742023468,0.2416943907737732,0.5139762163162231
1153,0.9885,0.2948,0,1,0.8097991943359375,1.032257080078125,-1.015899658203125,0.747923731803894,0.3652898371219635,0.7821190357208252
1154,0.9806,0.3096,0,1,1.0443115234375,1.3489990234375,-1.147216796875,2.529362678527832,0.5330492854118347,1.5027307271957395
1155,0.9863,0.35,0,1,0.300140380859375,1.01080322265625,0.1257476806640625,1.593729853630066,1.0844615697860718,1.3205944299697876
1156,1.0122,0.4334,0,1,-0.3457489013671875,0.5420074462890625,-0.10968017578125,0.2155615836381912,0.7153149247169495,0.4207445681095123
1157,1.0564,0.5688,0,1,-0.7255096435546875,0.2195281982421875,0.230499267578125,-0.345677763223648,-1.02849280834198,-0.8404515385627747
1158,1.1077,0.7487,0,1,-0.070526123046875,0.628814697265625,0.2511138916015625,-0.69449383020401,-1.7785301208496094,-1.2836923599243164
1159,1.152,0.9559,0,1,0.427490234375,1.2991943359375,0.3349609375,-0.6815212965011597,-2.1240170001983643,-1.217162847518921
1160,1.1801,1.1758,0,1,0.70977783203125,1.65228271484375,0.4132080078125,-0.9192635416984558,-2.658128499984741,-1.2643178701400757
1161,1.1929,1.4001,0,1,1.1853179931640625,1.5572509765625,-0.53094482421875,-1.401150822639465,-0.8537282347679138,-0.5900060534477234
1162,1.2002,1.6236,0,1,0.9853668212890624,0.9795379638671876,-0.9245452880859376,-0.1844281703233719,4.348913669586182,0.1455521434545517
1163,1.2143,1.8436,0,1,0.6624755859375,1.044769287109375,0.1166534423828125,0.1930722594261169,2.9323925971984863,0.1186640635132789
1164,1.2425,2.0594,0,1,0.5818328857421875,1.0159759521484375,0.1145172119140625,-0.0476607307791709,1.2534068822860718,-0.1326845437288284
1165,1.2831,2.2637,0,1,0.5270233154296875,0.9839019775390624,0.067779541015625,-0.8303771018981934,0.881668746471405,-0.108924351632595
1166,1.3282,2.4363,0,1,0.4351959228515625,0.9893035888671876,-0.09368896484375,-1.2225714921951294,0.4999752044677734,-0.0710669830441474
1167,1.3677,2.551,0,1,0.2312164306640625,0.96527099609375,-0.21026611328125,-1.0052626132965088,0.0124918231740593,-0.2296006977558136
1168,1.3926,2.5874,0,1,0.2044219970703125,0.9503326416015624,-0.18304443359375,-0.651841402053833,-0.4508734345436096,-0.4109742343425751
1169,1.3967,2.5362,0,1,0.2371826171875,0.918975830078125,-0.1365509033203125,-0.6286873817443848,-0.3027249872684479,-0.4908762574195862
1170,1.3778,2.4007,0,1,0.33233642578125,0.923858642578125,-0.023590087890625,-0.8391993641853333,-0.0879410430788993,-0.7014257311820984
1171,1.3376,2.1962,0,1,0.475921630859375,0.8826751708984375,0.00927734375,-0.9249251484870912,-0.4740312099456787,-0.7326065897941589
1172,1.2804,1.9475,0,1,0.4806976318359375,0.773681640625,-0.030059814453125,-1.0358517169952393,-0.4995080828666687,-0.659751296043396
1173,1.2129,1.6851,0,1,0.4939727783203125,0.7206878662109375,-0.110595703125,-1.1967828273773191,0.1277068257331848,-0.58689945936203
1174,1.1417,1.4385,0,1,0.584320068359375,0.773162841796875,-0.1372833251953125,-1.0707566738128662,0.4279545247554779,-0.4322696626186371
1175,1.0727,1.2311,0,1,0.54388427734375,0.798675537109375,-0.177337646484375,-0.7338843941688538,0.2683374583721161,-0.3205082416534424
1176,1.0113,1.0755,0,1,0.4932708740234375,0.8014984130859375,-0.1308441162109375,-0.5384315252304077,0.1244319379329681,-0.226223275065422
1177,0.9614,0.9719,0,1,0.46429443359375,0.816802978515625,-0.0853424072265625,-0.524071455001831,-0.0882345214486122,-0.1797665655612945
1178,0.9252,0.911,0,1,0.4709320068359375,0.8259124755859375,-0.10052490234375,-0.4876112043857574,-0.2808122336864471,-0.1719898730516433
1179,0.9029,0.8783,0,1,0.409271240234375,0.8071441650390625,-0.1173553466796875,-0.4858234226703644,-0.3174589276313782,-0.2068035155534744
1180,0.893,0.86,0,1,0.415985107421875,0.8277740478515625,-0.09613037109375,-0.5989528894424438,-0.2164319008588791,-0.1973516941070556
1181,0.893,0.8454,0,1,0.384521484375,0.829498291015625,-0.1025848388671875,-0.6484829187393188,-0.1461854428052902,-0.192520186305046
1182,0.8997,0.8282,0,1,0.39520263671875,0.8353118896484375,-0.1235504150390625,-0.5548474788665771,-0.1734719276428222,-0.2195432782173156
1183,0.91,0.8056,0,1,0.41790771484375,0.8482666015625,-0.1591796875,-0.3940804600715637,-0.0173947028815746,-0.2114797532558441
1184,0.9214,0.7772,0,1,0.4881591796875,0.8675689697265625,-0.1596221923828125,-0.261469155550003,0.4057685434818268,-0.205841839313507
1185,0.9325,0.7432,0,1,0.528106689453125,0.869049072265625,-0.1000518798828125,-0.2188908010721206,0.6869205832481384,-0.2460340112447738
1186,0.9427,0.7061,0,1,0.521148681640625,0.86505126953125,-0.0769195556640625,-0.2481626719236374,0.6951822638511658,-0.2617402672767639
1187,0.9521,0.6699,0,1,0.48516845703125,0.8518829345703125,-0.06793212890625,-0.3205793499946594,0.6860683560371399,-0.2338953167200088
1188,0.9611,0.6399,0,1,0.45745849609375,0.835113525390625,-0.0527191162109375,-0.4315005242824554,0.5379776954650879,-0.2004327028989792
1189,0.9693,0.6203,0,1,0.42919921875,0.8320770263671875,-0.1253204345703125,-0.506291925907135,0.4494446516036987,-0.1829016357660293
1190,0.9763,0.6129,0,1,0.4250030517578125,0.87042236328125,-0.201385498046875,-0.5153688192367554,0.6904373168945312,-0.1663556843996048
1191,0.9814,0.6176,0,1,0.4466552734375,0.9109649658203124,-0.1462554931640625,-0.3207681775093078,0.5133192539215088,-0.1535136550664901
1192,0.9847,0.632,0,1,0.4452972412109375,0.93255615234375,-0.080780029296875,-0.0053457631729543,-0.0722936391830444,-0.0814016461372375
1193,0.9869,0.6505,0,1,0.498138427734375,1.011810302734375,0.0429229736328125,0.2124992161989212,-0.5251495242118835,0.024867532774806
1194,0.9894,0.6663,0,1,0.6235198974609375,1.1532745361328125,0.1782379150390625,0.2381619662046432,-1.0693804025650024,0.0726233348250389
1195,0.9948,0.6758,0,1,0.71099853515625,1.1946563720703125,0.141754150390625,0.1946030408143997,-1.2751671075820925,0.1389102190732956
1196,1.0065,0.6821,0,1,0.7161102294921875,1.1637115478515625,0.0275421142578125,0.1199556961655616,-0.7603442072868347,0.2548519968986511
1197,1.0275,0.6912,0,1,0.543609619140625,1.009979248046875,-0.1011962890625,0.1231269910931587,0.324386864900589,0.3671138286590576
1198,1.0583,0.7069,0,1,0.3746337890625,0.884521484375,-0.295989990234375,0.4034624993801117,1.4597443342208862,0.4590935409069061
1199,1.0959,0.732,0,1,0.19354248046875,0.880401611328125,-0.8011322021484375,1.7457966804504397,2.2912261486053467,0.5264094471931458
1200,1.1347,0.7762,0,1,0.10986328125,1.01312255859375,-0.38336181640625,3.2559621334075928,1.559421420097351,0.6102007627487183
1201,1.1694,0.859,0,1,0.1399993896484375,1.1089019775390625,-0.05047607421875,3.444910764694214,1.051432490348816,0.5286095142364502
1202,1.1957,1.0027,0,1,0.283416748046875,1.0768280029296875,0.1152801513671875,2.841130495071411,0.9329878687858582,0.3861950933933258
1203,1.2112,1.2189,0,1,0.3502349853515625,0.9694366455078124,0.154541015625,1.9606066942214968,0.3699639439582824,0.1850161850452423
1204,1.2153,1.4973,0,1,0.503509521484375,0.9605865478515624,0.1807098388671875,1.3006149530410769,-0.4410999119281769,0.0404310449957847
1205,1.2087,1.8056,0,1,0.60357666015625,0.92742919921875,0.1514739990234375,0.8242230415344238,-1.322286605834961,0.0993169993162155
1206,1.1936,2.0991,0,1,0.61676025390625,0.8576812744140625,0.0969696044921875,0.4512987434864044,-1.8415024280548096,0.1867672204971313
1207,1.1726,2.3373,0,1,0.5773468017578125,0.7953643798828125,-0.0265045166015625,0.1763310879468917,-1.5369722843170166,0.2670380771160126
1208,1.1485,2.4924,0,1,0.56732177734375,0.759552001953125,-0.1751251220703125,0.1046233475208282,-0.6285603642463684,0.384270966053009
1209,1.1229,2.5503,0,1,0.5129547119140625,0.795440673828125,-0.217041015625,0.206499382853508,0.1039554253220558,0.4812148213386535
1210,1.097,2.5067,0,1,0.4207763671875,0.864532470703125,-0.235870361328125,0.3301470279693603,0.4584698379039764,0.5388208627700806
1211,1.0717,2.3673,0,1,0.2904052734375,0.9199371337890624,-0.223968505859375,0.3940311968326568,0.5809523463249207,0.5186455845832825
1212,1.0479,2.1491,0,1,0.26824951171875,0.9323883056640624,-0.19720458984375,0.3441965281963348,0.356849730014801,0.5063012838363647
1213,1.0265,1.8779,0,1,0.2405548095703125,0.8510284423828125,-0.1370391845703125,0.2262475192546844,0.0012634035665541,0.4967253506183624
1214,1.0079,1.5825,0,1,0.2219390869140625,0.76446533203125,-0.07763671875,0.0180128216743469,-0.2742350101470947,0.3162794113159179
1215,0.9915,1.2891,0,1,0.2443084716796875,0.7111358642578125,-0.0716094970703125,-0.1236449778079986,-0.3145299851894378,0.0898912698030471
1216,0.9754,1.0183,0,1,0.3192901611328125,0.7412872314453125,-0.09100341796875,-0.1881781667470932,-0.3303970992565155,-0.0102640893310308
1217,0.9579,0.784,0,1,0.3904571533203125,0.7881622314453125,-0.1769561767578125,-0.1641732305288314,-0.3335111141204834,-0.0565066859126091
1218,0.9384,0.5938,0,1,0.449737548828125,0.8101348876953125,-0.2994384765625,-0.0542666986584663,-0.1323838680982589,-0.0642394423484802
1219,0.918,0.4496,0,1,0.4733734130859375,0.7921600341796875,-0.369232177734375,0.0261794067919254,0.0187755525112152,-0.04769242182374
1220,0.8993,0.3473,0,1,0.5163726806640625,0.7743682861328125,-0.3841094970703125,0.0520024821162223,0.0310559198260307,-0.0222674887627363
1221,0.8854,0.2791,0,1,0.5442657470703125,0.7692108154296875,-0.38250732421875,0.0360064692795276,-0.0390171743929386,-0.001309742568992
1222,0.8789,0.2353,0,1,0.55291748046875,0.732177734375,-0.374114990234375,0.0083298347890377,-0.1520318686962127,0.0231452658772468
1223,0.8806,0.2076,0,1,0.5529937744140625,0.6920166015625,-0.318084716796875,-0.0358149893581867,-0.2929069697856903,0.0274441409856081
1224,0.89,0.1901,0,1,0.5258941650390625,0.674072265625,-0.273773193359375,-0.0951680615544319,-0.4208683967590332,0.0429131127893924
1225,0.9047,0.1807,0,1,0.525390625,0.670135498046875,-0.2683868408203125,-0.1273648738861084,-0.4034742414951324,0.0783850848674774
1226,0.9216,0.1795,0,1,0.5521392822265625,0.6815948486328125,-0.2837982177734375,-0.1568362116813659,-0.2528311908245086,0.1136045902967453
1227,0.9374,0.1873,0,1,0.580902099609375,0.683319091796875,-0.334991455078125,-0.2100834548473358,-0.0338359922170639,0.1635806709527969
1228,0.9498,0.2032,0,1,0.61004638671875,0.654876708984375,-0.3709869384765625,-0.2186543196439743,0.1762778311967849,0.2171767950057983
1229,0.958,0.2253,0,1,0.622802734375,0.6157073974609375,-0.3653411865234375,-0.198484867811203,0.2709755599498749,0.2434110641479492
1230,0.9621,0.2511,0,1,0.6416168212890625,0.5925140380859375,-0.3584136962890625,-0.1988635659217834,0.3218092024326324,0.2691332101821899
1231,0.9627,0.2787,0,1,0.6453857421875,0.6073760986328125,-0.3455963134765625,-0.3131847977638244,0.210006758570671,0.3130865395069122
1232,0.9611,0.3072,0,1,0.6550445556640625,0.7661895751953125,-0.4765777587890625,-0.3517039716243744,0.0910438895225524,0.2795469462871551
1233,0.959,0.3358,0,1,0.7505645751953125,1.08111572265625,-0.6533355712890625,-0.1953503191471099,-0.0846536383032798,0.3202081024646759
1234,0.9609,0.3644,0,1,1.1506195068359375,1.52099609375,-1.098724365234375,1.0178396701812744,-0.4867645800113678,0.9719057083129884
1235,0.9749,0.3967,0,1,1.192352294921875,1.3449554443359375,-0.2445526123046875,1.5855175256729126,-0.3663138151168823,2.091691255569458
1236,1.0097,0.4443,0,1,0.092498779296875,0.742279052734375,0.1535797119140625,0.7133409976959229,0.6440074443817139,1.4291223287582395
1237,1.068,0.5224,0,1,-0.5951995849609375,0.2389373779296875,-0.790740966796875,0.8192821145057678,-0.1568735092878341,0.2764973640441894
1238,1.1412,0.6382,0,1,-0.4880523681640625,0.222412109375,0.2145538330078125,-0.14799265563488,-1.743661880493164,-0.6710460186004639
1239,1.2134,0.7869,0,1,0.001251220703125,0.6468658447265625,0.1485595703125,-0.9379717111587524,-0.9577771425247192,-1.0534857511520386
1240,1.2674,0.9567,0,1,0.300384521484375,1.0626983642578125,0.2465667724609375,-1.0035523176193235,-0.270104706287384,-1.2379070520401
1241,1.2922,1.1339,0,1,0.5930328369140625,1.3659820556640625,0.345550537109375,-1.0950987339019775,-0.762492299079895,-0.8902108669281006
1242,1.287,1.3051,0,1,0.6142578125,1.4371185302734375,0.193756103515625,-1.0061649084091189,-1.39280104637146,-0.6153244376182556
1243,1.2616,1.4577,0,1,1.06488037109375,1.3958892822265625,-0.6570587158203125,-0.5489336848258972,0.0433639846742153,-0.2031901329755783
1244,1.231,1.5816,0,1,0.7664031982421875,1.103912353515625,-0.3207855224609375,0.0946226418018341,3.3061273097991943,0.0589826256036758
1245,1.2097,1.6733,0,1,0.584716796875,1.10162353515625,0.1485595703125,-0.3720191121101379,2.0704891681671143,-0.1542801111936569
1246,1.2055,1.7385,0,1,0.5434722900390625,1.077545166015625,0.01824951171875,-0.763760507106781,0.6635532379150391,-0.2607684731483459
1247,1.2183,1.7845,0,1,0.4686737060546875,0.9845123291015624,-0.14324951171875,-1.0325480699539185,0.184490755200386,-0.2325900942087173
1248,1.2424,1.8116,0,1,0.4022369384765625,0.980010986328125,-0.1842041015625,-0.9518438577651978,-0.1537078022956848,-0.2131277173757553
1249,1.2693,1.8134,0,1,0.3276519775390625,0.9541015625,-0.1143951416015625,-0.7559249401092529,-0.5132465362548828,-0.2668447494506836
1250,1.2904,1.7841,0,1,0.2949066162109375,0.905914306640625,-0.0638885498046875,-0.7647149562835693,-0.6898918747901917,-0.3887626528739929
1251,1.2991,1.7219,0,1,0.2873382568359375,0.8969573974609375,-0.0459747314453125,-0.9900530576705932,-0.5659052133560181,-0.5450449585914612
1252,1.2912,1.6319,0,1,0.3240966796875,0.818817138671875,-0.0536041259765625,-1.222459316253662,-0.3094515800476074,-0.5774537324905396
1253,1.2654,1.5251,0,1,0.3387908935546875,0.728851318359375,-0.07489013671875,-1.3084251880645752,-0.2035145014524459,-0.6515948176383972
1254,1.2231,1.416,0,1,0.3937225341796875,0.726715087890625,-0.1296539306640625,-1.1938780546188354,-0.0941384807229042,-0.6381522417068481
1255,1.1674,1.3184,0,1,0.4744720458984375,0.7554473876953125,-0.184844970703125,-0.9016467332839966,0.0844325944781303,-0.5270033478736877
1256,1.1032,1.2411,0,1,0.5257415771484375,0.7760467529296875,-0.13897705078125,-0.6627052426338196,0.0500059090554714,-0.4021815359592438
1257,1.0369,1.1856,0,1,0.5306549072265625,0.777496337890625,-0.0949249267578125,-0.5900505185127258,-0.1033064126968383,-0.3150069415569305
1258,0.9749,1.1465,0,1,0.4958343505859375,0.7875213623046875,-0.096282958984375,-0.6884788274765015,-0.1432184129953384,-0.2389705032110214
1259,0.9228,1.1153,0,1,0.46905517578125,0.8155517578125,-0.12774658203125,-0.7781980633735657,-0.1591358631849289,-0.2271370142698288
1260,0.8842,1.0845,0,1,0.482330322265625,0.8674163818359375,-0.172607421875,-0.7264291048049927,-0.1553437858819961,-0.2053414434194564
1261,0.8609,1.0495,0,1,0.485015869140625,0.9121856689453124,-0.1535186767578125,-0.602898359298706,-0.1652145236730575,-0.2589578032493591
1262,0.8531,1.0083,0,1,0.490142822265625,0.890106201171875,-0.1300201416015625,-0.4386023879051208,-0.3286082446575165,-0.2169613391160965
1263,0.8593,0.9609,0,1,0.4573211669921875,0.843505859375,-0.1052093505859375,-0.3536435663700104,-0.4216934442520141,-0.2206317037343979
1264,0.877,0.9082,0,1,0.4504241943359375,0.8206634521484375,-0.048065185546875,-0.3542499542236328,-0.600274384021759,-0.1992166936397552
1265,0.9018,0.8524,0,1,0.4276275634765625,0.829132080078125,-0.0527801513671875,-0.4303990602493286,-0.5040197372436523,-0.2202679216861724
1266,0.9293,0.797,0,1,0.4442596435546875,0.865142822265625,-0.0633544921875,-0.5010953545570374,-0.2291394472122192,-0.2247604131698608
1267,0.9551,0.7456,0,1,0.465667724609375,0.8792266845703125,-0.0434417724609375,-0.4675770401954651,-0.1873967945575714,-0.1846034079790115
1268,0.9764,0.7006,0,1,0.432098388671875,0.854034423828125,-0.0444488525390625,-0.4195866286754608,-0.213227316737175,-0.145957738161087
1269,0.9916,0.6626,0,1,0.4017486572265625,0.857818603515625,-0.0819244384765625,-0.3729661107063293,0.0248512867838144,-0.1133510619401931
1270,1.0003,0.6304,0,1,0.379669189453125,0.827392578125,-0.08221435546875,-0.2556250989437103,0.3016519844532013,-0.1088364720344543
1271,1.0026,0.6019,0,1,0.3870849609375,0.810882568359375,-0.07598876953125,-0.0773946568369865,0.4522066116333008,-0.1262197196483612
1272,0.9991,0.5754,0,1,0.4455718994140625,0.836181640625,-0.053497314453125,0.0814820751547813,0.5184322595596313,-0.1197996363043785
1273,0.991,0.5503,0,1,0.563629150390625,0.9434051513671876,0.0309295654296875,0.179842472076416,0.3400260210037231,-0.0279626585543155
1274,0.9806,0.5267,0,1,0.662841796875,1.077392578125,0.101959228515625,0.1867014467716217,-0.1373133808374405,0.153638556599617
1275,0.9716,0.5046,0,1,0.684906005859375,1.106597900390625,0.078094482421875,0.101918376982212,-0.4229280948638916,0.3222345113754272
1276,0.969,0.4839,0,1,0.6660308837890625,1.0411834716796875,-0.0447845458984375,-0.0360946208238601,-0.0975201651453971,0.4930259585380554
1277,0.9766,0.4659,0,1,0.55810546875,0.9324951171875,-0.2535858154296875,0.0109165636822581,0.901548445224762,0.6529796719551086
1278,0.996,0.4555,0,1,0.4719085693359375,0.9436492919921876,-0.6711273193359375,0.8456945419311523,2.077437162399292,0.7934883236885071
1279,1.0258,0.4656,0,1,0.2328643798828125,1.0851593017578125,-0.730743408203125,2.8204121589660645,2.0330164432525635,0.9012467265129088
1280,1.0631,0.519,0,1,0.10736083984375,1.1966400146484375,-0.193511962890625,3.6000568866729736,1.3006311655044556,0.8195404410362244
1281,1.1046,0.6431,0,1,0.1511077880859375,1.193084716796875,0.1274566650390625,3.028491735458374,1.1146341562271118,0.6628557443618774
1282,1.1466,0.8566,0,1,0.2550048828125,1.1228485107421875,0.1650238037109375,2.112100601196289,0.5066922307014465,0.4804379940032959
1283,1.1852,1.1555,0,1,0.2916107177734375,1.1001129150390625,0.0455322265625,1.5721598863601685,-0.1465857177972793,0.1089190244674682
1284,1.2167,1.509,0,1,0.4254302978515625,1.108306884765625,0.0265045166015625,1.289690375328064,-0.7191376686096191,0.0307744238525629
1285,1.2387,1.8687,0,1,0.482269287109375,1.0369110107421875,-0.020599365234375,1.0426839590072632,-1.0731881856918335,0.0417450480163097
1286,1.2498,2.1834,0,1,0.5727691650390625,0.88763427734375,-0.1263580322265625,0.8794399499893188,-0.8982333540916443,0.038132470101118
1287,1.2502,2.4124,0,1,0.6173858642578125,0.78143310546875,-0.1470184326171875,0.6616439819335938,-0.4744599759578705,0.1564415395259857
1288,1.2403,2.5299,0,1,0.54278564453125,0.7262115478515625,-0.131072998046875,0.5054943561553955,-0.1982015073299408,0.1990638375282287
1289,1.2206,2.5261,0,1,0.4656524658203125,0.7137298583984375,-0.0133209228515625,0.3390880525112152,-0.3995955884456634,0.2855614423751831
1290,1.1916,2.4063,0,1,0.4097137451171875,0.7293853759765625,-0.065399169921875,0.1269480884075164,-0.6983527541160583,0.3249274790287018
1291,1.1542,2.1894,0,1,0.3904876708984375,0.8375244140625,-0.1902923583984375,0.0913706570863723,-0.4872103929519653,0.3858108222484588
1292,1.1101,1.9051,0,1,0.3018798828125,0.9142913818359376,-0.259124755859375,0.167606309056282,0.0678932964801788,0.3837756216526031
1293,1.0628,1.5869,0,1,0.249359130859375,0.9491424560546876,-0.269744873046875,0.3313824534416199,0.544613778591156,0.326437771320343
1294,1.017,1.2675,0,1,0.233154296875,0.902130126953125,-0.2413177490234375,0.501720130443573,0.6641708016395569,0.2665259540081024
1295,0.9769,0.976,0,1,0.245513916015625,0.8050384521484375,-0.178985595703125,0.5357204079627991,0.5504607558250427,0.1818054914474487
1296,0.9453,0.735,0,1,0.2769927978515625,0.747161865234375,-0.14599609375,0.4149625599384308,0.4667711853981018,0.025989256799221
1297,0.9225,0.5578,0,1,0.356231689453125,0.733612060546875,-0.1446075439453125,0.1396361887454986,0.3826498985290527,-0.0990488156676292
1298,0.9069,0.4467,0,1,0.4591827392578125,0.7532196044921875,-0.1894683837890625,-0.0938465967774391,0.3067815005779266,-0.1221879571676254
1299,0.8965,0.3933,0,1,0.52789306640625,0.7791595458984375,-0.2415924072265625,-0.1690382957458496,0.1412471383810043,-0.1043993756175041
1300,0.8901,0.383,0,1,0.5360107421875,0.7613372802734375,-0.25653076171875,-0.1654981523752212,-0.0775200948119163,-0.0855681672692298
1301,0.8873,0.3981,0,1,0.5457916259765625,0.7305755615234375,-0.2706298828125,-0.2058106809854507,-0.2892445921897888,-0.033029057085514
1302,0.888,0.4227,0,1,0.5475006103515625,0.681640625,-0.2849884033203125,-0.2958915829658508,-0.3891370892524719,-0.0448407083749771
1303,0.8921,0.4458,0,1,0.5371246337890625,0.6653594970703125,-0.294921875,-0.3851729929447174,-0.4702133238315582,-0.0589831583201885
1304,0.8987,0.4622,0,1,0.5095367431640625,0.6865997314453125,-0.3180084228515625,-0.3846664428710937,-0.4608022272586822,-0.0410406440496444
1305,0.9065,0.4719,0,1,0.488525390625,0.7115478515625,-0.35150146484375,-0.3310764729976654,-0.2953797280788421,-0.0304939933121204
1306,0.9143,0.4765,0,1,0.4814453125,0.6949462890625,-0.385711669921875,-0.2533901929855346,-0.0711346268653869,-0.0077034598216414
1307,0.9211,0.4773,0,1,0.5020294189453125,0.691619873046875,-0.4018402099609375,-0.1454488039016723,0.0388685688376426,-0.0106603670865297
1308,0.9267,0.473,0,1,0.58477783203125,0.6827239990234375,-0.4063873291015625,-0.0549466051161289,-0.0233742985874414,-0.0127525469288229
1309,0.931,0.4612,0,1,0.7168426513671875,0.685028076171875,-0.4207305908203125,-0.0203995481133461,-0.0806431770324707,0.0485606119036674
1310,0.9353,0.4392,0,1,0.7963104248046875,0.7007904052734375,-0.407257080078125,-0.0421786122024059,-0.1220481470227241,0.2313551902770996
1311,0.9411,0.4069,0,1,0.7687530517578125,0.638946533203125,-0.3945465087890625,-0.0023521038237959,-0.1384441554546356,0.4012720584869385
1312,0.9501,0.3673,0,1,0.689300537109375,0.6508941650390625,-0.38629150390625,0.0557567402720451,-0.0587788932025432,0.4004566073417663
1313,0.9632,0.3265,0,1,0.6494598388671875,0.838623046875,-0.5091094970703125,0.1603625118732452,0.03645521402359,0.414007306098938
1314,0.9805,0.2915,0,1,0.7574462890625,1.07611083984375,-0.6343994140625,0.3128159642219543,-0.0586249642074108,0.5396674871444702
1315,1.0029,0.269,0,1,0.96319580078125,1.1401824951171875,-0.6774444580078125,0.528332531452179,-0.8462239503860474,0.959147572517395
1316,1.0329,0.2682,0,1,1.148101806640625,1.0103912353515625,-0.312469482421875,1.0883969068527222,-2.077575922012329,1.8672280311584477
1317,1.0731,0.3045,0,1,0.433502197265625,0.595458984375,0.147216796875,0.5243348479270935,-2.0501134395599365,2.0312752723693848
1318,1.1217,0.3971,0,1,-0.21923828125,0.119049072265625,-0.3024444580078125,0.1264229118824005,-0.94643896818161,0.951981782913208
1319,1.1697,0.5563,0,1,-0.7580413818359375,0.25079345703125,-0.74798583984375,0.2922190725803375,-1.0484704971313477,-0.2902201116085052
1320,1.205,0.7724,0,1,-0.0096588134765625,0.7674102783203125,0.20184326171875,-1.1747621297836304,0.5007784366607666,-0.9263137578964232
1321,1.2191,1.0199,0,1,0.2674560546875,1.1896514892578125,0.3944549560546875,-1.96883237361908,1.081963300704956,-1.388033151626587
1322,1.2106,1.2723,0,1,0.5289154052734375,1.358245849609375,0.31011962890625,-2.369274854660034,0.8952375650405884,-1.2622491121292114
1323,1.1858,1.5124,0,1,1.0246124267578125,1.4171600341796875,-0.30169677734375,-1.703219294548035,0.6604468822479248,-0.2986189126968384
1324,1.1571,1.73,0,1,1.0225677490234375,1.1884613037109375,-0.416839599609375,0.3715690374374389,1.2225762605667114,0.5208008289337158
1325,1.1379,1.9137,0,1,0.6309661865234375,0.9153594970703124,0.1494293212890625,0.5322351455688477,-0.0508898124098777,0.0055486960336565
1326,1.1367,2.0466,0,1,0.5601654052734375,1.026580810546875,-0.1176300048828125,-0.0136281941086053,0.3100065886974334,-0.1960304975509643
1327,1.1541,2.11,0,1,0.3849945068359375,1.144775390625,0.045562744140625,-0.8927648067474365,0.7082154750823975,0.0865402147173881
1328,1.1849,2.0928,0,1,0.3105621337890625,1.183868408203125,0.05218505859375,-1.111560583114624,0.0441962219774723,-0.2313101887702942
1329,1.2213,1.9981,0,1,0.3501739501953125,1.12109375,-0.01690673828125,-0.8974943161010742,-0.643911600112915,-0.2827264964580536
1330,1.2558,1.8428,0,1,0.2631378173828125,0.981414794921875,-0.1501312255859375,-0.6496509909629822,-0.5759525299072266,-0.3768026828765869
1331,1.2821,1.6513,0,1,0.290863037109375,0.9313201904296876,-0.1747283935546875,-0.6241983771324158,0.2432842850685119,-0.5604380369186401
1332,1.2953,1.448,0,1,0.38006591796875,0.9632720947265624,-0.0412750244140625,-0.6681948304176331,0.677167534828186,-0.7538660764694214
1333,1.2926,1.255,0,1,0.505340576171875,0.980743408203125,0.042999267578125,-0.7276512384414673,0.2061467766761779,-0.768162727355957
1334,1.2741,1.0899,0,1,0.4808807373046875,0.8534393310546875,0.022796630859375,-0.8702805638313293,-0.2050026804208755,-0.7356896996498108
1335,1.2423,0.9648,0,1,0.449737548828125,0.75750732421875,-0.069091796875,-1.1150847673416138,-0.1095784232020378,-0.723185122013092
1336,1.2008,0.8861,0,1,0.500457763671875,0.7413330078125,-0.1521453857421875,-1.097905516624451,0.2639490962028503,-0.5968764424324036
1337,1.1531,0.8544,0,1,0.49188232421875,0.7362518310546875,-0.1553802490234375,-0.8919557332992554,0.2362697869539261,-0.4212092757225036
1338,1.1025,0.8639,0,1,0.4576568603515625,0.7220306396484375,-0.14288330078125,-0.6554782390594482,-0.0062270034104585,-0.3232710063457489
1339,1.052,0.9029,0,1,0.429443359375,0.763763427734375,-0.1544647216796875,-0.593477189540863,-0.1291124522686004,-0.2379648983478546
1340,1.0045,0.955,0,1,0.3915252685546875,0.7653961181640625,-0.157318115234375,-0.5917666554450989,-0.1135864853858947,-0.2808641493320465
1341,0.9621,1.0034,0,1,0.4101409912109375,0.76702880859375,-0.16766357421875,-0.5375590324401855,-0.0334932468831539,-0.2730850577354431
1342,0.9265,1.0346,0,1,0.434112548828125,0.7818450927734375,-0.1261444091796875,-0.4880892336368561,-0.0342509150505065,-0.2914981544017792
1343,0.8987,1.0404,0,1,0.487823486328125,0.862518310546875,-0.09771728515625,-0.5302135348320007,-0.2706048488616943,-0.3273786604404449
1344,0.8796,1.0186,0,1,0.5091705322265625,0.9155731201171876,-0.117706298828125,-0.5267879366874695,-0.3854467570781708,-0.3425506949424743
1345,0.8699,0.9728,0,1,0.4738311767578125,0.8601226806640625,-0.1041412353515625,-0.4624736309051513,-0.359202891588211,-0.3290391564369201
1346,0.87,0.9103,0,1,0.4676513671875,0.826202392578125,-0.1086883544921875,-0.4066332578659057,-0.2039728313684463,-0.2584374248981476
1347,0.8788,0.8396,0,1,0.4631500244140625,0.8447113037109375,-0.08868408203125,-0.384270429611206,0.0155768292024731,-0.2157583981752395
1348,0.8944,0.7675,0,1,0.475616455078125,0.878021240234375,-0.10003662109375,-0.4222902655601501,0.3062360882759094,-0.2010476291179657
1349,0.9142,0.6993,0,1,0.4858245849609375,0.8818511962890625,-0.085662841796875,-0.4488899111747741,0.4298435151576996,-0.1962323635816574
1350,0.9355,0.639,0,1,0.4743499755859375,0.866455078125,-0.0848541259765625,-0.4403361082077026,0.3051268756389618,-0.1560588479042053
1351,0.9561,0.5899,0,1,0.4302215576171875,0.8316497802734375,-0.0757904052734375,-0.4800616800785064,0.2079614549875259,-0.1095683053135871
1352,0.9743,0.5538,0,1,0.4006500244140625,0.84625244140625,-0.08203125,-0.4751390814781189,0.1554220765829086,-0.1201019063591957
1353,0.9884,0.5303,0,1,0.475616455078125,0.941314697265625,-0.0396270751953125,-0.357181042432785,-0.0454492419958114,-0.1075344458222389
1354,0.9979,0.5174,0,1,0.59027099609375,1.0384979248046875,0.0642547607421875,-0.2145165652036667,-0.7438605427742004,-0.1063549369573593
1355,1.004,0.5134,0,1,0.674346923828125,1.10345458984375,0.1456451416015625,-0.2617330849170685,-1.4776568412780762,-0.0848669558763504
1356,1.0098,0.5209,0,1,0.692535400390625,1.091522216796875,0.1509246826171875,-0.5126281380653381,-1.808110356330872,0.0621999911963939
1357,1.0193,0.5479,0,1,0.581939697265625,1.0132598876953125,0.0863037109375,-0.763020396232605,-1.4810466766357422,0.2762451767921448
1358,1.0352,0.6043,0,1,0.46990966796875,0.9694061279296876,0.0060882568359375,-0.7584094405174255,-0.9127907156944276,0.4605399072170257
1359,1.0575,0.694,0,1,0.341278076171875,0.9463958740234376,-0.0861358642578125,-0.4634299874305725,-0.295057475566864,0.527132511138916
1360,1.0831,0.8101,0,1,0.2462005615234375,0.914642333984375,-0.18243408203125,0.0791643261909484,0.460488498210907,0.5494785904884338
1361,1.1074,0.9366,0,1,0.155731201171875,0.8952789306640625,-0.315155029296875,0.7820487022399902,1.4232771396636963,0.5139384269714355
1362,1.1256,1.0579,0,1,0.1461029052734375,0.917327880859375,-0.4365386962890625,1.7874248027801514,1.8625645637512207,0.4509924650192261
1363,1.1344,1.1688,0,1,0.240570068359375,0.9381866455078124,-0.3136138916015625,2.691813468933105,1.3115804195404053,0.354011595249176
1364,1.1327,1.2775,0,1,0.34869384765625,0.9810028076171876,-0.0957794189453125,2.9474799633026123,0.5215681195259094,0.2985070645809173
1365,1.1215,1.3992,0,1,0.4095001220703125,0.9798431396484376,0.0697021484375,2.516299247741699,-0.0367092788219451,0.1806584596633911
1366,1.1039,1.5449,0,1,0.497802734375,1.013671875,0.1397247314453125,1.844177484512329,-0.512861430644989,0.1342507451772689
1367,1.0835,1.7131,0,1,0.56915283203125,1.05633544921875,0.1067047119140625,1.2682156562805176,-0.8518469333648682,0.1926488131284713
1368,1.0647,1.8886,0,1,0.5982666015625,1.0357208251953125,0.080230712890625,0.8659214973449707,-1.1512658596038818,0.2862344086170196
1369,1.0516,2.0478,0,1,0.549591064453125,1.00634765625,0.055572509765625,0.5749495625495911,-1.2992286682128906,0.3270183503627777
1370,1.0466,2.1669,0,1,0.4568023681640625,0.9464111328125,-0.0352630615234375,0.4303425848484039,-0.9932762384414672,0.2898613810539245
1371,1.0502,2.2281,0,1,0.456451416015625,0.90716552734375,-0.199676513671875,0.5305919647216797,-0.2261668294668197,0.3193212747573852
1372,1.0601,2.2211,0,1,0.39666748046875,0.85858154296875,-0.3121337890625,0.921948790550232,0.6422577500343323,0.3354800045490265
1373,1.0729,2.1451,0,1,0.345550537109375,0.8190155029296875,-0.2282562255859375,1.232900857925415,1.1314918994903564,0.3816746473312378
1374,1.0842,2.012,0,1,0.3387451171875,0.8046722412109375,-0.1556549072265625,1.294785976409912,1.1433954238891602,0.4605843722820282
1375,1.0901,1.8447,0,1,0.2877655029296875,0.7932891845703125,-0.0780487060546875,1.099168062210083,0.8824248313903809,0.4176497161388397
1376,1.0876,1.6704,0,1,0.2925872802734375,0.781829833984375,-0.01983642578125,0.623517632484436,0.2615631520748138,0.3498179316520691
1377,1.0748,1.5094,0,1,0.3067169189453125,0.7589874267578125,-0.09136962890625,0.2392003387212753,-0.1730615347623825,0.275774598121643
1378,1.0518,1.3701,0,1,0.3333282470703125,0.768768310546875,-0.0690460205078125,-0.0506839491426944,-0.3954173624515533,0.1634866595268249
1379,1.0204,1.25,0,1,0.379638671875,0.795135498046875,-0.179901123046875,-0.2633315026760101,-0.443223237991333,0.1149819791316986
1380,0.9835,1.142,0,1,0.3870697021484375,0.84259033203125,-0.3155517578125,-0.2098986357450485,-0.1754439920186996,0.0748329609632492
1381,0.9457,1.039,0,1,0.4245452880859375,0.848602294921875,-0.3810577392578125,-0.0345403999090194,0.1211096495389938,-0.0301746800541877
1382,0.912,0.9353,0,1,0.503997802734375,0.81549072265625,-0.427490234375,0.1204861998558044,0.2204748541116714,-0.0567085519433021
1383,0.8869,0.828,0,1,0.5527496337890625,0.7622528076171875,-0.41839599609375,0.2208831161260604,0.1668451726436615,-0.0593067333102226
1384,0.8735,0.7172,0,1,0.5397491455078125,0.715484619140625,-0.3572540283203125,0.218602642416954,0.0289038196206092,-0.0569801963865757
1385,0.8729,0.6062,0,1,0.5210723876953125,0.6929779052734375,-0.3412322998046875,0.1397403180599212,-0.1001918464899063,-0.0738752856850624
1386,0.8831,0.4999,0,1,0.5046234130859375,0.7034912109375,-0.3708038330078125,0.0863692462444305,-0.1345170587301254,-0.1131545156240463
1387,0.901,0.4031,0,1,0.5101165771484375,0.6765594482421875,-0.3784027099609375,0.0864848271012306,-0.2578746974468231,-0.0586167089641094
1388,0.9221,0.3201,0,1,0.5037384033203125,0.6198577880859375,-0.3954010009765625,0.1907893866300583,-0.3243384063243866,0.0050562773831188
1389,0.9425,0.2545,0,1,0.5221710205078125,0.5951080322265625,-0.361358642578125,0.22818124294281,-0.187841534614563,0.0663417354226112
1390,0.9588,0.2089,0,1,0.5550384521484375,0.6028900146484375,-0.351348876953125,0.1225725188851356,0.1798288822174072,0.1083701476454734
1391,0.9686,0.1837,0,1,0.610565185546875,0.60089111328125,-0.415191650390625,0.0190264210104942,0.5320351123809814,0.1890418231487274
1392,0.9713,0.1783,0,1,0.6345062255859375,0.60137939453125,-0.4366455078125,-0.0446729287505149,0.7814471125602722,0.2553651928901672
1393,0.9679,0.1922,0,1,0.668853759765625,0.6348419189453125,-0.49127197265625,-0.0448835864663124,0.7108147144317627,0.372538685798645
1394,0.9611,0.2259,0,1,0.7668914794921875,0.7157135009765625,-0.6756439208984375,0.1857685297727584,0.6057538390159607,0.5601213574409485
1395,0.9553,0.28,0,1,1.0573577880859375,0.961517333984375,-0.8746337890625,0.9796733856201172,0.6014125943183899,1.0114885568618774
1396,0.9572,0.3556,0,1,1.3988494873046875,1.3228607177734375,-0.5187835693359375,1.3144865036010742,0.5248534083366394,1.7839360237121582
1397,0.975,0.4567,0,1,0.58697509765625,1.05364990234375,-0.1377105712890625,0.8642474412918091,-0.3027814328670501,1.5387965440750122
1398,1.0143,0.589,0,1,-0.3411712646484375,0.5545806884765625,-0.174652099609375,0.5662388801574707,-2.5021023750305176,-0.02912113443017
1399,1.0715,0.7572,0,1,-0.466522216796875,0.2422943115234375,0.0044403076171875,-0.1955386102199554,-3.3834831714630127,-1.0297613143920898
1400,1.1334,0.9637,0,1,-0.07073974609375,0.3946685791015625,-0.0832977294921875,-0.6073277592658997,-0.9202893972396852,-1.038679122924805
1401,1.1821,1.204,0,1,0.1764068603515625,0.8463287353515625,0.1967315673828125,-0.7006374597549438,0.4244524836540222,-0.9959679245948792
1402,1.2038,1.4601,0,1,0.4581451416015625,1.1555938720703125,0.2174835205078125,-1.1337119340896606,0.8330405354499817,-0.8458588123321533
1403,1.1949,1.7042,0,1,1.0150146484375,1.52081298828125,-0.8053741455078125,-0.7363525629043579,2.23431134223938,-0.1317042410373687
1404,1.1647,1.9124,0,1,0.9232635498046876,1.4277496337890625,-0.1368255615234375,0.2159264385700225,3.3253955841064453,0.3195777237415313
1405,1.1305,2.0746,0,1,0.70245361328125,1.02960205078125,0.1797332763671875,-0.4273364245891571,1.481255292892456,-0.1213898137211799
1406,1.1083,2.1911,0,1,0.6865234375,0.872283935546875,-0.22259521484375,-0.517707347869873,0.4897244274616241,-0.2758662104606628
1407,1.1062,2.2602,0,1,0.5078277587890625,0.9318084716796876,-0.103424072265625,-0.5550453662872314,-0.0783509984612464,-0.1427547484636306
1408,1.1228,2.2732,0,1,0.4834442138671875,1.097412109375,-0.05511474609375,-0.7508891820907593,-0.3075799345970154,-0.3184908926486969
1409,1.1519,2.2218,0,1,0.5673675537109375,1.16607666015625,-0.0496673583984375,-0.9311481714248656,-0.2217443734407425,-0.3654373586177826
1410,1.186,2.1059,0,1,0.5367279052734375,1.0800933837890625,-0.038238525390625,-0.9550505876541138,-0.3313494324684143,-0.2928427755832672
1411,1.2189,1.9367,0,1,0.4215850830078125,0.9408721923828124,-0.0424652099609375,-0.9283800721168518,-0.4729472994804382,-0.2387915402650833
1412,1.2454,1.7336,0,1,0.288116455078125,0.8444366455078125,-0.07147216796875,-1.0300757884979248,-0.2654042541980743,-0.3192245960235595
1413,1.2608,1.5199,0,1,0.239349365234375,0.84478759765625,-0.0897979736328125,-1.1570593118667605,-0.004585696849972,-0.4785708487033844
1414,1.2611,1.3181,0,1,0.304443359375,0.8854827880859375,-0.0813140869140625,-1.1323814392089844,-0.0045513422228395,-0.6257895827293396
1415,1.2442,1.1474,0,1,0.3676300048828125,0.83184814453125,-0.053436279296875,-1.0637708902359009,-0.2351669818162918,-0.5851412415504456
1416,1.211,1.0209,0,1,0.3956451416015625,0.79791259765625,-0.1049652099609375,-0.9500907063484192,-0.2605010867118835,-0.5922673344612122
1417,1.1646,0.9438,0,1,0.4470977783203125,0.77154541015625,-0.0801544189453125,-0.919093132019043,-0.0139666823670268,-0.5606454610824585
1418,1.1101,0.9135,0,1,0.4642333984375,0.7533111572265625,-0.0757904052734375,-0.9345447421073914,0.0974061787128448,-0.4893771409988403
1419,1.0525,0.9213,0,1,0.4922637939453125,0.74273681640625,-0.108734130859375,-0.9245994687080384,0.1445590406656265,-0.4129702746868133
1420,0.997,0.9551,0,1,0.5112762451171875,0.7692718505859375,-0.109832763671875,-0.8728843331336975,0.1203549057245254,-0.4372662901878357
1421,0.948,1.0018,0,1,0.5211334228515625,0.80499267578125,-0.1086273193359375,-0.8150572776794434,-0.0015078817959874,-0.4307971894741058
1422,0.9089,1.0491,0,1,0.521026611328125,0.847900390625,-0.150390625,-0.7807123064994812,0.0556829683482646,-0.3847585916519165
1423,0.8819,1.0873,0,1,0.5193634033203125,0.876220703125,-0.1409149169921875,-0.7129822969436646,0.0646684765815734,-0.3330186903476715
1424,0.8684,1.1092,0,1,0.4774017333984375,0.8795013427734375,-0.1430816650390625,-0.622249186038971,-0.0602958314120769,-0.3288772106170654
1425,0.868,1.1108,0,1,0.424346923828125,0.8697357177734375,-0.1425628662109375,-0.5405282378196716,-0.042382076382637,-0.2665398120880127
1426,0.8788,1.0905,0,1,0.4173736572265625,0.8446044921875,-0.1238555908203125,-0.3894806504249573,-0.1869054436683654,-0.2602891027927398
1427,0.8979,1.0487,0,1,0.427276611328125,0.82763671875,-0.1092987060546875,-0.2945061922073364,-0.1261201202869415,-0.1939785331487655
1428,0.9211,0.9874,0,1,0.4231719970703125,0.81842041015625,-0.104400634765625,-0.2594632506370544,0.1223171204328537,-0.1688577234745025
1429,0.9443,0.9095,0,1,0.4562530517578125,0.84991455078125,-0.07666015625,-0.2240112572908401,0.2136238664388656,-0.154046818614006
1430,0.9643,0.8194,0,1,0.4610443115234375,0.8338165283203125,-0.0662841796875,-0.1165223494172096,0.1172834858298301,-0.2166841030120849
1431,0.9791,0.7221,0,1,0.522705078125,0.8316497802734375,-0.0331573486328125,-0.0954050794243812,0.0089008165523409,-0.1884034723043441
1432,0.988,0.6231,0,1,0.4955902099609375,0.80999755859375,-0.0539703369140625,-0.1969791054725647,0.1684553176164627,-0.1858628094196319
1433,0.9913,0.5279,0,1,0.5004730224609375,0.81134033203125,-0.0373382568359375,-0.2810002565383911,0.2355749756097793,-0.2057699412107467
1434,0.99,0.442,0,1,0.520172119140625,0.8417816162109375,0.0045318603515625,-0.2451455742120742,-0.2139943093061447,-0.1997051239013672
1435,0.9856,0.3709,0,1,0.568511962890625,0.9246368408203124,0.0552825927734375,-0.1742500960826873,-0.8002367615699768,-0.1456482857465744
1436,0.9801,0.3204,0,1,0.645233154296875,1.0454559326171875,0.1130218505859375,-0.2455439865589141,-1.2446712255477903,0.0575818046927452
1437,0.9767,0.2977,0,1,0.60809326171875,1.0813140869140625,0.1184539794921875,-0.4770874679088592,-1.2753393650054932,0.2310918122529983
1438,0.9788,0.3106,0,1,0.5478668212890625,1.0986480712890625,0.0848388671875,-0.7870330810546875,-0.855137050151825,0.3669124841690063
1439,0.9893,0.3638,0,1,0.45294189453125,1.1266021728515625,-0.0037078857421875,-0.9165135622024536,-0.2256738692522049,0.4266860783100128
1440,1.0094,0.4551,0,1,0.35662841796875,1.09759521484375,-0.11767578125,-0.7137910723686218,0.5347992181777954,0.4122911691665649
1441,1.0378,0.5752,0,1,0.2862701416015625,1.0188140869140625,-0.268951416015625,-0.0706515312194824,1.2829352617263794,0.3725693225860595
1442,1.0712,0.7114,0,1,0.276458740234375,0.877777099609375,-0.4336090087890625,1.022207260131836,1.50423002243042,0.3437869250774383
1443,1.1048,0.8536,0,1,0.30126953125,0.812896728515625,-0.356658935546875,2.131422996520996,1.0884376764297483,0.4115872681140899
1444,1.1331,0.9988,0,1,0.3361358642578125,0.8652191162109375,-0.1329803466796875,2.397666931152344,0.6081756949424744,0.3856105506420135
1445,1.1512,1.1498,0,1,0.355743408203125,0.9353485107421876,-0.053863525390625,2.1904444694519043,0.3719242811203003,0.4082346260547638
1446,1.1563,1.3102,0,1,0.4116973876953125,1.0107269287109375,0.0035552978515625,1.8653701543807983,-0.09442850202322,0.4647386372089386
1447,1.1486,1.4785,0,1,0.3719940185546875,1.046417236328125,-0.0016937255859375,1.7324120998382568,-0.5269655585289001,0.4625540673732757
1448,1.131,1.6464,0,1,0.3885498046875,1.06640625,0.0219573974609375,1.628482460975647,-0.6898365020751953,0.3898052871227264
1449,1.1083,1.8013,0,1,0.4021148681640625,1.077239990234375,-0.009307861328125,1.5294685363769531,-0.4680763781070709,0.4091499447822571
1450,1.0855,1.9298,0,1,0.3899383544921875,1.029632568359375,-0.0391693115234375,1.4192432165145874,-0.0781792253255844,0.3819404542446136
1451,1.0668,2.0206,0,1,0.4020233154296875,0.9830322265625,-0.06842041015625,1.408266544342041,0.3737062215805053,0.3494741022586822
1452,1.0546,2.0668,0,1,0.4046630859375,0.9480133056640624,-0.0625152587890625,1.3608471155166626,0.6543687582015991,0.342618852853775
1453,1.049,2.0667,0,1,0.43353271484375,0.929046630859375,-0.087066650390625,1.2463526725769043,0.6480586528778076,0.3287935853004455
1454,1.0488,2.0248,0,1,0.448760986328125,0.9123382568359376,-0.231903076171875,1.2945468425750732,0.7866037487983704,0.3488658368587494
1455,1.0519,1.9505,0,1,0.4195556640625,0.8570404052734375,-0.2299652099609375,1.3058091402053833,0.8790013194084167,0.3320924639701843
1456,1.0559,1.8557,0,1,0.3617401123046875,0.81646728515625,-0.1446075439453125,1.0384951829910278,0.7524700164794922,0.2763703465461731
1457,1.0583,1.7526,0,1,0.344482421875,0.8131256103515625,-0.1431427001953125,0.6570149064064026,0.3912729620933532,0.2154145836830139
1458,1.0568,1.6485,0,1,0.31341552734375,0.7698974609375,-0.12109375,0.2829760313034057,-0.1334408819675445,0.1427510231733322
1459,1.0494,1.5439,0,1,0.2637939453125,0.7146453857421875,-0.145416259765625,0.0474178493022918,-0.3479728996753692,-0.0636247843503952
1460,1.0347,1.4336,0,1,0.315521240234375,0.7371673583984375,-0.1418304443359375,-0.1073104739189148,-0.3492080569267273,-0.1303683966398239
1461,1.0125,1.3122,0,1,0.3097381591796875,0.7107696533203125,-0.1859893798828125,-0.0717801824212074,-0.1720045208930969,-0.1556247472763061
1462,0.9834,1.1771,0,1,0.3222808837890625,0.6908111572265625,-0.1842193603515625,0.0226933285593986,-0.1116064190864563,-0.3195697367191314
1463,0.9495,1.0301,0,1,0.3624725341796875,0.6822357177734375,-0.21697998046875,0.0765269994735717,-0.1796504557132721,-0.4416921734809875
1464,0.9133,0.8777,0,1,0.442596435546875,0.6822509765625,-0.2974853515625,0.1036843135952949,-0.1714607030153274,-0.488612562417984
1465,0.8779,0.7295,0,1,0.5423736572265625,0.6829833984375,-0.39593505859375,0.1600716859102249,-0.0459453873336315,-0.441171258687973
1466,0.8471,0.5961,0,1,0.6668853759765625,0.711669921875,-0.4985504150390625,0.2770230770111084,0.1184004098176956,-0.2717657387256622
1467,0.8249,0.4858,0,1,0.7483978271484375,0.7233428955078125,-0.56854248046875,0.3890942335128784,0.3337750434875488,-0.0707503333687782
1468,0.8156,0.4038,0,1,0.7744293212890625,0.7078857421875,-0.5460357666015625,0.3617408871650696,0.4403531551361084,0.0452614873647689
1469,0.822,0.3518,0,1,0.747344970703125,0.683868408203125,-0.477020263671875,0.2891353964805603,0.2532993853092193,0.1283414661884308
1470,0.8451,0.3282,0,1,0.67547607421875,0.64605712890625,-0.381927490234375,0.2110102474689483,0.0903858244419097,0.2341677546501159
1471,0.8821,0.3281,0,1,0.599945068359375,0.616058349609375,-0.3362884521484375,0.1195671409368515,0.1370073854923248,0.2875987589359283
1472,0.9275,0.3438,0,1,0.5668792724609375,0.6132354736328125,-0.3327789306640625,0.0437421537935733,0.2160249799489975,0.2896043956279754
1473,0.9737,0.3672,0,1,0.6088409423828125,0.562347412109375,-0.3585662841796875,-0.0034304177388548,0.0583868771791458,0.3163640797138214
1474,1.0136,0.3913,0,1,0.607208251953125,0.562591552734375,-0.42950439453125,0.0224259458482265,0.0370714701712131,0.408705472946167
1475,1.0418,0.4111,0,1,0.60595703125,0.5811614990234375,-0.487823486328125,0.0246970895677804,0.2842104136943817,0.4025247991085052
1476,1.0561,0.4243,0,1,0.6809539794921875,0.81475830078125,-0.5525054931640625,-0.0322149284183979,0.2878855764865875,0.2967464625835418
1477,1.0584,0.4312,0,1,0.847076416015625,1.097076416015625,-0.82415771484375,0.4318049252033233,-0.1087051779031753,0.4987597465515136
1478,1.0549,0.4355,0,1,1.0864105224609375,1.1721038818359375,-0.7497406005859375,1.5087734460830688,-0.9482198357582092,1.2507586479187012
1479,1.0552,0.4472,0,1,0.76220703125,0.8162078857421875,-0.2503509521484375,1.8542085886001587,-1.119942307472229,1.6726793050765991
1480,1.067,0.485,0,1,0.1719512939453125,0.391815185546875,0.0162200927734375,0.8582531809806824,-1.0475088357925415,1.2399059534072876
1481,1.0899,0.5673,0,1,-0.51568603515625,0.211090087890625,-0.5207977294921875,-0.1309881061315536,-1.0525702238082886,-0.0553583316504955
1482,1.1152,0.6996,0,1,-0.279266357421875,0.4945526123046875,-0.3321533203125,-0.7714685201644897,-0.6624208092689514,-0.8996959924697876
1483,1.1317,0.8708,0,1,0.2624969482421875,0.772552490234375,0.180816650390625,-1.4099462032318115,0.9131856560707092,-0.8765549659729004
1484,1.1312,1.0619,0,1,0.4355621337890625,1.2051544189453125,0.296234130859375,-1.7195490598678589,1.4004714488983154,-1.0418429374694824
1485,1.1133,1.2566,0,1,0.857086181640625,1.519287109375,-0.071533203125,-1.4469788074493408,1.2402993440628052,-0.7159647345542908
1486,1.086,1.4432,0,1,1.0489044189453125,1.421783447265625,-0.643768310546875,0.2363424897193908,1.0740110874176023,0.1697232574224472
1487,1.0633,1.6108,0,1,0.63702392578125,1.000030517578125,-0.058502197265625,0.7496340274810791,0.7088855504989624,0.1345285177230835
1488,1.0575,1.7444,0,1,0.56524658203125,0.825225830078125,0.014373779296875,-0.2794928848743438,0.2237811684608459,-0.2280233055353164
1489,1.073,1.8276,0,1,0.5444183349609375,1.076629638671875,-0.069580078125,-1.284316897392273,-0.073885940015316,-0.2397425472736358
1490,1.1058,1.8497,0,1,0.505584716796875,1.183074951171875,-0.0335845947265625,-1.272610425949097,-0.941291093826294,-0.264462798833847
1491,1.1484,1.8125,0,1,0.51922607421875,1.13409423828125,-0.0561370849609375,-0.9178462028503418,-1.6060190200805664,-0.2105180919170379
1492,1.1931,1.7315,0,1,0.4787445068359375,0.9660186767578124,-0.1224212646484375,-0.781470000743866,-1.432921051979065,-0.1746197491884231
1493,1.2333,1.6293,0,1,0.4619598388671875,0.9384918212890624,-0.1458587646484375,-0.9165713787078856,-0.6145875453948975,-0.1349136084318161
1494,1.2634,1.5262,0,1,0.444488525390625,1.0283966064453125,-0.0866241455078125,-1.1224957704544067,0.0287727918475866,-0.1920996606349945
1495,1.2796,1.4351,0,1,0.4425201416015625,1.0121002197265625,-0.065673828125,-1.2076377868652344,0.086218774318695,-0.3194858431816101
