id,ASVM,GSVM,walking_nonwalking,normal_abnormal,ax,ay,az,gx,gy,gz
1,0.9832,0.7064,0,1,0.596832275390625,0.779693603515625,-0.0496063232421875,-0.6626408100128174,-0.138824462890625,-0.2014209926128387
2,0.9832,0.7065,0,1,0.58074951171875,0.864593505859375,-0.1588592529296875,-0.6707578897476196,-0.4816726148128509,-0.2406941056251526
3,0.9836,0.7072,0,1,0.6011962890625,0.8334503173828125,-0.1045379638671875,-0.5791166424751282,-0.2910563349723816,-0.2773096263408661
4,0.9848,0.7091,0,1,0.635589599609375,0.7887420654296875,0.020416259765625,-0.4221501648426056,-0.0884827300906181,-0.2487232685089111
5,0.9873,0.7114,0,1,0.6631011962890625,0.7603912353515625,0.094085693359375,-0.2607793807983398,-0.1484379470348358,-0.1605601161718368
6,0.9911,0.711,0,1,0.6526031494140625,0.744354248046875,0.1125640869140625,-0.1687245666980743,-0.2356753796339035,-0.0885106921195983
7,0.9958,0.7034,0,1,0.635223388671875,0.735443115234375,0.089080810546875,-0.1694042086601257,-0.0943970754742622,-0.0338876582682132
8,1.0008,0.6841,0,1,0.6282196044921875,0.7534027099609375,0.057159423828125,-0.2366671413183212,0.2266933321952819,-0.0223111640661954
9,1.005,0.651,0,1,0.6197509765625,0.773712158203125,0.0382537841796875,-0.3154373168945312,0.4347887337207794,-0.0180823318660259
10,1.0077,0.6054,0,1,0.5984649658203125,0.7873382568359375,0.0425262451171875,-0.3112212717533111,0.2724605500698089,-0.0610993057489395
11,1.0087,0.5523,0,1,0.602294921875,0.8139495849609375,0.0455780029296875,-0.2449658066034317,-0.0983822271227836,-0.0790231823921203
12,1.0081,0.4975,0,1,0.617523193359375,0.7965240478515625,0.073333740234375,-0.1692737191915512,-0.3500038087368011,-0.0448846518993377
13,1.0063,0.4462,0,1,0.631378173828125,0.7703704833984375,0.1046295166015625,-0.1243770793080329,-0.3746404349803924,-0.0299877263605594
14,1.004,0.402,0,1,0.64459228515625,0.762298583984375,0.1230316162109375,-0.1350014954805374,-0.2458869963884353,-0.0018184063956141
15,1.0017,0.3669,0,1,0.6308135986328125,0.75347900390625,0.1179656982421875,-0.1844425499439239,-0.0338570326566696,0.0229628402739763
16,0.9998,0.3412,0,1,0.6170196533203125,0.7574615478515625,0.0918121337890625,-0.2363350391387939,0.2504157125949859,0.0313571244478225
17,0.9983,0.3236,0,1,0.6063232421875,0.7754669189453125,0.048858642578125,-0.240008071064949,0.464440643787384,0.0169105399399995
18,0.9972,0.3132,0,1,0.599212646484375,0.78668212890625,0.0065155029296875,-0.163403570652008,0.4909915626049042,0.0024314660113304
19,0.9962,0.3102,0,1,0.633331298828125,0.7569427490234375,-0.026641845703125,0.012245480902493,0.3033281862735748,-0.0325542129576206
20,0.9952,0.3148,0,1,0.69573974609375,0.72613525390625,0.02191162109375,0.2045467495918274,0.0670490711927414,-0.0177398491650819
21,0.9941,0.3249,0,1,0.712554931640625,0.713714599609375,0.1197509765625,0.2693342566490173,-0.1630192846059799,0.0091434307396411
22,0.9933,0.3372,0,1,0.70184326171875,0.7125701904296875,0.16387939453125,0.2118182480335235,-0.3598194122314453,0.0204991493374109
23,0.993,0.3488,0,1,0.6765899658203125,0.7146759033203125,0.168853759765625,0.0398350320756435,-0.3773134648799896,-0.004293015692383
24,0.9934,0.358,0,1,0.6432952880859375,0.71575927734375,0.1613311767578125,-0.1815365105867386,-0.2303956598043441,-0.0392731018364429
25,0.9943,0.3643,0,1,0.618133544921875,0.73956298828125,0.1593017578125,-0.4030883312225342,-0.0400534085929393,-0.0871194526553154
26,0.9954,0.3679,0,1,0.58685302734375,0.765716552734375,0.150665283203125,-0.5605677366256714,0.0613586977124214,-0.1563137024641037
27,0.9963,0.3703,0,1,0.56854248046875,0.7928466796875,0.137237548828125,-0.6571725606918335,0.1141569316387176,-0.2132478356361389
28,0.9964,0.3746,0,1,0.53955078125,0.8093109130859375,0.108001708984375,-0.7059717774391174,0.1571304947137832,-0.2546738386154175
29,0.9956,0.3851,0,1,0.5143585205078125,0.8119964599609375,0.083404541015625,-0.7023234963417053,0.1091733574867248,-0.3320184350013733
30,0.9939,0.4056,0,1,0.5076141357421875,0.806060791015625,0.0628662109375,-0.6788413524627686,-0.0376469790935516,-0.4349234998226166
31,0.9913,0.4382,0,1,0.525177001953125,0.7957916259765625,0.039215087890625,-0.6574891805648804,-0.1520521193742752,-0.5292723774909973
32,0.9878,0.4829,0,1,0.559295654296875,0.7693023681640625,0.0357666015625,-0.6424385905265808,-0.1970187872648239,-0.5986669063568115
33,0.9835,0.5379,0,1,0.5982666015625,0.7440185546875,0.04766845703125,-0.5959262251853943,-0.2289538234472274,-0.6168949007987976
34,0.9785,0.6,0,1,0.6495361328125,0.737823486328125,0.0528717041015625,-0.5219675898551941,-0.2143802046775818,-0.5764873027801514
35,0.9734,0.6647,0,1,0.7042083740234375,0.7330474853515625,0.0739898681640625,-0.4194212257862091,-0.1763470619916916,-0.5171419382095337
36,0.9689,0.7265,0,1,0.7378692626953125,0.7198944091796875,0.1012115478515625,-0.3211604356765747,-0.2155312299728393,-0.4207949042320251
37,0.9661,0.7787,0,1,0.73114013671875,0.7276763916015625,0.1174163818359375,-0.2757855057716369,-0.1997093856334686,-0.2604502141475677
38,0.9658,0.8149,0,1,0.7111053466796875,0.7633819580078125,0.10595703125,-0.26214799284935,0.0010516822803765,-0.1311673372983932
39,0.9689,0.8292,0,1,0.7266387939453125,0.82904052734375,0.0802764892578125,-0.2821352779865265,0.2417156845331192,-0.0182264074683189
40,0.9756,0.8184,0,1,0.73382568359375,0.8165130615234375,0.048797607421875,-0.2399806380271911,0.1874585747718811,0.0947297066450119
41,0.986,0.7822,0,1,0.73040771484375,0.746002197265625,-0.0092926025390625,-0.0329619459807872,0.0098696751520037,0.2114906758069992
42,0.9995,0.7241,0,1,0.733123779296875,0.6941986083984375,-0.044708251953125,0.2815320789813995,-0.0293056908994913,0.2888797521591186
43,1.0148,0.6505,0,1,0.7612762451171875,0.7022247314453125,-0.0479736328125,0.6098737120628357,0.1387072801589965,0.4488190710544586
44,1.03,0.5712,0,1,0.743621826171875,0.7222747802734375,-0.010894775390625,0.8972253799438477,0.3002018928527832,0.5638652443885803
45,1.0432,0.4999,0,1,0.7201690673828125,0.768951416015625,0.064697265625,1.0314351320266724,0.5462196469306946,0.601764440536499
46,1.0533,0.4518,0,1,0.6778411865234375,0.81982421875,0.160369873046875,0.9464115500450134,0.6690001487731934,0.6091653108596802
47,1.06,0.4399,0,1,0.6435394287109375,0.860595703125,0.1949462890625,0.7174968719482422,0.4695379436016083,0.5461605191230774
48,1.0638,0.4698,0,1,0.6498870849609375,0.9081573486328124,0.1208343505859375,0.4971437156200409,0.0753421559929847,0.4456344544887543
49,1.0657,0.5372,0,1,0.736846923828125,0.8535003662109375,-0.0716552734375,0.5236421823501587,-0.3155430555343628,0.4317665994167328
50,1.0671,0.6297,0,1,0.7872467041015625,0.7388153076171875,-0.18890380859375,0.9404346346855164,-0.690609872341156,0.5710163712501526
51,1.0691,0.7331,0,1,0.7820281982421875,0.6714324951171875,-0.2064361572265625,1.4491801261901855,-0.7247998118400574,0.7786630392074585
52,1.0722,0.839,0,1,0.81292724609375,0.631011962890625,-0.295989990234375,2.041062593460083,-0.9517937898635864,1.0280296802520752
53,1.0759,0.9487,0,1,0.732513427734375,0.649139404296875,-0.2689971923828125,2.3564016819000244,-1.3717210292816162,1.1210888624191284
54,1.0793,1.0716,0,1,0.596343994140625,0.802886962890625,-0.139373779296875,1.924881935119629,-1.6261029243469238,0.8916335105895996
55,1.0813,1.2189,0,1,0.5254974365234375,0.9305267333984376,-0.120697021484375,1.486716628074646,-1.515652060508728,0.8293413519859314
56,1.0813,1.3943,0,1,0.4639434814453125,1.146484375,-0.109527587890625,1.3046104907989502,-0.7868168354034424,0.5575892329216003
57,1.0799,1.5891,0,1,0.4496002197265625,1.312347412109375,-0.10009765625,1.3332282304763794,-0.2711225748062134,0.1428511589765548
58,1.08,1.7826,0,1,0.543975830078125,1.291015625,-0.1501007080078125,1.5236327648162842,-0.1858002245426178,-0.0206671953201293
59,1.0853,1.9499,0,1,0.600341796875,0.981597900390625,-0.0859222412109375,1.601535081863403,-0.4341328144073486,0.2464835494756698
60,1.0981,2.0706,0,1,0.540863037109375,0.695953369140625,0.0561065673828125,1.3186596632003784,-0.4384950697422027,0.2923026978969574
61,1.1169,2.1332,0,1,0.53570556640625,0.565948486328125,0.1352691650390625,0.7966622710227966,-0.3946908712387085,0.0248672664165496
62,1.1361,2.1334,0,1,0.6507720947265625,0.4992828369140625,0.0693206787109375,0.266294002532959,-0.5585287809371948,-0.1750362664461136
63,1.1484,2.0716,0,1,0.766357421875,0.449249267578125,-0.1087188720703125,-0.0932942628860473,-0.7886719703674316,-0.1465212702751159
64,1.1479,1.9525,0,1,0.682525634765625,0.44586181640625,-0.23150634765625,-0.2706298828125,-0.5220895409584045,-0.1448754221200943
65,1.1321,1.7859,0,1,0.5515899658203125,0.5106658935546875,-0.1868743896484375,-0.4096879065036773,-0.0656999200582504,-0.2395220398902893
66,1.1014,1.5857,0,1,0.4633941650390625,0.5967864990234375,-0.112762451171875,-0.653032124042511,-0.0124606639146804,-0.3279453814029693
67,1.0585,1.3687,0,1,0.4568634033203125,0.64874267578125,-0.1076202392578125,-0.9154978394508362,-0.1844201683998108,-0.3789268136024475
68,1.0071,1.1541,0,1,0.525543212890625,0.6930999755859375,-0.1653289794921875,-1.0503782033920288,-0.3135454058647156,-0.3220217227935791
69,0.9526,0.9616,0,1,0.6012725830078125,0.7080230712890625,-0.2983551025390625,-0.8949848413467407,-0.1775928884744644,-0.1910346746444702
70,0.9008,0.8077,0,1,0.6287994384765625,0.7010650634765625,-0.3728179931640625,-0.4810984432697296,0.0188985895365476,-0.0602684020996093
71,0.8582,0.7001,0,1,0.705078125,0.7630767822265625,-0.6181182861328125,0.0065415226854383,0.1039096191525459,0.058081679046154
72,0.8306,0.6357,0,1,0.9408111572265624,0.7540283203125,-0.94915771484375,0.6037548780441284,0.4125675857067108,0.3788919150829315
73,0.8235,0.6055,0,1,0.899444580078125,0.5800323486328125,-0.6757659912109375,0.8840783834457397,1.0897679328918457,0.6701975464820862
74,0.8402,0.6025,0,1,0.6078643798828125,0.480194091796875,-0.141876220703125,0.4941934645175934,1.2064849138259888,0.397981733083725
75,0.8787,0.6244,0,1,0.446929931640625,0.3931121826171875,0.143768310546875,-0.1220968812704086,0.7167200446128845,-0.0321720503270626
76,0.9298,0.6693,0,1,0.505950927734375,0.3766937255859375,0.0892486572265625,-0.5382962226867676,0.1096761599183082,-0.1564697623252868
77,0.9801,0.7298,0,1,0.68817138671875,0.306396484375,-0.1929473876953125,-0.5499864220619202,-0.3309459686279297,0.0595591999590396
78,1.0173,0.7941,0,1,0.5908355712890625,0.3565673828125,-0.4368743896484375,-0.0030879352707415,-0.7657967805862427,0.0183774083852767
79,1.0341,0.8503,0,1,0.6764373779296875,0.5166168212890625,-0.4492950439453125,0.2741535305976867,-0.9115752577781676,0.0138777326792478
80,1.0296,0.8913,0,1,0.8355865478515625,0.6182403564453125,-0.7129364013671875,0.6208257079124451,-0.771004855632782,0.305665910243988
81,1.0095,0.9159,0,1,0.9330902099609376,0.720916748046875,-0.907928466796875,1.286203145980835,-0.3852568864822387,0.7059184908866882
82,0.9837,0.9285,0,1,0.47442626953125,0.760986328125,-0.006072998046875,0.360693484544754,0.3599192798137665,0.4067509770393371
83,0.9625,0.9354,0,1,0.276947021484375,0.7225189208984375,0.2213134765625,-0.942038118839264,0.6989396810531616,-0.1598125696182251
84,0.9509,0.9423,0,1,0.2924957275390625,0.780792236328125,0.264312744140625,-1.5504963397979736,0.918120801448822,-0.7407500147819519
85,0.9487,0.9558,0,1,0.489990234375,1.0145721435546875,0.342864990234375,-1.9385937452316284,0.7481064200401306,-1.2234889268875122
86,0.9539,0.987,0,1,0.8600616455078125,1.3536834716796875,0.3997955322265625,-2.30190372467041,0.3465915024280548,-1.206096887588501
87,0.9671,1.0494,0,1,1.125701904296875,1.4147796630859375,0.3201141357421875,-2.3604490756988525,-0.3348179459571838,-0.6971948146820068
88,0.9925,1.1533,0,1,0.9654388427734376,0.82965087890625,-0.7499542236328125,-1.0595101118087769,-1.5263473987579346,0.051314853131771
89,1.0344,1.2987,0,1,0.495819091796875,0.759490966796875,-0.0613555908203125,0.4846143424510956,-2.05495548248291,0.0057034259662032
90,1.0918,1.4741,0,1,0.4637451171875,0.9577789306640624,0.1275177001953125,-0.0744670405983924,-1.27581524848938,-0.2596616744995117
91,1.1568,1.658,0,1,0.5284881591796875,1.15692138671875,0.091705322265625,-0.9145673513412476,0.1272077560424804,-0.4894570410251617
92,1.2192,1.825,0,1,0.56829833984375,1.285797119140625,0.0372772216796875,-1.4966381788253784,1.6427056789398191,-0.7325471639633179
93,1.2717,1.9546,0,1,0.7794342041015625,1.3156890869140625,-0.02447509765625,-1.4159497022628784,2.085223436355591,-0.7079965472221375
94,1.3116,2.0396,0,1,0.935821533203125,1.1211700439453125,0.048248291015625,-0.9473777413368224,1.3545457124710083,-0.2572368681430816
95,1.3401,2.0834,0,1,0.811920166015625,0.90264892578125,0.1501007080078125,-0.5785749554634094,0.330253005027771,-0.0805036276578903
96,1.3589,2.0893,0,1,0.545166015625,0.716705322265625,0.1630859375,-0.5570560693740845,-0.4457487165927887,-0.58145672082901
97,1.3679,2.0561,0,1,0.4912872314453125,0.6960601806640625,-0.0011138916015625,-0.8501643538475037,-0.430484801530838,-0.9303425550460817
98,1.3643,1.9831,0,1,0.48333740234375,0.6813201904296875,-0.0167236328125,-1.3022806644439695,0.1143891587853431,-0.950328528881073
99,1.3443,1.8771,0,1,0.5097198486328125,0.654449462890625,0.0098114013671875,-1.475365161895752,0.2156585156917572,-0.9383621215820312
100,1.3061,1.7532,0,1,0.517669677734375,0.6152191162109375,0.001556396484375,-1.3962149620056152,0.0888949856162071,-0.8593258857727051
101,1.2503,1.6294,0,1,0.510406494140625,0.5836639404296875,-0.03570556640625,-1.2145297527313232,0.1647332906723022,-0.6851322650909424
102,1.1803,1.5214,0,1,0.497528076171875,0.5654754638671875,-0.071533203125,-1.0399616956710815,0.5258219838142395,-0.4732730090618133
103,1.1013,1.4379,0,1,0.4844970703125,0.5600433349609375,-0.0830230712890625,-0.8759171366691589,0.919030785560608,-0.306673914194107
104,1.0191,1.3805,0,1,0.4845733642578125,0.5698394775390625,-0.0841522216796875,-0.6998225450515747,1.0802230834960938,-0.1810424923896789
105,0.9395,1.3461,0,1,0.44403076171875,0.6243896484375,-0.1593780517578125,-0.5163813233375549,0.9648171663284302,-0.1931793093681335
106,0.8679,1.3285,0,1,0.636810302734375,0.714569091796875,-0.3007659912109375,-0.1382723897695541,0.7823424339294434,-0.3280471265316009
107,0.8092,1.3187,0,1,0.85931396484375,0.750030517578125,-0.0747528076171875,0.2088099420070648,0.2640023529529571,-0.232631653547287
108,0.7686,1.3057,0,1,0.9516754150390624,0.7222442626953125,0.103363037109375,0.2945131361484527,-0.3869053721427917,-0.0127480197697877
109,0.7505,1.2781,0,1,0.8467864990234375,0.6190032958984375,0.0981292724609375,0.2436230480670929,-0.6198691129684448,0.0394699126482009
110,0.757,1.2282,0,1,1.1105804443359375,0.9419097900390624,0.2078704833984375,0.1129329428076744,-0.6919332146644592,0.2693627774715423
111,0.788,1.1556,0,1,1.11810302734375,1.061126708984375,0.233062744140625,-0.0415591597557067,-0.9844492077827454,0.6404484510421753
112,0.8423,1.0673,0,1,0.9270172119140624,1.07720947265625,0.1146697998046875,-0.2731082439422607,-0.4474209249019623,0.7356926798820496
113,0.9169,0.9754,0,1,0.7322845458984375,1.0703582763671875,0.0303497314453125,-0.4645780622959137,0.7250066995620728,0.605664849281311
114,1.0063,0.8923,0,1,0.4284820556640625,1.00506591796875,-0.3354949951171875,0.1541980952024459,0.377018928527832,0.2490076869726181
115,1.1012,0.8269,0,1,0.4738616943359375,0.895782470703125,-0.2528533935546875,1.2841789722442627,-1.4031516313552856,0.1819410324096679
116,1.1905,0.787,0,1,0.401611328125,0.820770263671875,-0.16534423828125,1.784249186515808,-1.9252725839614868,0.3326277434825897
117,1.2628,0.7834,0,1,0.3327789306640625,0.7231292724609375,-0.2505950927734375,1.7537847757339478,-1.1482770442962646,0.4723488986492157
118,1.3089,0.8285,0,1,0.3176116943359375,0.6808013916015625,-0.2338104248046875,1.7937159538269043,-0.5313368439674377,0.5811156034469604
119,1.3228,0.9286,0,1,0.360626220703125,0.727294921875,-0.0630035400390625,2.0561535358428955,-0.7135588526725769,0.653170108795166
120,1.3036,1.0797,0,1,0.4354705810546875,0.87255859375,0.0951385498046875,2.1695010662078857,-0.9998776912689208,0.6882463097572327
121,1.2555,1.2705,0,1,0.586761474609375,1.056121826171875,0.2074432373046875,2.0312159061431885,-0.9233802556991576,0.7401244044303894
122,1.1883,1.4857,0,1,0.753173828125,1.172576904296875,0.2464752197265625,1.6840938329696655,-0.608279287815094,0.8965585231781006
123,1.1158,1.7066,0,1,0.807342529296875,1.1551971435546875,0.116455078125,1.3501323461532593,-0.1807378232479095,0.9858607053756714
124,1.0529,1.9123,0,1,0.705963134765625,0.9447479248046876,0.0268096923828125,1.270921230316162,0.2982892096042633,0.9196568727493286
125,1.0105,2.0815,0,1,0.58160400390625,0.77899169921875,0.0509185791015625,1.1093429327011108,0.4055336415767669,0.8261663317680359
126,0.9928,2.1967,0,1,0.5258026123046875,0.70941162109375,0.0666656494140625,0.8231335282325745,0.1779497563838958,0.6333492398262024
127,0.9965,2.246,0,1,0.5531005859375,0.6991424560546875,0.090728759765625,0.2737646996974945,-0.4475902915000915,0.4347221553325653
128,1.0136,2.224,0,1,0.56231689453125,0.6887054443359375,0.0212249755859375,-0.4002217054367065,-0.8590798377990723,0.2594629824161529
129,1.0347,2.1322,0,1,0.57354736328125,0.67718505859375,-0.0057373046875,-0.9727310538291932,-0.6662901639938354,0.1041583567857742
130,1.0518,1.9821,0,1,0.5605621337890625,0.626922607421875,-0.010894775390625,-1.3809694051742554,-0.2384538501501083,0.091298222541809
131,1.0594,1.7944,0,1,0.4961090087890625,0.58038330078125,0.045257568359375,-1.6287235021591189,-0.0672472119331359,0.0503443963825702
132,1.0544,1.5957,0,1,0.4933013916015625,0.5853271484375,0.0314788818359375,-1.7527070045471191,-0.3943361341953277,-0.0135118141770362
133,1.0361,1.414,0,1,0.47357177734375,0.637542724609375,-0.01531982421875,-1.653669357299805,-0.7664204835891724,-0.1439614295959472
134,1.0057,1.2731,0,1,0.5312957763671875,0.7108001708984375,-0.085693359375,-1.531254768371582,-1.1783018112182615,-0.195758581161499
135,0.9672,1.1892,0,1,0.76739501953125,0.7722320556640625,-0.4255218505859375,-1.0641357898712158,-1.799271583557129,0.0856698974967002
136,0.9268,1.1693,0,1,0.9323883056640624,0.827545166015625,-0.5635223388671875,-0.477812647819519,-1.8677244186401367,0.5473291277885437
137,0.8932,1.2107,0,1,1.00885009765625,0.8181915283203125,-0.564849853515625,-0.1234494969248771,-0.8148849606513977,0.9595401287078856
138,0.8755,1.3006,0,1,0.8692169189453125,0.73626708984375,-0.3489532470703125,0.021679462864995,0.3879823684692383,1.0953019857406616
139,0.8796,1.4168,0,1,0.6940155029296875,0.5663604736328125,-0.1721954345703125,0.0040645166300237,0.8627544641494751,0.9697453379631042
140,0.9053,1.5332,0,1,0.477142333984375,0.4480743408203125,-0.14959716796875,0.0608878508210182,0.5330274105072021,0.5974135994911194
141,0.9452,1.6253,0,1,0.317413330078125,0.4707183837890625,-0.1060028076171875,0.0208134017884731,0.0220403205603361,-0.0522400364279747
142,0.987,1.6721,0,1,0.2867431640625,0.620208740234375,-0.0521087646484375,-0.2349824160337448,-0.3953561186790466,-0.4766499102115631
143,1.0184,1.6599,0,1,0.3520660400390625,0.695343017578125,-0.03173828125,-0.4724652767181396,-0.6777582764625549,-0.8100124001502991
144,1.0311,1.5876,0,1,0.4680938720703125,0.7692718505859375,-0.0869903564453125,-0.642578661441803,-1.0163486003875732,-0.983195662498474
145,1.0229,1.4699,0,1,0.711029052734375,0.7889556884765625,-0.3510589599609375,-0.6752926707267761,-1.1080193519592283,-0.8871601819992065
146,0.9982,1.3317,0,1,1.1098175048828125,0.761962890625,-0.69281005859375,-0.3496466875076294,-0.7053925395011902,-0.5454457402229309
147,0.9673,1.198,0,1,1.4267425537109375,0.77276611328125,-0.6760406494140625,0.2708626687526703,-0.3520733416080475,0.1431158781051635
148,0.9439,1.0846,0,1,1.0451202392578125,0.581695556640625,-0.32293701171875,0.4128253757953644,0.282731294631958,0.6846470236778259
149,0.9393,0.9966,0,1,0.4734649658203125,0.4013671875,-0.0430755615234375,0.0696762800216674,0.4652470350265503,0.6419304609298706
150,0.9564,0.9324,0,1,0.3027191162109375,0.3797454833984375,0.024505615234375,-0.2304321378469467,-0.1029705926775932,0.6257062554359436
151,0.9875,0.8893,0,1,-0.04595947265625,0.372711181640625,-0.812744140625,0.6726106405258179,-2.6829633712768555,0.385949045419693
152,1.0212,0.8696,0,1,-0.0816802978515625,0.9618377685546876,-2.2150115966796875,1.550462245941162,-1.1275861263275146,-0.0556065365672111
153,1.0519,0.8825,0,1,0.6166534423828125,0.8342437744140625,0.5470123291015625,-0.695095419883728,2.1596593856811523,0.4149252772331238
154,1.0826,0.9382,0,1,0.7276763916015625,1.038818359375,0.8854827880859375,-1.322860836982727,-1.069205403327942,-0.2218668907880783
155,1.1185,1.0408,0,1,0.87884521484375,1.132415771484375,0.729736328125,-1.5712813138961792,-3.057204484939575,-0.8213673233985901
156,1.1628,1.1893,0,1,1.1202239990234375,1.0793609619140625,0.5549468994140625,-1.8062047958374023,-2.51784610748291,-0.5530844926834106
157,1.2161,1.3818,0,1,0.97650146484375,0.8043365478515625,0.3394927978515625,-2.0782954692840576,-2.035063505172729,0.0954250544309616
158,1.2761,1.6132,0,1,0.734039306640625,0.626678466796875,0.1576385498046875,-1.876685619354248,-2.1827118396759038,0.2279809713363647
159,1.336,1.8717,0,1,0.696929931640625,0.6992034912109375,0.0545196533203125,-1.719847559928894,-2.157392978668213,0.2948593199253082
160,1.3861,2.1382,0,1,0.7002716064453125,0.9067230224609376,-0.26068115234375,-1.4535599946975708,-0.8152101039886475,0.2170670628547668
161,1.4176,2.3887,0,1,0.6621856689453125,1.207672119140625,-0.7602386474609375,-0.8551726937294006,2.630917549133301,0.2637914419174194
162,1.4276,2.6007,0,1,0.7569122314453125,1.3146820068359375,-0.19256591796875,-0.3295685648918152,4.429494857788086,0.2949014008045196
163,1.42,2.7646,0,1,0.8035736083984375,1.3493499755859375,0.224700927734375,-0.3944778144359588,3.165097951889038,0.4297252595424652
164,1.4025,2.8846,0,1,0.3938446044921875,1.183349609375,-0.00360107421875,-0.5717045068740845,0.9211248159408568,-0.0957331806421279
165,1.3828,2.9645,0,1,0.2660675048828125,1.060760498046875,-0.092529296875,-0.9679480195045472,-0.8074406385421753,-0.7712202668190002
166,1.3646,2.9978,0,1,0.422271728515625,0.95733642578125,-0.0325927734375,-1.6514421701431274,-1.087151050567627,-0.912658393383026
167,1.3475,2.9755,0,1,0.45806884765625,0.810028076171875,-0.0426483154296875,-1.7430570125579834,-1.016059637069702,-1.2566006183624268
168,1.3283,2.8978,0,1,0.533660888671875,0.7151641845703125,-0.0465545654296875,-1.4991344213485718,-0.7498098015785217,-1.2516558170318604
169,1.3029,2.7756,0,1,0.5446319580078125,0.6380767822265625,-0.047760009765625,-1.213801383972168,-0.3165603578090668,-1.0107049942016602
170,1.2681,2.624,0,1,0.5442047119140625,0.5776824951171875,-0.059906005859375,-0.9501625895500184,0.295248419046402,-0.6809593439102173
171,1.2224,2.4552,0,1,0.5188751220703125,0.5211029052734375,-0.0877685546875,-0.7495967745780945,1.0165799856185913,-0.42032590508461
172,1.1659,2.2782,0,1,0.495513916015625,0.4606781005859375,-0.1280059814453125,-0.6410857439041138,1.852627515792847,-0.2539851367473602
173,1.1004,2.1022,0,1,0.4440765380859375,0.408050537109375,-0.2010498046875,-0.5698714852333069,2.39306902885437,-0.1756088435649871
174,1.0288,1.9411,0,1,0.4937896728515625,0.512176513671875,-0.44305419921875,0.0384302139282226,1.878096580505371,-0.2615621089935303
175,0.9552,1.809,0,1,0.688018798828125,0.6865997314453125,-0.100982666015625,0.6457728743553162,0.3865322768688202,-0.1811634004116058
176,0.8858,1.7124,0,1,0.947662353515625,0.838348388671875,0.11553955078125,0.7097545266151428,-0.629724383354187,0.0846070274710655
177,0.8287,1.6455,0,1,1.121246337890625,0.91851806640625,0.1903839111328125,0.6154969930648804,-1.372552514076233,0.3354302048683166
178,0.7932,1.5968,0,1,1.0360565185546875,0.834869384765625,0.08843994140625,0.4188119173049927,-1.295809984207153,0.1583472937345504
179,0.7867,1.5562,0,1,1.0293731689453125,0.880340576171875,0.013702392578125,0.0001174454009742,-0.1747334599494934,0.2735873460769653
180,0.8123,1.5152,0,1,0.9353790283203124,0.912078857421875,-0.1201324462890625,-0.292928010225296,1.018108367919922,0.6597456932067871
181,0.8677,1.4668,0,1,0.907623291015625,0.903228759765625,-0.9074859619140624,1.0035529136657717,0.7552815079689026,0.9520553350448608
182,0.9466,1.4106,0,1,0.756195068359375,0.8484954833984375,-0.4010009765625,2.3647634983062744,-1.0036742687225342,1.1758569478988647
183,1.04,1.3579,0,1,0.5919036865234375,0.8024749755859375,-0.1407470703125,2.114145278930664,-1.236275315284729,1.1439573764801023
184,1.136,1.3287,0,1,0.4779815673828125,0.83087158203125,-0.0463104248046875,1.4376391172409058,-1.3506746292114258,1.0661512613296509
185,1.2218,1.3415,0,1,0.3958740234375,0.8951416015625,-0.0190277099609375,0.9976398348808287,-1.8509440422058103,0.8011523485183716
186,1.2857,1.4052,0,1,0.370574951171875,0.9435577392578124,-0.0139617919921875,0.8337694406509399,-2.278022766113281,0.3863165378570556
187,1.3207,1.5165,0,1,0.4315948486328125,0.9886016845703124,-0.00634765625,0.7707241177558899,-2.1414380073547363,0.1517732888460159
188,1.3254,1.6636,0,1,0.5697021484375,1.00408935546875,-0.0001068115234375,0.7925732731819153,-1.7418338060379028,0.3190807700157165
189,1.3037,1.8283,0,1,0.599517822265625,1.0028076171875,0.02069091796875,0.827640175819397,-1.2662580013275146,0.5749202966690063
190,1.2634,1.9884,0,1,0.5528411865234375,0.90435791015625,0.0493927001953125,0.6948916912078857,-0.9325359463691713,0.6868026256561279
191,1.2136,2.12,0,1,0.5411376953125,0.7391204833984375,0.0745391845703125,0.3923094570636749,-0.7064916491508484,0.6625263094902039
192,1.1616,2.2022,0,1,0.57806396484375,0.6231689453125,0.080596923828125,-0.0080392844974994,-0.7439713478088379,0.6213056445121765
193,1.112,2.2204,0,1,0.60601806640625,0.551849365234375,0.02679443359375,-0.3984328508377075,-0.964670181274414,0.5939642786979675
194,1.0664,2.1704,0,1,0.6265106201171875,0.5484466552734375,-0.0369415283203125,-0.7781173586845398,-0.9436753988265992,0.5872411131858826
195,1.025,2.0595,0,1,0.6315155029296875,0.593017578125,-0.07745361328125,-1.1593188047409058,-0.5447405576705933,0.5375633239746094
196,0.9874,1.9056,0,1,0.641204833984375,0.6618194580078125,-0.0749359130859375,-1.558839201927185,-0.201395958662033,0.4846327304840088
197,0.9541,1.7326,0,1,0.6307830810546875,0.718963623046875,-0.0599822998046875,-1.9733620882034304,-0.1639391332864761,0.4070141017436981
198,0.926,1.5672,0,1,0.635223388671875,0.7345123291015625,-0.070770263671875,-2.3023698329925537,-0.5164678692817688,0.3943273425102234
199,0.9045,1.4356,0,1,0.588531494140625,0.7314910888671875,-0.109100341796875,-2.37178373336792,-1.0719777345657349,0.400703489780426
200,0.8907,1.36,0,1,0.5429534912109375,0.785064697265625,-0.0912933349609375,-2.3380017280578613,-1.3905320167541504,0.2830657958984375
201,0.8849,1.355,0,1,0.6644287109375,0.84234619140625,-0.2161865234375,-2.1620819568634038,-1.367156147956848,0.2549886107444763
202,0.8874,1.4239,0,1,0.868072509765625,0.9210968017578124,-0.4215545654296875,-1.6772260665893557,-1.2092971801757812,0.5343464612960815
203,0.8987,1.5563,0,1,0.84521484375,0.9443359375,-0.4058380126953125,-1.1650216579437256,-0.7300922870635986,0.7731537222862244
204,0.9205,1.7283,0,1,0.71392822265625,0.9010009765625,-0.2656707763671875,-0.9286708831787108,-0.1686257719993591,0.7294041514396667
205,0.9532,1.9067,0,1,0.5656280517578125,0.778717041015625,-0.1034393310546875,-1.0598667860031128,-0.2730616331100464,0.610584557056427
206,0.9941,2.0574,0,1,0.49920654296875,0.678436279296875,-0.0732879638671875,-1.2648252248764038,-0.7201363444328308,0.4901215136051178
207,1.0372,2.1547,0,1,0.4503021240234375,0.584136962890625,-0.0991668701171875,-1.2837989330291748,-1.1895562410354614,0.3051106333732605
208,1.074,2.1877,0,1,0.4050445556640625,0.5448150634765625,-0.102081298828125,-1.1395695209503174,-1.4979705810546875,0.0918449684977531
209,1.0964,2.1606,0,1,0.421844482421875,0.607818603515625,-0.1480712890625,-0.9154586791992188,-1.2928214073181152,0.0254350528120994
210,1.0988,2.0874,0,1,0.437042236328125,0.6935272216796875,-0.156982421875,-0.7544455528259277,-1.0541290044784546,0.008820123039186
211,1.0801,1.9843,0,1,0.5204620361328125,0.6907196044921875,-0.1430816650390625,-0.6993040442466736,-0.979774296283722,-0.0072070462629199
212,1.0434,1.8651,0,1,0.61419677734375,0.6784210205078125,-0.1436767578125,-0.6467545032501221,-0.9208390712738036,-0.0057862498797476
213,0.9953,1.74,0,1,0.693115234375,0.689910888671875,-0.1393280029296875,-0.5554019808769226,-0.911320149898529,0.0318679176270961
214,0.944,1.6159,0,1,0.725494384765625,0.69482421875,-0.1435089111328125,-0.5083652138710022,-0.9714249968528748,0.0959470346570015
215,0.8978,1.4978,0,1,0.69268798828125,0.6683197021484375,-0.208831787109375,-0.470460444688797,-0.8417320251464844,0.1183993443846702
216,0.863,1.3889,0,1,0.7860260009765625,0.759124755859375,-0.332977294921875,-0.3157483637332916,-0.5841262936592102,0.1676244139671325
217,0.8442,1.2899,0,1,0.8935394287109375,0.9071044921875,-0.47271728515625,0.0173470322042703,-0.2318675816059112,0.3770048022270202
218,0.8441,1.1986,0,1,0.6913604736328125,0.7541351318359375,-0.1988372802734375,-0.0038610508199781,0.4160360991954803,0.4942986667156219
219,0.8629,1.1112,0,1,0.4190521240234375,0.592987060546875,0.0487213134765625,-0.2617186903953552,0.0814368054270744,0.4596767723560333
220,0.8963,1.0252,0,1,0.492279052734375,0.483612060546875,-0.188934326171875,-0.2787511944770813,-1.0173637866973877,0.5660918951034546
221,0.9366,0.9442,0,1,0.45172119140625,0.38800048828125,-1.79949951171875,1.6365779638290403,-2.597804546356201,0.7557324171066284
222,0.9775,0.8822,0,1,0.456146240234375,0.5306549072265625,-0.4697265625,1.6837031841278076,1.5584571361541748,0.1577358394861221
223,1.0167,0.8599,0,1,0.8720245361328125,0.7659912109375,0.9356689453125,0.019145730882883,-0.5526429414749146,0.1637465953826904
224,1.0546,0.8931,0,1,0.993621826171875,0.7689056396484375,0.9512939453125,-1.4357788562774658,-4.179070949554443,0.2327533513307571
225,1.0929,0.9908,0,1,0.9488372802734376,0.6490936279296875,0.5901947021484375,-2.429340124130249,-5.7926788330078125,0.2843838036060333
226,1.1333,1.1692,0,1,1.1266937255859375,0.599334716796875,0.244110107421875,-2.8821167945861816,-4.847272872924805,0.6177542805671692
227,1.1761,1.4514,0,1,1.2102203369140625,0.511566162109375,-0.017120361328125,-2.9722421169281006,-3.2727887630462646,1.0249165296554563
228,1.2192,1.8465,0,1,0.893798828125,0.3904266357421875,-0.6025238037109375,-2.358870506286621,-0.5084943771362305,0.8728291988372803
229,1.2591,2.3294,0,1,0.919097900390625,0.6068878173828125,-0.109710693359375,-1.62040913105011,0.7094764709472656,0.6607414484024048
230,1.2913,2.8403,0,1,0.9797515869140624,0.8369598388671875,0.178619384765625,-1.41120183467865,-0.8244499564170837,0.6670046448707581
231,1.3127,3.3035,0,1,0.9976043701171876,1.03118896484375,0.2050933837890625,-1.463923096656799,-2.4701521396636963,0.8952460885047913
232,1.3231,3.6552,0,1,0.848480224609375,1.10284423828125,0.068328857421875,-1.794705867767334,-2.7159223556518555,1.06145977973938
233,1.3249,3.8628,0,1,0.69940185546875,1.089202880859375,0.0158233642578125,-2.25647234916687,-1.7706977128982544,0.953317403793335
234,1.322,3.9268,0,1,0.6269378662109375,1.052276611328125,0.0500030517578125,-2.522817373275757,-1.607311487197876,0.7530040144920349
235,1.3167,3.8706,0,1,0.4289398193359375,1.0752105712890625,-0.1027679443359375,-2.294173240661621,-2.2454373836517334,0.2138537019491195
236,1.3103,3.7299,0,1,0.638824462890625,1.133392333984375,0.011383056640625,-2.2049663066864014,-3.1048948764801025,0.1120828613638877
237,1.3026,3.546,0,1,0.5807342529296875,1.026092529296875,-0.01678466796875,-2.3377349376678467,-2.972294330596924,0.3868350684642792
238,1.2935,3.3602,0,1,0.510711669921875,0.9481964111328124,-0.0558929443359375,-2.3905558586120605,-2.1223111152648926,0.1958741694688797
239,1.2825,3.2045,0,1,0.5508270263671875,0.9121856689453124,-0.0336151123046875,-2.2741079330444336,-1.4485937356948853,0.0332160107791423
240,1.2686,3.0947,0,1,0.568023681640625,0.8852386474609375,-0.01776123046875,-2.0551836490631104,-1.028176188468933,0.033684991300106
241,1.2506,3.0283,0,1,0.527679443359375,0.8454437255859375,0.0091094970703125,-1.8819406032562256,-0.6979175806045532,0.0495582334697246
242,1.2277,2.9892,0,1,0.4647369384765625,0.81439208984375,0.001983642578125,-1.8173003196716309,-0.4897289574146271,-0.0067998492158949
243,1.1997,2.9555,0,1,0.3984832763671875,0.8180694580078125,-0.0556793212890625,-1.7748335599899292,-0.5130206942558289,-0.1290115118026733
244,1.1667,2.907,0,1,0.346405029296875,0.823089599609375,-0.1067962646484375,-1.7110633850097656,-0.839591383934021,-0.2875622808933258
245,1.1295,2.8307,0,1,0.3808135986328125,0.79840087890625,-0.08880615234375,-1.7006198167800903,-0.9497021436691284,-0.3785265386104584
246,1.0892,2.7232,0,1,0.41094970703125,0.7639007568359375,-0.0919647216796875,-1.6745264530181885,-0.8496741056442261,-0.42462158203125
247,1.0475,2.5895,0,1,0.41802978515625,0.7553253173828125,-0.1285247802734375,-1.599232196807861,-0.6844387650489807,-0.4564226567745209
248,1.0065,2.4394,0,1,0.4193267822265625,0.762847900390625,-0.1784515380859375,-1.463062405586243,-0.5493590235710144,-0.4848159551620483
249,0.9681,2.2836,0,1,0.4375762939453125,0.768524169921875,-0.2292633056640625,-1.2842217683792114,-0.4913582801818847,-0.4752594828605652
250,0.9344,2.1311,0,1,0.4941864013671875,0.7284393310546875,-0.224212646484375,-1.1495369672775269,-0.4473996162414551,-0.5042085647583008
251,0.9069,1.9874,0,1,0.5618743896484375,0.6961212158203125,-0.2052154541015625,-1.0946334600448608,-0.4040289521217346,-0.5512562394142151
252,0.8867,1.855,0,1,0.6139373779296875,0.6642303466796875,-0.17572021484375,-1.0140001773834229,-0.5259172916412354,-0.5305794477462769
253,0.8743,1.7347,0,1,0.6933441162109375,0.6818695068359375,-0.169525146484375,-0.8701604604721069,-0.5829734206199646,-0.4428682327270508
254,0.8696,1.6259,0,1,0.7962646484375,0.7068328857421875,-0.14337158203125,-0.6389397382736206,-0.5459504127502441,-0.3073540925979614
255,0.8727,1.5266,0,1,0.9690399169921876,0.748870849609375,-0.0119171142578125,-0.4083283841609955,-0.4793271720409393,0.036091424524784
256,0.884,1.433,0,1,0.930938720703125,0.667694091796875,0.0676116943359375,-0.1944562941789627,-0.5154542922973633,0.5879093408584595
257,0.9038,1.3411,0,1,0.7367095947265625,0.590850830078125,0.03851318359375,-0.0886393189430236,-0.3779792487621307,0.924775242805481
258,0.9311,1.2494,0,1,0.5532684326171875,0.7460479736328125,-0.0833282470703125,-0.266668438911438,0.1016488596796989,1.133678674697876
259,0.9627,1.1606,0,1,0.3352203369140625,1.0336151123046875,-0.4080963134765625,-0.4809618294239044,0.0908460170030593,0.8897386789321899
260,0.9948,1.0806,0,1,0.358245849609375,1.374237060546875,-0.73858642578125,-0.1023151874542236,-1.208917498588562,0.2851838171482086
261,1.0268,1.0162,0,1,0.524261474609375,1.4824066162109375,-0.8126220703125,0.6276154518127441,-1.832951545715332,-0.0851873308420181
262,1.0619,0.9757,0,1,0.6636199951171875,1.3012542724609375,-0.6869659423828125,1.4376342296600342,-0.9429936408996582,-0.0025318672414869
263,1.1051,0.9675,0,1,0.7197418212890625,0.8920440673828125,-0.273406982421875,1.962696194648743,-0.4942299723625183,-0.0034325483720749
264,1.158,0.9982,0,1,0.839569091796875,0.7191619873046875,0.1116790771484375,1.8781487941741943,-0.8261557221412659,0.0863189101219177
265,1.2165,1.0697,0,1,0.86871337890625,0.6190643310546875,0.30877685546875,1.3972764015197754,-1.1331393718719482,0.5065550804138184
266,1.2724,1.1779,0,1,0.71038818359375,0.5458526611328125,0.26654052734375,0.9323819875717164,-1.2555789947509766,0.716316819190979
267,1.3162,1.3124,0,1,0.6465301513671875,0.5810699462890625,0.215087890625,0.4901031255722046,-1.08833110332489,0.68546462059021
268,1.34,1.4562,0,1,0.5872802734375,0.67364501953125,0.16302490234375,-0.0603749267756938,-0.5894936323165894,0.669535219669342
269,1.3391,1.5883,0,1,0.5235595703125,0.7361602783203125,0.0919036865234375,-0.6965444684028625,0.140746995806694,0.5894246697425842
270,1.3126,1.688,0,1,0.5038909912109375,0.800262451171875,0.051177978515625,-1.186909317970276,0.6827058792114258,0.499148279428482
271,1.2641,1.7411,0,1,0.57904052734375,0.8590545654296875,-0.0696258544921875,-1.3410102128982544,0.4212667942047119,0.5500261187553406
272,1.2006,1.7451,0,1,0.610198974609375,0.93719482421875,-0.1549835205078125,-1.033274531364441,-0.6575275659561157,0.7500508427619934
273,1.1312,1.7078,0,1,0.4635467529296875,0.97906494140625,-0.1195831298828125,-0.6912828683853149,-1.1407482624053955,0.7063922882080078
274,1.0656,1.6427,0,1,0.4106292724609375,0.96636962890625,-0.1191864013671875,-0.4987509548664093,-1.0803618431091309,0.4792797863483429
275,1.0114,1.5641,0,1,0.432861328125,0.8903045654296875,-0.181610107421875,-0.4444256424903869,-0.8606907725334167,0.3641595840454101
276,0.9731,1.4827,0,1,0.417449951171875,0.7995452880859375,-0.209259033203125,-0.4605018198490143,-0.5399697422981262,0.2953402996063232
277,0.9512,1.4037,0,1,0.404266357421875,0.766357421875,-0.1489105224609375,-0.5696472525596619,-0.2605439722537994,0.2089630663394928
278,0.9432,1.3269,0,1,0.423858642578125,0.7309722900390625,-0.165863037109375,-0.6155849099159241,-0.0877002924680709,0.1595680862665176
279,0.9443,1.2494,0,1,0.5140838623046875,0.71685791015625,-0.2295989990234375,-0.4642073512077331,-0.0959675386548042,0.2138366550207138
280,0.9497,1.1679,0,1,0.5668182373046875,0.705230712890625,-0.2485809326171875,-0.2089159339666366,-0.2064035087823867,0.3873400092124939
281,0.9553,1.0806,0,1,0.54388427734375,0.700408935546875,-0.1671142578125,-0.0643438324332237,-0.5898481011390686,0.3332123160362243
282,0.9586,0.9884,0,1,0.570526123046875,0.670501708984375,-0.1475067138671875,-0.042676355689764,-0.8950860500335693,0.1157518997788429
283,0.9586,0.8962,0,1,0.7019500732421875,0.633056640625,-0.2261199951171875,-0.0208221916109323,-0.8886217474937439,0.143715888261795
284,0.9552,0.8116,0,1,0.792510986328125,0.605255126953125,-0.330596923828125,0.1088394001126289,-0.8149943947792053,0.3195761442184448
285,0.9499,0.7428,0,1,0.681365966796875,0.5314788818359375,-0.44732666015625,0.3598607182502746,-0.5896906852722168,0.2780047357082367
286,0.9445,0.6949,0,1,0.62054443359375,0.481231689453125,-0.5205078125,0.5678839683532715,-0.0754465535283088,-0.0034988611005246
287,0.9409,0.6685,0,1,0.690338134765625,0.5149078369140625,-0.504669189453125,0.627255916595459,0.5594608783721924,-0.0488168075680732
288,0.9398,0.6612,0,1,0.7774505615234375,0.5317840576171875,-0.399505615234375,0.5497300028800964,0.8255378603935242,0.0546416752040386
289,0.9417,0.6691,0,1,0.835479736328125,0.5310211181640625,-0.3289337158203125,0.3236766159534454,0.6993300914764404,0.1817101389169693
290,0.9468,0.6886,0,1,0.8671875,0.514801025390625,-0.2538604736328125,0.0181888565421104,0.2489962428808212,0.2965118288993835
291,0.955,0.7142,0,1,0.8512420654296875,0.5004425048828125,-0.1610260009765625,-0.2383396029472351,-0.3443416655063629,0.4254322648048401
292,0.9658,0.739,0,1,0.7375946044921875,0.542694091796875,-0.1218109130859375,-0.3180845081806183,-0.4323311746120453,0.5076051354408264
293,0.9775,0.757,0,1,0.520538330078125,0.6080169677734375,-0.0912628173828125,-0.1803575307130813,-0.5914009809494019,0.5435871481895447
294,0.9878,0.7664,0,1,0.3828887939453125,0.5452117919921875,-0.328857421875,0.497691810131073,-1.4329659938812256,0.4583310782909393
295,0.9931,0.7721,0,1,0.129150390625,0.689849853515625,-0.5295257568359375,0.8223154544830322,-2.3033595085144043,0.3070132136344909
296,0.9909,0.7862,0,1,0.0590972900390625,0.709259033203125,-0.1452178955078125,-0.7959530353546143,0.2138997763395309,0.1188310459256172
297,0.9796,0.8218,0,1,0.232757568359375,0.71722412109375,0.204833984375,-1.5973325967788696,1.5097219944000244,-0.4674084782600403
298,0.9598,0.8873,0,1,0.4810638427734375,0.9075164794921876,0.3423004150390625,-1.85418701171875,1.3970333337783811,-0.8796977400779724
299,0.9346,0.987,0,1,0.8824920654296875,1.24407958984375,0.3702850341796875,-1.9996118545532229,0.7156374454498291,-0.8813031315803528
300,0.9114,1.1217,0,1,1.379608154296875,1.3615570068359375,-0.171966552734375,-1.3878048658370972,-0.2355177104473114,-0.1883893460035324
301,0.9016,1.2842,0,1,1.051666259765625,0.958282470703125,-0.517669677734375,0.6527663469314575,-1.05552077293396,0.7446030378341675
302,0.916,1.4581,0,1,0.443511962890625,0.843109130859375,0.11212158203125,0.3853833675384521,-1.276928186416626,0.3436082303524017
303,0.958,1.6209,0,1,0.36328125,0.8697052001953125,0.1038360595703125,-0.8735359907150269,-0.7664932012557983,-0.2192569822072982
304,1.0211,1.7518,0,1,0.4822540283203125,0.987274169921875,0.094482421875,-1.5991413593292236,-0.4823293685913086,-0.6734431385993958
305,1.0929,1.8379,0,1,0.699127197265625,1.1356048583984375,0.0294342041015625,-1.6958963871002195,-0.5731026530265808,-0.7988734841346741
306,1.1616,1.8772,0,1,0.901580810546875,1.1473846435546875,-0.0070648193359375,-1.4110835790634155,-0.4879334568977356,-0.4932166337966919
307,1.2201,1.8763,0,1,0.8968353271484375,1.0635986328125,0.0311126708984375,-0.9600176215171814,-0.1224279105663299,-0.2605921626091003
308,1.266,1.8434,0,1,0.80975341796875,0.9783935546875,0.099456787109375,-0.6397972702980042,0.3015667796134949,-0.2729905247688293
309,1.2997,1.7834,0,1,0.7130889892578125,0.9435577392578124,0.1231536865234375,-0.6381258964538574,0.4712463617324829,-0.4143353998661041
310,1.3216,1.6989,0,1,0.5779571533203125,0.893341064453125,-0.010833740234375,-0.7092357277870178,0.8088443875312805,-0.5591314435005188
311,1.3316,1.5943,0,1,0.4909515380859375,0.8529052734375,-0.0471954345703125,-0.7218295931816101,1.0009136199951172,-0.7386122941970825
312,1.3288,1.4791,0,1,0.4775543212890625,0.8204193115234375,0.0003662109375,-0.7212972044944763,0.8566885590553284,-0.7604946494102478
313,1.3123,1.3662,0,1,0.48004150390625,0.7707366943359375,0.0446929931640625,-0.7310784459114075,0.620756983757019,-0.7227872610092163
314,1.282,1.2675,0,1,0.461151123046875,0.733428955078125,0.0562744140625,-0.7342966198921204,0.5270733833312988,-0.7123913168907166
315,1.2388,1.1909,0,1,0.4488677978515625,0.684600830078125,0.019195556640625,-0.7047839760780334,0.6571941375732422,-0.714666485786438
316,1.1851,1.1393,0,1,0.42816162109375,0.6270599365234375,-0.0519256591796875,-0.603799045085907,0.9733017683029176,-0.6888247728347778
317,1.1238,1.1125,0,1,0.39202880859375,0.5477294921875,-0.21392822265625,-0.4088799059391022,1.4605220556259155,-0.6351678967475891
318,1.0579,1.1099,0,1,0.4483184814453125,0.4725494384765625,-0.4162139892578125,-0.0639707297086715,2.273233652114868,-0.5567431449890137
319,0.991,1.1337,0,1,0.6708221435546875,0.5428466796875,-0.3255157470703125,0.412661075592041,2.4641480445861816,-0.2079494744539261
320,0.9273,1.1884,0,1,0.79119873046875,0.62353515625,-0.0804901123046875,0.7725183367729187,1.6518235206604004,0.3084792792797088
321,0.8721,1.2761,0,1,0.90191650390625,0.7225494384765625,0.1143951416015625,0.9107398390769958,0.5800694823265076,0.4433638453483581
322,0.8315,1.3893,0,1,1.1978759765625,0.9000244140625,0.2512664794921875,0.9248654842376708,-0.3907791972160339,0.5734233260154724
323,0.8119,1.5103,0,1,1.17706298828125,0.8857421875,0.1565399169921875,0.6977490186691284,-0.6452935338020325,0.6676645874977112
324,0.8189,1.6172,0,1,0.9602813720703124,0.93133544921875,-0.0828857421875,0.2584962546825409,0.6301769018173218,0.5329134464263916
325,0.855,1.6911,0,1,0.7638092041015625,1.0863800048828125,-0.53125,0.3441696166992187,1.6430760622024536,0.3671058416366577
326,0.9178,1.7221,0,1,0.7126617431640625,1.15655517578125,-0.538299560546875,1.741721510887146,-0.1827921867370605,0.3620791137218475
327,1.001,1.7132,0,1,0.5915985107421875,1.0530548095703125,-0.1126861572265625,2.035926818847656,-0.9202041625976562,0.4966028332710266
328,1.0951,1.6783,0,1,0.5189208984375,0.8839111328125,0.0579376220703125,1.7718271017074585,-0.6281859278678894,0.6059687733650208
329,1.1883,1.6365,0,1,0.4565887451171875,0.7645111083984375,0.07745361328125,1.5224988460540771,-0.1735621988773346,0.6557413339614868
330,1.2676,1.6038,0,1,0.387176513671875,0.72137451171875,-0.0455169677734375,1.478003740310669,-0.0061907842755317,0.6349969506263733
331,1.3216,1.5883,0,1,0.3018798828125,0.822296142578125,-0.1602325439453125,1.6426111459732056,-0.5089617967605591,0.4653666317462921
332,1.343,1.5912,0,1,0.327972412109375,0.9786376953125,-0.18109130859375,1.5392663478851318,-0.956233561038971,0.2254091501235962
333,1.3307,1.6095,0,1,0.34918212890625,1.01556396484375,-0.185150146484375,1.1746692657470703,-0.7532253265380859,0.090087279677391
334,1.29,1.6369,0,1,0.4357757568359375,0.9347991943359376,-0.1342315673828125,0.923869490623474,0.0723391771316528,0.2228977978229522
335,1.2302,1.6637,0,1,0.4503936767578125,0.818634033203125,-0.0298004150390625,0.8965761065483093,0.760167121887207,0.3754402101039886
336,1.1617,1.6786,0,1,0.4752349853515625,0.763519287109375,0.0853424072265625,0.9094029068946838,0.741192638874054,0.3966075479984283
337,1.0931,1.6726,0,1,0.5204010009765625,0.731842041015625,0.1067352294921875,0.8091359734535217,0.2085438817739486,0.3082300126552582
338,1.0307,1.6408,0,1,0.5327301025390625,0.6754608154296875,0.0405426025390625,0.4220950603485107,-0.0655190870165824,0.0933208912611007
339,0.9779,1.5802,0,1,0.536956787109375,0.6309051513671875,-0.0233001708984375,-0.1966334283351898,0.1937987655401229,-0.0572395883500576
340,0.9361,1.4893,0,1,0.5390167236328125,0.65350341796875,-0.080902099609375,-0.6819508671760559,0.3851527571678161,-0.0874696597456932
341,0.9049,1.3698,0,1,0.5112457275390625,0.7155303955078125,-0.1252288818359375,-0.8258899450302124,0.3024837076663971,-0.1651383638381958
342,0.8832,1.23,0,1,0.4880828857421875,0.7784576416015625,-0.0751800537109375,-0.869121789932251,0.0421445220708847,-0.2759296000003814
343,0.8696,1.0839,0,1,0.50030517578125,0.8181915283203125,-0.0320281982421875,-0.9801588654518129,-0.3201846778392792,-0.300443172454834
344,0.8633,0.9478,0,1,0.5219573974609375,0.8277435302734375,-0.079681396484375,-1.0195214748382568,-0.4867121279239654,-0.2332649528980255
345,0.8637,0.8365,0,1,0.576690673828125,0.806854248046875,-0.167938232421875,-0.8577764630317688,-0.5333978533744812,-0.1348339766263961
346,0.8702,0.7603,0,1,0.593902587890625,0.7974853515625,-0.296600341796875,-0.5642037391662598,-0.640034556388855,-0.0234778951853513
347,0.8824,0.7226,0,1,0.6377410888671875,0.8124847412109375,-0.5312042236328125,-0.0965856611728668,-0.8644535541534424,-0.0060752029530704
348,0.9002,0.72,0,1,0.67791748046875,0.816619873046875,-0.6523284912109375,0.4135662913322449,-0.8022016286849976,0.0899541229009628
349,0.9237,0.7439,0,1,0.6420745849609375,0.7321319580078125,-0.593414306640625,0.7281396389007568,-0.0978328213095665,0.1609177738428115
350,0.953,0.784,0,1,0.584808349609375,0.65130615234375,-0.4033355712890625,0.7737729549407959,0.5051174759864807,0.172033816576004
351,0.9861,0.8301,0,1,0.5559234619140625,0.60809326171875,-0.2253265380859375,0.6863658428192139,0.6514827013015747,0.207169160246849
352,1.019,0.8739,0,1,0.55010986328125,0.5854034423828125,-0.0912017822265625,0.5639704465866089,0.4608674943447113,0.2140992432832718
353,1.046,0.9098,0,1,0.5746612548828125,0.552276611328125,-0.060089111328125,0.47651007771492,0.0995225980877876,0.2680279910564422
354,1.0616,0.933,0,1,0.550750732421875,0.5276641845703125,-0.1058349609375,0.4567424952983856,-0.2237294912338256,0.2149623781442642
355,1.0623,0.9395,0,1,0.5623626708984375,0.578765869140625,-0.1587982177734375,0.3746100962162018,-0.3722763657569885,0.1776541471481323
356,1.0472,0.9269,0,1,0.6175537109375,0.6099853515625,-0.298126220703125,0.2636947631835937,-0.3325145542621612,0.2175264656543731
357,1.0191,0.8953,0,1,0.815032958984375,0.717437744140625,-0.5939788818359375,0.4096948504447937,-0.2458465248346328,0.3326035141944885
358,0.9841,0.8481,0,1,1.0565338134765625,0.84649658203125,-0.7308807373046875,1.0035014152526855,-0.2726640105247497,0.7846527099609375
359,0.9521,0.7937,0,1,0.9297027587890624,0.792144775390625,-0.44708251953125,1.4347665309906006,0.284973680973053,1.227250099182129
360,0.9329,0.7475,0,1,0.474884033203125,0.5496826171875,-0.065399169921875,1.3512206077575684,0.7586357593536377,1.030135989189148
361,0.9313,0.7275,0,1,0.2769317626953125,0.4270477294921875,0.11279296875,0.8477691411972046,0.6814512610435486,0.7529334425926208
362,0.9436,0.7473,0,1,0.255645751953125,0.379791259765625,-0.382965087890625,0.9247547388076782,-0.2845771312713623,0.5778348445892334
363,0.9604,0.8092,0,1,0.0786895751953125,0.6548614501953125,-0.97601318359375,1.397940158843994,-1.380328893661499,-0.0388693697750568
364,0.9732,0.9065,0,1,0.396759033203125,0.880615234375,0.014007568359375,-0.8471299409866333,0.9280426502227784,-0.2621613144874573
365,0.9785,1.0284,0,1,0.6873321533203125,0.93023681640625,0.5551910400390625,-2.0108752250671387,0.9744053483009338,-0.6193591356277466
366,0.9783,1.165,0,1,0.9354705810546876,1.055572509765625,0.5165252685546875,-2.3920273780822754,-0.1017252951860427,-0.9098103642463684
367,0.9786,1.3106,0,1,1.1900634765625,1.1187744140625,0.3137359619140625,-2.2053253650665283,-0.92852121591568,-0.677306056022644
368,0.9881,1.4623,0,1,1.411407470703125,0.99566650390625,-0.95513916015625,-0.6991754174232483,-0.1936725229024887,0.2539329528808594
369,1.0153,1.6135,0,1,0.8086090087890625,0.8948516845703125,-0.37127685546875,1.542445421218872,1.299791693687439,0.5231984853744507
370,1.0646,1.7516,0,1,0.439453125,0.9119873046875,0.073028564453125,1.0462241172790527,1.385405421257019,0.4443129897117615
371,1.1323,1.8641,0,1,0.1816864013671875,0.9863433837890624,0.1035003662109375,-0.5499142408370972,1.69331157207489,-0.157968059182167
372,1.2069,1.9439,0,1,0.1572265625,1.0560455322265625,-0.0695037841796875,-1.523624300956726,0.2918273210525512,-0.9432247877120972
373,1.275,1.9896,0,1,0.5486602783203125,1.1739349365234375,-0.178985595703125,-1.2718958854675293,-1.2958526611328125,-1.072711944580078
374,1.3262,2.0051,0,1,0.729522705078125,1.1152801513671875,0.0449676513671875,-1.1566559076309204,-1.6840819120407104,-0.6936562657356262
375,1.3561,1.9986,0,1,0.801055908203125,1.0455169677734375,0.0093536376953125,-1.0965930223464966,-1.1383098363876345,-0.4188832640647888
376,1.3658,1.9785,0,1,0.865447998046875,0.9543304443359376,-0.0525360107421875,-0.9137539863586426,0.0063985106535255,-0.299615204334259
377,1.3596,1.9481,0,1,0.783355712890625,0.815948486328125,-0.0248870849609375,-0.6940274834632874,1.028721809387207,-0.4637151956558227
378,1.3421,1.9059,0,1,0.6856689453125,0.767486572265625,0.0344085693359375,-0.6750761866569519,1.3558433055877686,-0.6709386706352234
379,1.3168,1.8505,0,1,0.56890869140625,0.7347869873046875,-0.0591583251953125,-0.7185711860656738,1.2425835132598877,-0.6658816337585449
380,1.2855,1.7843,0,1,0.44500732421875,0.688232421875,-0.1228790283203125,-0.6431704163551331,0.8502810001373291,-0.7653692960739136
381,1.2482,1.7124,0,1,0.4860992431640625,0.7038726806640625,-0.045623779296875,-0.7076285481452942,0.2852146923542022,-0.7840229272842407
382,1.2044,1.6386,0,1,0.495635986328125,0.643035888671875,-0.0151519775390625,-0.9002280831336975,-0.01992017775774,-0.710412323474884
383,1.1543,1.5649,0,1,0.5010223388671875,0.5889739990234375,-0.0031280517578125,-1.071739912033081,-0.0569090880453586,-0.7235329151153564
384,1.0991,1.4928,0,1,0.5220489501953125,0.5726165771484375,-0.0366973876953125,-1.1505777835845947,0.0585751608014106,-0.703167200088501
385,1.0406,1.4247,0,1,0.5735626220703125,0.5948028564453125,-0.1104736328125,-1.1152151823043823,0.3406076431274414,-0.6061578392982483
386,0.9818,1.3642,0,1,0.5895843505859375,0.6588134765625,-0.22943115234375,-0.889133870601654,0.7171046137809753,-0.5146028995513916
387,0.9266,1.3144,0,1,0.607147216796875,0.773223876953125,-0.3224334716796875,-0.4877275824546814,0.9860103726387024,-0.4320563375949859
388,0.8796,1.2764,0,1,0.6262664794921875,0.8240509033203125,-0.2398529052734375,-0.1723504662513733,1.0975054502487185,-0.35445237159729
389,0.8454,1.2494,0,1,0.6864471435546875,0.808624267578125,-0.0779266357421875,-0.0492117553949356,0.9333381056785583,-0.2601737976074219
390,0.8275,1.2298,0,1,0.7064666748046875,0.747711181640625,0.0511322021484375,0.012572250328958,0.3754753470420837,-0.068352960050106
391,0.8272,1.2109,0,1,0.6961517333984375,0.731170654296875,0.053375244140625,0.0830927565693855,-0.1170680299401283,0.029151227325201
392,0.8428,1.1823,0,1,0.6670989990234375,0.7522125244140625,-0.027435302734375,0.1207157671451568,0.0372586883604526,0.140825554728508
393,0.8707,1.1334,0,1,0.6179656982421875,0.7543487548828125,-0.064117431640625,0.1641013175249099,0.6131840348243713,0.1732604652643203
394,0.9058,1.0592,0,1,0.6709442138671875,0.7879180908203125,0.0228118896484375,0.2899354100227356,0.5700362920761108,0.260014533996582
395,0.9431,0.963,0,1,0.7790985107421875,0.90142822265625,0.1560821533203125,0.4082644581794739,-0.2172273844480514,0.4280168414115906
396,0.9791,0.8555,0,1,0.86572265625,0.96588134765625,0.2223358154296875,0.4048683941364288,-1.0844250917434692,0.5627453923225403
397,1.0128,0.7519,0,1,0.89892578125,0.9609527587890624,0.1655731201171875,0.3313659429550171,-1.3008217811584473,0.5944343209266663
398,1.045,0.669,0,1,0.8389434814453125,0.8726959228515625,0.066802978515625,0.2838833928108215,-0.6791811585426331,0.5720502138137817
399,1.077,0.6209,0,1,0.745697021484375,0.753997802734375,-0.0830078125,0.3171273469924927,0.5221606492996216,0.6255858540534973
400,1.1088,0.6139,0,1,0.69915771484375,0.6905670166015625,-0.9381103515625,1.638409972190857,1.0787253379821775,0.8055210113525391
401,1.1392,0.6504,0,1,0.613922119140625,0.7988433837890625,-0.8462066650390625,3.67162561416626,-0.2271367460489273,0.9189159870147704
402,1.1674,0.7376,0,1,0.527252197265625,0.919830322265625,-0.3664093017578125,3.4064831733703613,-0.2908526062965393,0.9613431096076964
403,1.1923,0.8879,0,1,0.36492919921875,0.9055023193359376,0.0485382080078125,2.2096469402313232,-0.5772151350975037,0.8565865755081177
404,1.212,1.1069,0,1,0.356536865234375,0.875823974609375,0.292816162109375,1.4777281284332275,-0.9368411898612976,0.6485915780067444
405,1.2235,1.3815,0,1,0.4307403564453125,0.9244537353515624,0.3144073486328125,1.0675259828567505,-1.5624898672103882,0.3697684705257416
406,1.2244,1.6817,0,1,0.532989501953125,1.07989501953125,0.1403350830078125,0.975666344165802,-2.3014349937438965,0.0910798385739326
407,1.215,1.9726,0,1,0.708282470703125,1.2086181640625,-0.0969390869140625,0.9429944157600404,-2.485708713531494,0.1115787252783775
408,1.1988,2.2262,0,1,0.7676544189453125,0.9959716796875,-0.0526885986328125,0.5919408202171326,-1.50511634349823,0.4195999205112457
409,1.181,2.4227,0,1,0.688262939453125,0.6969146728515625,0.120452880859375,0.0540126338601112,-0.8171765804290771,0.3546566069126129
410,1.1657,2.546,0,1,0.6299285888671875,0.5260009765625,0.15185546875,-0.3766977488994598,-0.6690006852149963,0.2654615044593811
411,1.1529,2.5826,0,1,0.610809326171875,0.4605865478515625,0.0958099365234375,-0.7170912623405457,-0.3950762152671814,0.2787938117980957
412,1.1397,2.5261,0,1,0.6336822509765625,0.4868927001953125,0.0025634765625,-1.0008145570755005,0.2840604782104492,0.3299193084239959
413,1.1216,2.3829,0,1,0.6589508056640625,0.5535125732421875,-0.03680419921875,-1.249417781829834,1.0011472702026367,0.3771954774856567
414,1.0959,2.174,0,1,0.6201324462890625,0.6443634033203125,0.033477783203125,-1.52910053730011,1.177101969718933,0.2785016596317291
415,1.0623,1.9324,0,1,0.6526947021484375,0.75042724609375,0.0618896484375,-1.886483192443848,0.5512738227844238,0.2166223227977752
416,1.0235,1.6961,0,1,0.707916259765625,0.784332275390625,-0.08123779296875,-2.2325479984283447,-0.6204781532287598,0.2305597066879272
417,0.9843,1.5007,0,1,0.63531494140625,0.73297119140625,-0.18695068359375,-2.3913094997406006,-1.420310378074646,0.1210302859544754
418,0.9497,1.3744,0,1,0.541595458984375,0.784027099609375,-0.071136474609375,-2.4287354946136475,-1.450805425643921,-0.1232042238116264
419,0.9237,1.3352,0,1,0.561126708984375,0.8476715087890625,-0.006866455078125,-2.340092420578003,-1.3563095331192017,-0.1404721587896347
420,0.9084,1.3873,0,1,0.6832122802734375,0.856842041015625,-0.160491943359375,-1.8252453804016116,-1.3149666786193848,0.1051996573805809
421,0.9044,1.5195,0,1,0.7551422119140625,0.853271484375,-0.30474853515625,-0.8550019860267639,-1.2977274656295776,0.5330916047096252
422,0.9117,1.705,0,1,0.6392974853515625,0.7787628173828125,-0.1744384765625,-0.4965418577194214,-0.9049506783485411,0.618509829044342
423,0.9291,1.9058,0,1,0.565521240234375,0.6388397216796875,-0.112060546875,-0.8996078372001648,-0.3645651936531067,0.4557867050170898
424,0.9531,2.0815,0,1,0.56982421875,0.55157470703125,-0.1251678466796875,-1.2140296697616575,-0.0852499157190322,0.2480540126562118
425,0.9783,2.1989,0,1,0.5155487060546875,0.5465240478515625,-0.072357177734375,-1.0610630512237549,-0.4107561111450195,0.0643691346049308
426,0.9984,2.2392,0,1,0.557464599609375,0.6164703369140625,0.00994873046875,-0.779458224773407,-1.0618739128112793,0.014257232658565
427,1.0084,2.1997,0,1,0.63482666015625,0.6341705322265625,0.03643798828125,-0.6074550747871399,-1.4618191719055176,0.0678741186857223
428,1.006,2.0927,0,1,0.707244873046875,0.620849609375,0.060577392578125,-0.6350065469741821,-1.4567195177078247,0.0880608856678009
429,0.9924,1.9407,0,1,0.7530517578125,0.6273193359375,0.0364227294921875,-0.8384461998939514,-1.2113686800003052,0.0328186675906181
430,0.9713,1.7704,0,1,0.8035125732421875,0.640350341796875,-0.0485687255859375,-1.0280494689941406,-0.982673406600952,0.0346157662570476
431,0.948,1.6057,0,1,0.85638427734375,0.73614501953125,-0.127960205078125,-1.0596933364868164,-0.9306941032409668,0.2656143605709076
432,0.9279,1.4643,0,1,0.7850494384765625,0.874542236328125,-0.3770751953125,-0.7121468186378479,-1.0004098415374756,0.4776443243026733
433,0.9163,1.3565,0,1,0.6107635498046875,0.7352142333984375,-0.212158203125,-0.3001923263072967,-1.1777089834213257,0.7369552850723267
434,0.9159,1.2861,0,1,0.28741455078125,0.522308349609375,0.0498199462890625,-0.4063765406608581,-1.6055423021316528,0.7766385078430176
435,0.9251,1.2534,0,1,0.335845947265625,0.374298095703125,-0.1118011474609375,-0.5181382298469543,-2.2355828285217285,0.7649552226066589
436,0.9381,1.2584,0,1,0.234588623046875,0.3260498046875,-1.64569091796875,1.1530020236968994,-0.4151500463485718,0.7951517105102539
437,0.9501,1.2987,0,1,0.5313262939453125,0.578033447265625,0.4974517822265625,0.8337406516075134,0.4468896090984344,0.5813094973564148
438,0.9609,1.3661,0,1,0.826446533203125,0.74700927734375,0.88037109375,-0.4161167740821838,-2.037278175354004,0.4597047567367553
439,0.9738,1.4506,0,1,1.0259246826171875,0.985565185546875,0.9396820068359376,-1.9249781370162964,-4.800146579742432,0.403095006942749
440,0.9942,1.5559,0,1,1.0872650146484375,1.1146697998046875,0.478515625,-2.818385601043701,-5.823755741119385,0.2198990732431411
441,1.0276,1.7084,0,1,1.1836090087890625,1.094635009765625,0.0896759033203125,-3.125930070877075,-4.95795488357544,0.2822146415710449
442,1.0778,1.9428,0,1,0.6358489990234375,0.89105224609375,-0.7164459228515625,-2.502546548843384,-1.3081220388412476,0.2977573871612549
443,1.1436,2.2724,0,1,0.7520751953125,0.9774322509765624,-0.180908203125,-1.7985703945159912,2.363724708557129,0.1318349987268448
444,1.219,2.6718,0,1,1.00408935546875,1.2146759033203125,0.385284423828125,-1.687449932098389,0.5225087404251099,0.3081892430782318
445,1.2958,3.084,0,1,0.7137451171875,1.3596649169921875,-0.001739501953125,-1.5597143173217771,-1.0776022672653198,0.2059531658887863
446,1.3672,3.4415,0,1,0.6434326171875,1.4879913330078125,-0.2735595703125,-1.252112865447998,-0.6391096711158752,-0.0219641551375389
447,1.4293,3.6862,0,1,0.579742431640625,1.2375335693359375,0.1607208251953125,-1.5781296491622925,-1.9041231870651243,0.054970309138298
448,1.4794,3.7858,0,1,0.4582366943359375,0.9985198974609376,0.0896759033203125,-1.8995366096496584,-3.158867835998535,-0.2052639424800872
449,1.5145,3.7435,0,1,0.5002288818359375,0.9315643310546876,0.0281829833984375,-2.346961259841919,-3.0927510261535645,-0.3984578847885132
450,1.5306,3.5956,0,1,0.5499114990234375,0.8642425537109375,-0.0167388916015625,-2.637155055999756,-2.555415153503418,-0.5742489099502563
451,1.5241,3.3959,0,1,0.583404541015625,0.7862701416015625,-0.00299072265625,-2.6814568042755127,-2.3890161514282227,-0.6271957159042358
452,1.4937,3.1976,0,1,0.52569580078125,0.6878814697265625,-0.042083740234375,-2.5900940895080566,-2.3938379287719727,-0.6058779358863831
453,1.4405,3.0408,0,1,0.47308349609375,0.5964508056640625,-0.0797119140625,-2.446997880935669,-2.2195839881896973,-0.5163751840591431
454,1.3675,2.9471,0,1,0.43548583984375,0.5193023681640625,-0.07208251953125,-2.307375907897949,-1.9079517126083372,-0.395513504743576
455,1.2791,2.9197,0,1,0.3883209228515625,0.4561004638671875,-0.0496368408203125,-2.14251446723938,-1.649963617324829,-0.3123826682567596
456,1.1799,2.9454,0,1,0.3837738037109375,0.4522705078125,-0.0363006591796875,-1.934004664421081,-1.4276593923568726,-0.2749135792255401
457,1.075,3.0006,0,1,0.4197235107421875,0.517364501953125,-0.0285186767578125,-1.6908670663833618,-1.245821475982666,-0.2605133354663849
458,0.9699,3.057,0,1,0.4904632568359375,0.6584014892578125,-0.0386962890625,-1.503040432929993,-1.1339359283447266,-0.227622240781784
459,0.8713,3.0879,0,1,0.5297088623046875,0.8250579833984375,-0.115478515625,-1.3858728408813477,-1.0098237991333008,-0.1936118155717849
460,0.7869,3.0727,0,1,0.5374908447265625,0.954833984375,-0.2694091796875,-1.201379418373108,-0.8160809874534607,-0.1509210765361786
461,0.7244,2.9991,0,1,0.52520751953125,0.974853515625,-0.43560791015625,-0.8142439126968384,-0.7412698268890381,-0.0705988034605979
462,0.6904,2.8635,0,1,0.546600341796875,0.90899658203125,-0.25189208984375,-0.3658205866813659,-0.7521795034408569,-0.0183963179588317
463,0.688,2.6689,0,1,0.688751220703125,0.8748779296875,0.0141143798828125,-0.2291144132614135,-0.6983665823936462,0.132136732339859
464,0.7159,2.4242,0,1,0.8416595458984375,0.8817291259765625,0.163604736328125,-0.1647553890943527,-0.894518256187439,0.4769468605518341
465,0.769,2.1451,0,1,0.7767791748046875,0.78167724609375,0.180389404296875,-0.0332216024398803,-1.2614976167678833,0.71795254945755
466,0.8396,1.8534,0,1,0.644439697265625,0.7401123046875,0.13873291015625,0.0275280307978391,-1.0772236585617063,0.6815782785415649
467,0.9184,1.5745,0,1,0.600311279296875,0.8150634765625,0.1091461181640625,-0.1489244997501373,-0.2825227677822113,0.630317211151123
468,0.9954,1.3297,0,1,0.5229339599609375,0.92095947265625,0.0796661376953125,-0.4576964676380157,0.7441489696502686,0.477410227060318
469,1.0621,1.1326,0,1,0.3943634033203125,1.06787109375,-0.0656890869140625,-0.9358382821083068,1.2567949295043943,0.2209662050008773
470,1.1134,0.99,0,1,0.3300933837890625,1.1053466796875,-0.63726806640625,-0.5699225664138794,-1.3052072525024414,-0.0455206148326396
471,1.1481,0.9064,0,1,0.4189910888671875,0.921417236328125,-0.4417877197265625,0.1403866708278656,-2.637127161026001,-0.0250369105488061
472,1.168,0.885,0,1,0.5203704833984375,0.7896728515625,-0.3237457275390625,0.6107057332992554,-1.7291889190673828,-0.0464199632406234
473,1.1757,0.9264,0,1,0.68218994140625,0.7458038330078125,-0.2075042724609375,0.8621554970741272,-0.6968608498573303,0.1674494445323944
474,1.1732,1.0221,0,1,0.7304229736328125,0.7394561767578125,-0.104095458984375,0.9407384991645812,-0.7745292782783508,0.4233379364013672
475,1.1625,1.1532,0,1,0.7277069091796875,0.7895050048828125,-0.1189117431640625,0.9649250507354736,-1.0724714994430542,0.4663021862506866
476,1.1457,1.2959,0,1,0.696441650390625,0.8232879638671875,-0.07940673828125,0.849755048751831,-1.1974546909332275,0.4887957870960235
477,1.1255,1.4295,0,1,0.5529022216796875,0.876861572265625,-0.0489959716796875,0.668426513671875,-1.340944766998291,0.4041512012481689
478,1.1046,1.5399,0,1,0.479705810546875,0.8990325927734375,-0.045318603515625,0.5389934182167053,-1.4312174320220947,0.3061689734458923
479,1.0849,1.6196,0,1,0.5412445068359375,0.8816375732421875,-0.0885772705078125,0.4798848330974579,-1.224705696105957,0.4090516865253448
480,1.0677,1.6664,0,1,0.6504669189453125,0.79522705078125,-0.10369873046875,0.4817914068698883,-0.9833580851554872,0.597735583782196
481,1.0536,1.6812,0,1,0.7429351806640625,0.7046356201171875,-0.0836181640625,0.360550194978714,-1.0645544528961182,0.7133061289787292
482,1.0428,1.6669,0,1,0.733428955078125,0.657684326171875,-0.0660247802734375,0.1102687194943428,-1.0518550872802734,0.6702670454978943
483,1.0349,1.6285,0,1,0.682098388671875,0.64324951171875,0.0063018798828125,-0.3180104494094848,-0.7401670217514038,0.6120008230209351
484,1.0289,1.5714,0,1,0.6162872314453125,0.66778564453125,0.0561676025390625,-0.7631333470344543,-0.4135356545448303,0.613287091255188
485,1.0234,1.5012,0,1,0.548553466796875,0.7097930908203125,0.0810546875,-1.0866661071777344,-0.2249841094017028,0.5844168663024902
486,1.0167,1.424,0,1,0.5091705322265625,0.7765350341796875,0.0748443603515625,-1.342154622077942,-0.3362185060977936,0.546639621257782
487,1.0078,1.3478,0,1,0.5279083251953125,0.8114166259765625,-0.0244903564453125,-1.4900755882263184,-0.6901403665542603,0.5367883443832397
488,0.9967,1.2829,0,1,0.607391357421875,0.827362060546875,-0.1755828857421875,-1.4872534275054932,-1.0363928079605105,0.5628902316093445
489,0.9846,1.2402,0,1,0.6110382080078125,0.817138671875,-0.2171478271484375,-1.502474308013916,-0.8621712327003479,0.5479112863540649
490,0.9734,1.2284,0,1,0.561370849609375,0.789794921875,-0.1970062255859375,-1.6364458799362185,-0.2909484803676605,0.4355168640613556
491,0.965,1.2508,0,1,0.51324462890625,0.777557373046875,-0.1346588134765625,-1.7498512268066406,0.0960069596767425,0.3182623982429504
492,0.9604,1.3046,0,1,0.4591217041015625,0.761138916015625,-0.035125732421875,-1.872500777244568,-0.0846094265580177,0.1897022873163223
493,0.959,1.3831,0,1,0.445343017578125,0.74078369140625,-0.0164337158203125,-1.9711858034133911,-0.5556427240371704,0.0440026111900806
494,0.9591,1.4779,0,1,0.51275634765625,0.72314453125,-0.1071319580078125,-1.9152194261550903,-1.0025334358215332,-0.0236462075263261
495,0.9587,1.5817,0,1,0.5830230712890625,0.7043304443359375,-0.242584228515625,-1.6695075035095217,-1.4583173990249634,0.0022676817607134
496,0.9567,1.6886,0,1,0.6852874755859375,0.705474853515625,-0.378448486328125,-1.246655821800232,-1.7780637741088867,0.062014102935791
497,0.9533,1.7935,0,1,0.8043212890625,0.728057861328125,-0.5020599365234375,-0.6758644580841064,-1.708781123161316,0.2213915139436721
498,0.9508,1.8907,0,1,0.8185882568359375,0.7088165283203125,-0.530029296875,-0.0942908152937889,-1.4193590879440308,0.4598389565944671
499,0.9522,1.9717,0,1,0.7704620361328125,0.675445556640625,-0.4532318115234375,0.2264648377895355,-0.8926383256912231,0.5877141356468201
500,0.9603,2.0253,0,1,0.63446044921875,0.6213531494140625,-0.318145751953125,0.2689310610294342,-0.1350664794445037,0.6118689775466919
501,0.9753,2.0387,0,1,0.4506683349609375,0.574615478515625,-0.17596435546875,0.2331578880548477,0.3713325262069702,0.5919312238693237
502,0.9937,2.0014,0,1,0.3095245361328125,0.5837860107421875,-0.0608978271484375,0.2032564431428909,0.3982578814029693,0.5046698451042175
503,1.0094,1.9092,0,1,0.2659454345703125,0.6052398681640625,-0.0531158447265625,0.2608171999454498,-0.0175981689244508,0.3650157749652862
504,1.0159,1.7657,0,1,0.2871856689453125,0.68634033203125,-0.1824188232421875,0.4324779212474823,-0.5986480116844177,0.1724569946527481
505,1.0087,1.582,0,1,0.513824462890625,0.738128662109375,-0.498779296875,0.8413586020469666,-0.6951864957809448,0.1857008934020996
506,0.9881,1.377,0,1,0.7266998291015625,0.704986572265625,-0.5490264892578125,1.5400588512420654,-0.6038233041763306,0.4856388866901397
507,0.9589,1.1759,0,1,0.706756591796875,0.6652069091796875,-0.0256500244140625,1.0683594942092896,0.0394776351749897,0.5669787526130676
508,0.9285,1.0036,0,1,0.6415863037109375,0.6380615234375,0.4472198486328125,-0.4127745330333709,0.1095983982086181,0.2933115065097809
509,0.9037,0.8772,0,1,0.6505279541015625,0.6397705078125,0.4463958740234375,-1.3468300104141235,-0.807097315788269,0.0492240041494369
510,0.8886,0.8038,0,1,0.72998046875,0.7578887939453125,0.3420867919921875,-1.9130157232284544,-1.3448116779327393,-0.1388502866029739
511,0.8857,0.7871,0,1,0.9360198974609376,0.905242919921875,0.2093048095703125,-2.1980738639831543,-1.4045099020004272,-0.0941246375441551
512,0.8962,0.8311,0,1,1.0909881591796875,0.931243896484375,-0.5312042236328125,-1.689867615699768,-0.500382661819458,0.103987917304039
513,0.9216,0.9356,0,1,0.752899169921875,0.9694061279296876,-0.478912353515625,0.3976696133613586,1.2873555421829224,0.1702915728092193
514,0.9623,1.0878,0,1,0.7455596923828125,1.0668792724609375,0.2839813232421875,0.18103688955307,0.0081844264641404,0.1870010495185852
515,1.017,1.2614,0,1,0.7403564453125,1.1427001953125,0.337554931640625,-0.7551052570343018,-1.3711801767349243,0.1603031158447265
516,1.0816,1.4255,0,1,0.64599609375,1.0460662841796875,0.1266632080078125,-1.574967384338379,-1.593436360359192,0.005070658866316
517,1.1502,1.5589,0,1,0.72332763671875,1.050201416015625,-0.02227783203125,-1.8641482591629028,-1.159455418586731,-0.1862995624542236
518,1.2164,1.6564,0,1,0.829986572265625,1.103424072265625,-0.190277099609375,-1.6237258911132812,-0.6622035503387451,-0.199436143040657
519,1.2747,1.7227,0,1,0.7869720458984375,1.0484161376953125,-0.1044769287109375,-1.1338988542556765,-0.6477020978927612,-0.2561071515083313
520,1.3213,1.7636,0,1,0.7295989990234375,0.9466552734375,-0.0010223388671875,-0.9700084924697876,-0.9130807518959044,-0.3173156380653381
521,1.354,1.7814,0,1,0.6950531005859375,0.912384033203125,-0.01556396484375,-1.0803924798965454,-0.8492668867111206,-0.3246204257011413
522,1.3714,1.7769,0,1,0.6349334716796875,0.8483428955078125,-0.040313720703125,-1.2293130159378052,-0.5783222317695618,-0.412591814994812
523,1.3728,1.7518,0,1,0.6087188720703125,0.7716522216796875,-0.01519775390625,-1.3444713354110718,-0.5568163990974426,-0.5019824504852295
524,1.3579,1.7103,0,1,0.5896759033203125,0.7035064697265625,-0.0079803466796875,-1.4299577474594116,-0.6710768938064575,-0.4944115877151489
525,1.3275,1.6594,0,1,0.5246734619140625,0.6390838623046875,-0.0512542724609375,-1.4594849348068235,-0.6473236680030823,-0.4502454698085785
526,1.2826,1.607,0,1,0.4459075927734375,0.6017303466796875,-0.0944976806640625,-1.418501377105713,-0.3938000202178955,-0.4539104998111725
527,1.2253,1.5607,0,1,0.39923095703125,0.6071014404296875,-0.111541748046875,-1.3474761247634888,-0.1336802989244461,-0.4972113668918609
528,1.1581,1.5247,0,1,0.38165283203125,0.6474609375,-0.1300506591796875,-1.2703478336334229,0.0351936742663383,-0.5493699312210083
529,1.0845,1.5,0,1,0.4056854248046875,0.724334716796875,-0.1398162841796875,-1.2422420978546145,0.1832633018493652,-0.5934577584266663
530,1.0092,1.4845,0,1,0.436309814453125,0.791015625,-0.158538818359375,-1.2405632734298706,0.2414794713258743,-0.6372819542884827
531,0.938,1.4752,0,1,0.477783203125,0.8479766845703125,-0.2238616943359375,-1.2241201400756836,0.3320258855819702,-0.7238487601280212
532,0.8769,1.4692,0,1,0.556854248046875,0.746826171875,-0.286956787109375,-1.0299439430236816,0.3699111938476562,-0.7144001722335815
533,0.8311,1.4638,0,1,0.6279754638671875,0.6637115478515625,-0.2304534912109375,-0.7474457025527954,0.3067586123943329,-0.5691702365875244
534,0.8039,1.4553,0,1,0.717041015625,0.6386260986328125,-0.125885009765625,-0.5486711263656616,0.1363221555948257,-0.3674927949905395
535,0.7955,1.4376,0,1,0.7783050537109375,0.65081787109375,-0.033599853515625,-0.3881320357322693,-0.1156885176897049,-0.1166304722428321
536,0.8042,1.4032,0,1,0.8537750244140625,0.6780548095703125,0.07208251953125,-0.2426941394805908,-0.5455658435821533,0.1779918372631073
537,0.8269,1.346,0,1,0.828887939453125,0.6627655029296875,0.1307525634765625,-0.1216055303812027,-1.089000940322876,0.369506686925888
538,0.86,1.2666,0,1,0.772216796875,0.66522216796875,0.1055755615234375,-0.0666610524058342,-1.1858731508255005,0.3853024244308471
539,0.8995,1.1731,0,1,0.7877960205078125,0.7408905029296875,0.10748291015625,-0.2158161848783493,-0.6445204019546509,0.4197442829608917
540,0.9414,1.0778,0,1,0.8489990234375,0.83343505859375,0.176849365234375,-0.3859927058219909,-0.256875991821289,0.472961962223053
541,0.9826,0.9904,0,1,0.8205108642578125,0.8862762451171875,0.1866912841796875,-0.4331799149513244,-0.1321026384830474,0.5196005702018738
542,1.0214,0.9158,0,1,0.70916748046875,0.89312744140625,0.1416168212890625,-0.4206707775592804,0.302527368068695,0.5016031861305237
543,1.0568,0.8558,0,1,0.58929443359375,0.9001312255859375,0.0919342041015625,-0.3298508822917938,1.0645326375961304,0.4635005593299866
544,1.0879,0.8121,0,1,0.400482177734375,0.963714599609375,0.0240631103515625,-0.289384663105011,1.7774291038513184,0.3370272815227508
545,1.1135,0.789,0,1,0.101593017578125,1.12359619140625,-0.4692840576171875,0.0190743580460548,0.3528259694576263,-0.2171158045530319
546,1.1325,0.7904,0,1,0.3796844482421875,1.044952392578125,-0.3191680908203125,0.6101597547531128,-2.0192642211914062,-0.4305841326713562
547,1.145,0.8187,0,1,0.5827484130859375,0.898651123046875,-0.2075042724609375,0.8609118461608887,-1.8399475812911987,-0.1422490179538726
548,1.1518,0.8754,0,1,0.6450653076171875,0.8231201171875,-0.147918701171875,1.0925109386444092,-0.4677637219429016,0.2030377984046936
549,1.1536,0.9606,0,1,0.7169952392578125,0.7935028076171875,-0.1445159912109375,1.5100160837173462,0.3547106981277466,0.4881033599376678
550,1.1509,1.0691,0,1,0.735321044921875,0.7625732421875,-0.1513671875,2.1520276069641118,0.3355614840984344,0.7437987923622131
551,1.1441,1.1937,0,1,0.6450347900390625,0.7635955810546875,-0.1234588623046875,2.628159523010254,0.1967500746250152,0.7899870276451111
552,1.134,1.3314,0,1,0.6431732177734375,0.8528594970703125,-0.0683135986328125,2.588596105575561,0.1701349765062332,0.8662101626396179
553,1.1213,1.4823,0,1,0.5628662109375,1.0064544677734375,0.0052490234375,1.9908775091171265,-0.0506474636495113,0.7737409472465515
554,1.1075,1.6447,0,1,0.4863128662109375,1.1289520263671875,0.002166748046875,1.3472119569778442,-0.2558285892009735,0.4399605989456177
555,1.0951,1.8084,0,1,0.5536651611328125,1.144805908203125,-0.1515960693359375,1.1459754705429075,-0.361997902393341,0.2800042331218719
556,1.0868,1.9546,0,1,0.492950439453125,0.9268035888671876,-0.1130523681640625,1.2413933277130127,0.1531639844179153,0.3090505301952362
557,1.0846,2.0624,0,1,0.389678955078125,0.76580810546875,0.05389404296875,1.1911808252334597,0.8302178382873535,0.1438000500202179
558,1.0872,2.1166,0,1,0.3973236083984375,0.690338134765625,0.1482391357421875,0.9062628149986268,0.7174513339996338,0.0295765344053506
559,1.0906,2.1106,0,1,0.457122802734375,0.6539306640625,0.13232421875,0.50859135389328,0.0752835720777511,-0.0007145261042751
560,1.0896,2.0445,0,1,0.5730743408203125,0.631927490234375,-0.03045654296875,0.1261627227067947,-0.3643529117107391,0.021466676145792
561,1.0802,1.9217,0,1,0.69915771484375,0.62371826171875,-0.2216796875,-0.0227662995457649,-0.1790531128644943,0.2121870964765548
562,1.0611,1.7484,0,1,0.5763092041015625,0.577911376953125,-0.215576171875,-0.002542519941926,0.0615219511091709,0.1432799249887466
563,1.0337,1.5345,0,1,0.5644378662109375,0.607391357421875,-0.1424560546875,-0.1036257296800613,-0.0216094218194484,-0.1307114064693451
564,1.0006,1.2938,0,1,0.6227569580078125,0.6306915283203125,-0.1154327392578125,-0.4015540778636932,-0.3443786799907684,-0.2432997375726699
565,0.9651,1.0439,0,1,0.6278839111328125,0.6093292236328125,-0.1723785400390625,-0.5962327718734741,-0.5916601419448853,-0.2192133069038391
566,0.9306,0.8064,0,1,0.537384033203125,0.5941162109375,-0.2217559814453125,-0.4815669059753418,-0.6047572493553162,-0.2316311001777649
567,0.8998,0.6026,0,1,0.4864501953125,0.5932464599609375,-0.2411651611328125,-0.2662407457828522,-0.6331393718719482,-0.2083705216646194
568,0.8744,0.4494,0,1,0.4990386962890625,0.5960235595703125,-0.3467559814453125,-0.0044903559610247,-0.6033625602722168,-0.1513178795576095
569,0.8552,0.3544,0,1,0.6394195556640625,0.6275787353515625,-0.597869873046875,0.4422871470451355,-0.3537418246269226,-0.019540412351489
570,0.8431,0.3164,0,1,0.9587860107421876,0.63226318359375,-0.7668304443359375,1.0538424253463743,0.3005672991275787,0.3224297165870666
571,0.8409,0.3292,0,1,1.189544677734375,0.54296875,-0.5740966796875,1.4256231784820557,0.7611239552497864,0.8124838471412659
572,0.8527,0.387,0,1,1.0827789306640625,0.395599365234375,-0.3566436767578125,1.3707183599472046,0.6800554990768433,1.073521852493286
573,0.8813,0.4864,0,1,0.8672027587890625,0.2545166015625,-0.126251220703125,0.8831912875175476,0.598331093788147,1.1069724559783936
574,0.9248,0.6231,0,1,0.5872802734375,0.1964111328125,0.0819091796875,0.1758913993835449,0.4697573781013489,0.9299383163452148
575,0.9752,0.7862,0,1,0.32110595703125,0.2814178466796875,0.226531982421875,-0.4265281558036804,-0.1361181586980819,0.5585455894470215
576,1.0201,0.9568,0,1,0.2849884033203125,0.430389404296875,-0.0102081298828125,-0.6932730078697205,-0.8586795330047607,0.1928605288267135
577,1.048,1.1137,0,1,0.4389190673828125,0.843292236328125,-1.25238037109375,0.4971980452537536,-1.1781505346298218,0.1438517123460769
578,1.054,1.2395,0,1,0.66851806640625,0.9336395263671876,0.2768096923828125,-0.3158993721008301,-0.0729668885469436,0.4731883406639099
579,1.0425,1.324,0,1,0.5096893310546875,0.908111572265625,0.4499664306640625,-1.3281192779541016,-0.6113405823707581,-0.0977412089705467
580,1.023,1.3653,0,1,0.7020263671875,1.0815887451171875,0.37872314453125,-1.925471305847168,-1.1667077541351318,-0.5774534940719604
581,1.0059,1.3727,0,1,1.0826263427734375,1.3997650146484375,-0.097808837890625,-2.181567430496216,-0.4079741835594177,-0.4325026869773865
582,1.001,1.365,0,1,0.926300048828125,1.3606414794921875,-1.047943115234375,-0.2625584006309509,0.9562785625457764,0.0723370462656021
583,1.0174,1.3591,0,1,0.5750885009765625,1.0706634521484375,0.268310546875,-0.1518425196409225,-0.2643903791904449,0.2036074548959732
584,1.0595,1.36,0,1,0.418365478515625,0.982086181640625,0.2447662353515625,-0.7975091338157654,-1.091624140739441,-0.2598779201507568
585,1.1236,1.363,0,1,0.62591552734375,1.0777740478515625,0.0910186767578125,-1.274375557899475,-1.2058687210083008,-0.5031797885894775
586,1.1992,1.3635,0,1,0.8493194580078125,1.0266876220703125,-0.2679443359375,-1.2916642427444458,-0.4811442494392395,-0.4456437826156616
587,1.2742,1.362,0,1,0.9014892578125,0.94256591796875,-0.1903076171875,-0.8966999053955078,0.1300581395626068,-0.350983589887619
588,1.3389,1.3595,0,1,0.86468505859375,0.8728485107421875,0.01983642578125,-0.8320119976997375,0.0549732372164726,-0.2609674036502838
589,1.387,1.3539,0,1,0.792236328125,0.84564208984375,0.0118255615234375,-1.021650314331055,0.0384959951043129,-0.3518917262554168
590,1.4148,1.3412,0,1,0.6987762451171875,0.8853759765625,-0.0546112060546875,-1.3046621084213257,0.2331307232379913,-0.4769697487354278
591,1.4213,1.3203,0,1,0.57781982421875,0.859344482421875,-0.1134033203125,-1.3936878442764282,0.0697346031665802,-0.5565681457519531
592,1.4071,1.2943,0,1,0.49017333984375,0.78253173828125,-0.11309814453125,-1.348413348197937,-0.2083079367876052,-0.6986954808235168
593,1.3742,1.2701,0,1,0.4788360595703125,0.71435546875,-0.084259033203125,-1.3527840375900269,-0.3542195856571197,-0.7913942933082581
594,1.3252,1.2551,0,1,0.470489501953125,0.656097412109375,-0.070953369140625,-1.3633850812911987,-0.3780370354652405,-0.806719958782196
595,1.2632,1.2549,0,1,0.480865478515625,0.592071533203125,-0.05242919921875,-1.3862240314483645,-0.327374130487442,-0.7716360092163086
596,1.1917,1.2723,0,1,0.467803955078125,0.54132080078125,-0.06719970703125,-1.35784113407135,-0.3097874224185943,-0.7503272294998169
597,1.1145,1.3068,0,1,0.458648681640625,0.5471038818359375,-0.1213531494140625,-1.2908408641815186,-0.1712918579578399,-0.7318955063819885
598,1.0354,1.3543,0,1,0.477020263671875,0.626739501953125,-0.17138671875,-1.1915360689163208,0.1316277980804443,-0.6829553842544556
599,0.9589,1.4077,0,1,0.5360870361328125,0.7274932861328125,-0.2214813232421875,-1.0491509437561035,0.5000854730606079,-0.6555954217910767
600,0.8899,1.4591,0,1,0.6180419921875,0.8147430419921875,-0.2349395751953125,-0.832724392414093,0.7499831914901733,-0.5999079346656799
601,0.8339,1.5002,0,1,0.6469268798828125,0.7714385986328125,-0.238433837890625,-0.6016070246696472,0.8809329271316528,-0.4964656829833984
602,0.7958,1.5247,0,1,0.6804351806640625,0.7109832763671875,-0.197021484375,-0.4267404079437256,0.9465523958206176,-0.3464953601360321
603,0.7786,1.528,0,1,0.727447509765625,0.6804351806640625,-0.1224365234375,-0.2798806428909302,0.7125473618507385,-0.1675056368112564
604,0.7821,1.5069,0,1,0.748443603515625,0.6807098388671875,-0.010406494140625,-0.1226771846413612,0.1654419600963592,-0.0069391326978802
605,0.8034,1.4583,0,1,0.7252044677734375,0.6825103759765625,0.0819091796875,-0.0014008227735757,-0.5319464206695557,0.0840546861290931
606,0.8378,1.3799,0,1,0.786865234375,0.7558441162109375,0.0887298583984375,0.046286005526781,-0.8236651420593262,0.1702095419168472
607,0.8801,1.2743,0,1,0.846466064453125,0.8052825927734375,0.1421661376953125,0.013171462342143,-0.9749411940574646,0.2976498007774353
608,0.9257,1.1515,0,1,0.828521728515625,0.78082275390625,0.1848602294921875,-0.0896276235580444,-1.2376575469970703,0.4171333014965057
609,0.9715,1.0279,0,1,0.848358154296875,0.8306427001953125,0.1876983642578125,-0.1958784312009811,-1.4440056085586548,0.6193665862083435
610,1.0153,0.9222,0,1,0.7823944091796875,0.8814697265625,0.124237060546875,-0.2408261895179748,-1.1179622411727903,0.6891778707504272
611,1.0556,0.8503,0,1,0.663604736328125,0.89300537109375,0.06634521484375,-0.2422848045825958,-0.2015309780836105,0.5890454053878784
612,1.0911,0.8193,0,1,0.551239013671875,0.88665771484375,0.0016326904296875,-0.2340428531169891,1.0814958810806274,0.4600781202316284
613,1.1206,0.8267,0,1,0.3790283203125,0.972503662109375,-0.8673095703125,0.6085818409919739,1.4679394960403442,0.3288415372371673
614,1.1434,0.8666,0,1,0.511260986328125,0.93609619140625,-0.628692626953125,2.4174978733062744,-0.1423693895339965,0.5146098136901855
615,1.1602,0.9363,0,1,0.5312347412109375,0.8320159912109375,-0.1521453857421875,2.560820341110229,0.4162001311779022,0.6249983906745911
616,1.1718,1.0382,0,1,0.5793914794921875,0.7848358154296875,0.100860595703125,2.037823438644409,0.809935986995697,0.7849968075752258
617,1.1779,1.1749,0,1,0.646270751953125,0.7275848388671875,0.0388336181640625,1.707053542137146,0.1472754776477813,0.8959206938743591
618,1.1769,1.3426,0,1,0.7140655517578125,0.71624755859375,-0.06500244140625,1.7656481266021729,-0.9329923987388612,0.964593470096588
619,1.168,1.5296,0,1,0.671295166015625,0.7950286865234375,-0.0518798828125,1.7629684209823608,-1.213045597076416,0.8338629007339478
620,1.1515,1.7206,0,1,0.69677734375,0.96942138671875,-0.047515869140625,1.572142243385315,-0.759797215461731,0.6950141787528992
621,1.1302,1.8991,0,1,0.6822967529296875,1.097503662109375,-0.0654449462890625,1.3114752769470217,-0.3801356256008148,0.5899423956871033
622,1.1083,2.0485,0,1,0.6761627197265625,1.1291351318359375,-0.1152496337890625,0.9999560117721558,-0.3945401310920715,0.5444380044937134
623,1.0913,2.1524,0,1,0.5600433349609375,0.9665069580078124,-0.163543701171875,0.7881278991699219,-0.2494511008262634,0.5792524218559265
624,1.0829,2.1973,0,1,0.4886932373046875,0.809814453125,-0.1389007568359375,0.614112138748169,0.1251754909753799,0.4770152866840362
625,1.0834,2.175,0,1,0.46551513671875,0.6834564208984375,-0.0724029541015625,0.4446781277656555,0.3199407160282135,0.3234547674655914
626,1.0893,2.0843,0,1,0.4742889404296875,0.6138916015625,0.0224456787109375,0.2213254570960998,0.2243667989969253,0.1405248939990997
627,1.0943,1.9305,0,1,0.48419189453125,0.6147003173828125,0.0935211181640625,-0.1384183317422866,0.0961710065603256,0.0580246858298778
628,1.0924,1.7244,0,1,0.4844512939453125,0.651580810546875,0.0700225830078125,-0.590489387512207,0.1489255577325821,-0.0323749855160713
629,1.0796,1.4824,0,1,0.5807952880859375,0.7015838623046875,-0.060028076171875,-0.8435267210006714,0.3716816902160644,-0.0212701354175806
630,1.055,1.2267,0,1,0.5949554443359375,0.6941986083984375,-0.1209564208984375,-0.8584076762199402,0.3771544694900512,0.024387365207076
631,1.0211,0.9829,0,1,0.5789337158203125,0.656097412109375,-0.1181488037109375,-0.8064011931419373,-0.1132559850811958,-0.0062634884379804
632,0.9822,0.7746,0,1,0.595703125,0.6414031982421875,-0.12664794921875,-0.9031335711479188,-0.5621877312660217,-0.0436249747872352
633,0.9432,0.6191,0,1,0.489349365234375,0.585052490234375,-0.1490478515625,-1.0469003915786743,-0.7371124029159546,-0.261132538318634
634,0.9074,0.5265,0,1,0.400115966796875,0.6161346435546875,-0.0992584228515625,-1.2490270137786863,-0.9045072197914124,-0.5590201616287231
635,0.8766,0.5014,0,1,0.412353515625,0.6388092041015625,-0.146209716796875,-1.447513222694397,-1.0565345287322998,-0.6223799586296082
636,0.8513,0.5436,0,1,0.5279541015625,0.66168212890625,-0.4300079345703125,-1.293049931526184,-1.1001662015914917,-0.5925480127334595
637,0.8324,0.648,0,1,1.0751953125,0.760009765625,-1.2591552734375,0.3574462831020355,-1.857048869132996,-0.3012559711933136
638,0.8243,0.8036,0,1,1.4239654541015625,0.72760009765625,-0.8936309814453125,1.643717885017395,-0.8397127985954285,0.4950275719165802
639,0.835,0.9952,0,1,1.022064208984375,0.590789794921875,-0.1440887451171875,1.1772066354751587,1.1536062955856323,0.9249795079231262
640,0.8711,1.2046,0,1,0.58758544921875,0.503173828125,0.24237060546875,0.3118881285190582,1.6768516302108765,0.657514214515686
641,0.9305,1.413,0,1,0.4697265625,0.5018463134765625,0.2007293701171875,-0.1300586611032486,1.464585781097412,0.501952588558197
642,1.0019,1.6024,0,1,0.39349365234375,0.44500732421875,-0.267486572265625,0.1961766928434372,1.176140308380127,0.4216851890087127
643,1.0697,1.7564,0,1,0.17449951171875,0.5431365966796875,-0.9405670166015624,1.763480544090271,-0.3586452305316925,0.2209861725568771
644,1.1204,1.8642,0,1,0.40789794921875,0.6672515869140625,-0.489837646484375,1.719760179519653,-0.2235385477542877,0.4148214161396026
645,1.1473,1.9218,0,1,0.6521759033203125,0.7279205322265625,0.56097412109375,-0.234669491648674,-0.2266746908426284,0.1289489269256591
646,1.1505,1.9303,0,1,0.777740478515625,0.75543212890625,0.51507568359375,-1.165960669517517,-1.8352400064468384,-0.4719960391521454
647,1.1353,1.8963,0,1,0.948883056640625,0.684478759765625,0.333892822265625,-1.716187596321106,-2.626800060272217,-0.2334028929471969
648,1.1101,1.8372,0,1,0.9487457275390624,0.5958099365234375,0.06402587890625,-1.9220837354660036,-2.012681245803833,0.3773835003376007
649,1.0836,1.7799,0,1,0.9007568359375,0.554656982421875,-0.8007659912109375,-1.1036189794540403,0.7117928862571716,0.4923929274082184
650,1.063,1.7468,0,1,0.7745208740234375,0.869354248046875,0.0300750732421875,-0.2752171754837036,1.99532151222229,0.1377858221530914
651,1.0531,1.7456,0,1,0.811737060546875,1.112548828125,0.25823974609375,-0.4256570339202881,0.8970341682434082,-0.0452979728579521
652,1.0565,1.7684,0,1,0.6497650146484375,1.334381103515625,-0.26495361328125,-0.6875858306884766,-0.1765465438365936,0.116778016090393
653,1.0744,1.7973,0,1,0.451812744140625,1.2867279052734375,-0.17645263671875,-0.469374418258667,-1.123161554336548,0.0385029166936874
654,1.1064,1.8126,0,1,0.464752197265625,1.13861083984375,0.1121673583984375,-0.9243768453598022,-1.813695788383484,-0.2410807907581329
655,1.1495,1.8031,0,1,0.5508880615234375,1.11724853515625,0.0082855224609375,-1.1144248247146606,-1.5483431816101074,-0.4754954278469085
656,1.1983,1.7706,0,1,0.7100372314453125,1.098297119140625,-0.1935882568359375,-0.9273004531860352,-0.6425619125366211,-0.4754003584384918
657,1.2465,1.723,0,1,0.7664642333984375,0.95367431640625,-0.111724853515625,-0.5726131796836853,0.1468475013971328,-0.4570903182029724
658,1.2886,1.6656,0,1,0.7895050048828125,0.89495849609375,0.01702880859375,-0.4625532627105713,0.1745361238718032,-0.5183757543563843
659,1.3203,1.5978,0,1,0.83782958984375,0.8955078125,-0.0068817138671875,-0.5371339917182922,0.2312156409025192,-0.5964431762695312
660,1.3392,1.5172,0,1,0.8333282470703125,0.8424072265625,-0.0251007080078125,-0.7449500560760498,0.4385387301445007,-0.6364582180976868
661,1.3445,1.4241,0,1,0.78216552734375,0.741119384765625,-0.0135650634765625,-0.957583785057068,0.2475296407938003,-0.6815793514251709
662,1.3366,1.3241,0,1,0.682464599609375,0.6530303955078125,-0.06182861328125,-1.080642580986023,-0.3084625005722046,-0.7519949078559875
663,1.3163,1.2271,0,1,0.63629150390625,0.62799072265625,-0.04364013671875,-1.2359626293182373,-0.8828786611557007,-0.7793282866477966
664,1.2845,1.1462,0,1,0.6215972900390625,0.6332244873046875,0.0028228759765625,-1.568928599357605,-1.2749534845352173,-0.7129029035568237
665,1.242,1.0956,0,1,0.5532989501953125,0.599090576171875,-0.035797119140625,-1.8299405574798584,-1.5778651237487793,-0.6594335436820984
666,1.1903,1.0895,0,1,0.489044189453125,0.5695343017578125,-0.0919647216796875,-1.9252619743347168,-1.6769379377365112,-0.6428955793380737
667,1.1317,1.1388,0,1,0.4920806884765625,0.5683135986328125,-0.128387451171875,-1.901769995689392,-1.568653225898743,-0.5892691016197205
668,1.0686,1.247,0,1,0.5455474853515625,0.5696868896484375,-0.081695556640625,-1.817974090576172,-1.4250273704528809,-0.4851661622524261
669,1.0042,1.4076,0,1,0.5690765380859375,0.5830230712890625,-0.0527801513671875,-1.7254575490951538,-1.2596927881240845,-0.3796826004981994
670,0.9421,1.6044,0,1,0.536956787109375,0.636810302734375,-0.1027069091796875,-1.649666666984558,-0.6834390163421631,-0.2925301194190979
671,0.8861,1.8133,0,1,0.492828369140625,0.6930999755859375,-0.1113433837890625,-1.571977972984314,-0.0683276578783989,-0.3380973637104034
672,0.8396,2.0073,0,1,0.515106201171875,0.732940673828125,-0.0729217529296875,-1.4101696014404297,-0.0407149381935596,-0.3865269422531128
673,0.8052,2.1607,0,1,0.49273681640625,0.782073974609375,-0.076873779296875,-1.2440462112426758,-0.224949762225151,-0.3791790008544922
674,0.7844,2.2545,0,1,0.5010223388671875,0.8549957275390625,-0.0326690673828125,-1.1086915731430054,-0.5445181727409363,-0.3888319134712219
675,0.7778,2.2788,0,1,0.61236572265625,0.8861083984375,0.07232666015625,-1.0121524333953855,-0.8797345161437988,-0.2705052495002746
676,0.7852,2.2344,0,1,0.6883392333984375,0.8733062744140625,0.1243438720703125,-0.834964394569397,-1.0681043863296509,-0.1299790441989898
677,0.8058,2.1315,0,1,0.7093048095703125,0.8070220947265625,0.1197967529296875,-0.529890775680542,-1.0146217346191406,0.0464939996600151
678,0.8378,1.9859,0,1,0.6773223876953125,0.7737884521484375,0.0762939453125,-0.2135815173387527,-0.5800164937973022,0.3009864687919616
679,0.8783,1.8138,0,1,0.600006103515625,0.83843994140625,-0.0001068115234375,0.0054730623960494,0.167119488120079,0.4830603897571563
680,0.923,1.6283,0,1,0.5358428955078125,0.9994354248046876,-0.2462158203125,0.3460394442081451,0.4836305975914001,0.4983898103237152
681,0.9681,1.4396,0,1,0.6305084228515625,1.0774383544921875,-0.298065185546875,0.893166720867157,-0.0480980202555656,0.5374194979667664
682,1.011,1.2587,0,1,0.6670379638671875,0.9650421142578124,-0.2216644287109375,1.3381412029266355,-0.3838200867176056,0.5089468359947205
683,1.0505,1.0989,0,1,0.7337493896484375,0.83160400390625,-0.1343994140625,1.5661057233810425,-0.387664645910263,0.5380783677101135
684,1.0858,0.9758,0,1,0.7513275146484375,0.7202301025390625,-0.0777587890625,1.6733118295669556,-0.3600907921791076,0.6632882356643677
685,1.1157,0.9034,0,1,0.740814208984375,0.6256103515625,-0.02886962890625,1.7327405214309692,-0.4664840996265411,0.7987546920776367
686,1.1377,0.8908,0,1,0.7423553466796875,0.5772247314453125,0.013427734375,1.6493470668792725,-0.8148348927497864,0.9227948784828186
687,1.1498,0.9402,0,1,0.7659149169921875,0.6151123046875,0.0361175537109375,1.320259928703308,-1.2588785886764526,0.9927436113357544
688,1.1503,1.0462,0,1,0.7514801025390625,0.722076416015625,0.1838531494140625,0.6085578799247742,-1.7249176502227783,0.9750123023986816
689,1.1399,1.1972,0,1,0.6861114501953125,0.83251953125,0.2833404541015625,-0.3085394501686096,-2.211400032043457,0.8800626397132874
690,1.1214,1.3783,0,1,0.7143096923828125,1.002960205078125,0.1172943115234375,-1.033733367919922,-2.222850799560547,0.7212578058242798
691,1.0995,1.5747,0,1,0.7900238037109375,1.04827880859375,-0.098968505859375,-1.1108965873718262,-1.7535823583602903,0.7293927073478699
692,1.08,1.7715,0,1,0.605621337890625,0.917755126953125,-0.03289794921875,-0.8627776503562927,-0.8408142924308777,0.7064761519432068
693,1.0675,1.9515,0,1,0.4968109130859375,0.8563690185546875,-0.0142669677734375,-0.5554712414741516,-0.3050664365291595,0.5634897351264954
694,1.0635,2.0933,0,1,0.45880126953125,0.836639404296875,-0.018463134765625,-0.3322309553623199,-0.4228407442569732,0.5478615164756775
695,1.0661,2.1753,0,1,0.438507080078125,0.8020477294921875,0.022003173828125,-0.5460478663444519,-1.2657554149627686,0.6127861738204956
696,1.0714,2.1855,0,1,0.4181060791015625,0.7697906494140625,-0.0727691650390625,-1.047174096107483,-1.7661415338516235,0.5160532593727112
697,1.0747,2.1281,0,1,0.4603729248046875,0.7178802490234375,-0.237762451171875,-1.3929802179336548,-1.3848400115966797,0.379709780216217
698,1.0724,2.023,0,1,0.5486297607421875,0.6991119384765625,-0.342193603515625,-1.34687077999115,-0.5903410315513611,0.4437281787395477
699,1.0625,1.8957,0,1,0.5665130615234375,0.685821533203125,-0.3167877197265625,-1.0247108936309814,0.157555803656578,0.5363595485687256
700,1.0454,1.7668,0,1,0.5476226806640625,0.6586761474609375,-0.132659912109375,-0.8301999568939209,0.2470713108778,0.4491516947746277
701,1.0227,1.6474,0,1,0.6077728271484375,0.644256591796875,-0.0044708251953125,-0.8710126876831055,-0.2997411787509918,0.3565200269222259
702,0.9967,1.541,0,1,0.67901611328125,0.5924072265625,-0.0155181884765625,-0.975953996181488,-0.9439244270324708,0.3667644262313843
703,0.9697,1.4481,0,1,0.8329010009765625,0.5582733154296875,-0.1313629150390625,-0.9544503092765808,-1.1486551761627195,0.5399894714355469
704,0.9445,1.371,0,1,0.936920166015625,0.5312957763671875,-0.2109222412109375,-0.8259546160697937,-0.97026389837265,0.6892362236976624
705,0.9241,1.313,0,1,0.893035888671875,0.46954345703125,-0.1712799072265625,-0.738204300403595,-0.7999315857887268,0.7268741130828857
706,0.9115,1.2763,0,1,0.7750091552734375,0.490325927734375,-0.05645751953125,-0.9622019529342652,-0.8373420238494873,0.5638231635093689
707,0.9077,1.2608,0,1,0.707916259765625,0.5100250244140625,-0.0382537841796875,-1.265484094619751,-1.0286579132080078,0.6280487179756165
708,0.9116,1.2649,0,1,0.5501251220703125,0.5024261474609375,-0.00677490234375,-1.451966643333435,-1.326296329498291,0.5451493263244629
709,0.9194,1.2887,0,1,0.4020233154296875,0.53228759765625,0.0181427001953125,-1.5429569482803345,-1.360668420791626,0.3104297816753387
710,0.9263,1.3333,0,1,0.2969818115234375,0.56884765625,0.0445556640625,-1.5404399633407593,-1.138161301612854,0.0171126741915941
711,0.9269,1.3988,0,1,0.19744873046875,0.580780029296875,0.11895751953125,-1.52685284614563,-0.9561057090759276,-0.3457640707492828
712,0.9178,1.482,0,1,0.3201904296875,0.8127593994140625,0.031280517578125,-1.6633278131484983,-1.1636762619018557,-0.6378752589225769
713,0.8991,1.5766,0,1,0.9909515380859376,1.476654052734375,-1.3911285400390625,0.7963951230049133,-1.5272650718688965,0.0173262599855661
714,0.8786,1.674,0,1,0.5886993408203125,1.150299072265625,0.4424591064453125,0.5375444293022156,-0.9440969824790956,0.532741129398346
715,0.8693,1.7628,0,1,0.5045166015625,0.991058349609375,0.302764892578125,-0.8476985692977905,-0.5378613471984863,0.1926932781934738
716,0.8818,1.8292,0,1,0.5873260498046875,0.92523193359375,0.15606689453125,-1.4945124387741089,-0.0870459526777267,-0.2299964427947998
717,0.9182,1.8616,0,1,0.7691802978515625,0.9118804931640624,-0.1969757080078125,-1.2229057550430298,0.0419296063482761,-0.3521465957164764
718,0.9737,1.8541,0,1,0.9688262939453124,0.9727325439453124,-0.0100555419921875,-0.2453916519880294,-0.15024995803833,-0.1012528538703918
719,1.0405,1.806,0,1,0.8652801513671875,0.92999267578125,0.3256988525390625,-0.2705137729644775,-1.6241178512573242,-0.1085720136761665
720,1.1108,1.7225,0,1,0.8449554443359375,0.89056396484375,0.2956695556640625,-0.5267306566238403,-2.6753463745117188,-0.3059282302856445
721,1.1782,1.6199,0,1,0.93231201171875,0.9406890869140624,0.148712158203125,-0.963196098804474,-2.6031494140625,-0.2974971830844879
722,1.2375,1.5258,0,1,0.9508056640625,0.926177978515625,-0.017578125,-1.3884317874908447,-1.3185970783233645,-0.1368638426065445
723,1.2854,1.4666,0,1,0.7637481689453125,0.9069366455078124,0.039337158203125,-1.6303951740264893,-0.6960325837135315,-0.0565434359014034
724,1.3198,1.4565,0,1,0.6431121826171875,0.910064697265625,-0.0111083984375,-1.6219404935836792,-0.9546241760253906,-0.1594956517219543
725,1.3397,1.4938,0,1,0.5219879150390625,0.9452362060546876,-0.22845458984375,-1.2909451723098757,-1.024518370628357,-0.3111957013607025
726,1.3443,1.5668,0,1,0.461883544921875,0.93701171875,-0.1137542724609375,-1.0805203914642334,-1.257487177848816,-0.4381499290466308
727,1.3338,1.6584,0,1,0.4666748046875,0.886932373046875,-0.0465240478515625,-1.2171024084091189,-1.4754104614257812,-0.3646807670593261
728,1.3093,1.7523,0,1,0.41973876953125,0.79559326171875,-0.0978851318359375,-1.2965404987335205,-1.2683831453323364,-0.3693317174911499
729,1.2728,1.8356,0,1,0.3858795166015625,0.747283935546875,-0.144622802734375,-1.2102400064468384,-1.0237425565719604,-0.5237029194831848
730,1.2262,1.8996,0,1,0.451324462890625,0.737457275390625,-0.1134185791015625,-1.1439906358718872,-0.9196550250053406,-0.5776673555374146
731,1.1722,1.9391,0,1,0.492218017578125,0.6882171630859375,-0.08953857421875,-1.1552475690841677,-0.9942195415496826,-0.5101112127304077
732,1.1136,1.9513,0,1,0.48968505859375,0.636749267578125,-0.120086669921875,-1.1508855819702148,-0.9406694769859314,-0.4733297526836395
733,1.0538,1.9368,0,1,0.5108642578125,0.6002197265625,-0.1247711181640625,-1.1029812097549438,-0.7335363030433655,-0.4719547629356384
734,0.9957,1.8987,0,1,0.520904541015625,0.614166259765625,-0.1476898193359375,-1.0353987216949463,-0.6191668510437012,-0.501502513885498
735,0.9422,1.841,0,1,0.655059814453125,0.682891845703125,-0.1619110107421875,-0.9575440883636476,-0.5204586386680603,-0.4962393045425415
736,0.896,1.7678,0,1,0.7259521484375,0.7098541259765625,-0.14837646484375,-0.8814684748649597,-0.5458250045776367,-0.4154376685619354
737,0.8603,1.6832,0,1,0.7289276123046875,0.7265472412109375,-0.087127685546875,-0.8671915531158447,-0.8144247531890869,-0.3156804740428924
738,0.838,1.5919,0,1,0.692718505859375,0.7488250732421875,-0.08636474609375,-0.9363346695899964,-0.9060636162757874,-0.2001397460699081
739,0.8305,1.4994,0,1,0.65673828125,0.7635345458984375,-0.1328582763671875,-0.961999535560608,-0.8177116513252258,-0.1948152929544448
740,0.8377,1.4121,0,1,0.6704254150390625,0.7799530029296875,-0.129058837890625,-0.8831660151481628,-0.8512107133865356,-0.1868833303451538
741,0.8574,1.3359,0,1,0.677032470703125,0.7621307373046875,-0.0836029052734375,-0.7742211222648621,-1.0305578708648682,-0.1143833026289939
742,0.8862,1.275,0,1,0.673187255859375,0.7445526123046875,-0.0193634033203125,-0.7528002858161926,-1.0679962635040283,-0.0654426589608192
743,0.92,1.2315,0,1,0.6568603515625,0.7283935546875,0.04638671875,-0.80724036693573,-1.0354734659194946,-0.0082057323306798
744,0.9544,1.2059,0,1,0.6622467041015625,0.714080810546875,0.0995330810546875,-0.825556755065918,-1.1361132860183716,0.10958082228899
745,0.9855,1.1973,0,1,0.63909912109375,0.7200775146484375,0.12408447265625,-0.735661506652832,-1.1471006870269775,0.2303605079650879
746,1.0103,1.2036,0,1,0.6190185546875,0.7483978271484375,0.142913818359375,-0.6210603713989258,-0.9816174507141112,0.3449371457099914
747,1.027,1.221,0,1,0.5752716064453125,0.788421630859375,0.1274871826171875,-0.526452898979187,-0.5231620073318481,0.3942573070526123
748,1.0353,1.2426,0,1,0.4944915771484375,0.8416290283203125,0.1145477294921875,-0.4832358956336975,0.0270385425537824,0.35176682472229
749,1.036,1.2588,0,1,0.4264984130859375,0.9031219482421876,0.1001129150390625,-0.5456992983818054,0.365556925535202,0.2408967614173889
750,1.0307,1.2593,0,1,0.31182861328125,0.9709320068359376,0.0364227294921875,-0.7375922799110413,0.1710013002157211,0.0245032124221324
751,1.0217,1.238,0,1,0.2083740234375,1.006927490234375,-0.0847015380859375,-0.8296796083450317,-1.267944574356079,-0.4073296785354614
752,1.0115,1.1974,0,1,0.4820709228515625,1.0136871337890625,-0.1214752197265625,-0.7783330678939819,-2.263867139816284,-0.3481675684452057
753,1.0028,1.1511,0,1,0.673065185546875,0.93328857421875,-0.2774658203125,-0.4952776432037353,-1.838162183761597,-0.0424289479851722
754,0.9983,1.1184,0,1,0.778045654296875,0.848907470703125,-0.3605194091796875,0.0470330230891704,-0.7682269215583801,0.2370093464851379
755,1.0003,1.1125,0,1,0.8327178955078125,0.7999420166015625,-0.2795867919921875,0.5455096364021301,-0.1067232489585876,0.4952387809753418
756,1.0104,1.1325,0,1,0.8033905029296875,0.764892578125,-0.194732666015625,0.9205546379089355,-0.2353579252958297,0.6218243837356567
757,1.0281,1.1678,0,1,0.7284088134765625,0.7576904296875,-0.1765289306640625,1.1287610530853271,-0.9264527559280396,0.5456998348236084
758,1.0513,1.2076,0,1,0.626739501953125,0.8264007568359375,-0.1473388671875,1.0438978672027588,-1.4629467725753784,0.518619179725647
759,1.0764,1.2478,0,1,0.4877777099609375,0.9070281982421876,-0.1107940673828125,0.6771763563156128,-1.7597973346710205,0.3540286421775818
760,1.0992,1.2902,0,1,0.416473388671875,0.9546966552734376,-0.1291656494140625,0.247179701924324,-1.9606099128723145,0.1695813089609146
761,1.1166,1.3395,0,1,0.4072723388671875,0.947021484375,-0.1462249755859375,0.0009408948244526,-1.8202474117279053,0.1212241649627685
762,1.1265,1.3989,0,1,0.5095367431640625,0.958465576171875,-0.1266021728515625,-0.1007021069526672,-1.240317702293396,0.3273139595985412
763,1.1285,1.466,0,1,0.623260498046875,0.937713623046875,-0.2035064697265625,-0.0083098616451025,-0.5779781341552734,0.6837684512138367
764,1.1239,1.5311,0,1,0.548675537109375,0.8168792724609375,-0.1134033203125,0.2252427041530609,-0.1219613254070282,0.7435932159423828
765,1.1147,1.5796,0,1,0.382171630859375,0.8648681640625,0.1881256103515625,0.0460891984403133,0.6600029468536377,0.5216459035873413
766,1.1022,1.5979,0,1,0.306121826171875,0.829254150390625,0.2878570556640625,-0.4838423132896423,0.8594486713409424,0.3448029160499573
767,1.0872,1.5785,0,1,0.2845306396484375,0.7632598876953125,0.2656707763671875,-1.1301946640014648,0.6190453767776489,0.2437165230512619
768,1.0694,1.5239,0,1,0.2810821533203125,0.7342071533203125,0.224884033203125,-1.7241361141204834,0.1101613938808441,0.128492459654808
769,1.0483,1.4465,0,1,0.388702392578125,0.7596435546875,0.1245880126953125,-2.148707389831543,-0.7215507626533508,0.0643065497279167
770,1.0239,1.3669,0,1,0.8821563720703125,0.7994384765625,-0.5596160888671875,-1.503382682800293,-1.7138298749923706,0.4926011860370636
771,0.9988,1.3078,0,1,0.9718780517578124,0.7826690673828125,-0.659912109375,-0.6467385292053223,-0.6763169169425964,0.8991937041282654
772,0.9781,1.2847,0,1,0.7608184814453125,0.655242919921875,-0.3096160888671875,-0.6488690972328186,0.318710058927536,0.5894414186477661
773,0.9676,1.2985,0,1,0.742584228515625,0.6578369140625,-0.0829315185546875,-1.0550248622894287,-0.0463006533682346,0.3053045272827148
774,0.9697,1.3376,0,1,0.6705780029296875,0.7005462646484375,-0.095916748046875,-1.284334421157837,-1.1531109809875488,0.3637774288654327
775,0.9824,1.3872,0,1,0.5408782958984375,0.694061279296875,-0.184844970703125,-1.003811240196228,-1.5992884635925293,0.3221125304698944
776,1.0011,1.4379,0,1,0.51483154296875,0.6896820068359375,-0.172027587890625,-0.5592875480651855,-1.3921499252319336,0.3717719614505768
777,1.0199,1.4852,0,1,0.5408172607421875,0.6665496826171875,-0.21380615234375,-0.112035721540451,-1.087575912475586,0.5607985854148865
778,1.0334,1.5256,0,1,0.6219635009765625,0.59716796875,-0.2433929443359375,0.1714255511760711,-0.7942970991134644,0.7628688812255859
779,1.0384,1.5537,0,1,0.689697265625,0.53106689453125,-0.21484375,0.1609087288379669,-0.358644962310791,0.9093291759490968
780,1.0334,1.5633,0,1,0.7069091796875,0.4874114990234375,-0.250885009765625,0.0922614857554435,0.1766605228185653,1.000985026359558
781,1.0192,1.5497,0,1,0.65399169921875,0.4786834716796875,-0.1459503173828125,0.0745256319642067,0.4980950057506561,1.0188167095184326
782,0.9975,1.5116,0,1,0.44757080078125,0.486328125,0.06097412109375,0.0097506316378712,0.1750069707632064,0.9021021127700806
783,0.97,1.4518,0,1,0.3770599365234375,0.5266571044921875,-0.066680908203125,0.1181005388498306,-0.4130623936653137,0.6125193238258362
784,0.9382,1.3759,0,1,0.2971954345703125,0.877838134765625,-0.9091339111328124,1.4664866924285889,-1.9033513069152832,0.1576737761497497
785,0.9053,1.2958,0,1,0.5159454345703125,1.21630859375,-0.628662109375,1.6989766359329224,-1.9594985246658323,0.0336756706237793
786,0.8784,1.2302,0,1,0.717376708984375,1.0025482177734375,0.58251953125,-0.941743016242981,0.1941199451684951,0.1377690434455871
787,0.8663,1.1969,0,1,0.64044189453125,0.913665771484375,0.4246063232421875,-2.022817850112915,-0.4564074873924255,-0.2082424163818359
788,0.8754,1.205,0,1,0.7401123046875,0.9237823486328124,0.2803802490234375,-2.0334508419036865,-1.1234710216522217,-0.8112865090370178
789,0.907,1.2557,0,1,1.072418212890625,1.0750579833984375,0.21221923828125,-1.85335636138916,-1.5037107467651367,-0.6415810585021973
790,0.9583,1.3473,0,1,1.044830322265625,1.0142974853515625,-0.063262939453125,-1.4317502975463867,-1.3648107051849363,-0.0658138990402221
791,1.025,1.4723,0,1,0.64404296875,0.94134521484375,-0.467864990234375,-0.3959774374961853,-0.3421922326087951,0.1293268352746963
792,1.101,1.6122,0,1,0.5445404052734375,1.035980224609375,0.0302886962890625,-0.1037053540349006,-0.0148524492979049,0.0759932994842529
793,1.1784,1.7365,0,1,0.6113739013671875,1.194549560546875,0.182037353515625,-0.5309078097343445,-0.1336049288511276,0.0053574810735881
794,1.2491,1.8129,0,1,0.57275390625,1.16815185546875,0.1892242431640625,-1.1009217500686646,-0.1921505331993103,-0.0766526982188224
795,1.3069,1.8214,0,1,0.5153350830078125,1.0213623046875,0.1295166015625,-1.4046787023544312,-0.1402684301137924,-0.3766575157642364
796,1.3479,1.7615,0,1,0.5077056884765625,0.896881103515625,0.0805511474609375,-1.4747222661972046,-0.1767931431531906,-0.5365883111953735
797,1.3698,1.6503,0,1,0.5373687744140625,0.8759002685546875,-0.10711669921875,-1.2041616439819336,-0.213635578751564,-0.6142802238464355
798,1.3713,1.5135,0,1,0.532135009765625,0.8901519775390625,-0.10186767578125,-0.832133412361145,-0.3167161643505096,-0.6801460385322571
799,1.353,1.3755,0,1,0.6079559326171875,0.869384765625,-0.03857421875,-0.7426043748855591,-0.3249647617340088,-0.5911397337913513
800,1.3178,1.2533,0,1,0.572662353515625,0.7495269775390625,-0.0299835205078125,-0.7711848616600037,-0.1241685524582862,-0.4536673724651336
801,1.2698,1.1554,0,1,0.5069122314453125,0.6237030029296875,-0.0248870849609375,-0.7604062557220459,0.0226190257817506,-0.4232117235660553
802,1.2133,1.0828,0,1,0.462127685546875,0.5537872314453125,-0.0441741943359375,-0.6962440609931946,0.1072556152939796,-0.4281894266605377
803,1.1513,1.0321,0,1,0.4716033935546875,0.563079833984375,-0.062835693359375,-0.5847974419593811,0.221706822514534,-0.3925033509731293
804,1.0862,0.997,0,1,0.526092529296875,0.62823486328125,-0.0682830810546875,-0.4459367394447326,0.4193456172943115,-0.2804449796676636
805,1.0205,0.9706,0,1,0.5506744384765625,0.680877685546875,-0.07415771484375,-0.3221958875656128,0.6766312122344971,-0.2090552151203155
806,0.9576,0.9472,0,1,0.5821380615234375,0.7358551025390625,-0.0646514892578125,-0.2643930315971374,0.916330635547638,-0.2035552561283111
807,0.9017,0.9239,0,1,0.61749267578125,0.7606353759765625,-0.066497802734375,-0.2360434234142303,1.0173262357711792,-0.2969318032264709
808,0.8572,0.9016,0,1,0.672698974609375,0.7756805419921875,-0.1006317138671875,-0.1956768184900283,1.0009424686431885,-0.3840685784816742
809,0.8276,0.8837,0,1,0.7060699462890625,0.765625,-0.0913848876953125,-0.131495714187622,0.8430569171905518,-0.3411424160003662
810,0.815,0.8733,0,1,0.665283203125,0.7148590087890625,-0.0870208740234375,-0.0435597263276577,0.5349395871162415,-0.3118308484554291
811,0.8191,0.8701,0,1,0.6324615478515625,0.7052459716796875,-0.025421142578125,0.010096576064825,0.1042379885911941,-0.3052520453929901
812,0.8373,0.8694,0,1,0.675201416015625,0.729400634765625,0.0041351318359375,-0.0071284831501543,-0.244139164686203,-0.2337315380573272
813,0.8655,0.8632,0,1,0.7014923095703125,0.726837158203125,0.0677337646484375,-0.0328753925859928,-0.3934074938297272,-0.215502455830574
814,0.8987,0.8448,0,1,0.7215423583984375,0.7163543701171875,0.1221771240234375,-0.0260664876550436,-0.7346452474594116,-0.1605196297168731
815,0.9329,0.8119,0,1,0.70709228515625,0.724334716796875,0.1282806396484375,-0.0258270688354969,-0.9754099249839784,-0.105611115694046
816,0.9648,0.769,0,1,0.7624664306640625,0.79595947265625,0.1418609619140625,-0.0636338368058204,-0.9400814771652222,0.0179627556353807
817,0.9925,0.7249,0,1,0.7879486083984375,0.842559814453125,0.14630126953125,-0.0984557345509529,-0.7498854398727417,0.2121119946241378
818,1.0156,0.6883,0,1,0.7314605712890625,0.8194732666015625,0.125396728515625,-0.0814879313111305,-0.3181603848934173,0.286499410867691
819,1.035,0.6637,0,1,0.670806884765625,0.792236328125,0.121978759765625,-0.046944074332714,0.267413854598999,0.2767253518104553
820,1.0511,0.6503,0,1,0.63275146484375,0.771148681640625,0.1251068115234375,-0.0479970872402191,0.8088656663894653,0.2562970221042633
821,1.0639,0.645,0,1,0.58551025390625,0.76849365234375,0.099456787109375,-0.1333047896623611,1.2651524543762207,0.269952654838562
822,1.0726,0.6483,0,1,0.5136871337890625,0.8331756591796875,-0.0186767578125,-0.3928855061531067,1.9733842611312864,0.2834058701992035
823,1.0764,0.6664,0,1,0.59478759765625,1.03594970703125,-0.6797027587890625,-0.0616609677672386,1.267496943473816,0.2482971549034118
824,1.0766,0.7076,0,1,0.749176025390625,0.994171142578125,-0.506744384765625,1.1749619245529177,-0.7050721645355225,0.4613945186138153
825,1.0763,0.777,0,1,0.6716461181640625,0.8461456298828125,-0.2624664306640625,1.7245001792907717,-0.6050374507904053,0.6437483429908752
826,1.0792,0.8742,0,1,0.6027069091796875,0.77166748046875,-0.1497344970703125,1.88038182258606,0.0595272406935691,0.7635029554367065
827,1.0864,0.9965,0,1,0.5956573486328125,0.7995452880859375,-0.1232452392578125,1.9607510566711424,0.2967062294483185,0.8382996916770935
828,1.0962,1.1401,0,1,0.525787353515625,0.8981475830078125,-0.0346832275390625,1.940928339958191,0.2169924974441528,0.7271934151649475
829,1.1056,1.299,0,1,0.4876556396484375,1.0172119140625,0.03973388671875,1.7217661142349243,0.2269205003976822,0.5367979407310486
830,1.1123,1.464,0,1,0.4602203369140625,1.0777587890625,0.0910491943359375,1.3489153385162354,0.3171755671501159,0.411992609500885
831,1.1156,1.6214,0,1,0.4410552978515625,1.0595550537109375,0.0776519775390625,0.9177865386009216,0.1865397840738296,0.3270942270755768
832,1.1164,1.7536,0,1,0.4373931884765625,0.9596099853515624,-0.0341339111328125,0.6934890151023865,0.0238544661551713,0.2216048240661621
833,1.1155,1.842,0,1,0.4647674560546875,0.87017822265625,-0.1014862060546875,0.6790820956230164,0.0613570995628833,0.1319963783025741
834,1.1131,1.8717,0,1,0.43597412109375,0.826995849609375,-0.066131591796875,0.6190863847732544,0.4367520213127136,0.0415407866239547
835,1.1084,1.8359,0,1,0.423858642578125,0.780853271484375,-0.0265045166015625,0.4307641685009002,0.7312861680984497,-0.0516948848962783
836,1.0999,1.7383,0,1,0.4224700927734375,0.7149810791015625,-0.0196533203125,0.2418634891510009,0.6951771974563599,-0.1112476959824562
837,1.0859,1.5915,0,1,0.4434814453125,0.67431640625,-0.0276031494140625,0.1829061657190323,0.4169887006282806,-0.1688899546861648
838,1.0652,1.4125,0,1,0.51385498046875,0.6724700927734375,-0.0571441650390625,0.2915210723876953,0.0748675838112831,-0.2013434916734695
839,1.0378,1.2185,0,1,0.636505126953125,0.72381591796875,-0.0717620849609375,0.3390664756298065,-0.0867849588394165,-0.1401392668485641
840,1.0055,1.0239,0,1,0.7142333984375,0.748046875,-0.105926513671875,0.2286036163568496,0.0952799171209335,-0.0249346438795328
841,0.972,0.8403,0,1,0.6756439208984375,0.7510833740234375,-0.141998291015625,0.1431094855070114,0.3270135521888733,-0.0018738001817837
842,0.9417,0.6762,0,1,0.5920257568359375,0.7754058837890625,-0.1592559814453125,0.1547698676586151,0.3310668766498565,-0.0414097569882869
843,0.9188,0.5375,0,1,0.5226593017578125,0.769073486328125,-0.1880645751953125,0.2369206696748733,0.2100288718938827,-0.0932734906673431
844,0.9054,0.4278,0,1,0.5039825439453125,0.7459716796875,-0.234161376953125,0.394094854593277,0.1145060732960701,-0.1607401520013809
845,0.9014,0.3485,0,1,0.545196533203125,0.700531005859375,-0.26556396484375,0.6355492472648621,0.020208865404129,-0.1924213767051696
846,0.905,0.3,0,1,0.636016845703125,0.65277099609375,-0.246185302734375,0.8560140132904053,-0.0793978869915008,-0.14433054625988
847,0.9138,0.2824,0,1,0.7399139404296875,0.614471435546875,-0.20654296875,0.9520310759544371,-0.1490347534418106,-0.0478471517562866
848,0.9253,0.2959,0,1,0.7729034423828125,0.568023681640625,-0.1728515625,0.8964482545852661,-0.1305401623249054,0.0562153346836566
849,0.9374,0.3391,0,1,0.7647552490234375,0.5012054443359375,-0.1591033935546875,0.7461043000221252,-0.0730771422386169,0.1220718473196029
850,0.9486,0.407,0,1,0.727569580078125,0.4641265869140625,-0.13800048828125,0.6129595637321472,-0.0945523381233215,0.1153367087244987
851,0.9575,0.4908,0,1,0.73870849609375,0.4897308349609375,-0.1584014892578125,0.4942241013050079,-0.2280803024768829,0.0544398054480552
852,0.9628,0.5788,0,1,0.8131103515625,0.6075592041015625,-0.27630615234375,0.4839727878570556,-0.3031526803970337,0.0686861202120781
853,0.9645,0.6591,0,1,0.891082763671875,0.68280029296875,-0.2974090576171875,0.5790711045265198,-0.2133682072162628,0.2039304971694946
854,0.9643,0.7224,0,1,0.8323211669921875,0.6841583251953125,-0.2210235595703125,0.4990510940551758,-0.2131455689668655,0.2338167577981948
855,0.965,0.7632,0,1,0.77960205078125,0.638092041015625,-0.1809844970703125,0.1963689774274826,-0.1414772421121597,0.0573961809277534
856,0.9689,0.779,0,1,0.726043701171875,0.612152099609375,-0.244842529296875,-0.2746557891368866,0.1675631701946258,-0.1195362508296966
857,0.9766,0.7694,0,1,0.716278076171875,0.551544189453125,-0.4962615966796875,-0.4491461217403412,0.2001232355833053,-0.0771270096302032
858,0.9874,0.7366,0,1,0.7227325439453125,0.4749908447265625,-0.5831451416015625,-0.090863324701786,-0.1258490085601806,0.2641448378562927
859,0.9994,0.6857,0,1,0.5879669189453125,0.3608551025390625,-0.34326171875,0.1630437821149826,-0.2252581566572189,0.645712673664093
860,1.0101,0.6249,0,1,0.3681640625,0.221588134765625,-0.4388275146484375,-0.4438035488128662,0.2987875044345855,0.7566120624542236
861,1.0154,0.5651,0,1,0.1639862060546875,0.62109375,-0.0330657958984375,-1.2496955394744873,-0.3283123672008514,0.4095504879951477
862,1.0111,0.5205,0,1,0.4747467041015625,0.967041015625,0.365692138671875,-1.7398651838302612,-1.2000387907028198,-0.1109869703650474
863,0.996,0.5084,0,1,0.6214599609375,1.3255462646484375,0.4458465576171875,-2.0851986408233643,-2.0830330848693848,-0.5758012533187866
864,0.9752,0.5485,0,1,0.7318572998046875,1.586151123046875,0.426177978515625,-2.4562318325042725,-2.08805775642395,-0.8311589956283569
865,0.9598,0.6599,0,1,0.5673980712890625,1.286895751953125,0.150360107421875,-2.5209903717041016,-1.3787776231765747,-0.7944654226303101
866,0.9613,0.8532,0,1,0.295684814453125,0.9393463134765624,-0.86541748046875,-0.3890135288238525,-2.630460262298584,-0.8379037380218506
867,0.986,1.1238,0,1,0.33575439453125,1.0088958740234375,0.10052490234375,0.131479725241661,-2.462094306945801,-0.9157862663269044
868,1.0323,1.4496,0,1,0.517852783203125,1.1737518310546875,0.0232391357421875,-0.437880665063858,-0.7221826910972595,-0.6684132218360901
869,1.0929,1.7936,0,1,0.695281982421875,1.17657470703125,-0.0711212158203125,-1.0318784713745115,1.245915412902832,-0.112912967801094
870,1.1589,2.1111,0,1,0.848297119140625,1.1865692138671875,-0.1675872802734375,-0.9653497934341432,2.1982901096343994,0.411467969417572
871,1.2232,2.3646,0,1,0.8655242919921875,1.190155029296875,-0.05047607421875,-0.4841086268424988,2.1295125484466557,0.8077809810638428
872,1.2813,2.5346,0,1,0.7147674560546875,1.0491943359375,0.0339508056640625,-0.2248826473951339,1.8595428466796875,0.6884889006614685
873,1.3301,2.6185,0,1,0.54473876953125,0.8436126708984375,-0.0481109619140625,-0.1795050501823425,1.6866896152496338,-0.0565463677048683
874,1.3662,2.6243,0,1,0.5168914794921875,0.7549285888671875,-0.09600830078125,-0.3808064758777618,1.532212495803833,-0.9268575310707092
875,1.3853,2.5651,0,1,0.6275177001953125,0.8178253173828125,0.021575927734375,-0.8760694861412048,1.004561185836792,-1.1195145845413208
876,1.3837,2.4571,0,1,0.581573486328125,0.7698516845703125,-0.004730224609375,-1.2524545192718506,0.0696901306509971,-0.9736527800559998
877,1.3604,2.3181,0,1,0.4419097900390625,0.6748199462890625,-0.1555023193359375,-1.2981938123703003,-0.5208064317703247,-0.945399522781372
878,1.3171,2.1647,0,1,0.3753662109375,0.62164306640625,-0.2664031982421875,-1.113955855369568,-0.4289231300354004,-0.9445465207099916
879,1.2568,2.0112,0,1,0.4041290283203125,0.5964202880859375,-0.2569122314453125,-0.7997123599052429,0.1209479942917823,-0.89825040102005
880,1.1839,1.8675,0,1,0.46923828125,0.5626983642578125,-0.215911865234375,-0.3957436084747314,0.6577935814857483,-0.7824886441230774
881,1.1034,1.738,0,1,0.5578460693359375,0.50732421875,-0.15679931640625,-0.0251953676342964,1.1246262788772583,-0.5675121545791626
882,1.0211,1.6236,0,1,0.6172637939453125,0.48895263671875,-0.0828094482421875,0.1933140754699707,1.5104730129241943,-0.1818060129880905
883,0.9424,1.5254,0,1,0.6346893310546875,0.4492950439453125,-0.0649261474609375,0.3430479168891907,1.6401383876800537,0.3313409090042114
884,0.8725,1.4465,0,1,0.644287109375,0.439971923828125,-0.0915985107421875,0.5051822066307068,1.5776861906051636,0.6871187090873718
885,0.815,1.3913,0,1,0.834503173828125,0.6033782958984375,0.015411376953125,0.6879730820655823,1.0106501579284668,0.597809374332428
886,0.7737,1.3621,0,1,1.334320068359375,0.9852142333984376,0.29833984375,0.6155731678009033,-0.04892173781991,0.8695998787879944
887,0.7538,1.3559,0,1,1.3514404296875,1.1016845703125,0.3010406494140625,0.2515060007572174,-1.0825603008270264,1.012937307357788
888,0.7623,1.3648,0,1,1.0293121337890625,1.1983642578125,-0.1191253662109375,-0.1973913609981537,-0.2442209273576736,0.6055982708930969
889,0.8051,1.3781,0,1,0.5891265869140625,1.186431884765625,-0.9149627685546876,0.5323488712310791,0.2406379133462906,0.2064367979764938
890,0.8827,1.3848,0,1,0.49017333984375,1.1244659423828125,-0.542266845703125,1.6654913425445557,-1.4843522310256958,0.043949082493782
891,0.9885,1.3795,0,1,0.4219207763671875,1.0298919677734375,-0.208953857421875,1.6534498929977417,-1.522739052772522,0.2133136093616485
892,1.109,1.3681,0,1,0.2926788330078125,0.912689208984375,-0.0208587646484375,1.3805861473083496,-0.9860164523124696,0.2120832353830337
893,1.2269,1.3628,0,1,0.21160888671875,0.820220947265625,0.0433349609375,1.254127860069275,-0.6202877759933472,0.0089881690219044
894,1.3246,1.3723,0,1,0.283203125,0.829345703125,0.106597900390625,1.2372537851333618,-0.5459735989570618,-0.1325412690639495
895,1.3882,1.3972,0,1,0.444244384765625,0.90911865234375,0.12664794921875,1.2472020387649536,-0.8756955862045288,0.0771477818489074
896,1.4108,1.4326,0,1,0.52508544921875,0.944183349609375,0.0749359130859375,1.247612714767456,-1.236942172050476,0.4585180282592773
897,1.3937,1.4729,0,1,0.5673370361328125,0.947723388671875,-0.0203857421875,1.2258775234222412,-1.0982780456542969,0.6514376997947693
898,1.3448,1.5143,0,1,0.5716400146484375,0.9046173095703124,-0.0505523681640625,0.9731091856956482,-0.2822772264480591,0.6806983947753906
899,1.2757,1.5525,0,1,0.533203125,0.7593536376953125,-0.0051727294921875,0.5209792852401733,0.3366171717643738,0.6785215139389038
900,1.198,1.5808,0,1,0.479644775390625,0.650482177734375,0.015472412109375,0.1737848371267318,0.2985835075378418,0.6782283186912537
901,1.1209,1.5894,0,1,0.42474365234375,0.625335693359375,0.0457916259765625,-0.1307028830051422,-0.0561684630811214,0.5548408627510071
902,1.0497,1.5687,0,1,0.451263427734375,0.669342041015625,0.0522003173828125,-0.5301805138587952,-0.3184203207492828,0.3787885904312134
903,0.9871,1.5136,0,1,0.4831390380859375,0.7315521240234375,0.0299530029296875,-1.0179016590118408,-0.4412908554077148,0.1960792243480682
904,0.9343,1.4267,0,1,0.565277099609375,0.7674560546875,-0.0269012451171875,-1.4298962354660034,-0.5147408246994019,0.1140448153018951
905,0.8926,1.3201,0,1,0.6545257568359375,0.7610931396484375,-0.1549072265625,-1.5870405435562134,-0.6225437521934509,0.182384192943573
906,0.8632,1.213,0,1,0.7473297119140625,0.73095703125,-0.290313720703125,-1.415985107421875,-0.6322751641273499,0.4051775932312011
907,0.8475,1.1254,0,1,0.626068115234375,0.6812896728515625,-0.24822998046875,-1.1384649276733398,-0.7483330965042114,0.28866907954216
908,0.8458,1.0719,0,1,0.613494873046875,0.700897216796875,-0.1332244873046875,-1.0935770273208618,-1.0732110738754272,0.1199130862951278
909,0.8564,1.0588,0,1,0.62933349609375,0.7591552734375,-0.096710205078125,-1.255317211151123,-1.3123130798339844,0.1798374056816101
910,0.8761,1.0857,0,1,0.63250732421875,0.783111572265625,-0.155303955078125,-1.3002164363861084,-1.216542363166809,0.1910679638385772
911,0.9013,1.1478,0,1,0.6003265380859375,0.76763916015625,-0.1673431396484375,-1.2534748315811155,-1.0605535507202148,0.1484528481960296
912,0.9285,1.2369,0,1,0.5788116455078125,0.776092529296875,-0.159759521484375,-1.2409347295761108,-1.1538904905319214,0.1170227602124214
913,0.9546,1.3425,0,1,0.6176605224609375,0.8008575439453125,-0.19537353515625,-1.2009927034378052,-1.529094099998474,0.2122294306755066
914,0.9775,1.4541,0,1,0.632659912109375,0.7588043212890625,-0.33148193359375,-0.9628301858901978,-1.982564210891724,0.3010410666465759
915,0.9959,1.5642,0,1,0.5201873779296875,0.654083251953125,-0.2494049072265625,-0.8383553624153137,-2.068510055541992,0.2042396813631057
916,1.0089,1.6693,0,1,0.4761962890625,0.61419677734375,-0.1782989501953125,-1.0510375499725342,-1.6874369382858276,0.0968948528170585
917,1.0153,1.7674,0,1,0.4895477294921875,0.6449737548828125,-0.2559051513671875,-1.0765926837921145,-1.2394119501113892,0.1291649043560028
918,1.0137,1.8538,0,1,0.5233001708984375,0.7996368408203125,-0.26409912109375,-0.6312868595123291,-0.6081176400184631,0.1591169536113739
919,1.0044,1.9191,0,1,0.6032257080078125,0.8492431640625,0.0349578857421875,-0.1397299319505691,-0.2167408317327499,0.3151787221431732
920,0.9896,1.9484,0,1,0.5427093505859375,0.9900360107421876,0.0955352783203125,-0.1972427666187286,-0.1521719545125961,0.308323472738266
921,0.9734,1.9267,0,1,0.27435302734375,0.9124603271484376,-0.536773681640625,-0.3347172737121582,0.9650278091430664,0.1854750514030456
922,0.9601,1.8467,0,1,0.423492431640625,0.5811004638671875,-0.092926025390625,-0.1910554468631744,0.7363640069961548,0.0786101222038269
923,0.9521,1.7132,0,1,0.6457977294921875,0.5455780029296875,0.269317626953125,-0.5969864130020142,-0.8329771161079407,0.374332070350647
924,0.9486,1.5434,0,1,0.7343902587890625,0.4768218994140625,0.286407470703125,-0.9267518520355223,-2.4389538764953613,0.6944541335105896
925,0.9475,1.3657,0,1,0.888885498046875,0.4474639892578125,0.0228729248046875,-0.9484297037124634,-2.7975614070892334,0.9187772274017334
926,0.9473,1.2174,0,1,0.9396820068359376,0.4791717529296875,-0.1355133056640625,-0.7461103796958923,-1.4555267095565796,0.9246521592140198
927,0.9477,1.1317,0,1,0.9388580322265624,0.7004852294921875,0.123504638671875,-0.8817755579948425,-0.9302791953086852,0.5197939276695251
928,0.9502,1.1235,0,1,0.9595794677734376,0.843505859375,0.2336883544921875,-1.273869276046753,-1.3148891925811768,0.6571301817893982
929,0.9575,1.1875,0,1,0.7774200439453125,0.8426361083984375,0.185333251953125,-1.569684386253357,-1.895050048828125,0.8421602249145508
930,0.9718,1.3085,0,1,0.5601806640625,0.805877685546875,0.0821075439453125,-1.6118707656860352,-2.1544394493103027,0.7895494699478149
931,0.9932,1.471,0,1,0.5146942138671875,0.9031219482421876,0.0929718017578125,-1.5194063186645508,-2.138800621032715,0.5194751620292664
932,1.0194,1.661,0,1,0.5923614501953125,1.0374603271484375,0.1207275390625,-1.4228971004486084,-2.0245144367218018,0.2913649976253509
933,1.0472,1.8644,0,1,0.644134521484375,1.103973388671875,0.1221923828125,-1.3731240034103394,-1.7372572422027588,0.2060405164957046
934,1.0745,2.0644,0,1,0.6333770751953125,1.1301422119140625,0.0184326171875,-1.2788864374160769,-1.3377872705459597,0.1954086422920227
935,1.1009,2.2423,0,1,0.7006988525390625,1.14044189453125,-0.074249267578125,-1.0726581811904907,-1.0793174505233765,0.1075951680541038
936,1.1272,2.379,0,1,0.80438232421875,1.0765533447265625,0.000274658203125,-1.0460779666900637,-1.15700101852417,-0.0152937350794672
937,1.1541,2.4589,0,1,0.7938690185546875,0.9444122314453124,0.008880615234375,-1.235379934310913,-1.3135663270950315,-0.0767419189214706
938,1.1816,2.475,0,1,0.7413177490234375,0.89129638671875,-0.03411865234375,-1.4409948587417605,-1.415834665298462,-0.0524735935032367
939,1.2083,2.4317,0,1,0.65814208984375,0.881134033203125,-0.072509765625,-1.5279239416122437,-1.4260811805725098,-0.1032070815563201
940,1.2312,2.3434,0,1,0.6370849609375,0.8816070556640625,-0.0240936279296875,-1.5938997268676758,-1.3275660276412964,-0.200354665517807
941,1.2473,2.2304,0,1,0.6038360595703125,0.8432769775390625,-0.014312744140625,-1.6328823566436768,-1.127987504005432,-0.2531891167163849
942,1.2536,2.1127,0,1,0.5203399658203125,0.8030853271484375,-0.0872650146484375,-1.551343560218811,-0.7517339587211609,-0.3120753467082977
943,1.2483,2.0055,0,1,0.427886962890625,0.76141357421875,-0.1530609130859375,-1.3226895332336426,-0.4423523843288421,-0.3987833261489868
944,1.2304,1.9163,0,1,0.4375152587890625,0.7254791259765625,-0.1072998046875,-1.1311779022216797,-0.3692627251148224,-0.4017349183559418
945,1.2002,1.8444,0,1,0.4653778076171875,0.7211456298828125,-0.0708465576171875,-1.0613384246826172,-0.381914883852005,-0.4402937591075897
946,1.1589,1.7835,0,1,0.498504638671875,0.7340850830078125,-0.0718841552734375,-1.1036722660064695,-0.3682486116886139,-0.5181435346603394
947,1.1095,1.7265,0,1,0.50537109375,0.726165771484375,-0.1016693115234375,-1.1864651441574097,-0.3236038982868194,-0.594002366065979
948,1.0559,1.6682,0,1,0.50225830078125,0.6838226318359375,-0.11859130859375,-1.2104804515838623,-0.4464320838451385,-0.6362294554710388
949,1.0023,1.6075,0,1,0.5110321044921875,0.6602325439453125,-0.1627349853515625,-1.1946532726287842,-0.5759394764900208,-0.6450653076171875
950,0.9528,1.5468,0,1,0.548309326171875,0.6813812255859375,-0.1959075927734375,-1.1826711893081665,-0.4766784012317657,-0.6079698204994202
951,0.9104,1.4899,0,1,0.5937042236328125,0.7102813720703125,-0.2217864990234375,-1.0763607025146484,-0.3357604146003723,-0.5384906530380249
952,0.8774,1.44,0,1,0.62408447265625,0.732818603515625,-0.2674407958984375,-0.8651672601699829,-0.2159557342529297,-0.4317450225353241
953,0.8556,1.3971,0,1,0.7099151611328125,0.7571258544921875,-0.2034454345703125,-0.5526953935623169,-0.1550638824701309,-0.2475685179233551
954,0.8464,1.3568,0,1,0.8669891357421875,0.8051910400390625,-0.036651611328125,-0.2506055831909179,-0.3323214948177337,0.0923120900988578
955,0.8506,1.3117,0,1,0.8597259521484375,0.778594970703125,0.12481689453125,-0.0642524883151054,-0.7733771800994873,0.4935644268989563
956,0.868,1.2557,0,1,0.71539306640625,0.6745147705078125,0.1388397216796875,0.0141640221700072,-1.0606555938720703,0.5921440124511719
957,0.897,1.1883,0,1,0.617584228515625,0.70196533203125,0.083526611328125,-0.1365288197994232,-0.8396443724632263,0.3741608262062073
958,0.9335,1.1149,0,1,0.616485595703125,0.8339996337890625,0.061920166015625,-0.5376166105270386,-0.1946853250265121,0.3106028735637665
959,0.972,1.0423,0,1,0.556396484375,0.9511566162109376,0.033172607421875,-0.8507377505302429,0.232889175415039,0.1753792762756347
960,1.008,0.9753,0,1,0.4234771728515625,1.120025634765625,-0.1563720703125,-0.7604555487632751,-0.130562275648117,-0.1263249218463897
961,1.0392,0.9178,0,1,0.4601287841796875,1.1961212158203125,-0.3312530517578125,-0.2236701101064682,-1.4684723615646362,-0.3651627898216247
962,1.0656,0.8749,0,1,0.63128662109375,0.9527435302734376,-0.405670166015625,0.4091185331344604,-2.0268685817718506,-0.0340802073478698
963,1.0888,0.8554,0,1,0.637237548828125,0.7619781494140625,-0.376556396484375,0.9381062388420104,-1.3869503736495972,0.1918171048164367
964,1.1097,0.8689,0,1,0.62225341796875,0.6567230224609375,-0.2239227294921875,1.1690996885299685,-0.8259349465370178,0.3458404839038849
965,1.1272,0.9201,0,1,0.6330413818359375,0.6558074951171875,-0.16156005859375,1.2496310472488403,-0.94921213388443,0.4300642907619476
966,1.1387,1.006,0,1,0.656982421875,0.70428466796875,-0.1051788330078125,1.1678060293197632,-1.41379976272583,0.4720295965671539
967,1.1414,1.1186,0,1,0.6527862548828125,0.752716064453125,-0.03631591796875,0.8320655226707458,-1.6652522087097168,0.4881036281585693
968,1.1342,1.248,0,1,0.64239501953125,0.823822021484375,0.029937744140625,0.4103997647762298,-1.519223928451538,0.5007424354553223
969,1.1183,1.3832,0,1,0.6562957763671875,0.931915283203125,0.02972412109375,0.0948687195777893,-1.168895244598389,0.5546296834945679
970,1.0967,1.5116,0,1,0.6816558837890625,0.891082763671875,-0.035736083984375,0.0886299982666969,-1.0260193347930908,0.637196958065033
971,1.0738,1.6195,0,1,0.692352294921875,0.7577362060546875,-0.04632568359375,0.1738311797380447,-1.4388982057571411,0.7523214221000671
972,1.0533,1.6962,0,1,0.6553497314453125,0.6628570556640625,-0.0357818603515625,0.0562733933329582,-1.747617483139038,0.7466691136360168
973,1.0373,1.7389,0,1,0.6677093505859375,0.6261749267578125,-0.04425048828125,-0.2536793947219848,-1.5800210237503052,0.7439729571342468
974,1.0256,1.7523,0,1,0.64520263671875,0.608062744140625,-0.016510009765625,-0.6842079162597656,-1.1852904558181765,0.7029309868812561
975,1.0164,1.7444,0,1,0.606201171875,0.6345062255859375,0.0373992919921875,-1.0977110862731934,-0.9058265686035156,0.642719030380249
976,1.0075,1.723,0,1,0.5488739013671875,0.6759796142578125,0.0543670654296875,-1.402606725692749,-0.7525666952133179,0.5747418403625488
977,0.9971,1.6949,0,1,0.5328521728515625,0.729217529296875,0.037506103515625,-1.5651525259017944,-0.7299119830131531,0.5532613396644592
978,0.9843,1.6663,0,1,0.528289794921875,0.776123046875,0.0274658203125,-1.6115059852600098,-0.8470849394798279,0.5829523801803589
979,0.9694,1.6438,0,1,0.5202789306640625,0.8322296142578125,0.034332275390625,-1.682111382484436,-0.994414746761322,0.5822575688362122
980,0.9538,1.6335,0,1,0.538970947265625,0.8762969970703125,0.0355072021484375,-1.8656508922576904,-1.0546234846115112,0.5029283761978149
981,0.9397,1.6405,0,1,0.59185791015625,0.8962554931640625,-0.0476226806640625,-2.0904667377471924,-0.9497389197349548,0.4195634424686432
982,0.93,1.6688,0,1,0.6329498291015625,0.91387939453125,-0.1361083984375,-2.26301908493042,-0.8040197491645813,0.3705540895462036
983,0.9268,1.7204,0,1,0.6393585205078125,0.904205322265625,-0.17633056640625,-2.366711139678955,-0.8416606187820435,0.3018799722194671
984,0.932,1.795,0,1,0.640472412109375,0.8892974853515625,-0.233489990234375,-2.3044354915618896,-1.0389686822891235,0.2352721691131591
985,0.9459,1.8899,0,1,0.641326904296875,0.842071533203125,-0.279510498046875,-2.0008091926574707,-1.221246361732483,0.2267527133226394
986,0.9675,1.9985,0,1,0.6298828125,0.7845306396484375,-0.2830657958984375,-1.609650731086731,-1.2602030038833618,0.2958891689777374
987,0.994,2.1108,0,1,0.570098876953125,0.7392425537109375,-0.235687255859375,-1.2774735689163208,-1.2932124137878418,0.3663111329078674
988,1.0218,2.2133,0,1,0.528076171875,0.6841583251953125,-0.2116241455078125,-1.000548243522644,-1.3924462795257568,0.3991180956363678
989,1.0463,2.292,0,1,0.501556396484375,0.6523590087890625,-0.2891387939453125,-0.6214185357093811,-1.5450185537338257,0.381651222705841
990,1.0631,2.3353,0,1,0.433441162109375,0.7296600341796875,-0.2772674560546875,-0.2197627127170562,-1.5418224334716797,0.2522993683815002
991,1.0692,2.3366,0,1,0.353485107421875,0.7685089111328125,-0.28106689453125,0.0572600923478603,-1.347379446029663,0.1434908509254455
992,1.0633,2.2939,0,1,0.341522216796875,0.7338409423828125,-0.26898193359375,0.2634137868881225,-0.8166943192481995,0.1828792691230774
993,1.0463,2.2081,0,1,0.336395263671875,0.6427764892578125,-0.196563720703125,0.3854885697364807,-0.0807811319828033,0.0862888172268867
994,1.0198,2.0805,0,1,0.4791259765625,0.5966339111328125,-0.1735382080078125,0.4763702750205993,0.5434536933898926,-0.0353412143886089
995,0.9865,1.9147,0,1,0.862335205078125,0.640594482421875,-0.249908447265625,0.8071556687355042,0.8216155767440796,0.1335394233465194
996,0.9504,1.7204,0,1,1.1540374755859375,0.741058349609375,-0.0385894775390625,1.0386192798614502,0.7386854887008667,0.6797249913215637
997,0.9181,1.5152,0,1,0.9942626953125,0.610198974609375,0.1204376220703125,0.6638213992118835,0.8000141382217407,0.967596173286438
998,0.8969,1.3209,0,1,0.629364013671875,0.454315185546875,0.2839508056640625,-0.1760392040014267,0.5699100494384766,0.4055059552192688
999,0.8909,1.1559,0,1,0.6179046630859375,0.47601318359375,-0.026519775390625,-0.7558192014694214,-0.1336856186389923,0.1936309784650802
1000,0.899,1.0297,0,1,0.522064208984375,0.57965087890625,-1.115753173828125,0.5950159430503845,-1.3785171508789062,0.2671954929828644
1001,0.9174,0.945,0,1,0.6067352294921875,0.673675537109375,-0.1984405517578125,0.5929411053657532,-0.8874254822731018,0.3676717579364776
1002,0.9424,0.9009,0,1,0.542572021484375,0.670562744140625,0.5110321044921875,-1.060476303100586,-0.3231346607208252,0.1722697764635086
1003,0.9703,0.8948,0,1,0.6098175048828125,0.7773284912109375,0.4874114990234375,-2.025604009628296,-1.1707288026809692,-0.5522685050964355
1004,0.9979,0.9251,0,1,0.778900146484375,0.884796142578125,0.3711700439453125,-2.452476024627685,-1.9225026369094849,-0.6955468058586121
1005,1.0235,0.9965,0,1,0.7451629638671875,0.901519775390625,0.229736328125,-2.528024196624756,-2.2239737510681152,-0.4435212612152099
1006,1.0468,1.1192,0,1,0.62005615234375,0.90594482421875,0.0955047607421875,-2.2593424320220947,-1.9021366834640503,-0.2507888078689575
1007,1.0681,1.2995,0,1,0.474395751953125,0.929351806640625,0.0127105712890625,-1.808535933494568,-1.2306299209594729,-0.3157070875167846
1008,1.0872,1.5302,0,1,0.409149169921875,1.0621337890625,-0.309539794921875,-0.8511795401573181,-0.4892993867397308,-0.4051133990287781
1009,1.1035,1.7848,0,1,0.52392578125,1.17620849609375,0.0693359375,-0.2101718783378601,-0.2834860384464264,-0.2907495498657226
1010,1.1173,2.0214,0,1,0.6447906494140625,1.2954254150390625,0.23736572265625,-0.3132412731647491,-0.4945833683013916,0.057761300355196
1011,1.1308,2.1954,0,1,0.6778717041015625,1.2065582275390625,0.1489715576171875,-0.5394775867462158,-0.4502902030944824,0.2854072451591491
1012,1.1469,2.2734,0,1,0.781219482421875,1.0242919921875,-0.0732574462890625,-0.440640777349472,-0.0815398693084716,0.3745485842227936
1013,1.1677,2.2413,0,1,0.7348175048828125,0.942626953125,-0.073516845703125,-0.0814999192953109,0.1752216219902038,0.2419479191303253
1014,1.1927,2.1037,0,1,0.69061279296875,0.9795684814453124,0.1046295166015625,-0.2455008327960968,-0.054737813770771,-0.3491753041744232
1015,1.2195,1.8798,0,1,0.7283782958984375,1.0163726806640625,0.1112823486328125,-0.9459862112998962,-0.5126259922981262,-0.6720492243766785
1016,1.2445,1.6014,0,1,0.6770172119140625,0.9735565185546876,0.0743408203125,-1.5428051948547363,-0.9441630244255066,-0.7298794984817505
1017,1.2647,1.3114,0,1,0.6223602294921875,0.931854248046875,0.0128173828125,-1.7585856914520264,-1.506744623184204,-0.8648874163627625
1018,1.2777,1.0574,0,1,0.6641998291015625,0.90142822265625,0.00653076171875,-1.789769172668457,-1.8616896867752075,-0.825709879398346
1019,1.2816,0.8835,0,1,0.6381072998046875,0.845306396484375,-0.0137786865234375,-1.7469133138656616,-1.8198490142822263,-0.6606003046035767
1020,1.2757,0.8193,0,1,0.5582427978515625,0.755706787109375,-0.0197601318359375,-1.7062079906463623,-1.451993465423584,-0.5632721185684204
1021,1.2595,0.8735,0,1,0.44744873046875,0.661529541015625,-0.061981201171875,-1.6452820301055908,-0.9286106824874878,-0.5217252373695374
1022,1.2325,1.0318,0,1,0.3424835205078125,0.5789947509765625,-0.1251220703125,-1.4542782306671145,-0.2781168520450592,-0.5359196066856384
1023,1.1941,1.2615,0,1,0.299346923828125,0.522491455078125,-0.1307220458984375,-1.2021104097366333,0.3032232522964477,-0.5479326248168945
1024,1.1435,1.519,0,1,0.30096435546875,0.5267486572265625,-0.123931884765625,-0.9601798057556152,0.7611165046691895,-0.4863880276679992
1025,1.0813,1.7603,0,1,0.316131591796875,0.5445098876953125,-0.11920166015625,-0.8181899189949036,0.9866689443588256,-0.3793928623199463
1026,1.0096,1.9499,0,1,0.4178314208984375,0.56024169921875,-0.099151611328125,-0.6919475793838501,0.9115023016929626,-0.3090966045856476
1027,0.9326,2.0649,0,1,0.642059326171875,0.6471099853515625,0.013702392578125,-0.5549393892288208,0.4805117547512054,-0.0896286889910698
1028,0.8572,2.0955,0,1,0.956085205078125,0.876251220703125,0.1537322998046875,-0.5137855410575867,-0.3908686935901642,0.4008384943008423
1029,0.7926,2.0432,0,1,1.07098388671875,0.9896392822265624,0.1241455078125,-0.4758187234401703,-1.2237097024917605,0.6991639137268066
1030,0.7498,1.9206,0,1,0.9334716796875,1.04766845703125,-0.14349365234375,-0.4374330043792724,-0.8747634291648865,0.4748120605945587
1031,0.7382,1.7499,0,1,0.72979736328125,1.075469970703125,-0.3541259765625,-0.1548268646001815,0.1315774619579315,0.3901216685771942
1032,0.7625,1.5547,0,1,0.5466461181640625,1.058502197265625,-0.3855438232421875,0.6600809693336487,-0.0190202966332435,0.2585018575191498
1033,0.8203,1.3555,0,1,0.4660797119140625,1.060760498046875,-0.212799072265625,1.3929139375686646,-0.4930632412433624,0.0991228520870208
1034,0.9033,1.1703,0,1,0.4859466552734375,0.9945831298828124,-0.0690460205078125,1.727906584739685,-0.4346241652965545,0.1071656048297882
1035,0.9989,1.018,0,1,0.4502410888671875,0.9131011962890624,-0.031829833984375,1.7733728885650637,-0.0251812525093555,0.3634269535541534
1036,1.0933,0.9166,0,1,0.4699554443359375,0.7742156982421875,-0.069488525390625,1.7792466878890991,0.2951562702655792,0.6202899217605591
1037,1.1736,0.8787,0,1,0.5096435546875,0.741302490234375,-0.10296630859375,1.877954363822937,0.1838172376155853,0.7399513125419617
1038,1.2297,0.9083,0,1,0.562713623046875,0.79632568359375,-0.07562255859375,1.9643713235855105,-0.3116260766983032,0.7615734934806824
1039,1.2564,1.0011,0,1,0.588897705078125,0.877197265625,-0.025177001953125,1.758830428123474,-0.6851077675819397,0.6948972940444946
1040,1.254,1.1449,0,1,0.5332489013671875,0.92352294921875,0.0009765625,1.315106749534607,-0.7767202258110046,0.5307208895683289
1041,1.2275,1.3205,0,1,0.46783447265625,0.98382568359375,-0.00323486328125,0.8755184412002563,-0.7943325042724609,0.4175738096237182
1042,1.1853,1.5031,0,1,0.4270477294921875,0.9947357177734376,-0.0765228271484375,0.697793185710907,-0.6901611089706421,0.3622892498970032
1043,1.1362,1.6653,0,1,0.423187255859375,0.91864013671875,-0.076873779296875,0.6489830613136292,-0.1691948771476745,0.3871325254440307
1044,1.0881,1.7822,0,1,0.4567108154296875,0.7937469482421875,-0.0405426025390625,0.6363327503204346,0.2336108982563018,0.4031583666801452
1045,1.0462,1.8359,0,1,0.510345458984375,0.7103271484375,0.002227783203125,0.5394349694252014,0.2684136033058166,0.2905167937278747
1046,1.0125,1.8184,0,1,0.549713134765625,0.685638427734375,0.0055084228515625,0.2699089646339416,0.0253298580646514,0.2420949190855026
1047,0.9867,1.7313,0,1,0.542724609375,0.699859619140625,-0.0259857177734375,-0.1586775332689285,-0.0644468963146209,0.1971894949674606
1048,0.9671,1.5837,0,1,0.521759033203125,0.7213287353515625,-0.0383453369140625,-0.6434615254402161,-0.0246392991393804,0.0481821745634079
1049,0.9519,1.3916,0,1,0.528228759765625,0.74066162109375,-0.0699462890625,-1.0264501571655271,-0.0595117956399917,-0.0762263312935829
1050,0.9398,1.1779,0,1,0.54498291015625,0.7546844482421875,-0.113861083984375,-1.1785907745361328,-0.3128615021705627,-0.1063424199819564
1051,0.9299,0.97,0,1,0.57269287109375,0.7242889404296875,-0.185028076171875,-1.0956673622131348,-0.583389163017273,-0.0318538025021553
1052,0.9221,0.7942,0,1,0.576751708984375,0.6576690673828125,-0.2443084716796875,-0.8667002320289612,-0.6855291128158569,0.0201713144779205
1053,0.9166,0.6701,0,1,0.5946197509765625,0.64459228515625,-0.28948974609375,-0.6648634672164917,-0.7768509984016418,-0.0088611356914043
1054,0.9132,0.6064,0,1,0.6413726806640625,0.6772918701171875,-0.3827056884765625,-0.4248695373535156,-0.9665069580078124,0.019859991967678
1055,0.9122,0.6011,0,1,0.6941680908203125,0.6988983154296875,-0.4626007080078125,-0.0573727451264858,-0.9572460651397704,0.1320254057645797
1056,0.9143,0.6436,0,1,0.7182769775390625,0.6998291015625,-0.492584228515625,0.3776237368583679,-0.7208825349807739,0.2582057118415832
1057,0.9208,0.7183,0,1,0.6996612548828125,0.6598968505859375,-0.44580078125,0.6554199457168579,-0.4055339097976684,0.3325830101966858
1058,0.9324,0.8073,0,1,0.67864990234375,0.6201629638671875,-0.3323516845703125,0.7138235569000244,-0.0700400695204734,0.4020473062992096
1059,0.9488,0.8942,0,1,0.6597747802734375,0.5606842041015625,-0.2379302978515625,0.6532214879989624,0.138991966843605,0.5842967629432678
1060,0.9676,0.9661,0,1,0.5728759765625,0.471466064453125,-0.1661376953125,0.5638306140899658,0.1186086684465408,0.5899112224578857
1061,0.9847,1.0151,0,1,0.5270233154296875,0.4173126220703125,-0.14593505859375,0.4093686044216156,-0.109415702521801,0.4564237296581268
1062,0.9953,1.0376,0,1,0.519683837890625,0.471221923828125,-0.17431640625,0.1125656962394714,-0.3901083469390869,0.3296372890472412
1063,0.9951,1.0326,0,1,0.6122589111328125,0.5140838623046875,-0.3707122802734375,-0.0560076087713241,-0.3976165950298309,0.2963504493236542
1064,0.9828,1.0015,0,1,0.87396240234375,0.5747528076171875,-0.6545867919921875,0.2700746357440948,-0.5231801271438599,0.4442624151706695
1065,0.9619,0.9495,0,1,1.201385498046875,0.7364654541015625,-0.752288818359375,1.1674174070358276,-0.521376371383667,1.0455716848373413
1066,0.9406,0.8887,0,1,1.0896453857421875,0.76617431640625,-0.4360504150390625,1.9730972051620483,0.071838766336441,1.7813940048217771
1067,0.9291,0.8398,0,1,0.3041229248046875,0.5831146240234375,0.2429962158203125,0.9327306151390076,0.6159273982048035,1.167245388031006
1068,0.9333,0.8252,0,1,0.05096435546875,0.62310791015625,0.1034698486328125,-1.2740296125411987,0.2380072325468063,0.1691871583461761
1069,0.9506,0.8583,0,1,0.1787109375,0.8245849609375,-0.00872802734375,-1.989036202430725,-0.6331047415733337,-0.7207344770431519
1070,0.9732,0.9409,0,1,0.5186004638671875,0.945465087890625,0.31207275390625,-2.173621654510498,-1.2521134614944458,-0.9545698761940002
1071,0.994,1.0689,0,1,0.8878631591796875,1.1248779296875,-0.0379180908203125,-1.869115948677063,-1.618062138557434,-0.5032660961151123
1072,1.0112,1.2358,0,1,1.10601806640625,1.25115966796875,-0.8443603515625,-0.0031571774743497,-1.1535167694091797,0.3960637152194977
1073,1.0291,1.4273,0,1,0.711578369140625,0.99365234375,-0.028900146484375,0.4521701335906982,0.2154063284397125,0.4703179597854614
1074,1.0536,1.618,0,1,0.5199127197265625,0.839874267578125,0.209259033203125,-0.55179363489151,0.8338887095451355,0.1520856767892837
1075,1.0872,1.7773,0,1,0.49114990234375,0.893096923828125,0.15582275390625,-1.5306552648544312,0.1375280320644378,-0.1057349517941474
1076,1.1263,1.8816,0,1,0.6628570556640625,1.014190673828125,-0.3162384033203125,-1.5446301698684692,-0.6745717525482178,-0.3420881032943725
1077,1.165,1.9226,0,1,0.7660064697265625,1.074951171875,-0.2034759521484375,-1.0715471506118774,-0.9676465392112732,-0.3473568856716156
1078,1.1989,1.9061,0,1,0.78045654296875,1.047210693359375,0.007293701171875,-1.2139029502868652,-0.6528494358062744,-0.3593578934669494
1079,1.2261,1.846,0,1,0.7374114990234375,0.9426727294921876,-0.0194244384765625,-1.373373031616211,-0.2985099852085113,-0.4231736361980438
1080,1.2462,1.7585,0,1,0.706268310546875,0.8836212158203125,-0.1119384765625,-1.3269258737564087,-0.0289506912231445,-0.4281372427940368
1081,1.259,1.6593,0,1,0.6508636474609375,0.8634033203125,-0.0749359130859375,-1.2645623683929443,0.0027872642967849,-0.4100519716739654
1082,1.2637,1.5615,0,1,0.55755615234375,0.8347625732421875,-0.0507965087890625,-1.3571975231170654,-0.1947348713874817,-0.4631593823432922
1083,1.2597,1.4749,0,1,0.505035400390625,0.814361572265625,-0.1108551025390625,-1.4550238847732544,-0.2749015986919403,-0.595055103302002
1084,1.2459,1.4065,0,1,0.515655517578125,0.7931671142578125,-0.117950439453125,-1.441512107849121,-0.2515574097633362,-0.6523975133895874
1085,1.2224,1.361,0,1,0.485015869140625,0.72967529296875,-0.1035614013671875,-1.3732792139053345,-0.2945008873939514,-0.6181825399398804
1086,1.1896,1.34,0,1,0.43963623046875,0.655029296875,-0.1212921142578125,-1.2433323860168457,-0.2401196509599685,-0.5657789707183838
1087,1.1486,1.3414,0,1,0.43634033203125,0.6249542236328125,-0.0872039794921875,-1.128071665763855,-0.0500117689371109,-0.5470375418663025
1088,1.1009,1.3589,0,1,0.459930419921875,0.6474151611328125,-0.062164306640625,-1.0394974946975708,0.1557176858186721,-0.570839524269104
1089,1.0484,1.3837,0,1,0.47845458984375,0.709930419921875,-0.0905303955078125,-0.9555603265762328,0.5241189002990723,-0.5749005675315857
1090,0.9941,1.407,0,1,0.44140625,0.75067138671875,-0.1819915771484375,-0.815540075302124,0.943682849407196,-0.6044132113456726
1091,0.9417,1.4225,0,1,0.5451812744140625,0.780364990234375,-0.2935028076171875,-0.5409559011459351,1.2668122053146362,-0.6011132597923279
1092,0.8959,1.4281,0,1,0.659820556640625,0.7356719970703125,-0.24200439453125,-0.2586848139762878,1.4111217260360718,-0.4899627864360809
1093,0.8608,1.4256,0,1,0.704193115234375,0.6781768798828125,-0.1820526123046875,-0.1213314905762672,1.3876557350158691,-0.2911141216754913
1094,0.8396,1.4185,0,1,0.726959228515625,0.6224822998046875,-0.1383514404296875,-0.1141508072614669,1.2096275091171265,-0.1026480793952941
1095,0.8334,1.4089,0,1,0.786590576171875,0.6101226806640625,-0.07568359375,-0.0409535579383373,0.7339067459106445,0.0159099902957677
1096,0.8411,1.3954,0,1,0.8885955810546875,0.6549224853515625,0.0463714599609375,0.1039117500185966,-0.0551194436848163,0.2211161404848098
1097,0.8605,1.3716,0,1,0.9837799072265624,0.726226806640625,0.16302490234375,0.2408618777990341,-1.1063228845596311,0.5413910746574402
1098,0.8895,1.3324,0,1,0.9354400634765624,0.747955322265625,0.1729736328125,0.2533803284168243,-1.6388366222381592,0.8191068768501282
1099,0.9263,1.2803,0,1,0.9058074951171876,0.8817596435546875,0.1160736083984375,0.1301020830869674,-1.3075037002563477,0.9921957850456238
1100,0.9693,1.2264,0,1,0.8738555908203125,1.032928466796875,0.01678466796875,-0.0050727892667055,-0.0831244438886642,0.9717190265655518
1101,1.0172,1.1831,0,1,0.6395111083984375,1.2046051025390625,-0.412506103515625,0.0990091413259506,1.5591216087341309,0.6136519908905029
1102,1.0689,1.1586,0,1,0.5741424560546875,1.2401885986328125,-0.8553009033203125,1.986096262931824,0.0271155070513486,0.3116279244422912
1103,1.1238,1.1594,0,1,0.5079498291015625,0.978057861328125,-0.349151611328125,2.7801010608673096,-0.6034376621246338,0.6780844926834106
1104,1.18,1.1937,0,1,0.41986083984375,0.8089141845703125,-0.0977935791015625,2.6884069442749023,0.2818300724029541,0.835265040397644
1105,1.2326,1.2711,0,1,0.3456573486328125,0.7340087890625,0.044464111328125,2.330854654312134,0.8774244785308838,0.7113220691680908
1106,1.2738,1.396,0,1,0.4740447998046875,0.735992431640625,0.102264404296875,1.940866231918335,0.3329092562198639,0.7199422121047974
1107,1.2954,1.5626,0,1,0.52642822265625,0.797454833984375,0.14410400390625,1.576248288154602,-0.8320415616035461,0.6991769671440125
1108,1.2929,1.7535,0,1,0.5636444091796875,0.9311065673828124,0.164215087890625,1.112028956413269,-1.6988605260849,0.3735650777816772
1109,1.2675,1.9449,0,1,0.7479705810546875,1.0611724853515625,-0.0414276123046875,0.6527943015098572,-1.5879085063934326,0.2211693972349167
1110,1.2252,2.1124,0,1,0.7349700927734375,0.9240570068359376,-0.1317901611328125,0.4050148725509643,-0.5374909043312073,0.4807192087173462
1111,1.1757,2.2333,0,1,0.551361083984375,0.7316436767578125,-0.0255889892578125,0.3289533853530884,0.3924695253372192,0.4906935393810272
1112,1.1271,2.2877,0,1,0.4371185302734375,0.6287078857421875,0.11285400390625,0.250604510307312,0.5480833649635315,0.3827923834323883
1113,1.0839,2.2621,0,1,0.4112548828125,0.6360015869140625,0.1493988037109375,0.0056842509657144,0.2104919850826263,0.2409199327230453
1114,1.0465,2.1535,0,1,0.4847259521484375,0.671478271484375,0.0778961181640625,-0.4724383950233459,-0.1074470952153205,0.0917384400963783
1115,1.013,1.9699,0,1,0.53692626953125,0.682098388671875,-0.0433502197265625,-1.0142651796340942,-0.3484200239181518,-0.0632740408182144
1116,0.982,1.7313,0,1,0.5749664306640625,0.6961822509765625,-0.121307373046875,-1.3810991048812866,-0.4055847823619842,-0.2280829697847366
1117,0.953,1.4684,0,1,0.599884033203125,0.6819915771484375,-0.1457061767578125,-1.5825549364089966,-0.4312523305416107,-0.3059242367744446
1118,0.9269,1.2177,0,1,0.6072998046875,0.683319091796875,-0.1356658935546875,-1.6912494897842407,-0.62037193775177,-0.3235493004322052
1119,0.905,1.0138,0,1,0.629791259765625,0.677001953125,-0.188262939453125,-1.6883397102355957,-0.875013530254364,-0.3037748038768768
1120,0.8888,0.8826,0,1,0.6965484619140625,0.6909027099609375,-0.272613525390625,-1.4922325611114502,-1.0334076881408691,-0.2084522694349289
1121,0.8796,0.8365,0,1,0.8409271240234375,0.7103424072265625,-0.4447174072265625,-0.9738724827766418,-1.083867430686951,0.0337017700076103
1122,0.8789,0.8723,0,1,0.910186767578125,0.7799072265625,-0.5031890869140625,-0.3159654140472412,-0.919315218925476,0.3231889903545379
1123,0.8887,0.9717,0,1,0.8349761962890625,0.8171539306640625,-0.4131622314453125,0.0784191712737083,-0.6296229362487793,0.4624198377132416
1124,0.9107,1.1051,0,1,0.716094970703125,0.7681427001953125,-0.321868896484375,0.2278835028409958,-0.225662425160408,0.544161319732666
1125,0.9442,1.2391,0,1,0.5980377197265625,0.648468017578125,-0.209197998046875,0.2093138098716735,0.1725507378578186,0.554100513458252
1126,0.9851,1.3438,0,1,0.5710296630859375,0.517181396484375,-0.1347503662109375,0.1083142235875129,0.1673780679702758,0.5115810036659241
1127,1.0262,1.3985,0,1,0.53607177734375,0.4454193115234375,-0.0832977294921875,0.0280191171914339,-0.33330899477005,0.4028869867324829
1128,1.0588,1.3943,0,1,0.526336669921875,0.52288818359375,-0.0462799072265625,-0.0905104577541351,-0.9382199048995972,0.1955780237913131
1129,1.0757,1.3347,0,1,0.581817626953125,0.60076904296875,-0.070465087890625,-0.2514796257019043,-1.21977436542511,0.1104500815272331
1130,1.0729,1.2347,0,1,0.6002960205078125,0.6071014404296875,-0.122650146484375,-0.4003633856773376,-1.1461209058761597,0.0536118298768997
1131,1.0512,1.1166,0,1,0.616790771484375,0.5836944580078125,-0.147491455078125,-0.5152026414871216,-0.9419456720352172,-0.0163976158946752
1132,1.0148,1.003,0,1,0.6567535400390625,0.568328857421875,-0.1534423828125,-0.5998991131782532,-0.8353300094604492,-0.0035108451265841
1133,0.9702,0.9108,0,1,0.699920654296875,0.6065216064453125,-0.35614013671875,-0.5110925436019897,-0.7289023995399475,0.1009220853447914
1134,0.925,0.8487,0,1,1.0050811767578125,0.7887420654296875,-0.806640625,0.2909247875213623,-0.4874815046787262,0.5375100374221802
1135,0.8878,0.8183,0,1,1.011322021484375,0.758270263671875,-0.5441131591796875,1.060526967048645,0.6172360181808472,1.302417874336243
1136,0.8675,0.8184,0,1,0.477783203125,0.665130615234375,0.0883941650390625,0.956084668636322,1.1490788459777832,1.3557487726211548
1137,0.8691,0.8492,0,1,0.240386962890625,0.6179962158203125,-0.778472900390625,0.6568561792373657,0.4517306983470917,0.9020267724990844
1138,0.8911,0.9102,0,1,0.0567779541015625,0.933135986328125,-0.5562591552734375,0.6660760045051575,-0.502105712890625,0.1123313382267952
1139,0.9274,0.9944,0,1,0.4912872314453125,0.915679931640625,0.5765533447265625,-0.8219817280769348,-1.154389500617981,-0.1561712324619293
1140,0.9716,1.0904,0,1,0.620330810546875,0.9890289306640624,0.5361480712890625,-1.7034324407577517,-1.992939591407776,-0.5324958562850952
1141,1.0186,1.191,0,1,0.7643585205078125,1.0344390869140625,0.3884429931640625,-2.18972396850586,-2.1116943359375,-0.5612340569496155
1142,1.0654,1.3,0,1,1.022705078125,1.094085693359375,0.23736572265625,-2.2149367332458496,-1.7813053131103516,-0.2408357858657837
1143,1.1115,1.4273,0,1,1.0791778564453125,0.9553375244140624,-0.0470428466796875,-1.9143537282943728,-1.024516224861145,0.1286573112010955
1144,1.1577,1.5786,0,1,0.7765350341796875,0.7194366455078125,-1.2669219970703125,-0.1370745003223419,2.56846284866333,0.1243600323796272
1145,1.2051,1.7502,0,1,0.7228546142578125,0.8722686767578125,0.218536376953125,0.2088751792907714,2.0719640254974365,0.1327833533287048
1146,1.2532,1.9289,0,1,0.679290771484375,1.0496368408203125,0.240234375,-0.6759313344955444,0.0677795782685279,-0.0186450574547052
1147,1.299,2.0934,0,1,0.6356964111328125,0.9994659423828124,-0.1958160400390625,-1.8078572750091555,-0.7248554229736328,-0.4519965052604675
1148,1.3378,2.2208,0,1,0.6365203857421875,0.9628753662109376,-0.1386871337890625,-1.840900540351868,-1.8499538898468015,-0.5264491438865662
1149,1.365,2.2991,0,1,0.5853271484375,0.8579559326171875,0.0378265380859375,-1.810625433921814,-2.557891845703125,-0.4459668397903442
1150,1.377,2.3334,0,1,0.5916595458984375,0.8053131103515625,-0.0528717041015625,-1.8020124435424805,-2.154069423675537,-0.4332707524299621
1151,1.3715,2.3411,0,1,0.5983428955078125,0.77703857421875,-0.062744140625,-1.706225037574768,-1.2804936170578003,-0.4966571629047394
1152,1.3481,2.3397,0,1,0.6058807373046875,0.7646942138671875,-0.0308990478515625,-1.5927013158798218,-0.8810439705848694,-0.574210524559021
1153,1.3086,2.3377,0,1,0.5813140869140625,0.7423553466796875,-0.0861053466796875,-1.4513349533081057,-0.7193669676780701,-0.6144647598266602
1154,1.2564,2.3341,0,1,0.55450439453125,0.7066192626953125,-0.1046142578125,-1.311307430267334,-0.6368702054023743,-0.5896036028862
1155,1.1961,2.3214,0,1,0.540985107421875,0.667816162109375,-0.1117706298828125,-1.2384082078933716,-0.5937322974205017,-0.5799198150634766
1156,1.1322,2.2912,0,1,0.5457916259765625,0.6296539306640625,-0.11273193359375,-1.19769549369812,-0.4895049929618835,-0.6084896922111511
1157,1.069,2.237,0,1,0.5828399658203125,0.6199798583984375,-0.0748138427734375,-1.204008936882019,-0.5299996733665466,-0.6286271810531616
1158,1.0098,2.1571,0,1,0.6003875732421875,0.6443939208984375,-0.065277099609375,-1.219252109527588,-0.7324345707893372,-0.5909906029701233
1159,0.9574,2.0548,0,1,0.627685546875,0.6983795166015625,-0.118865966796875,-1.195464253425598,-0.7173812985420227,-0.5468500256538391
1160,0.9143,1.9377,0,1,0.65533447265625,0.7168731689453125,-0.1009521484375,-1.1291762590408323,-0.661771297454834,-0.5255391597747803
1161,0.8823,1.8156,0,1,0.69775390625,0.71337890625,-0.0709991455078125,-1.068306565284729,-0.7631170749664307,-0.4077036082744598
1162,0.8628,1.6975,0,1,0.688629150390625,0.7183074951171875,-0.06884765625,-1.0565454959869385,-0.8272380232810974,-0.1073901057243347
1163,0.856,1.5904,0,1,0.56024169921875,0.7246856689453125,-0.155914306640625,-1.0199682712554932,-0.5555852055549622,0.1258628517389297
1164,0.8608,1.4981,0,1,0.4727325439453125,0.726470947265625,-0.248138427734375,-0.7538008093833923,-0.2160486727952957,0.1812062710523605
1165,0.8743,1.4201,0,1,0.5909271240234375,0.84307861328125,-0.20538330078125,-0.1485220938920974,-0.6297499537467957,0.4508017897605896
1166,0.8934,1.3523,0,1,0.6951446533203125,0.89605712890625,-0.038543701171875,0.342987984418869,-1.0823837518692017,0.6683538556098938
1167,0.9158,1.2907,0,1,0.7249908447265625,0.8139495849609375,0.0677337646484375,0.5164215564727783,-1.060019612312317,0.5947038531303406
1168,0.9403,1.2351,0,1,0.7510833740234375,0.76519775390625,0.115081787109375,0.4033693075180053,-0.9089608192443848,0.5437527894973755
1169,0.9659,1.1876,0,1,0.743682861328125,0.78057861328125,0.140167236328125,0.1678558439016342,-0.6365413069725037,0.5969725847244263
1170,0.9917,1.1494,0,1,0.71722412109375,0.8560638427734375,0.124053955078125,-0.1216494664549827,-0.1504819095134735,0.6052784323692322
1171,1.0169,1.1182,0,1,0.688629150390625,0.9590301513671876,0.037628173828125,-0.385017454624176,0.4965218901634216,0.589448869228363
1172,1.0408,1.0897,0,1,0.710205078125,0.9912567138671876,-0.5486602783203125,0.150905355811119,0.6976704597473145,0.6144613027572632
1173,1.0639,1.0608,0,1,0.788909912109375,0.7969818115234375,-0.52337646484375,1.3027677536010742,-0.1489892154932022,0.8965955376625061
1174,1.0872,1.0337,0,1,0.71307373046875,0.684814453125,-0.2082061767578125,1.5778366327285769,-0.6708766222000122,1.0354303121566772
1175,1.1104,1.0167,0,1,0.71875,0.6534423828125,-0.108489990234375,1.2546758651733398,-0.7096315026283264,1.016748309135437
1176,1.1313,1.0208,0,1,0.7183074951171875,0.6931610107421875,-0.0726165771484375,0.7815802693367004,-1.0562951564788818,0.9887177348136902
1177,1.1466,1.0545,0,1,0.6483612060546875,0.8104095458984375,-0.0489654541015625,0.3821638822555542,-1.776344895362854,0.8578635454177856
1178,1.1536,1.1201,0,1,0.5660552978515625,0.914581298828125,-0.085296630859375,0.201395958662033,-1.927700638771057,0.7117239236831665
1179,1.1515,1.2151,0,1,0.4860687255859375,0.9408111572265624,-0.054595947265625,0.1752165555953979,-1.4262564182281494,0.6083930134773254
1180,1.1414,1.3315,0,1,0.4818572998046875,0.9475860595703124,0.0275421142578125,0.0875892341136932,-0.7702839374542236,0.5340399742126465
1181,1.1254,1.4544,0,1,0.4941253662109375,0.9024810791015624,0.1115264892578125,-0.110450342297554,-0.7743598818778992,0.4606520235538482
1182,1.1064,1.5635,0,1,0.5800323486328125,0.7898712158203125,0.1251220703125,-0.4082631170749664,-1.157292366027832,0.4368204772472381
1183,1.0864,1.6409,0,1,0.65771484375,0.615570068359375,0.1035308837890625,-0.7230687141418457,-1.3764145374298096,0.339025467634201
1184,1.0665,1.6778,0,1,0.694427490234375,0.5276947021484375,0.0269927978515625,-1.0512982606887815,-1.2694133520126345,0.2564291357994079
1185,1.047,1.6765,0,1,0.78265380859375,0.5163421630859375,-0.07708740234375,-1.409407138824463,-0.74223792552948,0.2135618180036544
1186,1.0275,1.6472,0,1,0.87060546875,0.5568389892578125,-0.1655731201171875,-1.6369500160217283,-0.25545734167099,0.3062816262245178
1187,1.0085,1.6034,0,1,0.83538818359375,0.6212310791015625,-0.1309967041015625,-1.7262083292007446,-0.2907799184322357,0.3656402826309204
1188,0.9914,1.5588,0,1,0.7392425537109375,0.6945953369140625,-0.05059814453125,-1.9305273294448853,-0.7520859837532043,0.3406262993812561
1189,0.9781,1.526,0,1,0.678680419921875,0.7590179443359375,-0.03179931640625,-2.2247259616851807,-1.3131769895553589,0.3510035574436188
1190,0.9698,1.5175,0,1,0.602081298828125,0.8098297119140625,-0.05224609375,-2.3837156295776367,-1.4871759414672852,0.3164194822311401
1191,0.967,1.5446,0,1,0.5494232177734375,0.8094482421875,-0.0452880859375,-2.36759090423584,-1.1417375802993774,0.1995368152856826
1192,0.969,1.6141,0,1,0.56854248046875,0.8105010986328125,-0.0562744140625,-2.129836320877075,-0.8388006687164307,0.1687927395105362
1193,0.9745,1.7243,0,1,0.5814666748046875,0.8329315185546875,-0.0582122802734375,-1.728963017463684,-0.7186617255210876,0.1916514635086059
1194,0.982,1.8623,0,1,0.5989227294921875,0.8309326171875,-0.0399932861328125,-1.4266852140426636,-0.6278623342514038,0.2762334644794464
1195,0.9901,2.0065,0,1,0.6126251220703125,0.7671661376953125,-0.1046295166015625,-1.2895468473434448,-0.5571714043617249,0.2848868668079376
1196,0.9979,2.1317,0,1,0.6494140625,0.711212158203125,-0.161468505859375,-1.2522923946380615,-0.5551324486732483,0.1765241622924804
1197,1.0043,2.216,0,1,0.673065185546875,0.68310546875,-0.130645751953125,-1.2830772399902344,-0.7649197578430176,0.0785222351551055
1198,1.0087,2.2459,0,1,0.61944580078125,0.6718902587890625,-0.0721282958984375,-1.2588738203048706,-1.1807931661605835,-0.019572103396058
1199,1.0101,2.2195,0,1,0.5672760009765625,0.647064208984375,0.00079345703125,-1.272573709487915,-1.4838871955871582,-0.1261685937643051
1200,1.0076,2.1467,0,1,0.5275726318359375,0.5797882080078125,0.023651123046875,-1.3181976079940796,-1.5155311822891235,-0.1608671844005584
1201,1.0002,2.0453,0,1,0.51873779296875,0.5465850830078125,0.0167999267578125,-1.306973934173584,-1.222133994102478,-0.1581195890903473
1202,0.9869,1.9355,0,1,0.5485687255859375,0.6024627685546875,0.0013427734375,-1.1915677785873413,-0.958472728729248,-0.0962367877364158
1203,0.9672,1.8328,0,1,0.5896453857421875,0.7207183837890625,-0.078704833984375,-0.9559736251831056,-0.8209455013275146,-0.0110507868230342
1204,0.9427,1.7449,0,1,0.6770477294921875,0.7710113525390625,-0.21124267578125,-0.6060523390769958,-0.6154858469963074,0.0819582492113113
1205,0.917,1.6704,0,1,0.8755645751953125,0.748779296875,-0.1811065673828125,-0.3333593308925628,-0.257994532585144,0.192970260977745
1206,0.8953,1.6009,0,1,0.996612548828125,0.86279296875,-0.10223388671875,-0.4796105325222015,-0.1287710219621658,0.2257819920778274
1207,0.8837,1.525,0,1,0.9230499267578124,0.729766845703125,-0.2824554443359375,-0.6317194104194641,-0.5202391743659973,0.2165421545505523
1208,0.8869,1.4348,0,1,0.71136474609375,0.5819549560546875,-0.234344482421875,-0.6030768156051636,-1.258909821510315,0.2852652966976166
1209,0.9057,1.3317,0,1,0.51751708984375,0.5468292236328125,-0.1382293701171875,-0.4768983721733093,-1.4945402145385742,0.3495002090930938
1210,0.9359,1.2268,0,1,0.421600341796875,0.48809814453125,-0.1043548583984375,-0.2616625130176544,-1.4923182725906372,0.3007118999958038
1211,0.9687,1.1358,0,1,0.4183197021484375,0.5169219970703125,-0.152587890625,-0.1013125032186508,-1.490535020828247,0.2927378714084625
1212,0.9946,1.0729,0,1,0.5017547607421875,0.6089324951171875,-0.0290374755859375,-0.3717085719108581,-1.0174190998077393,0.2088576108217239
1213,1.0064,1.045,0,1,0.6511993408203125,0.5986785888671875,0.2170257568359375,-0.8320397138595581,-1.0358269214630127,0.1868412494659423
1214,1.0015,1.0516,0,1,0.7627105712890625,0.5486602783203125,0.2992095947265625,-1.2697954177856443,-1.6889653205871582,0.3643758296966553
1215,0.9823,1.0896,0,1,0.7451324462890625,0.502227783203125,0.2792205810546875,-1.599642038345337,-2.170224905014038,0.436501145362854
1216,0.9545,1.1596,0,1,0.8237762451171875,0.550689697265625,0.2250213623046875,-1.8108911514282229,-2.363399028778076,0.2962114214897156
1217,0.9248,1.2663,0,1,0.901123046875,0.7214508056640625,0.1641998291015625,-1.8586435317993164,-2.4284422397613525,0.0203268434852361
1218,0.9003,1.4148,0,1,1.004486083984375,0.8367462158203125,0.14080810546875,-1.878595471382141,-2.574927806854248,0.0665257647633552
1219,0.8872,1.606,0,1,0.83660888671875,0.8731842041015625,0.0487213134765625,-1.9022197723388672,-2.547689437866211,0.2590648531913757
1220,0.8901,1.8341,0,1,0.7215423583984375,0.9301605224609376,0.029144287109375,-1.875865459442139,-2.317918300628662,0.2655278146266937
1221,0.9108,2.0866,0,1,0.7264556884765625,1.0653228759765625,0.0907440185546875,-1.8451226949691768,-2.1892566680908203,0.1870969235897064
1222,0.9478,2.3451,0,1,0.7819671630859375,1.21661376953125,0.118316650390625,-1.8078043460845947,-2.045699119567871,0.1611225754022598
1223,0.9982,2.5882,0,1,0.7446746826171875,1.2608489990234375,0.0702667236328125,-1.6444425582885742,-1.5700223445892334,0.1930277794599533
1224,1.0586,2.794,0,1,0.668243408203125,1.22235107421875,0.068450927734375,-1.391574144363403,-0.9933886528015136,0.1966257095336914
1225,1.1253,2.9414,0,1,0.6101531982421875,1.190826416015625,0.01763916015625,-1.1072264909744265,-0.6077783703804016,0.17769356071949
1226,1.1937,3.0119,0,1,0.5101165771484375,1.1168670654296875,-0.0352325439453125,-0.8301041126251221,-0.5919144749641418,-0.0656394660472869
1227,1.2581,2.9926,0,1,0.5886383056640625,1.0500335693359375,0.05963134765625,-0.8947941660881042,-1.0298486948013306,-0.1910858005285263
1228,1.3125,2.8819,0,1,0.5841827392578125,0.946197509765625,0.03240966796875,-1.171496033668518,-1.252793788909912,-0.4089699387550354
1229,1.3518,2.6927,0,1,0.617034912109375,0.884307861328125,0.01898193359375,-1.492122769355774,-1.2635087966918943,-0.5932063460350037
1230,1.3721,2.4525,0,1,0.6713104248046875,0.8456268310546875,0.027801513671875,-1.7340632677078247,-1.3321195840835571,-0.6475284099578857
1231,1.3719,2.1974,0,1,0.6676788330078125,0.779388427734375,0.017730712890625,-1.8694934844970703,-1.482107162475586,-0.5702978372573853
1232,1.3521,1.9645,0,1,0.536773681640625,0.697784423828125,-0.07861328125,-1.8352534770965576,-1.3086563348770142,-0.5171461701393127
1233,1.315,1.7839,0,1,0.45623779296875,0.6464691162109375,-0.1179046630859375,-1.6742875576019287,-0.838852047920227,-0.4949844479560852
1234,1.2635,1.6718,0,1,0.397308349609375,0.61907958984375,-0.0860443115234375,-1.4669718742370603,-0.5162410140037537,-0.4970499873161316
1235,1.2007,1.6283,0,1,0.376861572265625,0.63153076171875,-0.0801239013671875,-1.2583966255187988,-0.2658857405185699,-0.4846135675907135
1236,1.1298,1.639,0,1,0.3598785400390625,0.7062530517578125,-0.1353607177734375,-1.1220811605453491,0.1875738948583603,-0.4419957995414734
1237,1.0549,1.6805,0,1,0.315826416015625,0.7728118896484375,-0.204193115234375,-1.0173757076263428,0.4776464700698852,-0.5634905099868774
1238,0.9809,1.728,0,1,0.3422393798828125,0.8236083984375,-0.2554168701171875,-0.8961089849472046,0.1858990341424942,-0.7473775148391724
1239,0.9135,1.7606,0,1,0.5619049072265625,0.73175048828125,-0.23089599609375,-0.8326154947280884,0.1189791187644004,-0.8021843433380127
1240,0.8582,1.7647,0,1,0.7664337158203125,0.6671142578125,-0.06671142578125,-0.7410043478012085,0.0627288967370987,-0.6525346636772156
1241,0.8193,1.734,0,1,0.8703460693359375,0.658111572265625,0.074737548828125,-0.7214791178703308,-0.4708644449710846,-0.2434520721435547
1242,0.7995,1.6685,0,1,0.8007965087890625,0.5776214599609375,-0.013336181640625,-0.6720383167266846,-0.6006040573120117,-0.0650897845625877
1243,0.7993,1.5727,0,1,0.794036865234375,0.573699951171875,-0.04736328125,-0.5308577418327332,-0.3196693360805511,-0.071006529033184
1244,0.8165,1.4538,0,1,0.8761749267578125,0.66131591796875,0.0191650390625,-0.2926150858402252,-0.4789117276668548,0.2605306506156921
1245,0.847,1.32,0,1,0.74737548828125,0.6140594482421875,0.0212249755859375,0.0504439994692802,-0.4404037594795227,0.6099491119384766
1246,0.8857,1.1804,0,1,0.68487548828125,0.6485748291015625,0.0228424072265625,0.3927478194236755,-0.0588827580213546,0.7900155186653137
1247,0.9271,1.0449,0,1,0.671875,0.8125762939453125,0.030426025390625,0.6165934205055237,0.1286533176898956,0.8297150135040283
1248,0.9663,0.9242,0,1,0.6990966796875,1.027587890625,-0.0339508056640625,0.7040782570838928,-0.1611814349889755,0.7580751776695251
1249,1.0007,0.8284,0,1,0.6763153076171875,1.209625244140625,-0.1867828369140625,0.6060622334480286,-0.3360637724399566,0.7140297293663025
1250,1.0309,0.7642,0,1,0.68707275390625,1.1060333251953125,-0.36273193359375,0.6203881502151489,-0.3355084955692291,0.6965071558952332
1251,1.0597,0.7342,0,1,0.75701904296875,0.800537109375,-0.5337677001953125,1.0514929294586182,-0.5174545645713806,0.7837691307067871
1252,1.0895,0.7379,0,1,0.7733154296875,0.698455810546875,-0.5416412353515625,1.645954132080078,-0.5787941217422485,0.9583683609962464
1253,1.1207,0.7755,0,1,0.6759490966796875,0.7046661376953125,-0.40496826171875,1.9563573598861692,-0.0730057656764984,1.0864014625549316
1254,1.1512,0.8493,0,1,0.5659942626953125,0.8029327392578125,-0.18603515625,1.7361093759536743,0.5159952044487,0.9293856620788574
1255,1.1773,0.9598,0,1,0.53656005859375,0.9552459716796876,0.0310821533203125,1.0958106517791748,0.3840326070785522,0.8068382143974304
1256,1.1953,1.1009,0,1,0.5000457763671875,1.0306854248046875,0.178619384765625,0.5001435279846191,-0.1188717931509018,0.6846629977226257
1257,1.2031,1.256,0,1,0.466888427734375,1.0435791015625,0.103302001953125,0.2052540779113769,-0.5619882345199585,0.5656410455703735
1258,1.2013,1.4011,0,1,0.4744873046875,1.05316162109375,-0.0124969482421875,0.3139052093029022,-0.9881035685539246,0.4753444194793701
1259,1.1919,1.5135,0,1,0.467498779296875,0.9757080078125,-0.0294647216796875,0.4422423839569092,-0.7816178202629089,0.5027587413787842
1260,1.1776,1.578,0,1,0.4493408203125,0.838348388671875,-0.0790863037109375,0.3004064261913299,0.1985453218221664,0.5601086020469666
1261,1.1602,1.5886,0,1,0.52294921875,0.7022857666015625,-0.1755828857421875,0.1002110242843627,0.4954733848571777,0.5751367807388306
1262,1.1402,1.5464,0,1,0.5108184814453125,0.7123565673828125,-0.1782073974609375,-0.0260720811784267,0.1097960025072097,0.5007160902023315
1263,1.1172,1.4577,0,1,0.44232177734375,0.7528839111328125,-0.069854736328125,-0.2741473913192749,0.2285479605197906,0.0757581442594528
1264,1.0905,1.332,0,1,0.4823760986328125,0.780670166015625,-0.016387939453125,-0.5091249942779541,0.1712889224290847,-0.2168851792812347
1265,1.0606,1.1816,0,1,0.5194549560546875,0.7732086181640625,-0.0169219970703125,-0.5930209755897522,-0.3539673984050751,-0.2426350116729736
1266,1.0286,1.021,0,1,0.5128173828125,0.7071380615234375,-0.088348388671875,-0.4697326123714447,-0.5476338267326355,-0.1843259036540985
1267,0.9964,0.8657,0,1,0.5717926025390625,0.6399383544921875,-0.1632537841796875,-0.2472657114267349,-0.291359394788742,-0.0976035222411155
1268,0.9659,0.7283,0,1,0.66424560546875,0.63232421875,-0.195404052734375,-0.1018925458192825,-0.0611443147063255,0.0740033835172653
1269,0.9388,0.6152,0,1,0.6665191650390625,0.6069488525390625,-0.219085693359375,-0.0038887478876858,-0.0054458980448544,0.0972365364432334
1270,0.9165,0.526,0,1,0.6427154541015625,0.6048583984375,-0.22003173828125,0.0599661320447921,-0.1707885265350341,-0.0886635556817054
1271,0.9,0.4563,0,1,0.733123779296875,0.6309967041015625,-0.216552734375,0.0795411616563797,-0.4285212457180023,-0.1052625030279159
1272,0.8902,0.4023,0,1,0.8538970947265625,0.644775390625,-0.3060150146484375,0.2324161976575851,-0.7428629398345947,0.0673886314034462
1273,0.8877,0.3634,0,1,0.86907958984375,0.63873291015625,-0.335540771484375,0.4049663841724396,-0.72990882396698,0.2764624953269958
1274,0.8934,0.3423,0,1,0.811187744140625,0.5861358642578125,-0.2709197998046875,0.3674589693546295,-0.3629134893417358,0.3434087634086609
1275,0.9075,0.3418,0,1,0.703704833984375,0.524993896484375,-0.230255126953125,0.1614599972963333,-0.1102918833494186,0.2417673617601394
1276,0.9281,0.3609,0,1,0.644378662109375,0.517059326171875,-0.267425537109375,-0.0176620837301015,-0.1350536942481994,0.027517644688487
1277,0.9515,0.3925,0,1,0.5857696533203125,0.540130615234375,-0.2350616455078125,-0.1579443663358688,-0.0918319225311279,-0.0889184176921844
1278,0.9728,0.4265,0,1,0.5085906982421875,0.52447509765625,-0.2212982177734375,-0.162092238664627,-0.0127019463106989,-0.168562114238739
1279,0.9871,0.4528,0,1,0.505401611328125,0.551910400390625,-0.3007354736328125,0.0233191717416048,-0.1293862164020538,-0.2253481745719909
1280,0.9913,0.4654,0,1,0.6220245361328125,0.6448211669921875,-0.41650390625,0.4825368225574493,-0.3273576200008392,-0.119187906384468
1281,0.9848,0.4631,0,1,0.7318572998046875,0.7382965087890625,-0.4375,0.6578383445739746,-0.0746563971042633,0.047676708549261
1282,0.9706,0.4505,0,1,0.7923431396484375,0.7201690673828125,-0.4650421142578125,0.2657139599323272,0.750680685043335,0.0784505978226661
1283,0.9543,0.4355,0,1,0.71710205078125,0.5907135009765625,-0.055328369140625,-0.1699139326810836,0.588327944278717,0.0659073740243911
1284,0.941,0.4262,0,1,0.5187835693359375,0.571014404296875,0.149932861328125,-0.5444667935371399,-0.1889094710350036,0.0875956267118454
1285,0.9332,0.4279,0,1,0.434600830078125,0.5589599609375,0.089813232421875,-0.6637595891952515,-0.6107946634292603,0.0099346563220024
1286,0.9293,0.4433,0,1,0.49884033203125,0.6151885986328125,0.076690673828125,-0.6894934773445129,-0.8843252658843994,0.0284289773553609
1287,0.9263,0.4743,0,1,0.63665771484375,0.7801055908203125,0.0477752685546875,-0.7158079147338867,-0.9572489857673644,0.1227187290787696
1288,0.9222,0.5223,0,1,0.7943572998046875,0.9720916748046876,-0.050048828125,-0.7034292817115784,-0.5004034638404846,0.2991201281547546
1289,0.9179,0.5867,0,1,0.71197509765625,1.02001953125,-0.14459228515625,-0.5543023347854614,-0.0166817754507064,0.3040024936199188
1290,0.9173,0.662,0,1,0.6645965576171875,1.0153045654296875,-0.1090087890625,-0.4314384758472442,-0.1056020632386207,0.2453178763389587
1291,0.925,0.7382,0,1,0.6484832763671875,1.0225677490234375,-0.1466217041015625,-0.3198970556259155,-0.2261700183153152,0.2017168700695037
1292,0.9438,0.803,0,1,0.687530517578125,0.9798126220703124,-0.01959228515625,-0.3642695546150207,-0.1725246310234069,0.0313888154923915
1293,0.9738,0.8455,0,1,0.7679443359375,0.9132843017578124,0.0417938232421875,-0.5231175422668457,-0.0903549268841743,-0.1531927436590194
1294,1.0129,0.8598,0,1,0.8991851806640625,0.9161834716796876,0.0594482421875,-0.7271037101745605,0.1192781925201416,-0.2338186204433441
1295,1.0578,0.8466,0,1,1.0195159912109375,0.9618377685546876,0.0343780517578125,-0.9266873598098756,0.4405587315559387,-0.2287591397762298
1296,1.1053,0.8138,0,1,1.0314483642578125,0.9402618408203124,0.01629638671875,-1.078243613243103,0.5622508525848389,-0.330965131521225
1297,1.1532,0.7747,0,1,0.909881591796875,0.8255767822265625,0.040130615234375,-1.1858688592910769,0.2236394882202148,-0.506131112575531
1298,1.1991,0.7443,0,1,0.753875732421875,0.78125,0.0283355712890625,-1.4116830825805664,-0.3655670583248138,-0.4872154593467712
1299,1.2397,0.7364,0,1,0.605560302734375,0.766021728515625,-0.028045654296875,-1.6509904861450195,-0.7107961177825928,-0.4803149402141571
1300,1.2703,0.7614,0,1,0.5096893310546875,0.7604217529296875,-0.0330963134765625,-1.7816627025604248,-0.7561672925949097,-0.5768827795982361
1301,1.2859,0.826,0,1,0.4592742919921875,0.777008056640625,-0.027069091796875,-1.776916742324829,-0.5502405166625977,-0.6485297679901123
1302,1.2831,0.9314,0,1,0.3908538818359375,0.7552490234375,-0.0325469970703125,-1.6359694004058838,-0.1359186917543411,-0.6674922704696655
1303,1.2606,1.0717,0,1,0.2958984375,0.6985321044921875,-0.0405426025390625,-1.425755739212036,0.2473722398281097,-0.7426762580871582
1304,1.2192,1.2344,0,1,0.21331787109375,0.6730194091796875,-0.0951690673828125,-1.1859652996063232,0.5852163434028625,-0.8877631425857544
1305,1.1619,1.4022,0,1,0.2317047119140625,0.7317047119140625,-0.1619110107421875,-0.959731101989746,0.8832741379737854,-0.9777060747146606
1306,1.0931,1.5575,0,1,0.4891357421875,0.7935028076171875,-0.2130126953125,-0.7691113352775574,1.150058627128601,-0.690317690372467
1307,1.0192,1.6855,0,1,0.5707244873046875,0.7594757080078125,-0.30902099609375,-0.3960075378417969,1.1158567667007446,-0.4630536735057831
1308,0.9481,1.7759,0,1,0.630950927734375,0.72113037109375,-0.3496551513671875,0.0517955534160137,1.1881961822509766,-0.2870855629444122
1309,0.8878,1.8224,0,1,0.6739959716796875,0.71185302734375,-0.12164306640625,0.2999662160873413,1.319062113761902,-0.1214707717299461
1310,0.8445,1.8237,0,1,0.759674072265625,0.7102508544921875,0.0956573486328125,0.4011037349700928,0.866052508354187,0.0836075469851493
1311,0.8213,1.7828,0,1,0.8382415771484375,0.652313232421875,0.1582183837890625,0.4469362199306488,0.1812339723110199,0.19062240421772
1312,0.8188,1.7042,0,1,0.8660736083984375,0.56475830078125,0.1210479736328125,0.492912232875824,-0.1294730305671692,0.2223502397537231
1313,0.8347,1.5923,0,1,0.89788818359375,0.52972412109375,0.0545501708984375,0.424319863319397,0.1897598206996917,0.2808393836021423
1314,0.865,1.4531,0,1,0.9281158447265624,0.5940704345703125,0.0900115966796875,0.2364149391651153,0.6161366701126099,0.350721001625061
1315,0.9048,1.2954,0,1,0.9414825439453124,0.6986541748046875,0.2295989990234375,-0.0429730340838432,0.1024464815855026,0.4645114839076996
1316,0.9494,1.1305,0,1,0.9502410888671876,0.783447265625,0.2364654541015625,-0.22170390188694,-0.7599055767059326,0.4755854308605194
1317,0.9956,0.9717,0,1,0.93182373046875,0.879150390625,0.15087890625,-0.4073680341243744,-0.9171860218048096,0.5235785245895386
1318,1.0412,0.8324,0,1,0.7813262939453125,0.8934783935546875,0.037567138671875,-0.586236298084259,-0.1479764133691787,0.5105007886886597
1319,1.0848,0.7246,0,1,0.6397705078125,0.9535369873046876,-0.2276458740234375,-0.5400187373161316,0.9150900840759276,0.3943148255348205
1320,1.1251,0.6563,0,1,0.594818115234375,1.1003875732421875,-0.9667816162109376,1.3873844146728516,-0.456861287355423,0.331339567899704
1321,1.1616,0.6327,0,1,0.5472412109375,1.0541534423828125,-0.464141845703125,2.5472559928894043,-1.0471956729888916,0.6490229964256287
1322,1.1947,0.6603,0,1,0.5177459716796875,0.8745880126953125,-0.2607574462890625,2.5574276447296143,0.0497763454914093,0.8970511555671692
1323,1.2239,0.748,0,1,0.5891876220703125,0.8101348876953125,-0.2388153076171875,2.6206130981445312,0.5019752383232117,1.0000169277191162
1324,1.2468,0.9018,0,1,0.563018798828125,0.8231201171875,-0.102386474609375,2.824126482009888,-0.1173087805509567,1.0437448024749756
1325,1.2597,1.1201,0,1,0.44500732421875,0.9495849609375,0.046234130859375,2.646761417388916,-0.7775551676750183,0.7560455799102783
1326,1.26,1.3915,0,1,0.400115966796875,1.129730224609375,0.0970001220703125,2.2142093181610107,-0.9159992933273317,0.373141884803772
1327,1.2482,1.6944,0,1,0.458038330078125,1.325775146484375,0.0019073486328125,1.7899733781814575,-0.9055381417274476,0.0781688392162323
1328,1.2279,1.9991,0,1,0.5547332763671875,1.331695556640625,-0.1828765869140625,1.6406720876693726,-0.7079699635505676,0.0510448068380355
1329,1.2056,2.2723,0,1,0.5557098388671875,0.975982666015625,-0.105682373046875,1.624428153038025,-0.0298606939613819,0.202109694480896
1330,1.1873,2.4837,0,1,0.5809173583984375,0.7155914306640625,0.0604705810546875,1.4777824878692627,0.4822534620761871,0.2020559012889862
1331,1.1751,2.6117,0,1,0.5891876220703125,0.5802154541015625,0.17535400390625,1.2107126712799072,0.5135181546211243,0.0964695513248443
1332,1.1667,2.6466,0,1,0.654449462890625,0.495513916015625,0.157806396484375,0.8788804411888123,0.2845550179481506,0.0271080508828163
1333,1.1571,2.5886,0,1,0.6981201171875,0.432830810546875,0.0692901611328125,0.496832400560379,0.1396923810243606,0.0657928586006164
1334,1.1413,2.4453,0,1,0.63787841796875,0.3887176513671875,-0.0140533447265625,0.1294032633304596,0.2025126218795776,-0.0405876412987709
1335,1.116,2.2292,0,1,0.6060028076171875,0.4261322021484375,0.018463134765625,-0.3683657646179199,0.1727243661880493,-0.273879736661911
1336,1.08,1.9577,0,1,0.6265716552734375,0.509429931640625,-0.0377655029296875,-1.0270477533340454,-0.1970456838607788,-0.3537972271442413
1337,1.0343,1.6559,0,1,0.5667572021484375,0.583892822265625,-0.1113739013671875,-1.484634518623352,-0.7995075583457947,-0.3442215621471405
1338,0.9823,1.3566,0,1,0.43829345703125,0.6681671142578125,-0.1817474365234375,-1.670590877532959,-1.182477593421936,-0.4093914926052093
1339,0.9287,1.0972,0,1,0.4544677734375,0.7667083740234375,-0.41314697265625,-1.3909506797790527,-1.2606669664382937,-0.45648393034935
1340,0.8792,0.9103,0,1,0.5962066650390625,0.8599700927734375,-0.6599273681640625,-0.5368520021438599,-1.2552894353866575,-0.2634651958942413
1341,0.8403,0.8133,0,1,0.702880859375,0.828369140625,-0.75311279296875,0.2924315929412842,-0.4552567303180694,0.0102566322311759
1342,0.8188,0.8032,0,1,0.778961181640625,0.7206573486328125,-0.6641998291015625,0.894072413444519,0.3791808784008026,0.1679911315441131
1343,0.8197,0.8588,0,1,0.7976531982421875,0.5677642822265625,-0.4293670654296875,1.1025886535644531,0.6602210402488708,0.2422765493392944
1344,0.844,0.9526,0,1,0.7613677978515625,0.451629638671875,-0.2642974853515625,0.9151891469955444,0.4730871319770813,0.2130430340766906
1345,0.8868,1.0584,0,1,0.674163818359375,0.4076385498046875,-0.2417449951171875,0.5139322876930237,-0.0313086546957492,0.1049863398075103
1346,0.9391,1.154,0,1,0.6145782470703125,0.4482574462890625,-0.3101043701171875,0.1397445797920227,-0.3929914832115173,0.1002224758267402
1347,0.9901,1.2204,0,1,0.59991455078125,0.5049591064453125,-0.4081268310546875,-0.0500993877649307,-0.4570085704326629,0.1500994861125946
1348,1.0306,1.2441,0,1,0.670745849609375,0.5398406982421875,-0.4307708740234375,-0.1198225393891334,-0.2998876571655273,0.1811916232109069
1349,1.0552,1.219,0,1,0.7615509033203125,0.5352783203125,-0.447479248046875,-0.1002664193511009,-0.0067460532300174,0.2533062994480133
1350,1.0628,1.1472,0,1,0.8611602783203125,0.534088134765625,-0.529541015625,0.2514769732952118,0.2195664495229721,0.4559190571308136
1351,1.0569,1.038,0,1,0.8073883056640625,0.5787200927734375,-0.471038818359375,0.8623725771903992,0.454686552286148,0.852146565914154
1352,1.043,0.9093,0,1,0.6605377197265625,0.542633056640625,-0.3211669921875,1.2745060920715332,0.8269141912460327,1.1280479431152344
1353,1.0261,0.7867,0,1,0.350616455078125,0.5012969970703125,-0.3860015869140625,0.4202729165554046,1.3684887886047363,0.8106310963630676
1354,1.0089,0.6973,0,1,0.025054931640625,0.711761474609375,-0.0845794677734375,-1.220666527748108,0.7176955342292786,-0.0340354666113853
1355,0.991,0.6614,0,1,0.3582611083984375,0.826751708984375,0.2992401123046875,-1.727034330368042,0.0787542015314102,-0.850663423538208
1356,0.9716,0.6883,0,1,0.5346527099609375,0.99163818359375,0.3748779296875,-1.8776414394378664,-0.7403963208198547,-1.3515866994857788
1357,0.9523,0.7791,0,1,0.9649200439453124,1.1059417724609375,0.242889404296875,-1.837185621261597,-1.4790693521499634,-0.8166742920875549
1358,0.9384,0.929,0,1,1.2283782958984375,1.028076171875,-0.6986846923828125,-0.3581272661685943,-1.8256744146347048,0.4779306054115295
1359,0.9377,1.1259,0,1,0.7483978271484375,0.9252166748046876,-0.11260986328125,0.607900857925415,-0.7429044842720032,0.5182503461837769
1360,0.9567,1.347,0,1,0.677581787109375,0.9413909912109376,0.0650177001953125,-0.1279046982526779,1.0993627309799194,-0.1264021396636963
1361,0.9961,1.5622,0,1,0.8091583251953125,0.901641845703125,0.06854248046875,-1.224546194076538,1.3867028951644895,-0.2151956707239151
1362,1.0506,1.7427,0,1,0.791900634765625,0.9539947509765624,-0.267425537109375,-1.1535298824310305,-0.2451751381158828,-0.2445660680532455
1363,1.1126,1.87,0,1,0.78741455078125,1.0609588623046875,0.029876708984375,-1.1478610038757324,-1.385487675666809,-0.3566268384456634
1364,1.1743,1.9375,0,1,0.8274383544921875,1.04248046875,-0.021881103515625,-1.53207528591156,-0.8015621900558472,-0.38390052318573
1365,1.23,1.9498,0,1,0.8028564453125,0.9324951171875,-0.1181182861328125,-1.576751708984375,-0.1467811912298202,-0.397121787071228
1366,1.2757,1.9191,0,1,0.73931884765625,0.8722686767578125,-0.1564788818359375,-1.2717872858047483,-0.0358799695968627,-0.4423800706863403
1367,1.3086,1.8591,0,1,0.6339111328125,0.821197509765625,-0.096343994140625,-1.1789017915725708,0.0334967076778411,-0.4905830323696136
1368,1.3263,1.7819,0,1,0.503814697265625,0.7496795654296875,-0.0989990234375,-1.3149977922439575,0.1432205438613891,-0.6489756107330322
1369,1.3271,1.6973,0,1,0.5090789794921875,0.7248382568359375,-0.077972412109375,-1.5039565563201904,-0.0744779631495475,-0.847900390625
1370,1.3097,1.6149,0,1,0.52642822265625,0.6761474609375,-0.09857177734375,-1.5954785346984863,-0.4859107732772827,-0.9558992981910706
1371,1.2745,1.5449,0,1,0.489715576171875,0.5801544189453125,-0.1778717041015625,-1.6100361347198486,-0.7134299874305725,-0.9907273650169371
1372,1.2233,1.4974,0,1,0.4918365478515625,0.502960205078125,-0.1504364013671875,-1.6089820861816406,-0.6844481229782104,-0.9454296231269836
1373,1.1594,1.4799,0,1,0.4953765869140625,0.4450531005859375,-0.0762481689453125,-1.6121480464935305,-0.7357062101364136,-0.8477630019187927
1374,1.0865,1.4948,0,1,0.4861602783203125,0.4442901611328125,-0.0684814453125,-1.5272715091705322,-0.7599117159843445,-0.8041079044342041
1375,1.0089,1.5392,0,1,0.702606201171875,0.571044921875,-0.09906005859375,-1.366344928741455,-0.4878290593624115,-0.6794605255126953
1376,0.9321,1.6039,0,1,0.7920989990234375,0.6367645263671875,-0.10528564453125,-1.1492544412612915,-0.0981276333332061,-0.4623913466930389
1377,0.8628,1.6751,0,1,0.7862091064453125,0.73309326171875,-0.1551361083984375,-0.9680262804031372,0.3218035995960235,-0.2276704460382461
1378,0.8086,1.7358,0,1,0.6898345947265625,0.80548095703125,-0.2524566650390625,-0.7866762280464172,0.8412936329841614,0.0243969522416591
1379,0.7753,1.7704,0,1,0.5648040771484375,0.777740478515625,-0.2428741455078125,-0.4748482704162597,0.656537652015686,0.2210149317979812
1380,0.7659,1.7673,0,1,0.5399017333984375,0.7715606689453125,-0.2208099365234375,-0.0349457338452339,-0.1161164864897728,0.3109818398952484
1381,0.7789,1.7202,0,1,0.68780517578125,0.8171844482421875,-0.1383819580078125,0.3329936563968658,-0.7472326755523682,0.4402357041835785
1382,0.8102,1.6294,0,1,0.84722900390625,0.853546142578125,0.09814453125,0.4804233312606811,-1.40303635597229,0.6648719906806946
1383,0.8546,1.5054,0,1,0.893280029296875,0.8166351318359375,0.18701171875,0.4240980148315429,-1.8487738370895384,0.8715580701828003
1384,0.9072,1.3703,0,1,0.8610992431640625,0.86187744140625,0.1306915283203125,0.3198935687541961,-1.6841825246810913,0.7605684399604797
1385,0.9642,1.2507,0,1,0.838531494140625,0.941802978515625,0.0440826416015625,0.1231688037514686,-0.7635990977287292,0.5241612195968628
1386,1.0221,1.166,0,1,0.6860809326171875,1.0641326904296875,-0.6084442138671875,0.3006903231143951,0.7384796738624573,0.3384502232074737
1387,1.0788,1.1221,0,1,0.7476348876953125,0.9834442138671876,-0.6130523681640625,1.76856529712677,-0.043723776936531,0.5982524752616882
1388,1.1325,1.1157,0,1,0.6356658935546875,0.8791961669921875,-0.103515625,2.019631862640381,-0.6377535462379456,0.6983306407928467
1389,1.1815,1.1431,0,1,0.616851806640625,0.8027801513671875,0.0724334716796875,1.63682758808136,-0.6132873892784119,0.7169754505157471
1390,1.2221,1.2021,0,1,0.617767333984375,0.688079833984375,0.1317596435546875,1.231636643409729,-1.0285629034042358,0.7634608745574951
1391,1.2498,1.2889,0,1,0.5914306640625,0.6468353271484375,0.0511627197265625,1.069656491279602,-1.7029749155044556,0.7302778959274292
1392,1.2603,1.3968,0,1,0.5755157470703125,0.7303619384765625,0.019073486328125,0.9037519693374634,-1.972297191619873,0.6330248713493347
1393,1.2513,1.5179,0,1,0.5878448486328125,0.8602447509765625,0.01324462890625,0.5537191033363342,-1.6601845026016235,0.4699115753173828
1394,1.2243,1.6433,0,1,0.618194580078125,0.97833251953125,-0.0222625732421875,0.1425997614860534,-1.436451077461243,0.325882226228714
1395,1.184,1.7619,0,1,0.6252899169921875,0.9819793701171876,-0.02801513671875,-0.1526585221290588,-1.636138081550598,0.3148596882820129
1396,1.138,1.8611,0,1,0.56402587890625,0.849334716796875,0.004150390625,-0.3584050238132477,-1.5172289609909058,0.3471744656562805
1397,1.0934,1.9304,0,1,0.53857421875,0.735137939453125,0.018096923828125,-0.4249427616596222,-1.1561224460601809,0.345974713563919
1398,1.0551,1.963,0,1,0.5612335205078125,0.6594696044921875,-0.0460662841796875,-0.3140114545822143,-0.7181405425071716,0.3916162252426147
1399,1.0247,1.9541,0,1,0.6137237548828125,0.5788421630859375,-0.139190673828125,-0.1739781945943832,-0.2454259991645813,0.4885267913341522
1400,1.001,1.9004,0,1,0.66912841796875,0.514617919921875,-0.1305999755859375,-0.2947975397109985,0.2220237404108047,0.4820454716682434
1401,0.982,1.8015,0,1,0.6988525390625,0.4881439208984375,0.010009765625,-0.7339368462562561,0.1034014895558357,0.4924818575382232
1402,0.9653,1.663,0,1,0.6846466064453125,0.505157470703125,0.1758270263671875,-1.4482033252716064,-0.6627609133720398,0.4355533421039581
1403,0.9495,1.5008,0,1,0.7135009765625,0.5690765380859375,0.1989898681640625,-2.276964902877808,-1.4196747541427612,0.3407160341739654
1404,0.9342,1.3427,0,1,0.7491302490234375,0.6569061279296875,0.110992431640625,-2.9171805381774902,-1.5059882402420044,0.2543529272079468
1405,0.9203,1.2249,0,1,0.829071044921875,0.776824951171875,0.0055084228515625,-3.2113821506500244,-1.0823853015899658,0.3152082860469818
1406,0.9102,1.1828,0,1,0.84307861328125,0.861480712890625,-0.1103973388671875,-3.1003456115722656,-0.5752627849578857,0.4620099663734436
1407,0.9072,1.2393,0,1,0.80096435546875,0.8963470458984375,-0.1915283203125,-2.713080644607544,-0.3717338740825653,0.563588559627533
1408,0.9143,1.3965,0,1,0.7215576171875,0.9060821533203124,-0.221099853515625,-2.317687511444092,-0.5405271649360657,0.6317694783210754
1409,0.9331,1.635,0,1,0.6463623046875,0.889801025390625,-0.212249755859375,-2.1097400188446045,-0.9167511463165284,0.6238231062889099
1410,0.9627,1.9202,0,1,0.5848388671875,0.8365020751953125,-0.220916748046875,-2.0245916843414307,-1.2962428331375122,0.5608473420143127
1411,0.9995,2.2122,0,1,0.5233306884765625,0.773712158203125,-0.2486419677734375,-1.7893129587173462,-1.4153263568878174,0.3914766907691955
1412,1.0382,2.4744,0,1,0.5345001220703125,0.71856689453125,-0.2819366455078125,-1.3113583326339722,-1.396480679512024,0.2938321530818939
1413,1.0726,2.6781,0,1,0.533905029296875,0.6767578125,-0.1840667724609375,-0.9038097262382508,-1.2872344255447388,0.3011412024497986
1414,1.0972,2.8032,0,1,0.5407867431640625,0.60955810546875,-0.1230316162109375,-0.7926680445671082,-1.066367506980896,0.2829659283161163
1415,1.1078,2.8388,0,1,0.53912353515625,0.5858001708984375,-0.1030120849609375,-0.8501979112625122,-0.6528260111808777,0.2204050719738006
1416,1.1025,2.7826,0,1,0.553009033203125,0.6414337158203125,-0.0808258056640625,-0.8848720192909241,-0.2783844769001007,0.1111741885542869
1417,1.0816,2.6413,0,1,0.6233978271484375,0.66644287109375,-0.0520172119140625,-0.8499279022216797,-0.2874751985073089,-0.0112172346562147
1418,1.0481,2.4292,0,1,0.6548614501953125,0.705657958984375,-0.075103759765625,-0.7334316372871399,-0.6208070516586304,-0.1066223159432411
1419,1.0071,2.1673,0,1,0.665313720703125,0.7101898193359375,-0.3004150390625,-0.4904269576072693,-0.8793497085571289,-0.1232606843113899
1420,0.9652,1.8804,0,1,0.7960052490234375,0.5747528076171875,-0.330108642578125,-0.1473516374826431,-0.6092708110809326,-0.0035220305435359
1421,0.9286,1.5931,0,1,0.85089111328125,0.598724365234375,0.0359954833984375,-0.2244528084993362,-0.5936319231987,0.2141090929508209
1422,0.9022,1.3262,0,1,0.7682342529296875,0.5569000244140625,0.078277587890625,-0.472587525844574,-1.4489707946777344,0.2395462840795517
1423,0.8888,1.0973,0,1,0.816131591796875,0.4467010498046875,-0.82843017578125,-0.1418253183364868,-1.526850938796997,0.3566516041755676
1424,0.8891,0.9221,0,1,0.554168701171875,0.4399871826171875,-0.5878143310546875,0.7357874512672424,-0.5542661547660828,0.303980141878128
1425,0.9018,0.8113,0,1,0.630615234375,0.5043792724609375,0.436370849609375,0.058833222836256,-1.880030632019043,0.5042325258255005
1426,0.9236,0.7702,0,1,0.638458251953125,0.515869140625,0.5919952392578125,-0.8662946224212646,-3.891639471054077,0.6344781517982483
1427,0.9499,0.8067,0,1,0.72076416015625,0.5613250732421875,0.6373291015625,-1.9521071910858157,-5.018887042999268,0.5967898964881897
1428,0.9767,0.9386,0,1,0.8451385498046875,0.7398223876953125,0.3694915771484375,-2.7499279975891118,-4.755857944488525,0.4213506877422333
1429,1.002,1.1876,0,1,0.9441986083984376,0.885162353515625,0.1808624267578125,-2.915822982788086,-3.945734024047852,-0.0331046916544437
1430,1.0261,1.5635,0,1,1.0767822265625,0.968963623046875,0.123077392578125,-2.869041681289673,-3.3271822929382324,0.2067031115293502
1431,1.0512,2.0509,0,1,0.828460693359375,0.9806365966796876,0.0503387451171875,-2.6445987224578857,-2.8973355293273926,0.3767688572406769
1432,1.0799,2.6081,0,1,0.847198486328125,1.1280517578125,0.0241241455078125,-2.363232135772705,-2.031380414962769,0.4392103850841522
1433,1.1138,3.1749,0,1,0.908966064453125,1.272003173828125,0.0771636962890625,-2.1126394271850586,-0.909898281097412,0.6369756460189819
1434,1.1537,3.6833,0,1,0.851715087890625,1.273468017578125,0.1348114013671875,-1.869228839874268,0.039373505860567,0.8536363244056702
1435,1.1996,4.071,0,1,0.7528533935546875,1.2144775390625,0.1862335205078125,-1.652240514755249,0.6090116500854492,0.9619252681732178
1436,1.2504,4.2932,0,1,0.6412200927734375,1.1304168701171875,0.2259521484375,-1.5587127208709717,0.6243512034416199,0.9324166178703308
1437,1.3027,4.3304,0,1,0.2874298095703125,1.0730743408203125,-0.1677703857421875,-1.1876544952392578,0.110244482755661,0.4123436212539673
1438,1.3511,4.1888,0,1,0.1484375,1.1620330810546875,-0.34503173828125,-0.1403270214796066,-1.7722586393356323,-0.6503724455833435
1439,1.3891,3.896,0,1,0.576812744140625,1.0219879150390625,-0.0115966796875,-1.244401216506958,-1.0178215503692627,-0.2704892754554748
1440,1.4116,3.4961,0,1,0.5526580810546875,0.8487548828125,0.158538818359375,-2.2133750915527344,-0.8120089769363403,-0.0179009698331356
1441,1.4155,3.0437,0,1,0.5720062255859375,0.7432861328125,0.159088134765625,-2.4754726886749268,-1.3445661067962646,-0.0545055866241455
1442,1.3993,2.5976,0,1,0.4472808837890625,0.624237060546875,0.0493011474609375,-2.432349443435669,-1.7460360527038574,-0.3796112537384033
1443,1.3631,2.2127,0,1,0.393341064453125,0.5976409912109375,-0.0841522216796875,-2.34971284866333,-1.6048719882965088,-0.5956556797027588
1444,1.3076,1.9307,0,1,0.3497772216796875,0.6153564453125,-0.179351806640625,-2.291952133178711,-1.022860765457153,-0.5500948429107666
1445,1.2355,1.7724,0,1,0.3391265869140625,0.6490936279296875,-0.1770172119140625,-2.0673506259918213,-0.7912786602973938,-0.641298234462738
1446,1.1511,1.735,0,1,0.452301025390625,0.715484619140625,-0.13201904296875,-1.7672673463821411,-0.6970887780189514,-0.6615076661109924
1447,1.0609,1.7958,0,1,0.5316162109375,0.761016845703125,-0.076873779296875,-1.5427221059799194,-0.4215299189090729,-0.6303276419639587
1448,0.9729,1.9184,0,1,0.563385009765625,0.767242431640625,-0.024383544921875,-1.458469033241272,-0.3080116212368011,-0.6247736215591431
1449,0.8954,2.0623,0,1,0.5457611083984375,0.7414398193359375,-0.078460693359375,-1.4167665243148804,-0.3246721029281616,-0.5911282896995544
1450,0.8348,2.1905,0,1,0.5460205078125,0.7500152587890625,-0.16351318359375,-1.3839571475982666,-0.3600223660469055,-0.4681639969348907
1451,0.7951,2.2757,0,1,0.5278778076171875,0.7981719970703125,-0.2366790771484375,-1.2415199279785156,-0.4849549829959869,-0.3826512396335602
1452,0.7772,2.3024,0,1,0.5843658447265625,0.818145751953125,-0.2359619140625,-0.907433271408081,-0.4613897204399109,-0.3414334952831268
1453,0.7799,2.2652,0,1,0.7281951904296875,0.8401336669921875,-0.1431427001953125,-0.3812608122825622,-0.24290132522583,-0.1992502510547638
1454,0.8004,2.1654,0,1,0.870849609375,0.82586669921875,0.0079803466796875,0.1486443281173706,-0.1475862562656402,0.0468455366790294
1455,0.8355,2.0079,0,1,0.8456878662109375,0.7469940185546875,0.100250244140625,0.524583637714386,-0.2183437943458557,0.4389635026454925
1456,0.8814,1.8022,0,1,0.6909942626953125,0.6219940185546875,0.091644287109375,0.7255984544754028,-0.0322631299495697,0.6617134809494019
1457,0.9329,1.5657,0,1,0.650726318359375,0.6349334716796875,0.0962066650390625,0.7859715223312378,0.3796882033348083,0.6479479074478149
1458,0.9837,1.3222,0,1,0.74267578125,0.7546844482421875,0.1370086669921875,0.7310161590576172,0.6417365670204163,0.693606972694397
1459,1.0278,1.0976,0,1,0.7527313232421875,0.89007568359375,0.150360107421875,0.5183555483818054,0.7324068546295166,0.6874114274978638
1460,1.062,0.9134,0,1,0.7086181640625,1.0633697509765625,0.0062103271484375,0.1376002132892608,0.477854460477829,0.406566172838211
1461,1.0864,0.7823,0,1,0.7867889404296875,1.0306396484375,-0.5898895263671875,0.3253807723522186,-0.9994007349014282,0.3397282660007477
1462,1.1043,0.7075,0,1,0.8055419921875,0.8188018798828125,-0.510955810546875,1.0608580112457275,-1.6891120672225952,0.4750549495220184
1463,1.12,0.6885,0,1,0.771697998046875,0.7619781494140625,-0.314422607421875,1.6569099426269531,-0.8738608956336975,0.570401668548584
1464,1.1362,0.7247,0,1,0.7161712646484375,0.7389678955078125,-0.1475677490234375,1.9825061559677124,-0.0619925297796726,0.7591338157653809
1465,1.1527,0.815,0,1,0.6464080810546875,0.7526397705078125,0.0240631103515625,2.021915912628174,0.1838329434394836,0.8854525685310364
1466,1.1669,0.9542,0,1,0.576446533203125,0.7855682373046875,0.198822021484375,1.7198816537857056,0.1416684538125991,0.92619788646698
1467,1.1755,1.1311,0,1,0.5094146728515625,0.8318939208984375,0.337493896484375,1.0459437370300293,-0.4142043590545654,0.8220075964927673
1468,1.176,1.3278,0,1,0.514434814453125,0.87945556640625,0.3546905517578125,0.2162103354930877,-1.2870676517486572,0.6191974878311157
1469,1.1676,1.521,0,1,0.5482940673828125,0.931610107421875,0.24700927734375,-0.3877567946910858,-1.36277174949646,0.3844981491565704
1470,1.152,1.6874,0,1,0.5643310546875,0.9203948974609376,0.155609130859375,-0.752410352230072,-0.641589879989624,0.2946524024009704
1471,1.1318,1.8083,0,1,0.58770751953125,0.817718505859375,0.0350189208984375,-0.96310555934906,0.3415155112743377,0.3901728093624115
1472,1.1103,1.8715,0,1,0.819061279296875,0.70947265625,-0.5576171875,-0.3043606877326965,0.2573180794715881,0.7744219303131104
1473,1.0903,1.8722,0,1,0.684234619140625,0.7174530029296875,-0.3774261474609375,0.3984248638153076,-0.2127458304166793,0.9312581419944764
1474,1.074,1.8133,0,1,0.4615936279296875,0.685272216796875,-0.0717620849609375,-0.0709106549620628,-0.1161566972732544,0.39151132106781
1475,1.0619,1.7034,0,1,0.49090576171875,0.7651519775390625,0.024658203125,-0.8643068075180054,-0.132586270570755,0.0427839495241642
1476,1.0526,1.5553,0,1,0.5799102783203125,0.83843994140625,-0.0590972900390625,-1.152272343635559,-0.2702756822109222,-0.0361814387142658
1477,1.0438,1.3861,0,1,0.6119384765625,0.8299713134765625,-0.1551513671875,-0.7863190770149231,-0.4078370332717895,0.0149898687377572
1478,1.0345,1.2145,0,1,0.5848541259765625,0.75885009765625,-0.14715576171875,-0.1955178380012512,-0.4338270723819732,0.0735045745968818
1479,1.0248,1.0564,0,1,0.5673065185546875,0.7191925048828125,-0.08917236328125,0.0078504662960767,-0.5218128561973572,0.0765949115157127
1480,1.0149,0.9205,0,1,0.5080108642578125,0.7073822021484375,-0.0675811767578125,-0.2414653450250625,-0.6018291115760803,-0.0627603232860565
1481,1.0044,0.8104,0,1,0.4703826904296875,0.6646728515625,-0.0655517578125,-0.5170298218727112,-0.5966569781303406,-0.2934971153736114
1482,0.9924,0.7271,0,1,0.506805419921875,0.62774658203125,-0.037933349609375,-0.6565674543380737,-0.7052561640739441,-0.4593279063701629
1483,0.978,0.6718,0,1,0.6296234130859375,0.5791168212890625,-0.07879638671875,-0.6530894041061401,-0.8823300004005432,-0.4434144496917724
1484,0.9607,0.6463,0,1,0.80609130859375,0.572540283203125,-0.200347900390625,-0.4474203884601593,-1.0470832586288452,-0.2477964907884597
1485,0.9416,0.6514,0,1,0.9253997802734376,0.602874755859375,-0.2648468017578125,-0.2326023578643798,-1.1562821865081787,0.0125639950856566
1486,0.9238,0.6856,0,1,0.8896026611328125,0.565093994140625,-0.2455902099609375,-0.2340915948152542,-1.1089714765548706,0.1591377258300781
1487,0.911,0.7441,0,1,0.745330810546875,0.4775390625,-0.2351531982421875,-0.3508421778678894,-0.9442890286445618,0.0888073667883873
1488,0.9061,0.819,0,1,0.6956024169921875,0.5443267822265625,-0.289947509765625,-0.4534873366355896,-0.742834210395813,0.0620844103395938
1489,0.9093,0.8994,0,1,0.6700592041015625,0.6517333984375,-0.4650115966796875,-0.1431526243686676,-0.4118005931377411,0.1174922734498977
1490,0.9191,0.9724,0,1,0.6583099365234375,0.6584625244140625,-0.3224945068359375,0.2705859541893005,0.0085969502106308,0.1377088576555252
1491,0.9333,1.0241,0,1,0.645233154296875,0.6837005615234375,-0.2025299072265625,0.4099803268909454,0.2198274284601211,0.1028392985463142
1492,0.9497,1.0436,0,1,0.691619873046875,0.6739959716796875,-0.2263031005859375,0.4461111724376678,0.1537514775991439,0.1865094304084777
1493,0.9659,1.0264,0,1,0.788543701171875,0.5558319091796875,-0.338897705078125,0.64921635389328,-0.0049617355689406,0.5202093720436096
1494,0.9803,0.9764,0,1,0.766815185546875,0.445281982421875,-0.2505035400390625,0.8647968173027039,-0.1108908280730247,0.8923277854919434
1495,0.9917,0.9062,0,1,0.670989990234375,0.361724853515625,-0.685577392578125,0.9722902774810792,0.1627428382635116,0.7734498977661133
