id,ASVM,GSVM,walking_nonwalking,normal_abnormal,ax,ay,az,gx,gy,gz
1,0.9535,0.7397,0,1,0.4273681640625,0.895660400390625,-0.269989013671875,-0.5492013096809387,0.5292321443557739,0.04391206428408623
2,0.9494,0.686,0,1,0.391845703125,0.9001617431640625,-0.16748046875,-0.4490337371826172,0.269875168800354,-0.11515135318040848
3,0.9508,0.6398,0,1,0.3838958740234375,0.9270477294921875,-0.11016845703125,-0.4141353964805603,0.0965140238404274,-0.27003228664398193
4,0.9556,0.6053,0,1,0.347381591796875,0.9300689697265625,-0.1544647216796875,-0.3745395243167877,0.1652504801750183,-0.35910889506340027
5,0.9624,0.586,0,1,0.332244873046875,0.897369384765625,-0.219696044921875,-0.22370633482933044,0.29693740606307983,-0.35326671600341797
6,0.9705,0.5842,0,1,0.3119964599609375,0.91839599609375,-0.2181549072265625,-0.05053241550922394,0.2536482512950897,-0.5032511353492737
7,0.9798,0.601,0,1,0.33563232421875,0.9500732421875,-0.194061279296875,0.16350264847278595,0.10980213433504105,-0.6748048067092896
8,0.9907,0.636,0,1,0.39508056640625,0.91143798828125,-0.09796142578125,0.30019310116767883,0.028978122398257256,-0.7510164976119995
9,1.0036,0.6875,0,1,0.454986572265625,0.8329620361328125,-0.0211639404296875,0.20849834382534027,-0.07174289971590042,-0.5898411870002747
10,1.019,0.753,0,1,0.517059326171875,0.775054931640625,-0.018157958984375,0.07648758590221405,0.15466468036174774,-0.44308343529701233
11,1.0368,0.8287,0,1,0.5504913330078125,0.7582550048828125,-0.0202789306640625,-0.15595310926437378,0.6261957287788391,-0.2652021050453186
12,1.0562,0.9103,0,1,0.574615478515625,0.78106689453125,-0.0037689208984375,-0.4751300513744354,1.0597498416900635,-0.11091160029172897
13,1.076,0.9932,0,1,0.572509765625,0.8140106201171875,0.00347900390625,-0.7170830368995667,1.0073875188827515,-0.023442741483449936
14,1.0942,1.0728,0,1,0.5734710693359375,0.875335693359375,0.010223388671875,-0.8625355362892151,0.481925368309021,0.09079648554325104
15,1.1088,1.1446,0,1,0.5437774658203125,1.0255126953125,-0.00885009765625,-0.9922261834144592,-0.13495995104312897,0.28247377276420593
16,1.1179,1.2048,0,1,0.465240478515625,1.156890869140625,-0.08062744140625,-1.1902912855148315,-0.2653339207172394,0.3335263133049011
17,1.12,1.2505,0,1,0.4035186767578125,1.1404571533203125,-0.255706787109375,-1.3370893001556396,0.11278114467859268,0.2794196605682373
18,1.1147,1.2793,0,1,0.3678436279296875,0.9904632568359375,-0.6103973388671875,-0.9750722050666809,0.2857702374458313,0.1639135628938675
19,1.1023,1.2901,0,1,0.4013214111328125,0.87298583984375,-0.7559051513671875,0.4329138696193695,-0.11131054162979126,0.09729113429784775
20,1.0841,1.2829,0,1,0.402130126953125,0.896087646484375,-0.40087890625,1.586689829826355,0.36643844842910767,0.04188966006040573
21,1.0623,1.2591,0,1,0.3986053466796875,0.8808135986328125,-0.033416748046875,1.8972550630569458,0.6896663308143616,0.05886757746338844
22,1.0392,1.2214,0,1,0.3797149658203125,0.86639404296875,0.0995025634765625,1.6554374694824219,0.8473986983299255,-0.0344993881881237
23,1.0173,1.1739,0,1,0.449188232421875,0.8446807861328125,0.1819305419921875,1.114341139793396,0.9017261266708374,-0.032527051866054535
24,0.9988,1.121,0,1,0.487396240234375,0.807373046875,0.1710052490234375,0.646597146987915,0.673650324344635,0.02754960209131241
25,0.9852,1.0669,0,1,0.468475341796875,0.7755126953125,0.1382598876953125,0.31305989623069763,0.3314248025417328,0.014398646540939808
26,0.9772,1.0147,0,1,0.4918212890625,0.7837677001953125,0.1255035400390625,-0.07720743864774704,0.07411283999681473,-0.027284884825348854
27,0.975,0.9655,0,1,0.525054931640625,0.8283233642578125,0.096099853515625,-0.5142710208892822,0.02737196907401085,-0.03965793177485466
28,0.9778,0.9188,0,1,0.530731201171875,0.869384765625,0.0635986328125,-0.8938990831375122,0.039988163858652115,0.042514704167842865
29,0.9846,0.8723,0,1,0.5252532958984375,0.943603515625,0.024169921875,-1.2014182806015015,0.010724815540015697,0.12546977400779724
30,0.9941,0.8235,0,1,0.4638824462890625,0.9605712890625,-0.0449066162109375,-1.4299696683883667,-0.03783046826720238,0.12093441188335419
31,1.0049,0.7703,0,1,0.379425048828125,0.9146881103515625,-0.1781158447265625,-1.3545758724212646,-0.24250930547714233,0.06412918120622635
32,1.0155,0.712,0,1,0.3490753173828125,0.8477325439453125,-0.2943572998046875,-0.8345984816551208,-0.4668270945549011,-0.06129451468586922
33,1.0248,0.6495,0,1,0.3962249755859375,0.821319580078125,-0.303131103515625,-0.10926097631454468,-0.3642953932285309,-0.12680907547473907
34,1.032,0.5855,0,1,0.4875640869140625,0.8786773681640625,-0.1634521484375,0.3726055324077606,0.030642597004771233,-0.14513562619686127
35,1.0363,0.5238,0,1,0.5384979248046875,0.906494140625,-0.0157928466796875,0.47341015934944153,0.17452199757099152,-0.1321638971567154
36,1.0375,0.4686,0,1,0.55340576171875,0.918975830078125,0.06683349609375,0.3769185245037079,0.027717648074030876,-0.06312677264213562
37,1.0355,0.4235,0,1,0.5313568115234375,0.91339111328125,0.1043853759765625,0.19148766994476318,-0.17641843855381012,0.001532382913865149
38,1.0306,0.3911,0,1,0.5132293701171875,0.904052734375,0.100341796875,-0.03183276578783989,-0.19313110411167145,0.037626203149557114
39,1.0235,0.3723,0,1,0.5086822509765625,0.881317138671875,0.05389404296875,-0.16701827943325043,-0.08153320848941803,0.05680868774652481
40,1.0149,0.3667,0,1,0.5119476318359375,0.8714752197265625,0.036468505859375,-0.2528887093067169,-0.08664540946483612,0.06606210768222809
41,1.0057,0.3719,0,1,0.5163726806640625,0.8733062744140625,0.024688720703125,-0.3674728274345398,-0.20066146552562714,0.10767240077257156
42,0.9968,0.3848,0,1,0.471710205078125,0.8552093505859375,0.0120697021484375,-0.4484614133834839,-0.33879855275154114,0.12833186984062195
43,0.989,0.4018,0,1,0.446807861328125,0.849853515625,-0.0194091796875,-0.3848259747028351,-0.4248966872692108,0.11984224617481232
44,0.9827,0.4193,0,1,0.4385223388671875,0.835540771484375,-0.01202392578125,-0.26569265127182007,-0.4355756938457489,0.10817946493625641
45,0.9783,0.4344,0,1,0.4486236572265625,0.8628997802734375,0.0211029052734375,-0.23998676240444183,-0.4047381579875946,0.10219267755746841
46,0.9757,0.4451,0,1,0.4419708251953125,0.8826446533203125,0.0213165283203125,-0.274139940738678,-0.3366054594516754,0.08270873129367828
47,0.9748,0.4505,0,1,0.4149322509765625,0.8918914794921875,-0.0028228759765625,-0.2952002286911011,-0.2649296522140503,0.03840251639485359
48,0.9753,0.4505,0,1,0.4048614501953125,0.9079437255859375,-0.0120086669921875,-0.2992176115512848,-0.2483365684747696,-0.017672203481197357
49,0.9766,0.4459,0,1,0.398223876953125,0.886322021484375,-0.0195159912109375,-0.29669317603111267,-0.305851012468338,-0.08115237951278687
50,0.9783,0.438,0,1,0.423095703125,0.8815460205078125,-0.0330047607421875,-0.2927123010158539,-0.2922592759132385,-0.14806057512760162
51,0.9801,0.4282,0,1,0.458831787109375,0.87255859375,-0.04254150390625,-0.31074509024620056,-0.2532634139060974,-0.1676473170518875
52,0.9817,0.418,0,1,0.4833831787109375,0.8629913330078125,-0.0406341552734375,-0.3416534662246704,-0.22824914753437042,-0.14853914082050323
53,0.9832,0.4087,0,1,0.499969482421875,0.8665924072265625,-0.0501861572265625,-0.3350304663181305,-0.13990411162376404,-0.13612161576747894
54,0.9845,0.401,0,1,0.503997802734375,0.86834716796875,-0.071380615234375,-0.2977813482284546,0.04812411963939667,-0.10893473774194717
55,0.986,0.3953,0,1,0.491485595703125,0.8520355224609375,-0.0787506103515625,-0.2524293065071106,0.2574451267719269,-0.07191147655248642
56,0.9879,0.3912,0,1,0.4918670654296875,0.831939697265625,-0.073638916015625,-0.2491064965724945,0.271825909614563,-0.09793881326913834
57,0.9907,0.388,0,1,0.4818572998046875,0.83233642578125,-0.0886077880859375,-0.2618635594844818,0.26795822381973267,-0.0735064446926117
58,0.9946,0.3847,0,1,0.47674560546875,0.8746795654296875,-0.10357666015625,-0.2216234654188156,0.27882444858551025,-0.12029605358839035
59,0.9997,0.3805,0,1,0.4794769287109375,0.8879241943359375,-0.1032562255859375,-0.1331319510936737,0.3109237849712372,-0.13152234256267548
60,1.006,0.3743,0,1,0.478240966796875,0.8730010986328125,-0.0844268798828125,-0.08774236589670181,0.3392869830131531,-0.1645122468471527
61,1.0133,0.3661,0,1,0.50067138671875,0.8461761474609375,-0.0765228271484375,-0.09850979596376419,0.35355672240257263,-0.1910589039325714
62,1.0212,0.3562,0,1,0.5294189453125,0.818695068359375,-0.08709716796875,-0.10931424051523209,0.40279486775398254,-0.21243317425251007
63,1.0292,0.346,0,1,0.561859130859375,0.8213043212890625,-0.0768585205078125,-0.08122694492340088,0.41209062933921814,-0.18284384906291962
64,1.0366,0.3375,0,1,0.595123291015625,0.8518524169921875,-0.0269927978515625,-0.03425544127821922,0.18511845171451569,-0.1938653439283371
65,1.0431,0.3337,0,1,0.6320343017578125,0.8849945068359375,0.0211944580078125,-0.02683880552649498,-0.1512896567583084,-0.08296359330415726
66,1.0481,0.3381,0,1,0.6324920654296875,0.901123046875,0.0417327880859375,-0.061291053891181946,-0.3506573438644409,0.07774459570646286
67,1.0515,0.3546,0,1,0.6071014404296875,0.912811279296875,0.0485687255859375,-0.09179650247097015,-0.3603762984275818,0.24408429861068726
68,1.0537,0.3869,0,1,0.490692138671875,0.912017822265625,0.0213165283203125,-0.13842977583408356,-0.17795614898204803,0.29706522822380066
69,1.055,0.4386,0,1,0.409149169921875,0.9417724609375,-0.03472900390625,-0.11462698131799698,0.1879003942012787,0.258301317691803
70,1.056,0.5126,0,1,0.4210357666015625,0.9764862060546875,-0.068267822265625,0.02213779278099537,0.5595714449882507,0.17878305912017822
71,1.0577,0.6105,0,1,0.4757843017578125,0.98919677734375,-0.1597747802734375,0.2306305468082428,0.6970869302749634,0.08911149948835373
72,1.0608,0.733,0,1,0.5150909423828125,0.9095611572265625,-0.218170166015625,0.5756153464317322,0.4698825478553772,0.07045925408601761
73,1.0658,0.8788,0,1,0.5681915283203125,0.8710479736328125,-0.171722412109375,0.9081738591194153,-0.09241168946027756,0.114765465259552
74,1.0728,1.0445,0,1,0.5900726318359375,0.85284423828125,-0.060455322265625,0.9971117377281189,-0.4330188035964966,0.1953015923500061
75,1.0817,1.2247,0,1,0.570159912109375,0.862091064453125,-0.0186920166015625,0.9522960782051086,-0.4840124845504761,0.2744251787662506
76,1.0916,1.4116,0,1,0.533355712890625,0.8808441162109375,0.0138397216796875,0.9167380928993225,-0.5692940950393677,0.3577733337879181
77,1.1011,1.5957,0,1,0.5010223388671875,0.92193603515625,-0.02960205078125,1.0039030313491821,-0.7008169889450073,0.4984971582889557
78,1.1087,1.7657,0,1,0.490509033203125,0.9487152099609375,-0.2186279296875,1.3165427446365356,-0.4924429953098297,0.6120601892471313
79,1.1124,1.9099,0,1,0.38348388671875,1.0110931396484375,-0.368682861328125,1.7914564609527588,-0.0929722860455513,0.6784948706626892
80,1.1105,2.0172,0,1,0.32330322265625,1.0469512939453125,-0.2784423828125,2.0201783180236816,0.19029298424720764,0.6632658839225769
81,1.1015,2.0783,0,1,0.3282012939453125,1.1166534423828125,-0.3314056396484375,2.2028603553771973,0.49387577176094055,0.645326554775238
82,1.0847,2.087,0,1,0.2470855712890625,1.0663299560546875,-0.1367950439453125,2.2960188388824463,0.8591975569725037,0.4921298027038574
83,1.0601,2.041,0,1,0.2647705078125,1.02239990234375,-0.035430908203125,2.0652194023132324,1.0516117811203003,0.3151949644088745
84,1.0287,1.9423,0,1,0.34246826171875,0.9949493408203125,-0.039825439453125,1.7824991941452026,0.9314392805099487,0.24482306838035583
85,0.9921,1.7971,0,1,0.447967529296875,0.8845977783203125,-0.1038818359375,1.5344055891036987,0.06483758240938187,0.16842789947986603
86,0.9528,1.6152,0,1,0.480377197265625,0.8159027099609375,-0.1406097412109375,1.1557400226593018,-1.0064972639083862,-0.0062363240867853165
87,0.9139,1.409,0,1,0.4897308349609375,0.755035400390625,-0.3036041259765625,0.8581091165542603,-1.228516697883606,-0.053275205194950104
88,0.8784,1.1921,0,1,0.4198760986328125,0.7074127197265625,-0.2818603515625,0.6682672500610352,-0.9577651619911194,-0.06059916317462921
89,0.8493,0.9784,0,1,0.3891754150390625,0.68707275390625,-0.204193115234375,0.49969395995140076,-0.6072111129760742,-0.10160145908594131
90,0.8293,0.7805,0,1,0.3913116455078125,0.6730804443359375,-0.158599853515625,0.3550851345062256,-0.45552676916122437,-0.07534269243478775
91,0.8203,0.6093,0,1,0.4341888427734375,0.6657867431640625,-0.1961517333984375,0.304398775100708,-0.3429110050201416,-0.06984806060791016
92,0.823,0.4727,0,1,0.4487152099609375,0.65911865234375,-0.2834625244140625,0.3487164378166199,-0.16173963248729706,-0.05473887920379639
93,0.8374,0.3758,0,1,0.4553375244140625,0.633941650390625,-0.2312774658203125,0.22280751168727875,-0.34253445267677307,-0.040650755167007446
94,0.8621,0.3205,0,1,0.4285736083984375,0.6087646484375,-0.24859619140625,-0.034817636013031006,-0.5433074831962585,-0.0845942497253418
95,0.8947,0.3063,0,1,0.3999176025390625,0.563873291015625,-0.36114501953125,-0.2596065402030945,-0.41212791204452515,-0.10918986797332764
96,0.9322,0.3297,0,1,0.412811279296875,0.533050537109375,-0.47637939453125,-0.3338834345340729,-0.13411971926689148,-0.11093077808618546
97,0.9711,0.3855,0,1,0.4706268310546875,0.5565338134765625,-0.606964111328125,-0.15607322752475739,-0.08889392018318176,-0.14227458834648132
98,1.008,0.4669,0,1,0.61102294921875,0.61785888671875,-0.7267303466796875,0.1920141726732254,-0.10751287639141083,-0.1471841186285019
99,1.0398,0.5657,0,1,0.76129150390625,0.6023712158203125,-0.84405517578125,0.5551873445510864,-0.05092310160398483,0.019566243514418602
100,1.0646,0.6734,0,1,0.79205322265625,0.539642333984375,-0.792999267578125,0.7283511161804199,-0.18172505497932434,0.291842520236969
101,1.0814,0.7812,0,1,0.7613677978515625,0.442962646484375,-0.6024932861328125,0.5853867530822754,-0.4684937000274658,0.43060651421546936
102,1.0908,0.8812,0,1,0.6437835693359375,0.39483642578125,-0.4332733154296875,0.24849849939346313,-0.5778910517692566,0.4355336129665375
103,1.0939,0.9664,0,1,0.5843353271484375,0.48724365234375,-0.4991912841796875,0.09501386433839798,-0.41119205951690674,0.49291062355041504
104,1.0932,1.032,0,1,0.5991668701171875,0.756988525390625,-0.8401031494140625,0.7032111287117004,-0.531467854976654,0.5846549272537231
105,1.0913,1.0749,0,1,0.6425018310546875,1.0963287353515625,-1.0295257568359375,1.5076698064804077,-0.7762001156806946,0.6548771858215332
106,1.091,1.095,0,1,0.170196533203125,0.8249359130859375,0.1065673828125,-0.09358454495668411,-0.5260297060012817,0.38163310289382935
107,1.0944,1.0946,0,1,0.016510009765625,0.6185302734375,-0.6043243408203125,-1.131147027015686,-0.010144246742129326,0.23022255301475525
108,1.103,1.0785,0,1,0.1423492431640625,0.6776885986328125,-0.1196746826171875,-1.303517460823059,0.6384454369544983,0.10621511936187744
109,1.1174,1.0531,0,1,0.310638427734375,0.9108123779296875,0.0030517578125,-1.1938434839248657,0.746057391166687,-0.1795109063386917
110,1.1365,1.0262,0,1,0.5618896484375,1.1588592529296875,-0.053375244140625,-0.693972647190094,-0.09967918694019318,-0.250527560710907
111,1.1586,1.0053,0,1,0.77685546875,1.273895263671875,-0.348785400390625,-0.07260416448116302,-0.9911635518074036,0.17174725234508514
112,1.1812,0.9971,0,1,0.5424957275390625,1.0909881591796875,-0.3584747314453125,-0.2398512065410614,0.022360699251294136,0.23390303552150726
113,1.2014,1.0062,0,1,0.4072723388671875,0.98876953125,-0.07928466796875,-0.7525091767311096,0.5799307823181152,0.09366071224212646
114,1.2165,1.035,0,1,0.435638427734375,1.0412139892578125,-0.021209716796875,-0.9192970991134644,0.49315378069877625,-0.004126834217458963
115,1.2241,1.0827,0,1,0.504791259765625,1.0575408935546875,-0.1119537353515625,-0.9013410210609436,0.3053945302963257,-0.026319488883018494
116,1.2224,1.1465,0,1,0.59027099609375,1.0380401611328125,-0.2786102294921875,-0.8037766218185425,0.5628769397735596,-0.082002192735672
117,1.2104,1.2215,0,1,0.6533966064453125,1.0736541748046875,-0.313262939453125,-0.7567744851112366,1.0720456838607788,-0.14010463654994965
118,1.1881,1.3018,0,1,0.670623779296875,1.11602783203125,-0.21881103515625,-0.69157874584198,1.4901552200317383,-0.18267367780208588
119,1.1564,1.3814,0,1,0.6266937255859375,1.0409698486328125,-0.0771636962890625,-0.7178484201431274,1.5009360313415527,-0.2809073030948639
120,1.1172,1.4549,0,1,0.5255279541015625,0.935577392578125,0.054290771484375,-0.9787761569023132,0.8329275846481323,-0.42428523302078247
121,1.0729,1.518,0,1,0.43255615234375,0.8889923095703125,-0.0056304931640625,-1.3560411930084229,-0.016290290281176567,-0.5138851404190063
122,1.0266,1.5679,0,1,0.388458251953125,0.904144287109375,-0.150909423828125,-1.6050522327423096,-0.3816877007484436,-0.5247023701667786
123,0.9814,1.603,0,1,0.40643310546875,0.8972625732421875,-0.166839599609375,-1.5930485725402832,-0.5703439116477966,-0.5803866982460022
124,0.9402,1.6229,0,1,0.44171142578125,0.8394927978515625,-0.17718505859375,-1.4795156717300415,-0.6784706711769104,-0.5637032985687256
125,0.9056,1.6277,0,1,0.435821533203125,0.7621917724609375,-0.1876983642578125,-1.412229299545288,-0.4573182761669159,-0.4963780641555786
126,0.8793,1.6175,0,1,0.3862762451171875,0.721954345703125,-0.2138824462890625,-1.2893891334533691,0.0052413675002753735,-0.4658481180667877
127,0.8625,1.592,0,1,0.3624267578125,0.69085693359375,-0.1642913818359375,-1.1638981103897095,0.3829668164253235,-0.4526239335536957
128,0.8554,1.5502,0,1,0.3743896484375,0.689117431640625,-0.188995361328125,-0.9526750445365906,0.6293781995773315,-0.45401862263679504
129,0.8573,1.4906,0,1,0.405731201171875,0.6840362548828125,-0.19720458984375,-0.6384925842285156,0.8074416518211365,-0.4434080719947815
130,0.8672,1.4114,0,1,0.4415435791015625,0.6842193603515625,-0.186370849609375,-0.4566706120967865,1.042536735534668,-0.44581422209739685
131,0.8833,1.3117,0,1,0.5200958251953125,0.7294464111328125,-0.2021636962890625,-0.3957827389240265,1.4542968273162842,-0.448187917470932
132,0.904,1.1926,0,1,0.5945892333984375,0.792816162109375,-0.18798828125,-0.389763206243515,1.674560308456421,-0.3666171431541443
133,0.9277,1.0578,0,1,0.61627197265625,0.81512451171875,-0.1828460693359375,-0.31963205337524414,1.5539244413375854,-0.31219545006752014
134,0.9532,0.9143,0,1,0.578369140625,0.799285888671875,-0.1601409912109375,-0.3059242367744446,1.15311598777771,-0.3071495592594147
135,0.9796,0.7723,0,1,0.562744140625,0.8106689453125,-0.170440673828125,-0.3618279695510864,0.6981833577156067,-0.2772989869117737
136,1.0066,0.6444,0,1,0.549346923828125,0.8043670654296875,-0.1829986572265625,-0.35450589656829834,0.36038267612457275,-0.2780177593231201
137,1.034,0.5442,0,1,0.5511474609375,0.7993316650390625,-0.1466827392578125,-0.2892853319644928,0.023503994569182396,-0.24241237342357635
138,1.0619,0.4846,0,1,0.5124053955078125,0.790435791015625,-0.1646881103515625,-0.2349422127008438,-0.00675271125510335,-0.20722109079360962
139,1.0902,0.4761,0,1,0.5039520263671875,0.8141632080078125,-0.1554718017578125,-0.11457877606153488,0.11087724566459656,-0.18312402069568634
140,1.1188,0.5253,0,1,0.5793914794921875,0.8952484130859375,-0.1201934814453125,0.13983246684074402,0.0422462560236454,-0.1462312489748001
141,1.1472,0.6333,0,1,0.708892822265625,1.02606201171875,-0.0648193359375,0.44790002703666687,-0.18470433354377747,-0.12955613434314728
142,1.175,0.7958,0,1,0.8422088623046875,1.0791015625,0.0139312744140625,0.6256662607192993,-0.5136268138885498,0.03301254287362099
143,1.2014,1.0029,0,1,0.800811767578125,1.02655029296875,0.0783843994140625,0.5805837512016296,-1.0041840076446533,0.0986112654209137
144,1.2253,1.2397,0,1,0.786651611328125,0.9864654541015625,0.028839111328125,0.40667641162872314,-1.2669552564620972,0.22767497599124908
145,1.2455,1.4877,0,1,0.7212982177734375,0.900360107421875,-0.04327392578125,0.2529955208301544,-0.988366961479187,0.4970798194408417
146,1.2606,1.7266,0,1,0.5137481689453125,0.8008270263671875,-0.158172607421875,0.2654029130935669,-0.3211362063884735,0.6863879561424255
147,1.2687,1.936,0,1,0.2452392578125,0.8204193115234375,-0.75274658203125,1.217600703239441,0.4581446647644043,0.7919745445251465
148,1.2682,2.0982,0,1,0.05517578125,1.006439208984375,-0.716583251953125,3.08233642578125,0.07010185718536377,0.6750354170799255
149,1.2572,2.1996,0,1,0.1628875732421875,1.267730712890625,-0.2446746826171875,3.4880552291870117,0.01690627820789814,0.6571195721626282
150,1.2346,2.2328,0,1,0.259429931640625,1.2486724853515625,0.014007568359375,2.7621939182281494,0.48865196108818054,0.5122039318084717
151,1.2001,2.1974,0,1,0.40582275390625,1.2721405029296875,0.1514434814453125,2.067488431930542,0.4367421567440033,0.11234012246131897
152,1.1547,2.0994,0,1,0.5135040283203125,1.2939910888671875,0.136932373046875,1.395487666130066,-0.27556899189949036,0.07803700864315033
153,1.1008,1.9505,0,1,0.4662628173828125,1.1685791015625,0.0413055419921875,1.0568439960479736,-1.0315046310424805,-0.025406289845705032
154,1.042,1.7659,0,1,0.4580841064453125,0.9728851318359375,-0.082672119140625,0.8865540623664856,-1.4146429300308228,-0.032282304018735886
155,0.9828,1.5628,0,1,0.4502410888671875,0.79827880859375,-0.134521484375,0.821216344833374,-1.4998273849487305,0.000474575295811519
156,0.9282,1.3581,0,1,0.39898681640625,0.68719482421875,-0.113250732421875,0.7474648952484131,-1.356887698173523,0.0962839275598526
157,0.8828,1.1671,0,1,0.3081817626953125,0.6241912841796875,-0.1002349853515625,0.6556715965270996,-0.9920908808708191,0.16123123466968536
158,0.8504,1.0017,0,1,0.2293853759765625,0.644287109375,-0.10980224609375,0.5466724038124084,-0.5987465381622314,0.18094368278980255
159,0.8332,0.8697,0,1,0.159515380859375,0.784271240234375,-0.1669158935546875,0.4758610725402832,-0.1803942769765854,0.1632717400789261
160,0.8322,0.774,0,1,0.138763427734375,0.889892578125,-0.21209716796875,0.44490954279899597,0.34052136540412903,0.04068724066019058
161,0.8463,0.7131,0,1,0.1935272216796875,0.8885955810546875,-0.1566619873046875,0.24093005061149597,0.46459004282951355,-0.03777667507529259
162,0.873,0.681,0,1,0.2883148193359375,0.7803802490234375,-0.2388763427734375,-0.051117777824401855,0.4360039532184601,-0.07319404929876328
163,0.9086,0.669,0,1,0.3692474365234375,0.706878662109375,-0.2014007568359375,-0.3841482102870941,0.5116118788719177,-0.1942080855369568
164,0.9487,0.6672,0,1,0.4384613037109375,0.6695098876953125,-0.2156982421875,-0.6884875893592834,0.4701653718948364,-0.23900645971298218
165,0.9884,0.666,0,1,0.4810028076171875,0.6352386474609375,-0.30426025390625,-0.891156792640686,0.3269890546798706,-0.2736603021621704
166,1.0231,0.6579,0,1,0.64593505859375,0.6299591064453125,-0.4252777099609375,-1.0133954286575317,0.10736267268657684,-0.2651222050189972
167,1.0493,0.639,0,1,0.85357666015625,0.710662841796875,-0.642852783203125,-0.8473515510559082,-0.27150848507881165,0.017174992710351944
168,1.0648,0.6096,0,1,0.9067840576171875,0.761383056640625,-0.739776611328125,-0.3044690787792206,-0.3801545202732086,0.31116825342178345
169,1.0689,0.574,0,1,0.785003662109375,0.756011962890625,-0.702972412109375,0.12140152603387833,-0.16973736882209778,0.5384333729743958
170,1.063,0.5405,0,1,0.5032196044921875,0.7403717041015625,-0.668304443359375,0.3527583181858063,-0.1521834135055542,0.59647536277771
171,1.0498,0.5194,0,1,0.3093414306640625,0.704742431640625,-0.542205810546875,0.3525375425815582,-0.2990460991859436,0.48405909538269043
172,1.0329,0.5224,0,1,0.24261474609375,0.6833038330078125,-0.4366607666015625,0.20868077874183655,-0.31868982315063477,0.4328227937221527
173,1.0162,0.5599,0,1,0.28399658203125,0.642242431640625,-0.4246063232421875,0.12444072961807251,0.007739944849163294,0.37910524010658264
174,1.0033,0.6399,0,1,0.4465484619140625,0.608367919921875,-0.4148712158203125,0.09361223876476288,0.26297304034233093,0.2845294773578644
175,0.9971,0.766,0,1,0.58123779296875,0.5963592529296875,-0.421966552734375,0.04595417529344559,0.29222893714904785,0.290945827960968
176,0.9992,0.9368,0,1,0.6385498046875,0.5435638427734375,-0.4021759033203125,-0.010483001358807087,0.30075663328170776,0.34832361340522766
177,1.0104,1.1458,0,1,0.7072296142578125,0.5653533935546875,-0.365234375,-0.11192972958087921,0.2089734524488449,0.4569670259952545
178,1.0304,1.3816,0,1,0.7481842041015625,0.7004241943359375,-0.3468475341796875,-0.31394729018211365,-0.463476300239563,0.59310382604599
179,1.0584,1.6298,0,1,0.9158172607421875,0.8411865234375,-0.540863037109375,-0.1896841824054718,-1.7068403959274292,0.8376291394233704
180,1.0931,1.8748,0,1,0.904052734375,0.8555755615234375,-0.9530181884765625,1.0042873620986938,-2.5896124839782715,1.1332844495773315
181,1.1331,2.102,0,1,0.7057342529296875,0.734161376953125,-0.8662567138671875,2.572688579559326,-2.3208134174346924,1.4614194631576538
182,1.1768,2.2994,0,1,-0.2825469970703125,0.4567413330078125,-0.0558319091796875,1.3673206567764282,-0.9218375086784363,0.5031324028968811
183,1.2224,2.4588,0,1,-0.7300262451171875,0.5660552978515625,-0.2361297607421875,-1.3985872268676758,-0.6633129715919495,-0.4604698717594147
184,1.2674,2.5759,0,1,-0.5144195556640625,0.7236175537109375,-0.5663909912109375,-2.3274126052856445,1.4540255069732666,-1.1680943965911865
185,1.3091,2.6499,0,1,0.1970977783203125,1.1736297607421875,0.4794921875,-2.4016170501708984,2.409590005874634,-1.7737177610397339
186,1.3446,2.6826,0,1,0.7233123779296875,1.5045623779296875,0.4421539306640625,-1.709460973739624,1.1707769632339478,-1.080125093460083
187,1.371,2.6774,0,1,0.8089599609375,1.345855712890625,0.341705322265625,-0.8013288974761963,-0.8301703929901123,0.10402653366327286
188,1.3858,2.6381,0,1,0.714691162109375,1.1359405517578125,0.153045654296875,-0.2491094172000885,-1.682108759880066,0.39342159032821655
189,1.3873,2.5685,0,1,0.727508544921875,0.997650146484375,-0.0641632080078125,0.00253399764187634,-1.1992778778076172,0.25233957171440125
190,1.3747,2.4724,0,1,0.603485107421875,0.928070068359375,-0.947113037109375,0.33254092931747437,3.5914433002471924,-0.05754025653004646
191,1.3482,2.3543,0,1,0.5958709716796875,1.1236572265625,-0.198455810546875,-0.014459899626672268,4.837587833404541,-0.21950572729110718
192,1.3087,2.2199,0,1,0.6438751220703125,1.1259002685546875,0.004150390625,-0.5098012089729309,3.0431365966796875,-0.15913905203342438
193,1.2582,2.0763,0,1,0.57415771484375,1.1322174072265625,-0.19451904296875,-0.4782331585884094,1.1252374649047852,-0.23526977002620697
194,1.1993,1.9321,0,1,0.5365753173828125,1.0309906005859375,-0.0461883544921875,-0.6749102473258972,-0.24909238517284393,-0.3116742670536041
195,1.135,1.7962,0,1,0.5600738525390625,0.99029541015625,-0.0201263427734375,-1.1473315954208374,-1.0885663032531738,-0.34958145022392273
196,1.0688,1.6764,0,1,0.5170745849609375,0.983245849609375,-0.1336822509765625,-1.3337198495864868,-1.0770268440246582,-0.4453788101673126
197,1.0042,1.5789,0,1,0.495941162109375,0.9356842041015625,-0.1081695556640625,-1.240449070930481,-1.000846266746521,-0.48366227746009827
198,0.9449,1.5075,0,1,0.443695068359375,0.86090087890625,-0.1036834716796875,-1.0577521324157715,-0.9836763739585876,-0.47669652104377747
199,0.8937,1.4629,0,1,0.354278564453125,0.7439422607421875,-0.0843048095703125,-1.0442893505096436,-0.8673611879348755,-0.4755699932575226
200,0.8534,1.4428,0,1,0.3194122314453125,0.685546875,-0.09442138671875,-1.176115870475769,-0.6102348566055298,-0.5086871981620789
201,0.8257,1.4424,0,1,0.338104248046875,0.6771697998046875,-0.075897216796875,-1.2770541906356812,-0.5040812492370605,-0.601997435092926
202,0.8115,1.4546,0,1,0.4122467041015625,0.6719207763671875,-0.0930633544921875,-1.2513439655303955,-0.5245401859283447,-0.5817475914955139
203,0.8108,1.4705,0,1,0.4230804443359375,0.6854248046875,-0.1477508544921875,-1.129512906074524,-0.29887643456459045,-0.49561241269111633
204,0.8229,1.481,0,1,0.42529296875,0.7263946533203125,-0.1811370849609375,-1.001143217086792,0.14599795639514923,-0.4624038636684418
205,0.8464,1.4773,0,1,0.433013916015625,0.767425537109375,-0.218170166015625,-0.8072728514671326,0.7591111660003662,-0.40553686022758484
206,0.8792,1.4524,0,1,0.4046630859375,0.7630157470703125,-0.2191619873046875,-0.6480650901794434,1.3649017810821533,-0.37422287464141846
207,0.9192,1.4022,0,1,0.42999267578125,0.8471527099609375,-0.200103759765625,-0.5563164949417114,1.6797065734863281,-0.3949931263923645
208,0.9638,1.3267,0,1,0.4173583984375,0.89886474609375,-0.1934356689453125,-0.5075620412826538,1.7866841554641724,-0.41402992606163025
209,1.0105,1.2305,0,1,0.4382476806640625,0.8817596435546875,-0.195709228515625,-0.44623154401779175,1.7141691446304321,-0.573764979839325
210,1.0567,1.1222,0,1,0.51129150390625,0.83868408203125,-0.1705474853515625,-0.3073037564754486,1.3372642993927002,-0.6302253603935242
211,1.0998,1.014,0,1,0.5682830810546875,0.8037567138671875,-0.127197265625,-0.05042482540011406,0.5839869976043701,-0.5555146336555481
212,1.1375,0.9197,0,1,0.600372314453125,0.814056396484375,-0.081329345703125,0.05937597528100014,-0.0716954916715622,-0.39871808886528015
213,1.1675,0.8528,0,1,0.6236419677734375,0.8647613525390625,-0.0514068603515625,0.003923102747648954,-0.4308246374130249,-0.21478420495986938
214,1.1884,0.8243,0,1,0.71124267578125,1.027740478515625,-0.0092926025390625,-0.05999063327908516,-0.6212494373321533,0.049845851957798004
215,1.1992,0.8411,0,1,0.7487335205078125,1.16009521484375,-0.0037994384765625,-0.016628244891762733,-0.7195773124694824,0.24358415603637695
216,1.2001,0.9048,0,1,0.7545166015625,1.19769287109375,0.0244598388671875,0.13711205124855042,-0.8700177073478699,0.34433794021606445
217,1.1922,1.0114,0,1,0.6917572021484375,1.142059326171875,-0.0094757080078125,0.24907825887203217,-0.6766466498374939,0.46034231781959534
218,1.1773,1.1512,0,1,0.5804901123046875,1.0472564697265625,-0.0531005859375,0.2691071033477783,-0.026512566953897476,0.6291942000389099
219,1.1581,1.3104,0,1,0.4443511962890625,0.980377197265625,-0.0828857421875,0.28054511547088623,0.6048393249511719,0.669771671295166
220,1.1373,1.4726,0,1,0.3156890869140625,0.9371185302734375,-0.1628265380859375,0.39125698804855347,1.202120065689087,0.6411828994750977
221,1.1171,1.6205,0,1,0.1135711669921875,0.8385467529296875,-0.475006103515625,0.8515598773956299,1.491679072380066,0.5389007329940796
222,1.0994,1.7388,0,1,0.1006622314453125,0.827056884765625,-0.580474853515625,2.1124212741851807,0.48346707224845886,0.4438232481479645
223,1.0846,1.8161,0,1,0.1542816162109375,0.9065704345703125,-0.0765380859375,2.5519211292266846,-0.7698399424552917,0.4273641109466553
224,1.0726,1.8459,0,1,0.2537994384765625,1.0202484130859375,0.1701507568359375,1.8684855699539185,-1.7170478105545044,0.2907812297344208
225,1.0621,1.828,0,1,0.37158203125,1.0479888916015625,0.0462188720703125,1.162838101387024,-1.650041103363037,0.22174011170864105
226,1.0517,1.7674,0,1,0.4153289794921875,1.075653076171875,-0.0517578125,0.9410932064056396,-1.1709461212158203,0.16975946724414825
227,1.0396,1.6731,0,1,0.442657470703125,1.091949462890625,-0.030517578125,0.983665943145752,-0.6110996007919312,0.21546943485736847
228,1.0245,1.5568,0,1,0.3913726806640625,1.0333709716796875,-0.008758544921875,1.0363425016403198,-0.0959869846701622,0.22566401958465576
229,1.0059,1.4302,0,1,0.3602447509765625,0.9824676513671875,0.0015411376953125,1.0246312618255615,0.3157403767108917,0.24484996497631073
230,0.9838,1.3041,0,1,0.3183135986328125,0.89141845703125,-0.018951416015625,0.9122123122215271,0.5420371890068054,0.237938791513443
231,0.9593,1.1864,0,1,0.3332977294921875,0.85009765625,-0.061798095703125,0.7807301878929138,0.748826801776886,0.15761758387088776
232,0.9341,1.0825,0,1,0.3665924072265625,0.83697509765625,-0.129425048828125,0.6757267713546753,0.9908511638641357,0.16113322973251343
233,0.9102,0.9943,0,1,0.41943359375,0.8169097900390625,-0.22882080078125,0.6523394584655762,1.182165265083313,0.21624894440174103
234,0.89,0.9216,0,1,0.4129638671875,0.779693603515625,-0.2715301513671875,0.6208446025848389,1.080199122428894,0.24879543483257294
235,0.8755,0.8616,0,1,0.384002685546875,0.74981689453125,-0.2109222412109375,0.41377881169319153,0.5693172812461853,0.15529903769493103
236,0.8686,0.8108,0,1,0.34619140625,0.736541748046875,-0.1488037109375,0.13778316974639893,-0.011629758402705193,0.059411659836769104
237,0.8702,0.7647,0,1,0.2900238037109375,0.7471771240234375,-0.062103271484375,-0.19827154278755188,-0.4816369414329529,0.03684376925230026
238,0.8804,0.7197,0,1,0.285675048828125,0.74835205078125,-0.0799407958984375,-0.501512885093689,-0.8935731053352356,-0.019876502454280853
239,0.8985,0.6729,0,1,0.2882080078125,0.7421112060546875,-0.245819091796875,-0.4935138523578644,-1.0205574035644531,-0.0913163274526596
240,0.9227,0.6235,0,1,0.3522186279296875,0.7486572265625,-0.4145050048828125,-0.14441096782684326,-0.9626011848449707,-0.20183831453323364
241,0.9508,0.5731,0,1,0.4418487548828125,0.7196502685546875,-0.468017578125,0.2192380726337433,-0.6754223704338074,-0.22329673171043396
242,0.98,0.5251,0,1,0.531951904296875,0.69061279296875,-0.4535064697265625,0.34122151136398315,-0.2563806474208832,-0.17956256866455078
243,1.0076,0.4849,0,1,0.648040771484375,0.71368408203125,-0.4605865478515625,0.2929879426956177,0.024659806862473488,-0.061468154191970825
244,1.031,0.4587,0,1,0.7160797119140625,0.70880126953125,-0.5064697265625,0.27615886926651,0.19821082055568695,0.0696062445640564
245,1.0485,0.4524,0,1,0.7439117431640625,0.6805877685546875,-0.462890625,0.23562930524349213,0.1788424551486969,0.19363471865653992
246,1.0589,0.471,0,1,0.7252655029296875,0.6928558349609375,-0.4403076171875,0.1185186579823494,-0.0065654912032186985,0.3684195578098297
247,1.0623,0.5174,0,1,0.5852203369140625,0.6846466064453125,-0.4694976806640625,0.09130940586328506,-0.06120903044939041,0.4919218122959137
248,1.0591,0.5918,0,1,0.50518798828125,0.7149505615234375,-0.48297119140625,0.1845083236694336,0.017131848260760307,0.5610931515693665
249,1.051,0.6918,0,1,0.5089569091796875,0.682891845703125,-0.459075927734375,0.2673984169960022,0.014316887594759464,0.5661696791648865
250,1.0399,0.8122,0,1,0.5526580810546875,0.638946533203125,-0.4402313232421875,0.30378517508506775,-0.20111367106437683,0.548430323600769
251,1.0284,0.9452,0,1,0.6001129150390625,0.640533447265625,-0.4733734130859375,0.2655682861804962,-0.5302523970603943,0.5448427796363831
252,1.0193,1.0817,0,1,0.6495819091796875,0.723541259765625,-0.5544891357421875,0.23369771242141724,-0.47389405965805054,0.574357807636261
253,1.0155,1.212,0,1,0.7176513671875,0.8775787353515625,-0.6884765625,0.3927347660064697,-0.36053982377052307,0.6520081162452698
254,1.0196,1.3269,0,1,0.8004913330078125,0.9515838623046875,-0.7353973388671875,1.577146053314209,-1.250158429145813,0.9267542362213135
255,1.0335,1.4191,0,1,0.506927490234375,0.8391571044921875,-0.0459136962890625,1.6876376867294312,-1.2910722494125366,1.1136159896850586
256,1.0583,1.484,0,1,-0.128448486328125,0.5275115966796875,0.2891082763671875,-0.04019642248749733,-0.5932170152664185,0.2147037833929062
257,1.0933,1.5202,0,1,-0.26531982421875,0.4745941162109375,-0.2171478271484375,-1.3370437622070312,-0.8102390766143799,0.022104769945144653
258,1.1362,1.5297,0,1,-0.127960205078125,0.7155609130859375,-0.232269287109375,-1.6349478960037231,0.5345087051391602,-0.21586385369300842
259,1.1831,1.5172,0,1,0.31103515625,1.1582183837890625,0.165557861328125,-1.4503040313720703,1.408659815788269,-0.6793643832206726
260,1.2289,1.4896,0,1,0.662139892578125,1.4407196044921875,0.1790618896484375,-0.9395970702171326,0.7780475616455078,-0.5316644310951233
261,1.268,1.4547,0,1,0.7431488037109375,1.430023193359375,0.05413818359375,-0.4601058065891266,-0.6966176629066467,-0.05591732636094093
262,1.2955,1.42,0,1,0.7930755615234375,1.1472930908203125,-0.67431640625,0.2896943986415863,-0.955338716506958,0.1493884176015854
263,1.3074,1.3921,0,1,0.5335845947265625,0.9665374755859375,-0.3381500244140625,-0.17304927110671997,1.5774067640304565,-0.21722260117530823
264,1.3015,1.3756,0,1,0.577911376953125,1.10552978515625,0.1104278564453125,-0.7573968768119812,1.272902011871338,-0.1381666660308838
265,1.2775,1.3727,0,1,0.6190948486328125,1.1147308349609375,0.142333984375,-0.8423413634300232,-0.23187211155891418,-0.23088647425174713
266,1.2369,1.3836,0,1,0.6557159423828125,1.0564727783203125,0.0205841064453125,-1.0599039793014526,-0.9813490509986877,-0.2898571193218231
267,1.1827,1.4063,0,1,0.6975555419921875,0.998199462890625,-0.12774658203125,-1.596109390258789,-0.1661199927330017,-0.19047273695468903
268,1.1193,1.4375,0,1,0.614715576171875,0.9987335205078125,-0.14984130859375,-1.6932470798492432,0.34228092432022095,-0.06623973697423935
269,1.0519,1.473,0,1,0.5031890869140625,0.9323272705078125,-0.136810302734375,-1.427234411239624,0.11232840269804001,-0.13596582412719727
270,0.9855,1.5082,0,1,0.36712646484375,0.820159912109375,-0.1122894287109375,-1.302475094795227,-0.15534457564353943,-0.24376259744167328
271,0.9252,1.5391,0,1,0.302215576171875,0.770050048828125,-0.0567169189453125,-1.3690954446792603,-0.41470929980278015,-0.39188867807388306
272,0.875,1.5619,0,1,0.2432708740234375,0.71868896484375,-0.0494537353515625,-1.5215883255004883,-0.7003120183944702,-0.5243197083473206
273,0.8379,1.5739,0,1,0.288360595703125,0.7141571044921875,-0.0855255126953125,-1.506091594696045,-0.7408682107925415,-0.5710871815681458
274,0.8152,1.5733,0,1,0.2894287109375,0.688507080078125,-0.10028076171875,-1.4757894277572632,-0.6530161499977112,-0.541627824306488
275,0.8074,1.5594,0,1,0.3039093017578125,0.7239227294921875,-0.15814208984375,-1.354929804801941,-0.36880332231521606,-0.5535271167755127
276,0.8135,1.5321,0,1,0.3589630126953125,0.776611328125,-0.168701171875,-1.1587976217269897,0.03177044540643692,-0.5253252983093262
277,0.8318,1.4922,0,1,0.38916015625,0.79022216796875,-0.207427978515625,-0.8960602283477783,0.47593510150909424,-0.4679584205150604
278,0.8602,1.4408,0,1,0.465850830078125,0.8121185302734375,-0.2050018310546875,-0.6498339176177979,0.8858944177627563,-0.4882833957672119
279,0.8962,1.3798,0,1,0.5667266845703125,0.8688201904296875,-0.1812286376953125,-0.5054493546485901,1.2119028568267822,-0.4548114538192749
280,0.9377,1.3119,0,1,0.54522705078125,0.8501434326171875,-0.172271728515625,-0.5217063426971436,1.4418641328811646,-0.38467204570770264
281,0.9822,1.2406,0,1,0.4520111083984375,0.824432373046875,-0.2310028076171875,-0.49522385001182556,1.7690294981002808,-0.3161499798297882
282,1.0276,1.1706,0,1,0.4266815185546875,0.7895355224609375,-0.1900787353515625,-0.3257219195365906,1.586241364479065,-0.3535519540309906
283,1.0717,1.1076,0,1,0.4545745849609375,0.763275146484375,-0.1394500732421875,-0.05163922533392906,0.8339547514915466,-0.392451673746109
284,1.1123,1.0574,0,1,0.527252197265625,0.77593994140625,-0.074554443359375,0.0753091350197792,0.06381785869598389,-0.377206414937973
285,1.147,1.0261,0,1,0.6123046875,0.814788818359375,0.0080413818359375,-0.0825425460934639,-0.41770508885383606,-0.2682061493396759
286,1.1737,1.0186,0,1,0.699432373046875,0.9221038818359375,0.0615081787109375,-0.25648266077041626,-0.9376726746559143,-0.06873565167188644
287,1.1908,1.0385,0,1,0.7696533203125,1.061370849609375,0.0999755859375,-0.2755618095397949,-1.6001472473144531,0.23426443338394165
288,1.1974,1.0876,0,1,0.79180908203125,1.1444549560546875,0.0373992919921875,-0.1954893320798874,-1.8238732814788818,0.45301729440689087
289,1.1939,1.1657,0,1,0.753326416015625,1.19134521484375,-0.025604248046875,-0.1751244068145752,-1.1829428672790527,0.585412859916687
290,1.1816,1.2701,0,1,0.63055419921875,1.16412353515625,-0.0384674072265625,-0.15897074341773987,-0.18835259974002838,0.5911517143249512
291,1.1632,1.3953,0,1,0.5357208251953125,1.10638427734375,-0.02899169921875,-0.07148829847574234,0.5106494426727295,0.5485568642616272
292,1.142,1.5334,0,1,0.40240478515625,1.040802001953125,-0.040069580078125,0.11664086580276489,0.7736626863479614,0.48769083619117737
293,1.1215,1.6739,0,1,0.300537109375,0.913848876953125,-0.1624908447265625,0.3933182656764984,1.162143349647522,0.44822171330451965
294,1.1048,1.8054,0,1,0.2436065673828125,0.7503509521484375,-0.57269287109375,1.1743708848953247,1.4757702350616455,0.39847680926322937
295,1.0937,1.9166,0,1,0.3136749267578125,0.72357177734375,-0.491058349609375,2.4657785892486572,0.587493360042572,0.5158330202102661
296,1.0887,1.9977,0,1,0.3069610595703125,0.8165435791015625,-0.1239166259765625,2.8562839031219482,-0.33827632665634155,0.47253984212875366
297,1.0889,2.0422,0,1,0.3403167724609375,0.956085205078125,0.082427978515625,2.3975861072540283,-0.6204078793525696,0.48282817006111145
298,1.0919,2.0471,0,1,0.3797454833984375,1.0503082275390625,0.1181793212890625,1.7154195308685303,-0.8491665124893188,0.5486431121826172
299,1.0943,2.0132,0,1,0.3580780029296875,1.07733154296875,0.0401611328125,1.3099822998046875,-1.149822473526001,0.5221859812736511
300,1.0926,1.9444,0,1,0.377288818359375,1.0978546142578125,0.03192138671875,1.140412449836731,-1.2965245246887207,0.41664594411849976
301,1.0836,1.8468,0,1,0.3583221435546875,1.1320037841796875,-0.0026397705078125,1.0672953128814697,-1.07136869430542,0.26365214586257935
302,1.0653,1.7273,0,1,0.35321044921875,1.1370086669921875,-0.033416748046875,1.0646347999572754,-0.3950195014476776,0.18358580768108368
303,1.0372,1.5931,0,1,0.3200836181640625,1.0897064208984375,-0.1591949462890625,1.1470452547073364,0.34638112783432007,0.10154979676008224
304,1.0007,1.4507,0,1,0.383087158203125,1.015838623046875,-0.2965545654296875,1.3535516262054443,0.8043790459632874,0.03093261644244194
305,0.9587,1.3061,0,1,0.471954345703125,0.878143310546875,-0.3195953369140625,1.5140211582183838,0.6844862103462219,0.07975315302610397
306,0.9154,1.1646,0,1,0.3805694580078125,0.78594970703125,-0.2184600830078125,1.4302996397018433,0.6744253039360046,0.0017012272728607059
307,0.8759,1.0314,0,1,0.3442230224609375,0.7368927001953125,-0.146484375,1.0392512083053589,0.802838921546936,-0.11872611939907074
308,0.845,0.9111,0,1,0.311767578125,0.6874847412109375,-0.139373779296875,0.541932225227356,0.8180144429206848,-0.1886463463306427
309,0.8267,0.8085,0,1,0.2938995361328125,0.6556243896484375,-0.09991455078125,0.13090448081493378,0.44812583923339844,-0.20967227220535278
310,0.8237,0.7275,0,1,0.2874908447265625,0.6410064697265625,-0.089935302734375,-0.16364778578281403,-0.2736707031726837,-0.17947867512702942
311,0.8365,0.6714,0,1,0.261871337890625,0.613189697265625,-0.1672515869140625,-0.19085437059402466,-0.7122586965560913,-0.25268417596817017
312,0.8637,0.6422,0,1,0.291961669921875,0.6177215576171875,-0.2365264892578125,-0.03352653607726097,-0.6345705389976501,-0.3539407551288605
313,0.9019,0.6408,0,1,0.28790283203125,0.643280029296875,-0.2838134765625,0.007895473390817642,-0.4550154507160187,-0.4203440248966217
314,0.9465,0.6665,0,1,0.3513336181640625,0.688873291015625,-0.35638427734375,-0.07690969854593277,-0.21835604310035706,-0.5151850581169128
315,0.9921,0.7176,0,1,0.4858551025390625,0.7561187744140625,-0.5980987548828125,0.0049526807852089405,-0.09312675148248672,-0.49471864104270935
316,1.0337,0.7911,0,1,0.720001220703125,0.8141021728515625,-0.8932647705078125,0.45215389132499695,0.09346683323383331,-0.3135552704334259
317,1.0675,0.8835,0,1,0.870819091796875,0.773101806640625,-0.8665924072265625,0.8621174097061157,0.6394076347351074,0.055934637784957886
318,1.0912,0.9908,0,1,0.8604888916015625,0.625335693359375,-0.7151336669921875,1.0970489978790283,1.1744846105575562,0.27325576543807983
319,1.1044,1.1089,0,1,0.7979583740234375,0.4510650634765625,-0.471405029296875,1.0097037553787231,1.2251709699630737,0.29170775413513184
320,1.1088,1.2337,0,1,0.771942138671875,0.4685516357421875,-0.3723602294921875,0.6489385962486267,1.0094342231750488,0.5145980715751648
321,1.1071,1.361,0,1,0.6568603515625,0.516204833984375,-0.3824615478515625,0.29750385880470276,0.6253256797790527,0.6352400779724121
322,1.103,1.4858,0,1,0.59112548828125,0.552093505859375,-0.4027099609375,0.019334016367793083,0.12414165586233139,0.6925870180130005
323,1.1001,1.6031,0,1,0.600677490234375,0.592315673828125,-0.417083740234375,-0.19067434966564178,-0.5501523613929749,0.7487626671791077
324,1.1017,1.7068,0,1,0.7863006591796875,0.804412841796875,-0.90399169921875,0.4975202977657318,-1.3412190675735474,1.0021620988845825
325,1.1102,1.7913,0,1,0.8078765869140625,0.9511260986328125,-0.5181732177734375,1.3245506286621094,-1.4858779907226562,1.4801998138427734
326,1.1266,1.8516,0,1,0.40625,0.8951263427734375,-0.5047607421875,1.0046122074127197,-0.2869742512702942,1.0449591875076294
327,1.1506,1.8846,0,1,-0.565582275390625,0.677581787109375,-0.1567840576171875,-0.3631209433078766,-2.747800827026367,-0.029385052621364594
328,1.1804,1.8894,0,1,-0.4302520751953125,0.558380126953125,-0.2845458984375,-1.4556183815002441,-1.7988723516464233,-0.7077534198760986
329,1.213,1.8679,0,1,0.1048431396484375,0.835205078125,0.100311279296875,-1.3244041204452515,0.6469297409057617,-1.0933845043182373
330,1.2444,1.8245,0,1,0.4949493408203125,1.2974853515625,0.298126220703125,-1.1463944911956787,1.0771088600158691,-1.1036008596420288
331,1.2702,1.7651,0,1,0.8178558349609375,1.451507568359375,0.142364501953125,-0.8749573230743408,0.4004390239715576,-0.41343018412590027
332,1.2867,1.6965,0,1,1.05047607421875,1.31951904296875,-0.323944091796875,-0.34774065017700195,0.3899080753326416,0.2901673913002014
333,1.291,1.6256,0,1,0.95654296875,0.9040679931640625,-0.5719451904296875,0.16893655061721802,2.212620258331299,0.4890136420726776
334,1.282,1.5582,0,1,0.66717529296875,0.8683929443359375,0.011749267578125,-0.30354204773902893,2.233020305633545,-0.17005321383476257
335,1.2599,1.499,0,1,0.708160400390625,0.9850311279296875,0.0265655517578125,-0.9408388733863831,0.9660398364067078,-0.09050939232110977
336,1.2264,1.4514,0,1,0.5144805908203125,1.0476226806640625,-0.06671142578125,-1.1038706302642822,-0.33464935421943665,-0.11213452368974686
337,1.1843,1.4168,0,1,0.4249725341796875,1.0259246826171875,-0.1210784912109375,-1.1187113523483276,-0.8397039771080017,-0.15491367876529694
338,1.1369,1.3951,0,1,0.3949432373046875,0.9752197265625,-0.132720947265625,-1.2000017166137695,-0.6871885061264038,-0.17451295256614685
339,1.0877,1.3846,0,1,0.3761444091796875,0.963470458984375,-0.1508331298828125,-1.2451921701431274,-0.4303079843521118,-0.24130849540233612
340,1.0401,1.3822,0,1,0.396392822265625,1.0031585693359375,-0.1463775634765625,-1.2431654930114746,-0.15079191327095032,-0.3585352599620819
341,0.9968,1.3839,0,1,0.3929595947265625,0.961578369140625,-0.1035919189453125,-1.244498610496521,-0.13746997714042664,-0.5277926921844482
342,0.96,1.3853,0,1,0.4355316162109375,0.8728485107421875,-0.0928192138671875,-1.2175956964492798,-0.34901949763298035,-0.5680205821990967
343,0.9311,1.3823,0,1,0.42266845703125,0.7512359619140625,-0.117584228515625,-1.253450870513916,-0.5785131454467773,-0.525708794593811
344,0.9105,1.3713,0,1,0.4191436767578125,0.711639404296875,-0.12921142578125,-1.2752336263656616,-0.5372666716575623,-0.5056602358818054
345,0.8979,1.35,0,1,0.4677276611328125,0.715972900390625,-0.108795166015625,-1.2713576555252075,-0.586303174495697,-0.4203930199146271
346,0.8925,1.3176,0,1,0.4642791748046875,0.7367401123046875,-0.114227294921875,-1.2534422874450684,-0.5513835549354553,-0.3408297598361969
347,0.8928,1.2748,0,1,0.4515380859375,0.76873779296875,-0.1420135498046875,-1.2009804248809814,-0.43642178177833557,-0.24838291108608246
348,0.8974,1.2238,0,1,0.4288482666015625,0.821502685546875,-0.200592041015625,-1.1471161842346191,-0.2014063447713852,-0.22343921661376953
349,0.9049,1.1679,0,1,0.4142913818359375,0.8586883544921875,-0.2184295654296875,-1.0972048044204712,0.07365398108959198,-0.2664458155632019
350,0.9143,1.111,0,1,0.3894195556640625,0.8711090087890625,-0.2207183837890625,-1.006430983543396,0.14432282745838165,-0.327152281999588
351,0.9249,1.0575,0,1,0.3865509033203125,0.8638458251953125,-0.20831298828125,-0.8868582248687744,0.08494684845209122,-0.396188884973526
352,0.9367,1.0112,0,1,0.4174957275390625,0.8343353271484375,-0.1761016845703125,-0.7645165920257568,-0.12177490442991257,-0.4245496988296509
353,0.9499,0.9758,0,1,0.4417724609375,0.8150482177734375,-0.180633544921875,-0.7650127410888672,-0.0665513277053833,-0.48173093795776367
354,0.9653,0.9539,0,1,0.4803924560546875,0.804443359375,-0.1628875732421875,-0.8738928437232971,0.1855269819498062,-0.5232935547828674
355,0.9832,0.9473,0,1,0.51953125,0.8006439208984375,-0.1239471435546875,-0.9460911750793457,0.2628726363182068,-0.5371947288513184
356,1.004,0.957,0,1,0.54071044921875,0.7937164306640625,-0.1168060302734375,-0.8837806582450867,0.03286154195666313,-0.47385892271995544
357,1.0276,0.983,0,1,0.539337158203125,0.794769287109375,-0.114501953125,-0.8406126499176025,-0.20767782628536224,-0.3722769021987915
358,1.0534,1.0247,0,1,0.5241241455078125,0.8154754638671875,-0.1336669921875,-0.7647210955619812,-0.2828250527381897,-0.2676064074039459
359,1.0802,1.0806,0,1,0.54571533203125,0.84161376953125,-0.1035614013671875,-0.6104559302330017,-0.4498332142829895,-0.1526246964931488
360,1.1064,1.1491,0,1,0.5551910400390625,0.878204345703125,-0.0202178955078125,-0.3883586525917053,-0.967060387134552,-0.0604897104203701
361,1.1303,1.228,0,1,0.6062774658203125,0.9444122314453125,0.069793701171875,-0.2102821320295334,-1.5653022527694702,0.0546877458691597
362,1.15,1.3152,0,1,0.668365478515625,1.0257720947265625,0.119354248046875,-0.10259322077035904,-1.9953694343566895,0.21763725578784943
363,1.1645,1.4086,0,1,0.6889801025390625,1.1446380615234375,0.0799713134765625,-0.12837661802768707,-1.8127402067184448,0.4641767144203186
364,1.1733,1.506,0,1,0.579010009765625,1.208221435546875,0.0404510498046875,-0.23440104722976685,-0.8216941356658936,0.6607720851898193
365,1.1764,1.6047,0,1,0.4592437744140625,1.2130279541015625,0.025970458984375,-0.26263028383255005,0.42295631766319275,0.7508417963981628
366,1.175,1.7015,0,1,0.3147125244140625,1.1439971923828125,0.0608978271484375,-0.13404887914657593,1.1311390399932861,0.6712049841880798
367,1.1704,1.7922,0,1,0.1511077880859375,1.0311431884765625,-0.00677490234375,-0.0279203150421381,1.4435582160949707,0.5660197138786316
368,1.1641,1.8718,0,1,-0.0352630615234375,0.89788818359375,-0.2738800048828125,0.029437517747282982,1.8977971076965332,0.32619380950927734
369,1.1571,1.9355,0,1,0.159942626953125,0.85009765625,-0.9234466552734375,1.5579955577850342,1.0726664066314697,0.005935120861977339
370,1.1502,1.9789,0,1,0.3611907958984375,0.8530120849609375,-0.396209716796875,2.7938320636749268,-0.4228750765323639,0.1318424493074417
371,1.1431,1.9989,0,1,0.40350341796875,0.88629150390625,0.0045013427734375,2.6575872898101807,-0.6486818790435791,0.020864002406597137
372,1.1348,1.9941,0,1,0.46697998046875,0.9671630859375,0.17132568359375,2.04256010055542,-0.37178900837898254,0.11375506222248077
373,1.124,1.9649,0,1,0.4669952392578125,1.002685546875,0.202178955078125,1.5383398532867432,-0.3942863345146179,0.2191251665353775
374,1.1091,1.9129,0,1,0.4666290283203125,1.0911407470703125,0.1213531494140625,1.2846095561981201,-0.44579318165779114,0.27364620566368103
375,1.0888,1.8407,0,1,0.370086669921875,1.17236328125,-0.0781707763671875,1.3006689548492432,-0.19997037947177887,0.28454917669296265
376,1.0628,1.751,0,1,0.27630615234375,1.1585540771484375,-0.159393310546875,1.4974757432937622,0.12371182441711426,0.2120339572429657
377,1.0313,1.6468,0,1,0.3110809326171875,1.09649658203125,-0.15216064453125,1.592372179031372,0.41424351930618286,0.17190411686897278
378,0.9961,1.5313,0,1,0.280731201171875,0.984710693359375,-0.132293701171875,1.6411147117614746,0.7591868042945862,-0.00694925244897604
379,0.9595,1.4082,0,1,0.3369293212890625,0.8944854736328125,-0.124664306640625,1.6073650121688843,1.0070503950119019,-0.12843599915504456
380,0.9248,1.2817,0,1,0.35552978515625,0.7781982421875,-0.08251953125,1.4532198905944824,0.9233962297439575,-0.08887287974357605
381,0.8951,1.1571,0,1,0.3833160400390625,0.70654296875,-0.1112518310546875,1.1563783884048462,0.5676897764205933,0.0062640211544930935
382,0.8734,1.04,0,1,0.363555908203125,0.7040557861328125,-0.1208953857421875,0.8550552725791931,0.24048984050750732,-0.0005281048361212015
383,0.862,0.9361,0,1,0.339019775390625,0.74365234375,-0.1261749267578125,0.5252440571784973,-0.06277497112751007,-0.06264873594045639
384,0.8617,0.8504,0,1,0.3253173828125,0.7834320068359375,-0.147186279296875,0.1655159890651703,-0.41719910502433777,-0.08485337346792221
385,0.8725,0.7864,0,1,0.314971923828125,0.7551727294921875,-0.1886138916015625,-0.08920923620462418,-0.7611644864082336,-0.06665492802858353
386,0.8926,0.7464,0,1,0.2937469482421875,0.71148681640625,-0.27789306640625,-0.14373134076595306,-0.9045786261558533,-0.0626671090722084
387,0.9194,0.7302,0,1,0.2589111328125,0.7193450927734375,-0.325531005859375,-0.06743789464235306,-0.7746791839599609,-0.10042540729045868
388,0.9494,0.7365,0,1,0.267852783203125,0.7734527587890625,-0.34222412109375,-0.0011046791914850473,-0.5966588854789734,-0.1749102920293808
389,0.9789,0.7623,0,1,0.2934722900390625,0.8044586181640625,-0.4410552978515625,0.13584758341312408,-0.6146826148033142,-0.21122010052204132
390,1.0043,0.8037,0,1,0.371612548828125,0.8002777099609375,-0.6479034423828125,0.47271907329559326,-0.7556823492050171,-0.16853654384613037
391,1.023,0.8564,0,1,0.48541259765625,0.7467498779296875,-0.839813232421875,0.8549870848655701,-0.538779079914093,-0.05836770310997963
392,1.0335,0.9161,0,1,0.63604736328125,0.652923583984375,-0.8463287353515625,1.0253894329071045,0.03467835113406181,0.08741293847560883
393,1.0359,0.9788,0,1,0.74407958984375,0.5580596923828125,-0.6437225341796875,0.978954017162323,0.3613925576210022,0.36983636021614075
394,1.0318,1.0414,0,1,0.7107696533203125,0.48516845703125,-0.4399566650390625,0.7944979071617126,0.40310510993003845,0.5939539074897766
395,1.0239,1.1014,0,1,0.671142578125,0.4516143798828125,-0.3231353759765625,0.4440498948097229,0.12604181468486786,0.7097289562225342
396,1.0158,1.1569,0,1,0.677978515625,0.5168304443359375,-0.4391021728515625,0.18646734952926636,-0.21176578104496002,0.862533688545227
397,1.0113,1.2068,0,1,0.6597900390625,0.611785888671875,-0.715850830078125,0.5096006393432617,-0.9330275654792786,1.07488214969635
398,1.0138,1.2505,0,1,0.5775299072265625,0.6846466064453125,-0.5016326904296875,0.74306321144104,-0.6869323253631592,1.1550358533859253
399,1.0259,1.2878,0,1,0.1674652099609375,0.755340576171875,-0.5223541259765625,0.5490157008171082,0.17702484130859375,0.7012965679168701
400,1.0487,1.3188,0,1,-0.3421783447265625,0.8424530029296875,-0.2575836181640625,-0.44416067004203796,-0.9233102202415466,-0.1773441582918167
401,1.0819,1.3441,0,1,-0.1501312255859375,0.9370880126953125,-0.6099853515625,-1.0714967250823975,-0.5460572242736816,-0.5161781311035156
402,1.1233,1.3643,0,1,0.2102203369140625,0.842193603515625,0.043060302734375,-1.1209194660186768,1.1860305070877075,-0.44682595133781433
403,1.1694,1.3805,0,1,0.235809326171875,0.83074951171875,0.16644287109375,-0.9794360995292664,1.4890612363815308,-0.6154155135154724
404,1.2156,1.3942,0,1,0.53179931640625,1.0354461669921875,0.0063629150390625,-0.616488516330719,1.0528157949447632,-0.4340505003929138
405,1.2566,1.407,0,1,0.8373870849609375,1.2907257080078125,-0.1486053466796875,-0.05959382280707359,0.6319910287857056,0.09018954634666443
406,1.2878,1.4205,0,1,0.9543914794921875,1.3575592041015625,-0.32940673828125,0.30678790807724,1.1432348489761353,0.2924070954322815
407,1.3053,1.4363,0,1,0.8931732177734375,1.1548309326171875,-0.243316650390625,0.1518947184085846,2.229769468307495,0.056359145790338516
408,1.3067,1.4557,0,1,0.7595672607421875,1.0120849609375,-0.0367431640625,-0.3796514570713043,1.8750438690185547,-0.22973093390464783
409,1.2913,1.4794,0,1,0.7038421630859375,0.991790771484375,-0.0240936279296875,-0.8135232925415039,0.8797140121459961,-0.18268859386444092
410,1.26,1.5075,0,1,0.613128662109375,1.006134033203125,-0.061492919921875,-1.0384035110473633,-0.03971465677022934,-0.25072357058525085
411,1.2153,1.5391,0,1,0.5496673583984375,1.0281524658203125,-0.1387939453125,-1.2155276536941528,-0.495565265417099,-0.30150845646858215
412,1.1604,1.5723,0,1,0.5154571533203125,0.9640350341796875,-0.1741485595703125,-1.3062785863876343,-0.49559590220451355,-0.3526744246482849
413,1.0994,1.6042,0,1,0.504119873046875,0.929931640625,-0.1595916748046875,-1.350445032119751,-0.614845335483551,-0.3809894323348999
414,1.0362,1.6311,0,1,0.4801025390625,0.9034423828125,-0.1112213134765625,-1.344314455986023,-0.848789632320404,-0.4700183570384979
415,0.975,1.6493,0,1,0.4841156005859375,0.865570068359375,-0.059906005859375,-1.3946760892868042,-1.1034555435180664,-0.46861356496810913
416,0.9194,1.6555,0,1,0.4415740966796875,0.7977752685546875,-0.052215576171875,-1.5212980508804321,-1.243809461593628,-0.39563414454460144
417,0.8725,1.6474,0,1,0.391204833984375,0.7269439697265625,-0.118011474609375,-1.586418628692627,-0.9972060322761536,-0.3104715943336487
418,0.8365,1.624,0,1,0.3435516357421875,0.6981353759765625,-0.161651611328125,-1.5091627836227417,-0.5084941387176514,-0.32948097586631775
419,0.8133,1.5856,0,1,0.370086669921875,0.735809326171875,-0.134063720703125,-1.3322607278823853,-0.1823945790529251,-0.3526720404624939
420,0.8037,1.5338,0,1,0.3775177001953125,0.7315216064453125,-0.127227783203125,-1.2397617101669312,-0.005599029827862978,-0.29897019267082214
421,0.808,1.4712,0,1,0.3907012939453125,0.7412109375,-0.1383209228515625,-1.2119505405426025,0.34386390447616577,-0.3071194589138031
422,0.826,1.4015,0,1,0.4059906005859375,0.7470703125,-0.1069793701171875,-1.2108367681503296,0.4537656307220459,-0.34543195366859436
423,0.8568,1.3287,0,1,0.40863037109375,0.7624969482421875,-0.11920166015625,-1.178269863128662,0.3493894338607788,-0.4353663921356201
424,0.899,1.2577,0,1,0.385528564453125,0.8024139404296875,-0.177734375,-1.1270558834075928,0.343440443277359,-0.48426973819732666
425,0.9508,1.194,0,1,0.3707427978515625,0.872314453125,-0.2671966552734375,-1.1278327703475952,0.6570199728012085,-0.5147485733032227
426,1.0098,1.1435,0,1,0.386016845703125,0.86224365234375,-0.373870849609375,-1.1247197389602661,1.1563019752502441,-0.5906422734260559
427,1.0731,1.1122,0,1,0.4662933349609375,0.7847137451171875,-0.460235595703125,-0.7790585160255432,1.2303239107131958,-0.6450769901275635
428,1.1373,1.1054,0,1,0.6065216064453125,0.745269775390625,-0.3185882568359375,-0.2389926016330719,0.7360271215438843,-0.5817251801490784
429,1.1989,1.1274,0,1,0.7271575927734375,0.785858154296875,-0.16375732421875,0.04342284053564072,0.12323351949453354,-0.4393211901187897
430,1.2541,1.1802,0,1,0.8360595703125,0.8206787109375,-0.069000244140625,0.08057500422000885,-0.2785429358482361,-0.21607796847820282
431,1.2992,1.263,0,1,0.8983306884765625,0.9443511962890625,0.0469970703125,0.1488824188709259,-0.9574868083000183,0.14382295310497284
432,1.3314,1.3721,0,1,0.944793701171875,1.168487548828125,0.0792083740234375,0.3919113278388977,-1.8070218563079834,0.5484545826911926
433,1.3484,1.5007,0,1,0.8515777587890625,1.2618408203125,0.0267486572265625,0.6607265472412109,-2.0276503562927246,0.8203755617141724
434,1.3496,1.6401,0,1,0.70166015625,1.2908477783203125,0.0611114501953125,0.5940473675727844,-1.4198158979415894,1.1383479833602905
435,1.3353,1.7795,0,1,0.481719970703125,1.256072998046875,0.0318603515625,0.3044677674770355,-0.789831817150116,1.236497163772583
436,1.3074,1.9075,0,1,0.298583984375,1.22021484375,-0.03973388671875,0.19001947343349457,-0.2029065042734146,1.0348836183547974
437,1.2686,2.0125,0,1,-0.129150390625,1.07366943359375,-0.5196380615234375,0.7074708938598633,0.22386585175991058,0.6732242107391357
438,1.2224,2.0836,0,1,-0.2859649658203125,1.0428924560546875,-0.59027099609375,2.3966665267944336,-0.7984535098075867,-0.0903586596250534
439,1.1724,2.112,0,1,-0.1049652099609375,1.111602783203125,-0.18170166015625,2.929060220718384,-1.1034280061721802,-0.4059824049472809
440,1.1221,2.0924,0,1,0.172607421875,1.0880889892578125,0.0248260498046875,2.4625115394592285,-0.5634772181510925,-0.1312198042869568
441,1.0744,2.0232,0,1,0.1656341552734375,0.9427032470703125,0.050079345703125,1.899987816810608,0.2968748211860657,-0.0901527926325798
442,1.0315,1.9076,0,1,0.3000335693359375,0.9136810302734375,0.0086517333984375,1.6369433403015137,0.9476267695426941,-0.26636484265327454
443,0.9948,1.753,0,1,0.40667724609375,0.9282379150390625,0.0346221923828125,1.5141005516052246,1.0660420656204224,-0.1420021504163742
444,0.9646,1.57,0,1,0.42498779296875,0.93194580078125,0.0794525146484375,1.414031982421875,0.7114744186401367,0.013980796560645103
445,0.9408,1.3717,0,1,0.3839569091796875,0.8578033447265625,0.0558929443359375,1.2917782068252563,0.1387600153684616,-0.00015952334797475487
446,0.9228,1.1719,0,1,0.376312255859375,0.7921142578125,0.044647216796875,1.0941994190216064,-0.2682037651538849,-0.06115736439824104
447,0.9097,0.9833,0,1,0.3665771484375,0.806365966796875,-0.0228271484375,0.7976702451705933,-0.30540624260902405,-0.09093549847602844
448,0.9008,0.8167,0,1,0.384368896484375,0.871612548828125,-0.1192169189453125,0.45130911469459534,0.045637793838977814,-0.09244284778833389
449,0.8955,0.6796,0,1,0.363037109375,0.9439544677734375,-0.29736328125,0.34050193428993225,0.38530799746513367,-0.08036062121391296
450,0.8937,0.5756,0,1,0.23223876953125,0.9291229248046875,-0.35565185546875,0.364661306142807,0.21985512971878052,-0.141253262758255
451,0.8954,0.5046,0,1,0.146728515625,0.8343048095703125,-0.3494720458984375,0.35555970668792725,0.02075374871492386,-0.24275538325309753
452,0.901,0.463,0,1,0.1619415283203125,0.7635345458984375,-0.332916259765625,0.22360007464885712,0.10667824000120163,-0.30486536026000977
453,0.911,0.4446,0,1,0.2036895751953125,0.720489501953125,-0.292633056640625,0.10158121585845947,0.34551718831062317,-0.42792150378227234
454,0.9252,0.4421,0,1,0.2914276123046875,0.7209930419921875,-0.2473602294921875,0.059733904898166656,0.4182971119880676,-0.5189904570579529
455,0.9435,0.448,0,1,0.3678436279296875,0.732391357421875,-0.225860595703125,0.03906191512942314,0.31400159001350403,-0.5216570496559143
456,0.9647,0.4559,0,1,0.45941162109375,0.719970703125,-0.24237060546875,-0.021323397755622864,0.12387267500162125,-0.4988739788532257
457,0.9875,0.4615,0,1,0.54510498046875,0.7077789306640625,-0.353912353515625,-0.10966497659683228,0.17659926414489746,-0.4146464467048645
458,1.01,0.4631,0,1,0.615478515625,0.6944122314453125,-0.5263671875,-0.16533009707927704,0.401643842458725,-0.2397095263004303
459,1.0304,0.4618,0,1,0.667510986328125,0.6846160888671875,-0.669769287109375,-0.07151732593774796,0.498775452375412,-0.09148357808589935
460,1.0469,0.4616,0,1,0.7265625,0.697265625,-0.6883544921875,0.08312951028347015,0.5731697678565979,0.055745553225278854
461,1.0584,0.4683,0,1,0.716766357421875,0.709381103515625,-0.583404541015625,0.13290637731552124,0.6437113285064697,0.25543469190597534
462,1.064,0.4893,0,1,0.6482086181640625,0.6740875244140625,-0.4557647705078125,-0.005964948330074549,0.39471137523651123,0.3732606768608093
463,1.0637,0.5318,0,1,0.557159423828125,0.635650634765625,-0.3352508544921875,-0.1920272260904312,0.08981643617153168,0.4288821220397949
464,1.0578,0.6023,0,1,0.4615478515625,0.6146240234375,-0.3293609619140625,-0.2702498733997345,-0.03714257478713989,0.4386090338230133
465,1.0472,0.7047,0,1,0.44329833984375,0.660430908203125,-0.3828887939453125,-0.2403140664100647,0.031131021678447723,0.43377938866615295
466,1.033,0.84,0,1,0.4364013671875,0.794036865234375,-0.4682769775390625,-0.14590713381767273,0.05859806388616562,0.40786364674568176
467,1.0169,1.0053,0,1,0.4486541748046875,0.9306793212890625,-0.6221923828125,0.034866370260715485,-0.17474465072155,0.32027387619018555
468,1.001,1.1939,0,1,0.54937744140625,0.9334869384765625,-0.7742462158203125,0.4422306716442108,-0.9296640157699585,0.42417871952056885
469,0.988,1.3963,0,1,0.60296630859375,0.7688751220703125,-0.7290191650390625,0.8199470639228821,-1.6127594709396362,0.7276512384414673
470,0.9805,1.6007,0,1,0.5520477294921875,0.63629150390625,-0.700408935546875,1.116036295890808,-1.56292724609375,0.8681644201278687
471,0.9812,1.7946,0,1,0.4224700927734375,0.463409423828125,-0.726287841796875,1.4900250434875488,-0.8169806003570557,0.8902912735939026
472,0.9919,1.9656,0,1,0.2057952880859375,0.3567047119140625,-0.489288330078125,1.959321141242981,0.014738199301064014,0.7547574043273926
473,1.0134,2.1032,0,1,-0.0425567626953125,0.3655242919921875,-0.0335845947265625,0.7526791095733643,1.0734972953796387,0.1217285618185997
474,1.0449,2.1988,0,1,-0.1212005615234375,0.7832183837890625,-0.5310821533203125,-1.0264112949371338,1.614569902420044,-0.2274419516324997
475,1.0841,2.2468,0,1,0.144317626953125,1.084136962890625,-0.115875244140625,-2.0348639488220215,2.475511074066162,-0.3601211607456207
476,1.1278,2.2453,0,1,0.3830413818359375,1.3129425048828125,0.3120269775390625,-1.641241192817688,1.7264906167984009,-0.8979853987693787
477,1.1719,2.1955,0,1,0.6996002197265625,1.351043701171875,0.273651123046875,-0.7921058535575867,-0.5549260973930359,-0.7183504104614258
478,1.2125,2.1023,0,1,0.7366485595703125,1.2397918701171875,0.2384185791015625,-0.38757622241973877,-2.375060796737671,-0.24218334257602692
479,1.2463,1.9737,0,1,0.6893157958984375,0.9913330078125,0.095794677734375,-0.43159136176109314,-2.7322447299957275,-0.007845406420528889
480,1.2705,1.8201,0,1,0.597808837890625,0.6979522705078125,-0.5892486572265625,-0.8792786002159119,-0.2566232681274414,-0.02027837373316288
481,1.2835,1.6534,0,1,0.4784698486328125,0.985260009765625,-0.48297119140625,-0.9070438742637634,2.2060546875,0.15287131071090698
482,1.2844,1.4859,0,1,0.503662109375,1.1134796142578125,-0.0793304443359375,-0.4865534007549286,1.7674564123153687,0.24130795896053314
483,1.2732,1.3296,0,1,0.46929931640625,1.1560516357421875,0.0204010009765625,-0.3385178744792938,0.33846381306648254,0.09278213232755661
484,1.2504,1.1944,0,1,0.4602508544921875,1.0709228515625,-0.1462554931640625,-0.5275799036026001,0.36955541372299194,-0.037335120141506195
485,1.2171,1.0879,0,1,0.48687744140625,1.1112823486328125,-0.149169921875,-0.7106661200523376,0.9800291657447815,-0.14152836799621582
486,1.1748,1.0146,0,1,0.535003662109375,1.143096923828125,-0.035675048828125,-0.609764575958252,0.8225455284118652,-0.24874696135520935
487,1.1257,0.976,0,1,0.5438232421875,1.1090087890625,0.03546142578125,-0.6688819527626038,0.2951672077178955,-0.42310598492622375
488,1.0725,0.9711,0,1,0.5123291015625,0.9802703857421875,-0.002655029296875,-0.911171019077301,0.13715599477291107,-0.48485031723976135
489,1.0179,0.9964,0,1,0.435577392578125,0.8421173095703125,-0.0672149658203125,-1.1219359636306763,0.08977542817592621,-0.5465309619903564
490,0.9654,1.0474,0,1,0.3785858154296875,0.771759033203125,-0.1554718017578125,-1.1497881412506104,-0.03427674621343613,-0.6258886456489563
491,0.918,1.1185,0,1,0.3961181640625,0.7936859130859375,-0.1484222412109375,-1.0988268852233887,-0.2186708301305771,-0.6614232063293457
492,0.8789,1.204,0,1,0.470367431640625,0.82745361328125,-0.090911865234375,-1.017930507659912,-0.473189115524292,-0.6624216437339783
493,0.851,1.2977,0,1,0.4882049560546875,0.7970123291015625,-0.1122283935546875,-0.9675024747848511,-0.5397106409072876,-0.5454564094543457
494,0.8364,1.3938,0,1,0.4634857177734375,0.7092437744140625,-0.1096954345703125,-1.0179057121276855,-0.3038504421710968,-0.4865850806236267
495,0.8367,1.4863,0,1,0.4482421875,0.7012939453125,-0.0973968505859375,-1.1083956956863403,-0.06267429888248444,-0.5118923187255859
496,0.8524,1.5691,0,1,0.42425537109375,0.6953582763671875,-0.09417724609375,-1.1366217136383057,0.06917107850313187,-0.4737694263458252
497,0.8828,1.6366,0,1,0.350006103515625,0.692626953125,-0.1309814453125,-1.2029269933700562,0.4628792405128479,-0.49159982800483704
498,0.9261,1.6841,0,1,0.25482177734375,0.7664947509765625,-0.221923828125,-1.248985767364502,1.0666929483413696,-0.527195394039154
499,0.9794,1.7081,0,1,0.2401885986328125,0.905853271484375,-0.32476806640625,-1.1950650215148926,1.792447805404663,-0.6161643862724304
500,1.0385,1.7073,0,1,0.371978759765625,0.8661956787109375,-0.406829833984375,-0.8632990717887878,2.120713710784912,-0.7520077228546143
501,1.0988,1.6826,0,1,0.540252685546875,0.7757720947265625,-0.3923492431640625,-0.28081196546554565,1.808603048324585,-0.7763732075691223
502,1.1553,1.6376,0,1,0.684051513671875,0.7833404541015625,-0.216033935546875,0.2276747077703476,0.8799155950546265,-0.691960334777832
503,1.2031,1.5775,0,1,0.8026123046875,0.8851318359375,0.0555267333984375,0.3690861463546753,-0.36023542284965515,-0.48505377769470215
504,1.2383,1.5093,0,1,0.8924713134765625,1.0042877197265625,0.1496124267578125,0.2689664959907532,-1.7290650606155396,-0.11269059777259827
505,1.2583,1.4402,0,1,0.883392333984375,1.1070098876953125,0.0716552734375,0.0292953047901392,-2.1925313472747803,0.19732718169689178
506,1.2621,1.3775,0,1,0.8017578125,1.1891632080078125,-0.008544921875,-0.33962282538414,-1.516616702079773,0.5812588930130005
507,1.2504,1.327,0,1,0.579559326171875,1.187469482421875,-0.0624847412109375,-0.6160690784454346,-0.39300161600112915,0.6222448945045471
508,1.2258,1.2929,0,1,0.5401611328125,1.2105865478515625,-0.089111328125,-0.42307960987091064,0.3553636968135834,0.7493794560432434
509,1.1919,1.2771,0,1,0.3519744873046875,1.169677734375,-0.0808868408203125,0.045701708644628525,0.37459784746170044,0.7797911167144775
510,1.1532,1.2784,0,1,0.1578521728515625,1.058868408203125,-0.1136474609375,0.5194905996322632,0.2555124759674072,0.6682294607162476
511,1.1141,1.2933,0,1,-0.0141143798828125,0.865936279296875,-0.285247802734375,0.9893414378166199,0.2500644326210022,0.45005372166633606
512,1.0784,1.3166,0,1,0.0472259521484375,0.750152587890625,-0.3383026123046875,1.5510990619659424,-0.2677989602088928,0.17986537516117096
513,1.0488,1.3421,0,1,0.1903228759765625,0.8421478271484375,-0.17510986328125,1.842240571975708,-0.662520706653595,0.11381497979164124
514,1.0263,1.3639,0,1,0.2897491455078125,0.9521026611328125,0.0792694091796875,1.5341871976852417,-0.7240461111068726,0.1393917202949524
515,1.011,1.3775,0,1,0.295623779296875,1.006988525390625,0.1833038330078125,1.0909181833267212,-0.9474323391914368,0.0897461324930191
516,1.0016,1.3801,0,1,0.3453521728515625,1.0790252685546875,0.0276947021484375,1.0426310300827026,-0.8335968255996704,0.07497251033782959
517,0.9961,1.3709,0,1,0.3350982666015625,1.0755157470703125,-0.053955078125,1.27609121799469,-0.3024938106536865,0.18600662052631378
518,0.9925,1.351,0,1,0.304443359375,1.02716064453125,0.000732421875,1.335735559463501,0.1517445147037506,0.22057072818279266
519,0.9891,1.3229,0,1,0.3077392578125,0.985626220703125,0.03619384765625,1.1812483072280884,0.399811327457428,0.17112594842910767
520,0.9847,1.2893,0,1,0.322998046875,0.95294189453125,0.0243988037109375,0.979464054107666,0.4895819425582886,0.15677151083946228
521,0.9786,1.2535,0,1,0.3502655029296875,0.8974151611328125,-0.04571533203125,0.8989390730857849,0.5087007880210876,0.1358683556318283
522,0.9711,1.2179,0,1,0.3870697021484375,0.8709259033203125,-0.126312255859375,0.9856383204460144,0.5402113199234009,0.1508028209209442
523,0.9626,1.1841,0,1,0.39154052734375,0.8782958984375,-0.146942138671875,1.0643267631530762,0.6493332386016846,0.20620191097259521
524,0.9542,1.1526,0,1,0.34051513671875,0.85211181640625,-0.17352294921875,1.029537320137024,0.9299758672714233,0.21181398630142212
525,0.9467,1.123,0,1,0.32037353515625,0.8507843017578125,-0.2140045166015625,0.8258649110794067,1.2237792015075684,0.19745475053787231
526,0.941,1.0935,0,1,0.281524658203125,0.8334808349609375,-0.170989990234375,0.40017271041870117,0.9119941592216492,0.21034365892410278
527,0.9374,1.0617,0,1,0.178192138671875,0.8326263427734375,-0.0539398193359375,0.05042429268360138,0.13053111732006073,0.12746767699718475
528,0.9361,1.0247,0,1,0.1788177490234375,0.838348388671875,0.0059356689453125,-0.21062514185905457,-0.7892586588859558,-0.09245536476373672
529,0.9364,0.9791,0,1,0.2339630126953125,0.8307952880859375,-0.0878753662109375,-0.1755707561969757,-1.2600480318069458,-0.18342149257659912
530,0.9377,0.9226,0,1,0.3457489013671875,0.8043975830078125,-0.2888336181640625,0.1430191993713379,-1.1374046802520752,-0.16230182349681854
531,0.9393,0.8536,0,1,0.469482421875,0.78753662109375,-0.4673919677734375,0.5504173636436462,-0.9391240477561951,-0.05150819942355156
532,0.9406,0.7727,0,1,0.4848175048828125,0.800140380859375,-0.5350799560546875,0.6527801752090454,-0.42132166028022766,-0.11656123399734497
533,0.9414,0.683,0,1,0.5139312744140625,0.76422119140625,-0.543701171875,0.44980764389038086,0.3457243740558624,-0.1313875913619995
534,0.9422,0.5898,0,1,0.527252197265625,0.7018890380859375,-0.5305328369140625,0.37315601110458374,0.7180095314979553,-0.01980007067322731
535,0.9437,0.5007,0,1,0.5195159912109375,0.6541290283203125,-0.410186767578125,0.37014955282211304,0.4623740315437317,0.01540771871805191
536,0.9473,0.4253,0,1,0.5396881103515625,0.6489105224609375,-0.3111419677734375,0.34250780940055847,0.06638914346694946,0.0550408810377121
537,0.9544,0.3739,0,1,0.5451812744140625,0.665374755859375,-0.25335693359375,0.21471282839775085,-0.2740834951400757,0.13040433824062347
538,0.966,0.3569,0,1,0.55487060546875,0.6619110107421875,-0.29718017578125,0.021228322759270668,-0.3114526867866516,0.19388291239738464
539,0.9829,0.3836,0,1,0.5519561767578125,0.616241455078125,-0.32232666015625,-0.23291979730129242,-0.2524420917034149,0.20729166269302368
540,1.0053,0.461,0,1,0.5486907958984375,0.6351318359375,-0.3629608154296875,-0.35549497604370117,-0.3158905804157257,0.3106268346309662
541,1.0325,0.5931,0,1,0.48175048828125,0.6582183837890625,-0.3811798095703125,-0.33200350403785706,-0.35462653636932373,0.34221911430358887
542,1.0639,0.7799,0,1,0.4390411376953125,0.6779327392578125,-0.387451171875,-0.3411591947078705,-0.33020880818367004,0.3289344906806946
543,1.0983,1.0172,0,1,0.4373321533203125,0.7939453125,-0.4881744384765625,-0.29848283529281616,-0.15335573256015778,0.3088870048522949
544,1.1349,1.2963,0,1,0.538970947265625,1.0987701416015625,-0.723419189453125,0.08254627883434296,-0.15116581320762634,0.3568015396595001
545,1.1734,1.6052,0,1,0.81292724609375,1.4367523193359375,-0.97552490234375,0.9959119558334351,-1.0516375303268433,0.6819873452186584
546,1.2141,1.9292,0,1,0.906402587890625,1.3162841796875,-0.7798614501953125,1.7490272521972656,-1.9054288864135742,1.2001436948776245
547,1.2575,2.2525,0,1,0.5128326416015625,0.764617919921875,-0.6897125244140625,2.4386751651763916,-2.436818838119507,1.3772159814834595
548,1.3041,2.5595,0,1,-0.2393798828125,0.3376617431640625,-0.2146453857421875,2.597269058227539,-1.3536591529846191,0.690528929233551
549,1.3535,2.8361,0,1,-0.7571868896484375,-0.017791748046875,-0.0130767822265625,1.0950106382369995,-0.3672235608100891,-0.6092172861099243
550,1.4039,3.07,0,1,-1.1744232177734375,0.1097259521484375,-0.800018310546875,-0.7733803987503052,-0.04104916751384735,-1.8331259489059448
551,1.4522,3.2515,0,1,0.014404296875,0.6883697509765625,-0.1441650390625,-1.8262965679168701,1.2717968225479126,-1.848524808883667
552,1.4941,3.3738,0,1,0.843170166015625,1.31671142578125,1.2014312744140625,-3.20220947265625,3.5147762298583984,-1.1975198984146118
553,1.5251,3.4334,0,1,1.069976806640625,1.9066009521484375,0.857086181640625,-3.1213488578796387,4.3189802169799805,-0.32254743576049805
554,1.541,3.4306,0,1,0.940765380859375,1.4791717529296875,0.1877593994140625,-1.1565296649932861,1.8030905723571777,-0.038432877510786057
555,1.5389,3.369,0,1,1.0794830322265625,1.0702667236328125,-0.3129425048828125,0.8113855719566345,-0.06524690985679626,0.6619539856910706
556,1.5177,3.2555,0,1,0.6373291015625,0.93768310546875,-1.24664306640625,3.592877149581909,1.117992877960205,0.8885186910629272
557,1.4778,3.0994,0,1,0.419036865234375,1.0619354248046875,0.02093505859375,0.8826554417610168,4.734346866607666,-0.19398704171180725
558,1.4214,2.9123,0,1,0.6080780029296875,1.0753173828125,0.30609130859375,-1.3495714664459229,3.5602192878723145,-0.35166269540786743
559,1.3517,2.7069,0,1,0.6194000244140625,1.0735015869140625,0.039154052734375,-1.2054753303527832,0.2863936722278595,-0.2982226312160492
560,1.2728,2.4961,0,1,0.5923614501953125,1.0615997314453125,-0.0118560791015625,-0.7543438076972961,-2.1140239238739014,-0.3171188235282898
561,1.1888,2.2917,0,1,0.557586669921875,1.0677642822265625,-0.0966949462890625,-1.2420506477355957,-1.8607373237609863,-0.3205937147140503
562,1.1041,2.104,0,1,0.489654541015625,1.031829833984375,-0.091796875,-1.7722346782684326,-1.0409119129180908,-0.3283352553844452
563,1.023,1.9401,0,1,0.42852783203125,1.0030517578125,-0.119781494140625,-1.6511614322662354,-0.9942626953125,-0.4951727092266083
564,0.9493,1.804,0,1,0.3891448974609375,0.9113311767578125,-0.1365814208984375,-1.3489898443222046,-1.0467594861984253,-0.5684378743171692
565,0.8864,1.6966,0,1,0.3502044677734375,0.7933807373046875,-0.1246185302734375,-1.262807846069336,-0.743812084197998,-0.5569881796836853
566,0.8373,1.6156,0,1,0.3377227783203125,0.7420654296875,-0.098419189453125,-1.3383468389511108,-0.327973335981369,-0.5971928238868713
567,0.8042,1.5565,0,1,0.368408203125,0.7345123291015625,-0.056060791015625,-1.3013653755187988,-0.2263905256986618,-0.5634356737136841
568,0.7886,1.5132,0,1,0.3814697265625,0.703155517578125,-0.0379180908203125,-1.314723014831543,-0.41320541501045227,-0.513899028301239
569,0.7911,1.4791,0,1,0.3680877685546875,0.6756591796875,-0.0979156494140625,-1.4062390327453613,-0.2618100345134735,-0.4712466299533844
570,0.811,1.4484,0,1,0.3416748046875,0.6757965087890625,-0.1238250732421875,-1.50975501537323,0.05084001272916794,-0.466202050447464
571,0.8468,1.4167,0,1,0.32952880859375,0.719573974609375,-0.2002105712890625,-1.5717414617538452,0.40389901399612427,-0.4849618971347809
572,0.8959,1.382,0,1,0.2905731201171875,0.7787017822265625,-0.3011016845703125,-1.476946473121643,0.7761293053627014,-0.5486586093902588
573,0.9549,1.3448,0,1,0.340301513671875,0.8290252685546875,-0.348114013671875,-1.2157790660858154,1.0043874979019165,-0.5707612037658691
574,1.0195,1.308,0,1,0.4667510986328125,0.7829742431640625,-0.3473358154296875,-0.7795906066894531,1.044765830039978,-0.6595031023025513
575,1.0851,1.2763,0,1,0.6180877685546875,0.784820556640625,-0.297943115234375,-0.2771136164665222,0.8332573175430298,-0.6253871917724609
576,1.1471,1.2552,0,1,0.772857666015625,0.8328704833984375,-0.195831298828125,0.13598740100860596,0.33796072006225586,-0.4129721224308014
577,1.2012,1.2494,0,1,0.8035736083984375,0.8572845458984375,0.00341796875,0.3280324637889862,-0.5972713828086853,-0.12240953743457794
578,1.2438,1.2626,0,1,0.8501434326171875,0.9047698974609375,0.0523529052734375,0.28171077370643616,-1.518054485321045,0.1988648921251297
579,1.2724,1.2964,0,1,0.841278076171875,1.071624755859375,0.027191162109375,0.029788788408041,-1.6797806024551392,0.7476308345794678
580,1.2857,1.3499,0,1,0.6459503173828125,1.2301025390625,-0.0416412353515625,-0.15109311044216156,-1.154612421989441,1.0583503246307373
581,1.2842,1.4197,0,1,0.5493316650390625,1.3205413818359375,-0.073150634765625,-0.15245266258716583,-0.4970824718475342,1.0712077617645264
582,1.2693,1.5003,0,1,0.393951416015625,1.3239593505859375,-0.146820068359375,0.13053910434246063,0.18059507012367249,0.8348719477653503
583,1.2437,1.5843,0,1,0.1598358154296875,1.1930389404296875,-0.2413482666015625,0.6780645251274109,0.5505675673484802,0.5006750822067261
584,1.2109,1.6633,0,1,0.0937652587890625,1.05010986328125,-0.441375732421875,1.6667516231536865,-0.03693298250436783,0.31727516651153564
585,1.1743,1.7285,0,1,0.15985107421875,0.9339752197265625,-0.2547607421875,2.4060473442077637,-0.6004711985588074,0.29984238743782043
586,1.1371,1.7725,0,1,0.2440643310546875,0.893402099609375,-0.014404296875,2.34140944480896,-0.6920397281646729,0.18206247687339783
587,1.1017,1.7894,0,1,0.331634521484375,0.93536376953125,0.1937255859375,1.6642793416976929,-0.9803657531738281,0.11710105836391449
588,1.0694,1.7762,0,1,0.361907958984375,1.0875091552734375,-0.0483551025390625,1.2290107011795044,-0.9079296588897705,0.1965106576681137
589,1.0409,1.7324,0,1,0.3186187744140625,1.0840911865234375,-0.172576904296875,1.4020464420318604,-0.23719950020313263,0.12998490035533905
590,1.016,1.6601,0,1,0.30853271484375,0.9854736328125,-0.0407867431640625,1.518254280090332,0.1835852712392807,0.17654681205749512
591,0.9937,1.5632,0,1,0.2728271484375,0.945465087890625,-0.02996826171875,1.4927617311477661,0.4288211166858673,0.17794789373874664
592,0.9732,1.4474,0,1,0.2688140869140625,0.972381591796875,-0.0413360595703125,1.4216123819351196,0.6111558079719543,0.15143851935863495
593,0.9537,1.3189,0,1,0.2770233154296875,0.9440765380859375,0.0105133056640625,1.285671353340149,0.5976820588111877,0.12359943240880966
594,0.9347,1.1844,0,1,0.277191162109375,0.8988037109375,0.0193023681640625,1.0915559530258179,0.4074162244796753,0.04807671532034874
595,0.916,1.0504,0,1,0.2974853515625,0.874359130859375,-0.01959228515625,0.9132128357887268,0.23853453993797302,-0.022612368687987328
596,0.8984,0.9226,0,1,0.3396759033203125,0.860382080078125,-0.1048431396484375,0.726691722869873,0.20091739296913147,-0.03371455520391464
597,0.8828,0.8055,0,1,0.36859130859375,0.829254150390625,-0.261749267578125,0.5683050155639648,0.41860949993133545,-0.043892357498407364
598,0.8706,0.7025,0,1,0.3459320068359375,0.8359832763671875,-0.3245697021484375,0.42858758568763733,0.7350034117698669,-0.08073879033327103
599,0.8635,0.6157,0,1,0.2728271484375,0.7930755615234375,-0.260772705078125,0.27881938219070435,0.726329505443573,-0.128737211227417
600,0.8628,0.5459,0,1,0.225616455078125,0.72576904296875,-0.1531219482421875,0.0617978535592556,0.2922656834125519,-0.1714593768119812
601,0.8695,0.493,0,1,0.191619873046875,0.66705322265625,-0.143707275390625,-0.10751473903656006,-0.16120992600917816,-0.3038099408149719
602,0.8841,0.4559,0,1,0.25128173828125,0.7090606689453125,-0.1622161865234375,-0.1910535842180252,-0.23941871523857117,-0.41336068511009216
603,0.9059,0.4334,0,1,0.314453125,0.749542236328125,-0.23651123046875,-0.1668052226305008,-0.14021515846252441,-0.4827384352684021
604,0.9336,0.4239,0,1,0.409393310546875,0.792694091796875,-0.354766845703125,-0.0004727110790554434,-0.13384701311588287,-0.5068698525428772
605,0.9655,0.4264,0,1,0.5157012939453125,0.7960357666015625,-0.4622650146484375,0.0985923558473587,-0.1300022006034851,-0.45333045721054077
606,0.9991,0.4402,0,1,0.61639404296875,0.7467498779296875,-0.5651397705078125,0.16582518815994263,0.09814387559890747,-0.276905357837677
607,1.032,0.465,0,1,0.6770172119140625,0.6728515625,-0.5855255126953125,0.2514825761318207,0.4282298982143402,-0.022417424246668816
608,1.0618,0.5012,0,1,0.71234130859375,0.6314697265625,-0.520904541015625,0.25513750314712524,0.5764793157577515,0.1324603110551834
609,1.0863,0.5499,0,1,0.73785400390625,0.65911865234375,-0.4117431640625,0.07646361738443375,0.47536733746528625,0.1760067194700241
610,1.1038,0.612,0,1,0.6787872314453125,0.7081298828125,-0.342193603515625,-0.19484351575374603,0.18590089678764343,0.39074110984802246
611,1.1129,0.6886,0,1,0.59173583984375,0.6999053955078125,-0.350250244140625,-0.33304452896118164,-0.10989400744438171,0.5105232000350952
612,1.113,0.7807,0,1,0.5429229736328125,0.704925537109375,-0.3961944580078125,-0.32706892490386963,-0.47251880168914795,0.5964394211769104
613,1.1038,0.8883,0,1,0.5370941162109375,0.747314453125,-0.4424591064453125,-0.21341454982757568,-0.808890163898468,0.6561062335968018
614,1.086,1.0109,0,1,0.491851806640625,0.8742828369140625,-0.45758056640625,-0.16444140672683716,-1.079511046409607,0.6625518798828125
615,1.0613,1.1466,0,1,0.4202117919921875,1.006439208984375,-0.4868011474609375,-0.1418388932943344,-0.9514899253845215,0.5548073053359985
616,1.0323,1.2925,0,1,0.433837890625,1.1401214599609375,-0.5560302734375,-0.0571005716919899,-0.681120753288269,0.43819811940193176
617,1.0028,1.4439,0,1,0.47247314453125,0.9612884521484375,-0.630950927734375,0.34768739342689514,-0.9865586757659912,0.5613541603088379
618,0.9775,1.595,0,1,0.4371795654296875,0.7322845458984375,-0.5741119384765625,0.7123716473579407,-1.3699369430541992,0.6495258212089539
619,0.9611,1.7389,0,1,0.3399810791015625,0.5529632568359375,-0.6910247802734375,1.1169110536575317,-1.0206514596939087,0.552169680595398
620,0.9578,1.8684,0,1,0.2787322998046875,0.4562835693359375,-0.959747314453125,2.0157418251037598,-0.9817343950271606,0.34716010093688965
621,0.9707,1.9765,0,1,0.0589447021484375,0.4103851318359375,-0.314727783203125,2.052584171295166,-0.7545286417007446,-0.09876599162817001
622,1.001,2.0576,0,1,-0.2148895263671875,0.4102935791015625,0.0686187744140625,0.2188923954963684,0.6661665439605713,-0.5799592733383179
623,1.0472,2.108,0,1,-0.231231689453125,0.7054595947265625,-0.3749847412109375,-0.992766261100769,1.613429307937622,-0.8361585140228271
624,1.1059,2.1263,0,1,0.279052734375,1.060028076171875,-0.054412841796875,-1.3631336688995361,3.2036008834838867,-0.9053152203559875
625,1.1713,2.1144,0,1,0.489471435546875,1.274444580078125,0.411285400390625,-1.288861870765686,2.94932222366333,-0.9654089212417603
626,1.2369,2.0768,0,1,0.7386322021484375,1.33441162109375,0.3048858642578125,-0.663791298866272,0.836829662322998,-0.6119371652603149
627,1.2957,2.0199,0,1,0.8466339111328125,1.210540771484375,0.3574371337890625,-0.35069170594215393,-1.2523525953292847,0.03458381071686745
628,1.3415,1.9518,0,1,0.8068695068359375,0.8962860107421875,0.14593505859375,-0.4533674716949463,-1.5649030208587646,0.38142165541648865
629,1.3695,1.8803,0,1,0.81304931640625,0.8014678955078125,-0.502685546875,-0.3019191026687622,-0.4265348017215729,0.2593551278114319
630,1.3766,1.8126,0,1,0.5792999267578125,1.1873931884765625,-0.9319610595703125,0.6815524697303772,2.630765676498413,0.005928462836891413
631,1.3618,1.7548,0,1,0.53765869140625,1.2841339111328125,-0.0547332763671875,0.24041233956813812,3.030740737915039,0.03439712151885033
632,1.3262,1.7111,0,1,0.5365142822265625,1.1920166015625,0.094390869140625,-0.3865532875061035,1.7649871110916138,-0.1330677717924118
633,1.2728,1.6843,0,1,0.5262451171875,1.0973968505859375,-0.031951904296875,-0.8126170039176941,0.4762837290763855,-0.4016414284706116
634,1.2057,1.6747,0,1,0.5546722412109375,0.9920806884765625,-0.1401519775390625,-1.2057136297225952,-0.09524901956319809,-0.40695443749427795
635,1.1302,1.6809,0,1,0.495452880859375,0.9495849609375,-0.209747314453125,-1.359190821647644,-0.3496229946613312,-0.5456822514533997
636,1.0519,1.6988,0,1,0.53143310546875,0.930023193359375,-0.1621246337890625,-1.3545875549316406,-0.6845136284828186,-0.6114625930786133
637,0.9763,1.7229,0,1,0.5198516845703125,0.859375,-0.1642608642578125,-1.3948538303375244,-0.8996579051017761,-0.5876480340957642
638,0.9083,1.7461,0,1,0.4482421875,0.7384185791015625,-0.1523284912109375,-1.4984222650527954,-1.0108627080917358,-0.6074478626251221
639,0.8521,1.7614,0,1,0.3604888916015625,0.666900634765625,-0.171600341796875,-1.5766515731811523,-0.9101691246032715,-0.6431254148483276
640,0.8106,1.7621,0,1,0.3385009765625,0.6155548095703125,-0.105987548828125,-1.5511085987091064,-0.7449636459350586,-0.6306645274162292
641,0.7852,1.7429,0,1,0.3633880615234375,0.6146392822265625,-0.095001220703125,-1.5084573030471802,-0.6467244029045105,-0.5802777409553528
642,0.7764,1.701,0,1,0.381256103515625,0.643463134765625,-0.1310577392578125,-1.4481319189071655,-0.43797069787979126,-0.46702709794044495
643,0.7833,1.636,0,1,0.38177490234375,0.6932830810546875,-0.194732666015625,-1.3427554368972778,0.0972469225525856,-0.4480757713317871
644,0.8044,1.5507,0,1,0.41094970703125,0.7855682373046875,-0.2225189208984375,-1.2232913970947266,0.7705563902854919,-0.3791329264640808
645,0.8374,1.4505,0,1,0.386932373046875,0.850555419921875,-0.2639312744140625,-1.1837700605392456,1.383595585823059,-0.36191853880882263
646,0.8797,1.3437,0,1,0.358856201171875,0.8155059814453125,-0.302398681640625,-1.0552258491516113,1.7387163639068604,-0.43895766139030457
647,0.9289,1.2407,0,1,0.427032470703125,0.8006134033203125,-0.28936767578125,-0.6700971126556396,1.4026036262512207,-0.4912525415420532
648,0.9822,1.1525,0,1,0.4731903076171875,0.784942626953125,-0.2466583251953125,-0.18643724918365479,0.58794766664505,-0.5007289052009583
649,1.037,1.0897,0,1,0.5250091552734375,0.782958984375,-0.1760101318359375,0.05603770166635513,-0.07346915453672409,-0.49553412199020386
650,1.0907,1.0607,0,1,0.5903167724609375,0.787353515625,-0.0478973388671875,-0.020840566605329514,-0.5634806752204895,-0.30744436383247375
651,1.1407,1.0707,0,1,0.57757568359375,0.794281005859375,0.0056915283203125,-0.22205889225006104,-0.7527416944503784,-0.13623666763305664
652,1.1847,1.1208,0,1,0.6707305908203125,0.9185028076171875,0.0422515869140625,-0.2765437066555023,-0.9541860818862915,0.06809942424297333
653,1.2203,1.2076,0,1,0.71624755859375,1.0650177001953125,0.063812255859375,-0.07677147537469864,-1.411708116531372,0.2566738724708557
654,1.2462,1.3241,0,1,0.755523681640625,1.1439666748046875,0.062408447265625,0.16330663859844208,-1.6475715637207031,0.44425520300865173
655,1.2613,1.4597,0,1,0.7416534423828125,1.2001190185546875,0.043548583984375,0.34633371233940125,-1.4880441427230835,0.6477771997451782
656,1.2658,1.602,0,1,0.6744842529296875,1.21533203125,0.0221405029296875,0.3544475734233856,-0.8590025901794434,0.8599600195884705
657,1.2605,1.7378,0,1,0.4964447021484375,1.173065185546875,-0.0363922119140625,0.1374390870332718,0.16414739191532135,0.8982754349708557
658,1.2473,1.8544,0,1,0.26275634765625,1.0882110595703125,-0.180633544921875,-0.1546977013349533,1.7173519134521484,0.7586115598678589
659,1.2281,1.941,0,1,-0.1406402587890625,1.024993896484375,-0.877410888671875,0.8600060939788818,1.942633032798767,0.4148475229740143
660,1.2051,1.99,0,1,0.02117919921875,1.0169830322265625,-0.3541259765625,2.634868621826172,-0.2834959030151367,0.3129810690879822
661,1.1804,1.9979,0,1,0.117156982421875,0.9955291748046875,0.0677642822265625,2.743821620941162,-1.5373581647872925,0.37091442942619324
662,1.1551,1.9656,0,1,0.2735443115234375,0.9664459228515625,0.1454925537109375,2.007263660430908,-1.0568333864212036,0.1392393857240677
663,1.13,1.8979,0,1,0.42596435546875,1.036163330078125,0.0887603759765625,1.2030912637710571,-0.34892335534095764,0.07136499136686325
664,1.1051,1.8027,0,1,0.50396728515625,1.0780792236328125,-0.1249847412109375,1.051486611366272,0.24810248613357544,0.08976397663354874
665,1.0796,1.6888,0,1,0.48980712890625,1.01666259765625,-0.154541015625,1.3736275434494019,0.08321525901556015,0.22336411476135254
666,1.053,1.5653,0,1,0.4268035888671875,0.9587554931640625,-0.050048828125,1.5207816362380981,-0.4084703326225281,0.24341052770614624
667,1.0244,1.4399,0,1,0.391571044921875,0.9355010986328125,0.0012054443359375,1.387570858001709,-0.5706658959388733,0.2564416527748108
668,0.9934,1.3181,0,1,0.3633575439453125,0.9408721923828125,-0.0218963623046875,1.0840409994125366,-0.46824124455451965,0.2312513291835785
669,0.9602,1.2031,0,1,0.32666015625,0.94061279296875,-0.0968475341796875,0.8073119521141052,-0.1781148761510849,0.20903576910495758
670,0.9259,1.096,0,1,0.27435302734375,0.9229888916015625,-0.191314697265625,0.8091397285461426,0.29435840249061584,0.1254841536283493
671,0.892,0.9963,0,1,0.2551422119140625,0.906219482421875,-0.26702880859375,1.0462838411331177,0.6611648797988892,0.10620899498462677
672,0.861,0.9026,0,1,0.22039794921875,0.84100341796875,-0.2717437744140625,1.2886730432510376,0.7977102398872375,0.03574574738740921
673,0.8355,0.8135,0,1,0.1478118896484375,0.8050689697265625,-0.177734375,1.194282054901123,0.5455306768417358,-0.14318165183067322
674,0.8184,0.7281,0,1,0.20916748046875,0.775604248046875,-0.07086181640625,0.5793792009353638,0.12294403463602066,-0.22128817439079285
675,0.8122,0.6466,0,1,0.254150390625,0.6890411376953125,-0.1213226318359375,-0.00833782460540533,-0.1090063750743866,-0.15116874873638153
676,0.8185,0.5701,0,1,0.2664031982421875,0.68609619140625,-0.199737548828125,-0.17634174227714539,-0.023919714614748955,-0.2556309700012207
677,0.838,0.501,0,1,0.3307647705078125,0.6932525634765625,-0.1944580078125,-0.17729781568050385,0.021090371534228325,-0.3850717842578888
678,0.8699,0.4423,0,1,0.3726654052734375,0.68218994140625,-0.19439697265625,-0.2351107895374298,0.008977249264717102,-0.4210931658744812
679,0.9122,0.3979,0,1,0.3774871826171875,0.65948486328125,-0.2531280517578125,-0.36479848623275757,-0.035706598311662674,-0.44264745712280273
680,0.9617,0.3719,0,1,0.426177978515625,0.6663970947265625,-0.341339111328125,-0.4299745559692383,-0.185746431350708,-0.42527565360069275
681,1.0145,0.3691,0,1,0.5024871826171875,0.7124176025390625,-0.472747802734375,-0.40321269631385803,-0.25920864939689636,-0.36795592308044434
682,1.066,0.3936,0,1,0.6129302978515625,0.761627197265625,-0.654876708984375,-0.30910271406173706,-0.06450948119163513,-0.2839560806751251
683,1.1123,0.4487,0,1,0.7466583251953125,0.75543212890625,-0.788055419921875,-0.13288427889347076,0.22038297355175018,-0.06795667856931686
684,1.1497,0.5363,0,1,0.8092803955078125,0.680938720703125,-0.8036651611328125,0.04778137058019638,0.5116960406303406,0.12752120196819305
685,1.1761,0.6556,0,1,0.8330230712890625,0.617431640625,-0.6276397705078125,0.041542649269104004,0.5404717326164246,0.2719748020172119
686,1.1905,0.803,0,1,0.768798828125,0.6089324951171875,-0.4477691650390625,-0.11693514138460159,0.3377727270126343,0.5164002180099487
687,1.1935,0.9718,0,1,0.64886474609375,0.6103515625,-0.3409881591796875,-0.3146444857120514,-0.1484917402267456,0.7043920159339905
688,1.1869,1.1524,0,1,0.59716796875,0.6848297119140625,-0.4721527099609375,-0.2919871211051941,-0.42377737164497375,0.7551262974739075
689,1.1737,1.333,0,1,0.6204376220703125,0.872344970703125,-0.5195465087890625,-0.1159023642539978,-0.3777046799659729,0.7318372130393982
690,1.1579,1.5006,0,1,0.661956787109375,1.1156768798828125,-0.6091461181640625,0.1787087619304657,-0.3825431168079376,0.7150132060050964
691,1.144,1.643,0,1,0.723175048828125,1.20709228515625,-1.0250091552734375,0.9217722415924072,-1.31377112865448,0.8661558628082275
692,1.1366,1.7502,0,1,0.8712921142578125,0.99896240234375,-0.8879547119140625,2.3934388160705566,-2.714545488357544,1.3255391120910645
693,1.1395,1.8162,0,1,0.1695709228515625,0.6620330810546875,0.33966064453125,1.8016912937164307,-1.1852108240127563,1.1049751043319702
694,1.1551,1.8398,0,1,-0.1692657470703125,0.1385650634765625,0.3503570556640625,-0.24185417592525482,0.4802725911140442,0.25171664357185364
695,1.1837,1.8247,0,1,-0.644561767578125,-0.1068267822265625,-0.726318359375,-1.4309886693954468,1.2231004238128662,-0.1621345728635788
696,1.2229,1.7792,0,1,-0.15008544921875,0.4271697998046875,0.1273651123046875,-1.5966577529907227,1.2545632123947144,-0.6270570158958435
697,1.268,1.7147,0,1,0.224212646484375,1.1243743896484375,0.2222900390625,-1.1567014455795288,1.8976916074752808,-0.9366646409034729
698,1.3128,1.6439,0,1,0.587615966796875,1.66064453125,0.34197998046875,-0.7058013081550598,0.9139308333396912,-0.6384891271591187
699,1.3503,1.5793,0,1,0.668487548828125,1.8074798583984375,0.2406768798828125,-0.194210484623909,-0.7391275763511658,-0.19397079944610596
700,1.3745,1.5312,0,1,0.67877197265625,1.5377044677734375,0.1137542724609375,-0.06866881251335144,-1.4774380922317505,0.04784022644162178
701,1.3807,1.5063,0,1,0.7867584228515625,0.9984588623046875,-0.9308319091796875,0.2144095003604889,-0.24766892194747925,0.09428815543651581
702,1.3671,1.5072,0,1,0.697540283203125,1.0911865234375,-0.3561553955078125,0.10677411407232285,2.2210779190063477,-0.24806971848011017
703,1.334,1.5318,0,1,0.6475677490234375,1.174560546875,0.2340087890625,-0.5027547478675842,1.7514076232910156,-0.14123116433620453
704,1.2842,1.5747,0,1,0.5353240966796875,0.95428466796875,0.2169036865234375,-0.9237893223762512,0.13161981105804443,-0.26015275716781616
705,1.2219,1.6277,0,1,0.496307373046875,0.8241119384765625,0.0039825439453125,-1.2182531356811523,-1.0126161575317383,-0.38442835211753845
706,1.1522,1.6816,0,1,0.546875,0.8121490478515625,-0.237060546875,-1.705657958984375,-0.6869203448295593,-0.3852140009403229
707,1.0806,1.7276,0,1,0.4957275390625,0.8931121826171875,-0.2469024658203125,-1.8703489303588867,-0.5564019680023193,-0.4297116994857788
708,1.0119,1.7585,0,1,0.534515380859375,0.8823089599609375,-0.1492462158203125,-1.7097840309143066,-1.2222447395324707,-0.49276095628738403
709,0.9503,1.77,0,1,0.5086822509765625,0.8321075439453125,-0.2003631591796875,-1.5762618780136108,-1.5019099712371826,-0.4400133192539215
710,0.899,1.7608,0,1,0.4575958251953125,0.7929840087890625,-0.1886749267578125,-1.4890152215957642,-1.2244948148727417,-0.32274848222732544
711,0.8601,1.7328,0,1,0.423736572265625,0.7479248046875,-0.1155242919921875,-1.3976634740829468,-1.0171879529953003,-0.2513185143470764
712,0.8347,1.6896,0,1,0.3749542236328125,0.7021026611328125,-0.1063232421875,-1.3405468463897705,-0.7490547895431519,-0.2539731562137604
713,0.8228,1.6362,0,1,0.3589630126953125,0.7158203125,-0.119384765625,-1.192927360534668,-0.43021637201309204,-0.16157478094100952
714,0.8239,1.5775,0,1,0.3015289306640625,0.745025634765625,-0.15087890625,-0.9959551095962524,0.01884426176548004,-0.0902811586856842
715,0.8366,1.5171,0,1,0.25299072265625,0.78497314453125,-0.16796875,-0.8496285676956177,0.6180994510650635,-0.13016119599342346
716,0.8593,1.4571,0,1,0.251373291015625,0.8509521484375,-0.2003326416015625,-0.7722384333610535,1.0364480018615723,-0.20245882868766785
717,0.8899,1.3983,0,1,0.2470855712890625,0.8857574462890625,-0.229400634765625,-0.6944499015808105,1.3602046966552734,-0.3725602626800537
718,0.9265,1.34,0,1,0.3380584716796875,0.89666748046875,-0.222198486328125,-0.6234878301620483,1.502650260925293,-0.615375280380249
719,0.9669,1.2815,0,1,0.4493560791015625,0.881378173828125,-0.1898956298828125,-0.6244297623634338,1.4384896755218506,-0.7570541501045227
720,1.009,1.2225,0,1,0.496002197265625,0.8014068603515625,-0.1376190185546875,-0.605294406414032,0.9925572276115417,-0.8474282622337341
721,1.0509,1.1636,0,1,0.5798187255859375,0.7596435546875,-0.0790863037109375,-0.498961865901947,0.21497862040996552,-0.8521971702575684
722,1.0904,1.1066,0,1,0.672393798828125,0.7815093994140625,-0.022979736328125,-0.420132577419281,-0.5833691358566284,-0.7279135584831238
723,1.1255,1.0544,0,1,0.7118682861328125,0.8323822021484375,-0.023223876953125,-0.3286881446838379,-0.9896122813224792,-0.45763707160949707
724,1.1545,1.0104,0,1,0.6820220947265625,0.873626708984375,-0.01043701171875,-0.1692313700914383,-0.9527434706687927,-0.06675080209970474
725,1.1756,0.9782,0,1,0.64141845703125,0.95489501953125,0.03118896484375,0.13668674230575562,-0.8311566114425659,0.29472777247428894
726,1.1877,0.961,0,1,0.6011810302734375,1.063751220703125,0.101043701171875,0.4698364734649658,-0.738957405090332,0.49206721782684326
727,1.1905,0.9609,0,1,0.5879669189453125,1.156402587890625,0.0687255859375,0.5865268707275391,-0.22602887451648712,0.5690634846687317
728,1.1844,0.9785,0,1,0.5494384765625,1.1920166015625,0.0988922119140625,0.45955321192741394,0.4236399531364441,0.6115933656692505
729,1.1704,1.0129,0,1,0.4613189697265625,1.173126220703125,0.093414306640625,0.2025432586669922,0.6930248141288757,0.675747275352478
730,1.1506,1.0612,0,1,0.29998779296875,1.10992431640625,0.0786895751953125,-0.11656469851732254,0.7303040027618408,0.6145955324172974
731,1.1275,1.1193,0,1,0.0582733154296875,1.0453948974609375,-0.0501556396484375,-0.5264688730239868,0.906700074672699,0.35767850279808044
732,1.1038,1.182,0,1,-0.0487823486328125,0.9600830078125,-0.5682220458984375,-0.06012645363807678,0.2884238064289093,-0.06756120175123215
733,1.0817,1.2438,0,1,0.239227294921875,0.9146575927734375,-0.39093017578125,1.2868846654891968,-1.2306346893310547,-0.08743743598461151
734,1.0632,1.2995,0,1,0.37823486328125,0.8922576904296875,-0.11566162109375,1.7645330429077148,-1.424705147743225,-0.11736870557069778
735,1.0492,1.345,0,1,0.421600341796875,0.859405517578125,0.0041046142578125,1.597900629043579,-0.7092480063438416,-0.03706827387213707
736,1.0398,1.3773,0,1,0.4254608154296875,0.8397369384765625,0.07421875,1.2087616920471191,-0.1967410296201706,0.09910953789949417
737,1.0341,1.3952,0,1,0.4183349609375,0.8643035888671875,0.0476531982421875,0.9409608244895935,-0.05383872985839844,0.2257969081401825
738,1.0306,1.3979,0,1,0.4308319091796875,0.9968414306640625,-0.10821533203125,0.9785881042480469,-0.043724577873945236,0.3421088755130768
739,1.0274,1.3857,0,1,0.3648223876953125,1.049407958984375,-0.1238250732421875,1.200843334197998,-0.08385948091745377,0.37999260425567627
740,1.0226,1.3586,0,1,0.328338623046875,1.0537872314453125,-0.0524444580078125,1.2258002758026123,-0.05348559468984604,0.3511867821216583
741,1.0148,1.3169,0,1,0.293426513671875,1.0671234130859375,-0.1349639892578125,1.1625012159347534,0.3585030138492584,0.2689233422279358
742,1.0035,1.2611,0,1,0.2604522705078125,1.01885986328125,-0.1392059326171875,1.0566691160202026,0.7669717669487,0.15237568318843842
743,0.9886,1.1917,0,1,0.3454742431640625,0.9492950439453125,-0.205413818359375,1.0293914079666138,0.8159281015396118,0.12710389494895935
744,0.9711,1.1101,0,1,0.36492919921875,0.8698883056640625,-0.2331085205078125,1.1237421035766602,0.774902880191803,0.1475369930267334
745,0.9525,1.0184,0,1,0.3518524169921875,0.8237152099609375,-0.1749267578125,1.0973623991012573,0.6484919786453247,0.14510366320610046
746,0.9344,0.9193,0,1,0.2977447509765625,0.811859130859375,-0.1093597412109375,0.905271053314209,0.6455941796302795,0.055150870233774185
747,0.9188,0.8165,0,1,0.30609130859375,0.821502685546875,-0.05133056640625,0.5489650964736938,0.5803864002227783,0.03558436036109924
748,0.9071,0.7136,0,1,0.31439208984375,0.8072052001953125,-0.0433349609375,0.14972424507141113,0.15419116616249084,0.07628944516181946
749,0.9002,0.6142,0,1,0.2658233642578125,0.78643798828125,-0.0928802490234375,-0.1035974994301796,-0.2628965973854065,-0.018862104043364525
750,0.8984,0.5211,0,1,0.305908203125,0.7764129638671875,-0.15380859375,-0.2253633439540863,-0.48957183957099915,-0.07952731847763062
751,0.9014,0.4362,0,1,0.355743408203125,0.78814697265625,-0.236907958984375,-0.2516697943210602,-0.5274683237075806,-0.10190319269895554
752,0.9084,0.3607,0,1,0.398895263671875,0.7934722900390625,-0.328338623046875,-0.13848437368869781,-0.37612488865852356,-0.1370185762643814
753,0.9182,0.2952,0,1,0.4471435546875,0.763641357421875,-0.3684234619140625,0.06344342231750488,-0.13844123482704163,-0.11972746253013611
754,0.9296,0.2398,0,1,0.4739990234375,0.7279052734375,-0.359130859375,0.20543783903121948,-0.016209330409765244,-0.03693298250436783
755,0.9414,0.1951,0,1,0.5093841552734375,0.7563934326171875,-0.365997314453125,0.22286663949489594,-0.005556153133511543,-0.05576872453093529
756,0.9529,0.1618,0,1,0.5414276123046875,0.7816925048828125,-0.3678131103515625,0.1510382443666458,0.05403047800064087,0.016288958489894867
757,0.9638,0.1416,0,1,0.5284271240234375,0.7655792236328125,-0.3583831787109375,0.051297008991241455,0.1713152974843979,0.1262548714876175
758,0.974,0.1371,0,1,0.51007080078125,0.740966796875,-0.3636474609375,0.019467441365122795,0.2787421643733978,0.14173157513141632
759,0.9839,0.1517,0,1,0.5387115478515625,0.7369537353515625,-0.3421630859375,-0.013768009841442108,0.2957371175289154,0.18895180523395538
760,0.9943,0.1895,0,1,0.5386505126953125,0.7389984130859375,-0.3378753662109375,-0.06410734355449677,0.12910152971744537,0.23136025667190552
761,1.0057,0.2547,0,1,0.5676727294921875,0.73480224609375,-0.3531951904296875,-0.12745170295238495,-0.01702452264726162,0.25672367215156555
762,1.0187,0.3507,0,1,0.5824432373046875,0.7211761474609375,-0.3702545166015625,-0.209693044424057,-0.13895708322525024,0.27868276834487915
763,1.0337,0.4792,0,1,0.597686767578125,0.7072906494140625,-0.4113922119140625,-0.20633693039417267,-0.13757197558879852,0.4111904799938202
764,1.0506,0.6398,0,1,0.5708770751953125,0.6443939208984375,-0.41986083984375,-0.12776514887809753,-0.09578005224466324,0.3978155553340912
765,1.0693,0.8288,0,1,0.5827484130859375,0.6432647705078125,-0.36285400390625,-0.1442493200302124,-0.17163780331611633,0.4462462067604065
766,1.0891,1.0395,0,1,0.5802001953125,0.65380859375,-0.3404693603515625,-0.2356271743774414,-0.33470794558525085,0.5114124417304993
767,1.1099,1.2623,0,1,0.6020660400390625,0.795074462890625,-0.3689422607421875,-0.30745580792427063,-0.5291426777839661,0.5744755268096924
768,1.1314,1.4855,0,1,0.5897674560546875,1.106475830078125,-0.503448486328125,-0.24179638922214508,-0.6037580370903015,0.5579500794410706
769,1.154,1.6968,0,1,0.7237091064453125,1.249847412109375,-0.8378753662109375,0.40777844190597534,-1.297155737876892,0.7233004570007324
770,1.1785,1.8851,0,1,1.0151214599609375,1.187896728515625,-1.29052734375,2.6210219860076904,-2.826950788497925,1.4909776449203491
771,1.2059,2.0415,0,1,0.3097076416015625,0.7223663330078125,-0.2079315185546875,2.8859152793884277,-1.578024983406067,1.5429412126541138
772,1.2366,2.161,0,1,-0.4329376220703125,0.236602783203125,0.537994384765625,0.6344528794288635,-0.17124338448047638,0.43130239844322205
773,1.2706,2.2418,0,1,-0.6373138427734375,0.04132080078125,-0.13482666015625,-1.314887523651123,-0.9988172054290771,-0.35642334818840027
774,1.3061,2.2855,0,1,-0.424102783203125,0.345916748046875,-0.3791656494140625,-1.5957351922988892,-0.13050581514835358,-1.1890896558761597
775,1.3403,2.296,0,1,0.3814544677734375,1.030914306640625,0.4882049560546875,-1.9215646982192993,1.4051048755645752,-1.495534062385559
776,1.3694,2.2781,0,1,0.9611358642578125,1.7130126953125,0.52508544921875,-1.5307385921478271,1.8005293607711792,-0.8300585746765137
777,1.3894,2.237,0,1,0.9969329833984375,1.6480865478515625,0.189666748046875,-0.5780066251754761,0.43016761541366577,-0.03912582993507385
778,1.3969,2.1777,0,1,1.25421142578125,1.288238525390625,-0.814605712890625,1.0715867280960083,0.07145234197378159,0.7365424633026123
779,1.3901,2.1045,0,1,0.62542724609375,0.83563232421875,-0.5335845947265625,2.002922534942627,2.7768325805664062,0.43258339166641235
780,1.3687,2.0214,0,1,0.5502471923828125,0.960479736328125,0.3186798095703125,-0.3271794617176056,3.3196616172790527,-0.11870934069156647
781,1.3339,1.9322,0,1,0.609222412109375,1.0639801025390625,0.0376739501953125,-1.2194204330444336,1.355063796043396,-0.06570471078157425
782,1.2882,1.8405,0,1,0.5299835205078125,1.043182373046875,-0.1378936767578125,-0.7750504612922668,-0.8050256371498108,-0.11396811157464981
783,1.235,1.75,0,1,0.5118255615234375,1.067657470703125,-0.1604461669921875,-0.7922917604446411,-1.2457671165466309,-0.08802919089794159
784,1.1777,1.6638,0,1,0.450286865234375,1.05206298828125,-0.0729827880859375,-1.2292357683181763,-0.7733039259910583,-0.16875280439853668
785,1.1198,1.5844,0,1,0.45306396484375,1.0675811767578125,-0.0197906494140625,-1.3493651151657104,-0.9040212035179138,-0.37376880645751953
786,1.0645,1.5138,0,1,0.4141387939453125,1.0005645751953125,-0.066864013671875,-1.2772603034973145,-1.1014522314071655,-0.5107346177101135
787,1.0141,1.453,0,1,0.3634033203125,0.872406005859375,-0.1217803955078125,-1.278571367263794,-0.9884048104286194,-0.5914446711540222
788,0.9704,1.4022,0,1,0.4611358642578125,0.8589630126953125,-0.156646728515625,-1.2250951528549194,-0.6352208852767944,-0.49749764800071716
789,0.9346,1.3609,0,1,0.40374755859375,0.8159637451171875,-0.140228271484375,-1.151251196861267,-0.3283648192882538,-0.4331418573856354
790,0.9071,1.3278,0,1,0.4332427978515625,0.820648193359375,-0.118072509765625,-1.0751721858978271,-0.28115496039390564,-0.378255158662796
791,0.8877,1.3006,0,1,0.428619384765625,0.7617034912109375,-0.1126861572265625,-1.065389633178711,-0.27209222316741943,-0.31371423602104187
792,0.8758,1.2762,0,1,0.4066619873046875,0.7318878173828125,-0.141326904296875,-1.108885645866394,-0.19573701918125153,-0.3333398699760437
793,0.8708,1.251,0,1,0.392791748046875,0.747650146484375,-0.1569671630859375,-1.114801049232483,-0.009288573637604713,-0.3431544303894043
794,0.8716,1.2211,0,1,0.390228271484375,0.7762451171875,-0.15875244140625,-1.0975069999694824,0.11279472708702087,-0.3267030119895935
795,0.8775,1.1829,0,1,0.3516387939453125,0.8307952880859375,-0.193084716796875,-1.0826042890548706,0.2572712004184723,-0.34321168065071106
796,0.8879,1.1339,0,1,0.31805419921875,0.85150146484375,-0.2340545654296875,-1.0057227611541748,0.4948078691959381,-0.4043450951576233
797,0.9022,1.0734,0,1,0.31878662109375,0.8706512451171875,-0.2501220703125,-0.9290434718132019,0.8452849388122559,-0.49277588725090027
798,0.9203,1.0027,0,1,0.4031524658203125,0.847747802734375,-0.19073486328125,-0.7938398718833923,0.8351281881332397,-0.5812338590621948
799,0.942,0.9252,0,1,0.4625091552734375,0.8112640380859375,-0.1659088134765625,-0.6187492609024048,0.5272685885429382,-0.6127209067344666
800,0.9672,0.8468,0,1,0.474639892578125,0.7788543701171875,-0.1767578125,-0.5106565952301025,0.519740641117096,-0.5901591777801514
801,0.9955,0.7746,0,1,0.4919586181640625,0.772216796875,-0.14068603515625,-0.40842875838279724,0.40292879939079285,-0.5553500652313232
802,1.0261,0.7167,0,1,0.51043701171875,0.804351806640625,-0.1070404052734375,-0.33208686113357544,0.19007939100265503,-0.4947673976421356
803,1.0578,0.6807,0,1,0.5111541748046875,0.812408447265625,-0.04034423828125,-0.2685694098472595,-0.09616994112730026,-0.35431307554244995
804,1.0889,0.6728,0,1,0.5529327392578125,0.859100341796875,0.024200439453125,-0.18688467144966125,-0.3738439083099365,-0.24931980669498444
805,1.1175,0.697,0,1,0.628509521484375,0.941436767578125,0.0570831298828125,-0.04051946476101875,-0.6336685419082642,-0.05777062103152275
806,1.1418,0.7544,0,1,0.6859893798828125,0.9786529541015625,0.0967254638671875,0.047017309814691544,-0.7991523146629333,0.17741473019123077
807,1.16,0.8432,0,1,0.6863555908203125,0.9897308349609375,0.078887939453125,0.11278460174798965,-0.7176148295402527,0.4188358783721924
808,1.171,0.9582,0,1,0.6487884521484375,1.0433502197265625,0.056976318359375,0.05601932853460312,-0.33998551964759827,0.5946188569068909
809,1.1745,1.0921,0,1,0.572845458984375,1.11419677734375,0.014556884765625,-0.14454999566078186,0.3633340001106262,0.6423190236091614
810,1.171,1.2359,0,1,0.5030670166015625,1.1967926025390625,-0.06573486328125,-0.222452774643898,1.0249996185302734,0.60409015417099
811,1.1619,1.3798,0,1,0.3775177001953125,1.1794281005859375,-0.151519775390625,-0.08151296526193619,1.5772312879562378,0.47779640555381775
812,1.1488,1.5147,0,1,0.2568359375,1.0196533203125,-0.4443511962890625,0.5079942345619202,1.6253623962402344,0.3431624174118042
813,1.134,1.6333,0,1,0.3412933349609375,0.895416259765625,-0.5078887939453125,1.7511109113693237,0.695018470287323,0.34215760231018066
814,1.1192,1.7302,0,1,0.352996826171875,0.837158203125,-0.210113525390625,2.318422317504883,-0.22368262708187103,0.31139305233955383
815,1.1056,1.8029,0,1,0.39276123046875,0.861907958984375,0.0444488525390625,1.9975273609161377,-0.5075308680534363,0.27652508020401
816,1.0937,1.8509,0,1,0.4005279541015625,0.8915252685546875,0.1040802001953125,1.4451340436935425,-0.6870758533477783,0.39929598569869995
817,1.0831,1.8754,0,1,0.3896484375,0.93756103515625,0.0467376708984375,1.1478993892669678,-0.747706413269043,0.45286574959754944
818,1.0726,1.878,0,1,0.346893310546875,0.9908447265625,-0.0256500244140625,1.0647903680801392,-0.7381406426429749,0.4306459426879883
819,1.0609,1.8604,0,1,0.3122406005859375,1.1562042236328125,-0.197906494140625,1.2718114852905273,-0.6026049256324768,0.3688291609287262
820,1.0465,1.8232,0,1,0.2500152587890625,1.2275390625,-0.243499755859375,1.6269887685775757,-0.26277676224708557,0.375043660402298
821,1.0284,1.7664,0,1,0.1940765380859375,1.1216583251953125,-0.1464385986328125,1.7951977252960205,0.2708679735660553,0.24859251081943512
822,1.0065,1.6896,0,1,0.1883544921875,1.0018463134765625,-0.0751953125,1.7291252613067627,0.7604544758796692,0.05830724909901619
823,0.9813,1.5925,0,1,0.240264892578125,0.9220733642578125,-0.04656982421875,1.5449436902999878,1.053964614868164,-0.03190679848194122
824,0.9541,1.4757,0,1,0.29742431640625,0.8590545654296875,-0.0704345703125,1.3928873538970947,1.1185404062271118,-0.04760187491774559
825,0.9266,1.3414,0,1,0.3201751708984375,0.807159423828125,-0.0908966064453125,1.2271723747253418,0.98731529712677,-0.10608329623937607
826,0.901,1.1935,0,1,0.3829498291015625,0.759674072265625,-0.141448974609375,1.0584709644317627,0.8080384731292725,-0.0961928442120552
827,0.8792,1.0372,0,1,0.383392333984375,0.7144012451171875,-0.1230316162109375,0.8694595098495483,0.6294594407081604,-0.0670032650232315
828,0.8628,0.8786,0,1,0.40863037109375,0.7118988037109375,-0.11553955078125,0.5580467581748962,0.494030237197876,-0.043892621994018555
829,0.853,0.7242,0,1,0.42138671875,0.754974365234375,-0.1373748779296875,0.21884553134441376,0.1955375373363495,-0.0940047949552536
830,0.8503,0.5801,0,1,0.3994140625,0.7570648193359375,-0.1760101318359375,-0.043728306889534,-0.14783340692520142,-0.12270301580429077
831,0.8547,0.4511,0,1,0.346527099609375,0.721038818359375,-0.260833740234375,-0.0926300659775734,-0.3009747564792633,-0.17450736463069916
832,0.8657,0.341,0,1,0.3484344482421875,0.7070159912109375,-0.26519775390625,-0.08488959074020386,-0.22070281207561493,-0.2309892773628235
833,0.8823,0.2523,0,1,0.401336669921875,0.719818115234375,-0.2552337646484375,-0.14116910099983215,-0.07904262095689774,-0.27237239480018616
834,0.9035,0.1868,0,1,0.464141845703125,0.72125244140625,-0.292144775390625,-0.19920018315315247,0.01182363647967577,-0.2856413424015045
835,0.9278,0.146,0,1,0.5247650146484375,0.6952972412109375,-0.32666015625,-0.26749828457832336,-0.020846160128712654,-0.29588279128074646
836,0.9543,0.1311,0,1,0.6075897216796875,0.666259765625,-0.4175567626953125,-0.28532496094703674,-0.039193473756313324,-0.19138780236244202
837,0.9818,0.144,0,1,0.6861572265625,0.680419921875,-0.504638671875,-0.14966565370559692,-0.023064306005835533,0.002377670258283615
838,1.0099,0.1864,0,1,0.7212371826171875,0.718231201171875,-0.50555419921875,0.006964698899537325,-0.07170853763818741,0.15327370166778564
839,1.0379,0.2599,0,1,0.7233428955078125,0.716064453125,-0.457763671875,-0.007686415687203407,-0.1748889833688736,0.2512676417827606
840,1.0656,0.3652,0,1,0.68304443359375,0.6912078857421875,-0.4593353271484375,-0.03133954852819443,-0.3129930794239044,0.4047139286994934
841,1.0924,0.5018,0,1,0.591033935546875,0.628814697265625,-0.4442901611328125,0.0654277428984642,-0.3672025203704834,0.5194567441940308
842,1.1176,0.6667,0,1,0.481170654296875,0.6037445068359375,-0.3877105712890625,0.15553180873394012,-0.2822103798389435,0.547521710395813
843,1.1402,0.8541,0,1,0.4134979248046875,0.6017608642578125,-0.3309326171875,0.163726344704628,-0.1369842141866684,0.4820515811443329
844,1.1588,1.0555,0,1,0.40997314453125,0.6780242919921875,-0.3398895263671875,0.12462635338306427,0.0012567456578835845,0.3789246678352356
845,1.1723,1.2593,0,1,0.45123291015625,0.9212188720703125,-0.49835205078125,0.17479391396045685,0.198691263794899,0.29475441575050354
846,1.18,1.4522,0,1,0.6396026611328125,1.2466278076171875,-0.818450927734375,0.5767307281494141,-0.10220067203044891,0.285304456949234
847,1.1824,1.6208,0,1,1.0283050537109375,1.369659423828125,-1.327239990234375,1.6434332132339478,-1.5520436763763428,0.6644171476364136
848,1.1811,1.753,0,1,1.252166748046875,1.1678314208984375,-0.842620849609375,3.1686995029449463,-2.358442544937134,1.7271803617477417
849,1.1786,1.84,0,1,0.119720458984375,0.558349609375,0.459716796875,1.7034661769866943,-0.5872677564620972,1.3317538499832153
850,1.178,1.8776,0,1,-0.197479248046875,0.132568359375,0.41302490234375,-0.4021991193294525,0.032340098172426224,0.3453211784362793
851,1.1817,1.8665,0,1,-0.4597320556640625,0.049560546875,-0.3429412841796875,-1.4340635538101196,-0.0557977519929409,-0.018580874428153038
852,1.1911,1.812,0,1,-0.3438720703125,0.4165496826171875,-0.2889251708984375,-1.483583927154541,0.894512414932251,-0.8918846249580383
853,1.206,1.7232,0,1,0.353729248046875,1.1514434814453125,0.3614501953125,-1.6088308095932007,1.535202145576477,-1.4040966033935547
854,1.2245,1.6116,0,1,1.0092010498046875,1.56793212890625,0.0612945556640625,-1.360746145248413,0.8691508173942566,-0.6400502920150757
855,1.2439,1.4899,0,1,1.114837646484375,1.380340576171875,-0.6508941650390625,0.4525008797645569,-0.17377126216888428,0.5829523801803589
856,1.2609,1.3705,0,1,0.7111358642578125,1.0021209716796875,-0.0900115966796875,0.6048827171325684,-0.19897381961345673,0.5627690553665161
857,1.2725,1.2644,0,1,0.5390777587890625,0.731689453125,-0.0831298828125,-0.6806097030639648,0.39035549759864807,-0.07171919196844101
858,1.276,1.1802,0,1,0.526092529296875,1.0342559814453125,-0.034698486328125,-1.4786477088928223,0.4496763348579407,-0.025541312992572784
859,1.2696,1.1235,0,1,0.4111480712890625,1.1708221435546875,-0.0492095947265625,-1.3054863214492798,-0.12501837313175201,-0.21363584697246552
860,1.2525,1.0971,0,1,0.49908447265625,1.240875244140625,-0.0406951904296875,-0.9247131943702698,-0.7711398601531982,-0.30155372619628906
861,1.2248,1.1012,0,1,0.542266845703125,1.1687774658203125,-0.0976104736328125,-0.7753162384033203,-1.0310527086257935,-0.2609812617301941
862,1.1876,1.1335,0,1,0.5327606201171875,1.1099395751953125,-0.1997528076171875,-0.9912320375442505,-0.33840176463127136,-0.26941096782684326
863,1.1428,1.1895,0,1,0.5281829833984375,1.0845489501953125,-0.1719207763671875,-1.1673905849456787,0.4698931872844696,-0.2749553918838501
864,1.0933,1.2633,0,1,0.5048370361328125,1.0149078369140625,-0.10333251953125,-1.1059061288833618,0.5470415353775024,-0.2531142830848694
865,1.042,1.3472,0,1,0.44427490234375,0.8848114013671875,-0.1024169921875,-1.0412062406539917,0.2926768660545349,-0.30528295040130615
866,0.9923,1.4328,0,1,0.43505859375,0.782501220703125,-0.082977294921875,-1.105430006980896,0.05276920646429062,-0.3628580868244171
867,0.9469,1.5109,0,1,0.4033660888671875,0.7517242431640625,-0.101898193359375,-1.3002101182937622,-0.05108954757452011,-0.40156206488609314
868,0.9082,1.5726,0,1,0.398162841796875,0.7613525390625,-0.1129302978515625,-1.4092276096343994,-0.18420206010341644,-0.4317695200443268
869,0.8776,1.6098,0,1,0.3737335205078125,0.7176971435546875,-0.06793212890625,-1.519666314125061,-0.4136653542518616,-0.5040850043296814
870,0.8559,1.6165,0,1,0.4187774658203125,0.7081298828125,-0.0628814697265625,-1.7210800647735596,-0.8108127117156982,-0.43869319558143616
871,0.843,1.589,0,1,0.3682861328125,0.7011871337890625,-0.1652374267578125,-1.7473667860031128,-0.9177897572517395,-0.45654571056365967
872,0.8383,1.5268,0,1,0.39324951171875,0.771484375,-0.2244873046875,-1.6039092540740967,-0.7096988558769226,-0.4498944580554962
873,0.8409,1.4327,0,1,0.418609619140625,0.818756103515625,-0.2332763671875,-1.3488447666168213,-0.41298383474349976,-0.40618717670440674
874,0.85,1.312,0,1,0.45355224609375,0.8125152587890625,-0.1998291015625,-1.0123839378356934,-0.24404887855052948,-0.3358331322669983
875,0.8648,1.1725,0,1,0.4379730224609375,0.7803497314453125,-0.1852264404296875,-0.736778974533081,-0.017712417989969254,-0.2908877730369568
876,0.885,1.0231,0,1,0.4231109619140625,0.8127899169921875,-0.1709747314453125,-0.591387927532196,0.35728970170021057,-0.331298828125
877,0.9101,0.8733,0,1,0.4105682373046875,0.8165435791015625,-0.116943359375,-0.5516032576560974,0.5554727911949158,-0.34045079350471497
878,0.94,0.7326,0,1,0.3731842041015625,0.8327484130859375,-0.05975341796875,-0.5402829647064209,0.39392146468162537,-0.39764776825904846
879,0.9743,0.6098,0,1,0.370452880859375,0.8271636962890625,-0.0679473876953125,-0.489065557718277,0.11060693860054016,-0.3892124593257904
880,1.0123,0.5127,0,1,0.37176513671875,0.83502197265625,-0.0877532958984375,-0.4481428861618042,0.1794579029083252,-0.3896540105342865
881,1.0526,0.448,0,1,0.4306488037109375,0.869049072265625,-0.1013946533203125,-0.3496546745300293,0.41447335481643677,-0.39340534806251526
882,1.0934,0.4211,0,1,0.5124969482421875,0.8651580810546875,-0.0830230712890625,-0.1754535734653473,0.48047900199890137,-0.31743761897087097
883,1.1325,0.4359,0,1,0.5682373046875,0.8677215576171875,-0.02685546875,0.023609189316630363,0.27762070298194885,-0.17594386637210846
884,1.1673,0.494,0,1,0.6436767578125,0.9261016845703125,0.0306549072265625,0.165590301156044,-0.047619450837373734,-0.013532320037484169
885,1.1955,0.5949,0,1,0.73529052734375,1.036407470703125,0.062225341796875,0.30700016021728516,-0.5531039237976074,0.22438623011112213
886,1.2154,0.7355,0,1,0.800323486328125,1.148651123046875,0.0408172607421875,0.4768137037754059,-0.8824251294136047,0.45737048983573914
887,1.226,0.9097,0,1,0.7763519287109375,1.254852294921875,-0.0001678466796875,0.5718272924423218,-0.6262878775596619,0.6320959329605103
888,1.2275,1.1086,0,1,0.6159820556640625,1.2632598876953125,0.0080413818359375,0.42549991607666016,0.009462211281061172,0.7211001515388489
889,1.221,1.3208,0,1,0.4508056640625,1.1708221435546875,0.0053558349609375,0.2466031163930893,0.5862629413604736,0.6472155451774597
890,1.2083,1.5324,0,1,0.322021484375,1.0296630859375,0.0418548583984375,0.1781199425458908,0.8392965197563171,0.5535790324211121
891,1.1914,1.7284,0,1,0.139434814453125,0.8709564208984375,-0.12139892578125,0.23754863440990448,1.101715326309204,0.44370925426483154
892,1.1724,1.894,0,1,0.0544281005859375,0.71258544921875,-0.8543701171875,1.232782006263733,1.2068703174591064,0.22705765068531036
893,1.1526,2.0157,0,1,0.24102783203125,0.8216552734375,-0.546661376953125,2.921405553817749,0.05451091378927231,0.3170543909072876
894,1.1326,2.0838,0,1,0.2776947021484375,0.9678955078125,-0.11907958984375,3.2104995250701904,-0.11057630926370621,0.37834542989730835
895,1.1125,2.0928,0,1,0.3510589599609375,1.056640625,0.1983795166015625,2.449552536010742,0.27574849128723145,0.3298271596431732
896,1.0918,2.0428,0,1,0.37652587890625,1.138885498046875,0.1318817138671875,1.6914044618606567,0.4023594260215759,0.2739782929420471
897,1.0699,1.9389,0,1,0.4199676513671875,1.208648681640625,-0.0086517333984375,1.3038737773895264,0.2822633683681488,0.2694282829761505
898,1.0464,1.7908,0,1,0.3756103515625,1.12762451171875,-0.179534912109375,1.482684850692749,0.300584077835083,0.21244008839130402
899,1.0212,1.611,0,1,0.3416900634765625,0.996002197265625,-0.1097412109375,1.6528501510620117,0.4205741286277771,0.11565335839986801
900,0.9951,1.4137,0,1,0.3231201171875,0.8755035400390625,-0.059234619140625,1.5365978479385376,0.45414620637893677,-0.0022948458790779114
901,0.969,1.2133,0,1,0.360748291015625,0.827911376953125,-0.0328826904296875,1.2678463459014893,0.3693825602531433,-0.04873531311750412
902,0.9443,1.023,0,1,0.38427734375,0.77435302734375,-0.010345458984375,0.9444208145141602,0.10830676555633545,0.04079430177807808
903,0.9225,0.8538,0,1,0.3849945068359375,0.777099609375,-0.043304443359375,0.6610429286956787,-0.07420232892036438,0.027525633573532104
904,0.9048,0.7133,0,1,0.429290771484375,0.810394287109375,-0.130279541015625,0.3871360123157501,0.04773503169417381,0.0410504974424839
905,0.8924,0.6054,0,1,0.46728515625,0.796966552734375,-0.206634521484375,0.17854444682598114,0.3677396774291992,0.0858462005853653
906,0.8856,0.5299,0,1,0.4727325439453125,0.788848876953125,-0.242919921875,0.0809294730424881,0.6098489761352539,0.1621156632900238
907,0.8845,0.4834,0,1,0.3875579833984375,0.7653350830078125,-0.2033233642578125,0.03816043585538864,0.4435601234436035,0.2065156251192093
908,0.8886,0.4597,0,1,0.272552490234375,0.7062225341796875,-0.136566162109375,-0.06695026904344559,-0.12783412635326385,0.1321425884962082
909,0.8966,0.4507,0,1,0.228607177734375,0.7117919921875,-0.151885986328125,-0.1467694640159607,-0.6283766031265259,-0.04128698632121086
910,0.907,0.4482,0,1,0.287445068359375,0.7632598876953125,-0.2335968017578125,-0.1779545545578003,-0.6091355085372925,-0.19071802496910095
911,0.9183,0.4447,0,1,0.3797149658203125,0.7760162353515625,-0.2907562255859375,-0.16385231912136078,-0.4197930097579956,-0.29471951723098755
912,0.9289,0.4346,0,1,0.4735870361328125,0.760467529296875,-0.3746795654296875,-0.07661648094654083,-0.44528132677078247,-0.2898704409599304
913,0.9377,0.415,0,1,0.5710296630859375,0.7444305419921875,-0.4808502197265625,0.09018901735544205,-0.5300891399383545,-0.21010449528694153
914,0.9444,0.3859,0,1,0.624053955078125,0.732330322265625,-0.5561370849609375,0.21812540292739868,-0.40802398324012756,-0.08925291150808334
915,0.9495,0.3504,0,1,0.6331939697265625,0.704559326171875,-0.5594329833984375,0.2748691141605377,-0.09249424934387207,0.02780446596443653
916,0.9543,0.3142,0,1,0.595611572265625,0.6907501220703125,-0.4775848388671875,0.2719920873641968,0.09687194973230362,0.11023356020450592
917,0.9609,0.2845,0,1,0.560089111328125,0.6741943359375,-0.3658294677734375,0.1665562242269516,0.10667185485363007,0.14707013964653015
918,0.9712,0.2698,0,1,0.5108642578125,0.6437835693359375,-0.285064697265625,-0.004056526813656092,-0.07418741285800934,0.18929588794708252
919,0.9872,0.2783,0,1,0.4712371826171875,0.6522369384765625,-0.281646728515625,-0.1538284420967102,-0.18985675275325775,0.1835772842168808
920,1.0097,0.3169,0,1,0.46868896484375,0.6704254150390625,-0.336822509765625,-0.28379949927330017,-0.19387146830558777,0.17916975915431976
921,1.0388,0.3903,0,1,0.532562255859375,0.66693115234375,-0.4149017333984375,-0.333502858877182,-0.24498099088668823,0.19760549068450928
922,1.0732,0.5002,0,1,0.586090087890625,0.652435302734375,-0.4723968505859375,-0.2579396665096283,-0.3535711169242859,0.2539273500442505
923,1.1107,0.6449,0,1,0.5577392578125,0.6424102783203125,-0.470855712890625,-0.16832296550273895,-0.37643781304359436,0.30661505460739136
924,1.1484,0.8186,0,1,0.5163726806640625,0.659423828125,-0.480377197265625,-0.16363073885440826,-0.38963404297828674,0.3171457350254059
925,1.1833,1.0121,0,1,0.508148193359375,0.8167877197265625,-0.551239013671875,-0.2170148640871048,-0.24259187281131744,0.2791072726249695
926,1.2133,1.2132,0,1,0.5439453125,1.1032257080078125,-0.6916961669921875,-0.23026223480701447,-0.1578359752893448,0.20956015586853027
927,1.2371,1.4084,0,1,0.7788848876953125,1.395751953125,-1.019683837890625,0.43167418241500854,-0.861714780330658,0.32791635394096375
928,1.2552,1.5842,0,1,1.16571044921875,1.395721435546875,-1.5728759765625,2.8698062896728516,-2.2762365341186523,1.0899850130081177
929,1.2692,1.7292,0,1,0.4918060302734375,0.9455108642578125,0.416900634765625,2.740316390991211,-1.4159928560256958,1.4769904613494873
930,1.2816,1.8348,0,1,-0.154815673828125,0.3454742431640625,0.5824432373046875,0.044790107756853104,0.0979129821062088,0.42264312505722046
931,1.2945,1.8968,0,1,-0.268096923828125,0.0640869140625,0.1465301513671875,-1.3149805068969727,-0.0990256518125534,0.10142169892787933
932,1.309,1.9149,0,1,-0.825531005859375,0.045654296875,-0.5253753662109375,-1.4562731981277466,0.5041763186454773,-0.7379611134529114
933,1.3246,1.892,0,1,0.1072540283203125,0.578277587890625,0.2675628662109375,-1.5555059909820557,1.004342794418335,-1.0833622217178345
934,1.3392,1.8343,0,1,0.68646240234375,1.5469818115234375,0.4105682373046875,-1.5909652709960938,1.4220046997070312,-0.7105457782745361
935,1.3495,1.7498,0,1,1.0090179443359375,1.79681396484375,-0.002227783203125,-1.0531212091445923,0.6472195386886597,-0.08531143516302109
936,1.3521,1.6478,0,1,1.26373291015625,1.51177978515625,-1.244598388671875,1.5905247926712036,0.3466775119304657,0.9319279193878174
937,1.3442,1.538,0,1,0.5052032470703125,0.7823333740234375,-0.0347442626953125,0.9667325019836426,0.7720320224761963,0.4344284236431122
938,1.3241,1.4299,0,1,0.4460601806640625,0.8914947509765625,0.2674560546875,-1.1086840629577637,0.2768625020980835,-0.2624838054180145
939,1.2918,1.3318,0,1,0.4495086669921875,1.138031005859375,-0.026702880859375,-1.5689024925231934,-0.42351263761520386,-0.19712159037590027
940,1.2484,1.2507,0,1,0.5081939697265625,1.15643310546875,-0.1096038818359375,-1.2378593683242798,-0.7930589914321899,-0.27971792221069336
941,1.1964,1.1917,0,1,0.5582275390625,1.0844879150390625,-0.2120208740234375,-0.9735528826713562,-0.5201705098152161,-0.24603480100631714
942,1.1391,1.1576,0,1,0.522857666015625,1.002655029296875,-0.2001495361328125,-0.998601496219635,0.25344398617744446,-0.23863014578819275
943,1.0801,1.149,0,1,0.5070037841796875,0.9626922607421875,-0.1313629150390625,-0.9642025232315063,0.5778963565826416,-0.20497338473796844
944,1.0234,1.1638,0,1,0.4817657470703125,0.9160003662109375,-0.0880126953125,-0.8370118141174316,0.4396231770515442,-0.3193233907222748
945,0.9723,1.198,0,1,0.470916748046875,0.813873291015625,-0.0537109375,-0.8432191014289856,0.15248940885066986,-0.38548511266708374
946,0.9297,1.2453,0,1,0.4053955078125,0.74334716796875,-0.0692138671875,-1.0568405389785767,0.031864188611507416,-0.4244208037853241
947,0.8973,1.2985,0,1,0.3582305908203125,0.7330474853515625,-0.0780487060546875,-1.3014873266220093,0.015813050791621208,-0.4260176122188568
948,0.8761,1.3495,0,1,0.33612060546875,0.7392730712890625,-0.079803466796875,-1.4416189193725586,-0.11172813177108765,-0.4697725474834442
949,0.8656,1.3907,0,1,0.3555145263671875,0.7633819580078125,-0.0971527099609375,-1.484628438949585,-0.4860122501850128,-0.5128161907196045
950,0.8647,1.4158,0,1,0.37213134765625,0.757293701171875,-0.1537933349609375,-1.4343175888061523,-0.6217799186706543,-0.5319395065307617
951,0.8715,1.4198,0,1,0.3994903564453125,0.774169921875,-0.19061279296875,-1.353818416595459,-0.3735418915748596,-0.5159099698066711
952,0.8838,1.3998,0,1,0.4358367919921875,0.8123321533203125,-0.2225799560546875,-1.249583125114441,-0.015089204534888268,-0.479683518409729
953,0.8993,1.3549,0,1,0.4653472900390625,0.8232421875,-0.2580718994140625,-1.0171847343444824,0.3932468891143799,-0.41037607192993164
954,0.9164,1.2862,0,1,0.4593658447265625,0.8447113037109375,-0.2629241943359375,-0.7183232307434082,0.7328462600708008,-0.36211958527565
955,0.9335,1.196,0,1,0.4069061279296875,0.80950927734375,-0.2279815673828125,-0.4721611440181732,0.945396900177002,-0.3354368507862091
956,0.9502,1.0883,0,1,0.373809814453125,0.835784912109375,-0.1944122314453125,-0.3920476734638214,0.9940059781074524,-0.38572025299072266
957,0.9664,0.9681,0,1,0.385589599609375,0.855865478515625,-0.16265869140625,-0.36796897649765015,0.9374204277992249,-0.42223939299583435
958,0.9825,0.8415,0,1,0.4633026123046875,0.8459930419921875,-0.151458740234375,-0.2623671591281891,0.7148246765136719,-0.48002520203590393
959,0.9994,0.7153,0,1,0.5814971923828125,0.841278076171875,-0.102081298828125,-0.09444980323314667,0.4004960060119629,-0.4944547414779663
960,1.0177,0.5971,0,1,0.64910888671875,0.835540771484375,-0.05657958984375,0.03798253461718559,0.018842663615942,-0.41772186756134033
961,1.0382,0.495,0,1,0.6329803466796875,0.8108673095703125,0.0292205810546875,0.027892617508769035,-0.36890318989753723,-0.25545012950897217
962,1.0611,0.417,0,1,0.5601654052734375,0.795135498046875,0.026611328125,-0.049740925431251526,-0.687319815158844,-0.11308421194553375
963,1.0862,0.371,0,1,0.47991943359375,0.806427001953125,0.026123046875,-0.15642689168453217,-0.6920671463012695,0.010441722348332405
964,1.1124,0.3641,0,1,0.486572265625,0.8927459716796875,0.016876220703125,-0.14762380719184875,-0.5010210275650024,0.16333246231079102
965,1.1385,0.4015,0,1,0.5165863037109375,1.000244140625,0.0421905517578125,0.03717773035168648,-0.2920987010002136,0.19888566434383392
966,1.1625,0.4862,0,1,0.57391357421875,1.042816162109375,0.107391357421875,0.19994880259037018,-0.23382528126239777,0.2252618819475174
967,1.1829,0.6179,0,1,0.6253204345703125,1.1035614013671875,0.1345672607421875,0.23808394372463226,-0.3441206216812134,0.26129311323165894
968,1.1982,0.7922,0,1,0.66595458984375,1.1839447021484375,0.1087188720703125,0.19554740190505981,-0.3953598439693451,0.3969675898551941
969,1.2072,1.0005,0,1,0.589935302734375,1.2136383056640625,0.052154541015625,0.07173197716474533,-0.17168892920017242,0.5950287580490112
970,1.2098,1.23,0,1,0.4463043212890625,1.1865997314453125,0.0070953369140625,-0.13279373943805695,0.3188301920890808,0.7210063934326172
971,1.2062,1.4647,0,1,0.249847412109375,1.0785064697265625,-0.011566162109375,-0.31960782408714294,0.9744383692741394,0.6090918183326721
972,1.1971,1.6865,0,1,0.149505615234375,0.985931396484375,-0.2398834228515625,-0.2004081904888153,1.5479437112808228,0.5911740660667419
973,1.1834,1.8777,0,1,0.049896240234375,0.8938446044921875,-0.9934844970703125,1.4680116176605225,0.9666332006454468,0.4207293689250946
974,1.1661,2.0222,0,1,0.151641845703125,0.8914947509765625,-0.43841552734375,3.017956256866455,-0.4241986870765686,0.362082302570343
975,1.1458,2.1082,0,1,0.1678009033203125,0.92169189453125,-0.045379638671875,2.9830474853515625,-0.2440909594297409,0.18690809607505798
976,1.123,2.1289,0,1,0.2704620361328125,1.032470703125,0.111419677734375,2.2972373962402344,0.3509353995323181,0.16415297985076904
977,1.0981,2.0836,0,1,0.374176025390625,1.0989227294921875,0.1438446044921875,1.5623959302902222,0.4188776910305023,0.12706340849399567
978,1.0711,1.977,0,1,0.378875732421875,1.1695709228515625,-0.040679931640625,1.3608766794204712,0.5234054327011108,0.1226673275232315
979,1.0426,1.8188,0,1,0.37255859375,1.139251708984375,-0.1089324951171875,1.5030252933502197,0.45655953884124756,0.0752478837966919
980,1.0131,1.6222,0,1,0.3435211181640625,1.008758544921875,-0.1015625,1.628767490386963,0.6017833352088928,0.025359950959682465
981,0.9837,1.4026,0,1,0.3358917236328125,0.87249755859375,-0.035552978515625,1.523106575012207,0.7852112054824829,-0.02935629151761532
982,0.9556,1.1759,0,1,0.339385986328125,0.841033935546875,-0.0058135986328125,1.2413798570632935,0.8074051737785339,-0.07139508426189423
983,0.9303,0.9576,0,1,0.3643798828125,0.800445556640625,0.046722412109375,0.8520650863647461,0.6187133193016052,-0.12124999612569809
984,0.909,0.7607,0,1,0.387420654296875,0.7867584228515625,0.006317138671875,0.3822328448295593,0.2178441733121872,-0.11756151914596558
985,0.893,0.5953,0,1,0.414154052734375,0.7928314208984375,-0.05401611328125,0.03988216817378998,-0.03888614475727081,-0.13293248414993286
986,0.8829,0.4668,0,1,0.4589080810546875,0.7651824951171875,-0.167449951171875,-0.12864160537719727,-0.08406214416027069,0.011861452832818031
987,0.8789,0.3764,0,1,0.4469451904296875,0.700958251953125,-0.248687744140625,-0.10400336235761642,-0.11953198909759521,0.1316664218902588
988,0.8806,0.3206,0,1,0.3771820068359375,0.690399169921875,-0.2219085693359375,-0.06526848673820496,-0.20318934321403503,0.1015937328338623
989,0.8872,0.2928,0,1,0.298065185546875,0.7588958740234375,-0.1839447021484375,-0.14689703285694122,-0.23833507299423218,0.07548144459724426
990,0.8975,0.2838,0,1,0.2537689208984375,0.7832183837890625,-0.1827392578125,-0.30112627148628235,-0.31831538677215576,-0.0014346449170261621
991,0.9101,0.2842,0,1,0.2950439453125,0.7718353271484375,-0.2865447998046875,-0.3412476181983948,-0.45806023478507996,-0.1087789461016655
992,0.9236,0.2856,0,1,0.4083099365234375,0.7916107177734375,-0.43438720703125,-0.1458437591791153,-0.4406636655330658,-0.14666427671909332
993,0.9371,0.2819,0,1,0.4737091064453125,0.828338623046875,-0.472137451171875,0.11371324956417084,-0.09491825848817825,-0.2007160633802414
994,0.9499,0.2707,0,1,0.5478363037109375,0.814239501953125,-0.436614990234375,0.2596299648284912,0.2789013981819153,-0.21348245441913605
995,0.9621,0.2533,0,1,0.5744171142578125,0.7533416748046875,-0.3803558349609375,0.3136356770992279,0.2698144316673279,-0.13887879252433777
996,0.9743,0.235,0,1,0.5564117431640625,0.7335968017578125,-0.3550262451171875,0.33463549613952637,0.14685656130313873,-0.06743124127388
997,0.9873,0.224,0,1,0.540191650390625,0.720245361328125,-0.338348388671875,0.28938519954681396,0.1349053531885147,-0.021457621827721596
998,1.0021,0.2306,0,1,0.561065673828125,0.702911376953125,-0.3395233154296875,0.1727544665336609,0.19251245260238647,0.04537174105644226
999,1.0195,0.2655,0,1,0.55999755859375,0.673797607421875,-0.3683929443359375,0.0788484737277031,0.18626521527767181,0.1744128167629242
1000,1.0396,0.3379,0,1,0.55657958984375,0.67864990234375,-0.3892974853515625,0.0718129351735115,0.16236494481563568,0.2593953609466553
1001,1.0621,0.4543,0,1,0.565521240234375,0.6769561767578125,-0.371673583984375,0.07196873426437378,0.13458150625228882,0.3065333068370819
1002,1.086,0.6163,0,1,0.5705413818359375,0.6504669189453125,-0.3546905517578125,0.010945592075586319,0.0986671894788742,0.34413740038871765
1003,1.1098,0.8206,0,1,0.5705413818359375,0.6453704833984375,-0.3519134521484375,-0.04428064450621605,0.09773615002632141,0.38135215640068054
1004,1.1321,1.058,0,1,0.586700439453125,0.7255096435546875,-0.4094085693359375,-0.021434186026453972,0.02365179918706417,0.44609278440475464
1005,1.1518,1.3148,0,1,0.631500244140625,0.9330596923828125,-0.5504302978515625,0.11726696789264679,-0.19472074508666992,0.5269505977630615
1006,1.1687,1.5736,0,1,0.73614501953125,1.1805419921875,-0.78814697265625,0.4765649437904358,-0.6757302284240723,0.6527426242828369
1007,1.184,1.8164,0,1,1.0108642578125,1.3167572021484375,-0.96575927734375,1.2037410736083984,-1.6598700284957886,1.0627996921539307
1008,1.1997,2.0262,0,1,1.1396026611328125,1.15728759765625,-1.1012725830078125,2.9857962131500244,-3.047130584716797,1.8215934038162231
1009,1.2186,2.1903,0,1,0.2137603759765625,0.6375579833984375,0.1994171142578125,2.4025723934173584,-2.1703073978424072,1.6209018230438232
1010,1.243,2.3009,0,1,-0.3561859130859375,0.14178466796875,0.4587249755859375,0.27449148893356323,-0.24059796333312988,0.5950263738632202
1011,1.2742,2.3563,0,1,-0.5427093505859375,0.022186279296875,-0.0820465087890625,-1.2642805576324463,0.39048704504966736,0.016713732853531837
1012,1.3113,2.3597,0,1,-0.642181396484375,0.2850799560546875,-0.3059234619140625,-1.4615873098373413,1.3853505849838257,-1.1451358795166016
1013,1.3514,2.3189,0,1,0.1734466552734375,0.981109619140625,0.3879547119140625,-1.6353588104248047,2.1101720333099365,-1.779242753982544
1014,1.3897,2.2442,0,1,0.788116455078125,1.67877197265625,0.51812744140625,-1.598296880722046,1.3648146390914917,-1.176038384437561
1015,1.4205,2.1474,0,1,0.7327880859375,1.6642303466796875,0.1881103515625,-1.083246111869812,-0.6001846194267273,-0.10723777115345001
1016,1.4384,2.0404,0,1,1.1065826416015625,1.5001678466796875,-1.5068206787109375,1.034921646118164,-1.0844218730926514,0.4785870909690857
1017,1.4394,1.934,0,1,0.630279541015625,1.121063232421875,-0.2993927001953125,1.8462140560150146,1.2860984802246094,0.22173559665679932
1018,1.4214,1.837,0,1,0.5538482666015625,1.0323638916015625,0.208099365234375,-0.23276932537555695,2.3325107097625732,-0.1948549747467041
1019,1.3843,1.7557,0,1,0.53863525390625,1.0618743896484375,0.2042083740234375,-1.1731674671173096,1.1543514728546143,-0.1736125349998474
1020,1.3305,1.6937,0,1,0.4896240234375,1.092010498046875,0.06256103515625,-1.3753376007080078,-0.2543063163757324,-0.3666648268699646
1021,1.2635,1.6518,0,1,0.60943603515625,1.05975341796875,-0.20245361328125,-1.4902633428573608,-0.5547995567321777,-0.5214823484420776
1022,1.1881,1.628,0,1,0.7192840576171875,1.0389862060546875,-0.39678955078125,-1.5090194940567017,0.15255731344223022,-0.4274248480796814
1023,1.1097,1.6183,0,1,0.6094207763671875,0.9842071533203125,-0.1811981201171875,-1.2495338916778564,0.12270674109458923,-0.32365503907203674
1024,1.0336,1.6171,0,1,0.507720947265625,0.8705596923828125,-0.009765625,-1.1851511001586914,-0.532216489315033,-0.40424734354019165
1025,0.9646,1.6182,0,1,0.3997039794921875,0.7867431640625,0.0014190673828125,-1.384523868560791,-0.9020523428916931,-0.5219313502311707
1026,0.9063,1.6154,0,1,0.333404541015625,0.726409912109375,-0.0176239013671875,-1.7747329473495483,-1.006521463394165,-0.5397177934646606
1027,0.8616,1.604,0,1,0.3064422607421875,0.702056884765625,-0.11456298828125,-1.8965733051300049,-0.8558313250541687,-0.4477042853832245
1028,0.8314,1.5807,0,1,0.2725982666015625,0.6731414794921875,-0.1790008544921875,-1.7116212844848633,-0.7277370095252991,-0.41628775000572205
1029,0.8158,1.5443,0,1,0.2820281982421875,0.689361572265625,-0.22265625,-1.4056531190872192,-0.6320837140083313,-0.41623610258102417
1030,0.8135,1.4952,0,1,0.348907470703125,0.76531982421875,-0.21612548828125,-1.0426666736602783,-0.5368743538856506,-0.36359792947769165
1031,0.8225,1.4351,0,1,0.4094390869140625,0.8129119873046875,-0.177947998046875,-0.7394735217094421,-0.2175363153219223,-0.2762792706489563
1032,0.8408,1.3662,0,1,0.4091033935546875,0.8157958984375,-0.14007568359375,-0.5945834517478943,0.23574195802211761,-0.3756391406059265
1033,0.866,1.2912,0,1,0.4334716796875,0.8368682861328125,-0.150146484375,-0.6110056042671204,0.6431342363357544,-0.3992411196231842
1034,0.8963,1.2131,0,1,0.451446533203125,0.856689453125,-0.169769287109375,-0.6554239392280579,1.1737645864486694,-0.4267273545265198
1035,0.9302,1.1352,0,1,0.45672607421875,0.8305816650390625,-0.1781768798828125,-0.6156890392303467,1.4259592294692993,-0.42447325587272644
1036,0.9666,1.0621,0,1,0.439788818359375,0.794403076171875,-0.1809234619140625,-0.5552810430526733,1.4973918199539185,-0.4633050858974457
1037,1.0049,0.9994,0,1,0.468109130859375,0.7986907958984375,-0.19622802734375,-0.5257929563522339,1.45287024974823,-0.49324458837509155
1038,1.0441,0.9538,0,1,0.5330963134765625,0.7930145263671875,-0.1658935546875,-0.37316665053367615,0.9892122745513916,-0.5091026425361633
1039,1.0834,0.9321,0,1,0.6294708251953125,0.812103271484375,-0.1353912353515625,-0.1767481416463852,0.29863595962524414,-0.4452461898326874
1040,1.1216,0.9407,0,1,0.669219970703125,0.8211822509765625,-0.0899810791015625,-0.08693064004182816,-0.17630526423454285,-0.19890190660953522
1041,1.1571,0.9837,0,1,0.6365203857421875,0.865142822265625,-0.04736328125,-0.0556105300784111,-0.47345784306526184,0.039203859865665436
1042,1.1882,1.0624,0,1,0.6533660888671875,0.956024169921875,0.04046630859375,0.10000649094581604,-1.0140577554702759,0.19674448668956757
1043,1.2129,1.1743,0,1,0.6206512451171875,1.015106201171875,0.0683135986328125,0.33771440386772156,-1.549043893814087,0.30869632959365845
1044,1.2296,1.3131,0,1,0.6668701171875,1.1308746337890625,0.060394287109375,0.4805743396282196,-1.6715130805969238,0.3875839412212372
1045,1.2371,1.4689,0,1,0.6688232421875,1.2153472900390625,0.0385284423828125,0.4344925880432129,-1.0546519756317139,0.6074960827827454
1046,1.2349,1.6287,0,1,0.5752410888671875,1.2444915771484375,0.001220703125,0.33792370557785034,-0.3079754114151001,0.7394482493400574
1047,1.2234,1.7777,0,1,0.4287872314453125,1.2232513427734375,-0.060699462890625,0.3614117205142975,0.4257049560546875,0.7965192794799805
1048,1.2036,1.9007,0,1,0.2125701904296875,1.12445068359375,-0.219085693359375,0.527580738067627,1.4396451711654663,0.7495562434196472
1049,1.1774,1.9837,0,1,-0.078582763671875,0.9373626708984375,-0.768707275390625,1.7319114208221436,1.7424969673156738,0.4336145520210266
1050,1.1466,2.0159,0,1,0.0426483154296875,0.8816680908203125,-0.3558349609375,2.986912488937378,0.570084273815155,0.389129638671875
1051,1.1134,1.9913,0,1,0.0869903564453125,0.8672027587890625,0.0817108154296875,2.877758741378784,-0.24701404571533203,0.3032432198524475
1052,1.0796,1.9099,0,1,0.299957275390625,1.02398681640625,0.0778350830078125,2.046246290206909,-0.1641007959842682,0.21801061928272247
1053,1.0467,1.7774,0,1,0.3485565185546875,1.00677490234375,0.0125885009765625,1.4457683563232422,0.15725407004356384,0.019339077174663544
1054,1.0158,1.6048,0,1,0.47967529296875,1.0020751953125,-0.0384368896484375,1.2092524766921997,0.05806037411093712,0.09829967468976974
1055,0.988,1.4067,0,1,0.4697418212890625,0.995697021484375,-0.0900115966796875,1.153192162513733,-0.1461699903011322,0.1731502115726471
1056,0.964,1.1993,0,1,0.40155029296875,0.965911865234375,-0.0746612548828125,1.1213726997375488,-0.12213683128356934,0.17986750602722168
1057,0.9446,0.9988,0,1,0.3269500732421875,0.90185546875,-0.0607757568359375,0.961758017539978,0.02948971465229988,0.1313372552394867
1058,0.9302,0.8193,0,1,0.3006134033203125,0.8626251220703125,-0.024078369140625,0.7487195134162903,0.11800440400838852,0.07062330096960068
1059,0.9214,0.6719,0,1,0.284576416015625,0.85516357421875,-0.0156402587890625,0.5206714272499084,0.1898471713066101,-0.003570500062778592
1060,0.9183,0.5637,0,1,0.29461669921875,0.8343048095703125,-0.029449462890625,0.301635205745697,0.21883167326450348,-0.05046530440449715
1061,0.9207,0.4971,0,1,0.336029052734375,0.81951904296875,-0.078094482421875,0.09791484475135803,0.28087612986564636,-0.06733802706003189
1062,0.9279,0.4703,0,1,0.4092254638671875,0.776397705078125,-0.201080322265625,-0.030439132824540138,0.47533750534057617,-0.034874893724918365
1063,0.9384,0.4778,0,1,0.4134521484375,0.717041015625,-0.239227294921875,-0.14934395253658295,0.6116108894348145,-0.009730657562613487
1064,0.9507,0.5109,0,1,0.3677215576171875,0.7671966552734375,-0.1998748779296875,-0.2936665117740631,0.3541114628314972,-0.05857356637716293
1065,0.9627,0.5597,0,1,0.3291473388671875,0.7941741943359375,-0.2368011474609375,-0.38885533809661865,-0.27589255571365356,-0.08770668506622314
1066,0.9724,0.6135,0,1,0.376312255859375,0.816436767578125,-0.3516693115234375,-0.3461017608642578,-0.8581125736236572,-0.1376795619726181
1067,0.9784,0.6626,0,1,0.5047454833984375,0.8466949462890625,-0.48809814453125,-0.14280454814434052,-1.0194684267044067,-0.11853383481502533
1068,0.9796,0.699,0,1,0.568756103515625,0.8363494873046875,-0.5224456787109375,0.14402322471141815,-0.6611171960830688,-0.021460816264152527
1069,0.9759,0.7171,0,1,0.557586669921875,0.8100433349609375,-0.4660797119140625,0.376875102519989,-0.11942119896411896,0.04794542118906975
1070,0.9684,0.7143,0,1,0.555145263671875,0.765289306640625,-0.4243927001953125,0.5376543998718262,0.2639823853969574,0.1876990646123886
1071,0.9588,0.6906,0,1,0.52471923828125,0.72625732421875,-0.37200927734375,0.5819936394691467,0.6034501791000366,0.24884097278118134
1072,0.9495,0.6492,0,1,0.4843902587890625,0.706024169921875,-0.2842254638671875,0.47632527351379395,0.7242562174797058,0.22884756326675415
1073,0.943,0.5955,0,1,0.4826812744140625,0.7253265380859375,-0.21112060546875,0.18299351632595062,0.42447617650032043,0.17440828680992126
1074,0.9415,0.537,0,1,0.4683990478515625,0.727325439453125,-0.212921142578125,-0.16638179123401642,-0.07217752188444138,0.14340509474277496
1075,0.9466,0.4825,0,1,0.4766387939453125,0.69708251953125,-0.2667694091796875,-0.3529556691646576,-0.30630213022232056,0.1330922693014145
1076,0.9586,0.4414,0,1,0.4722442626953125,0.6825714111328125,-0.285186767578125,-0.37171655893325806,-0.38496285676956177,0.15669719874858856
1077,0.9768,0.4228,0,1,0.45001220703125,0.7004241943359375,-0.282012939453125,-0.36559927463531494,-0.4540497958660126,0.1607862263917923
1078,0.9992,0.4348,0,1,0.48193359375,0.7198638916015625,-0.316619873046875,-0.3862747251987457,-0.4732959270477295,0.15622076392173767
1079,1.0232,0.4838,0,1,0.540618896484375,0.7040557861328125,-0.3847808837890625,-0.39474597573280334,-0.38392555713653564,0.18816404044628143
1080,1.0455,0.5733,0,1,0.5743560791015625,0.6758575439453125,-0.4172515869140625,-0.3763006627559662,-0.2677091956138611,0.24055401980876923
1081,1.0633,0.7036,0,1,0.5500640869140625,0.6983489990234375,-0.4359893798828125,-0.327115535736084,-0.27803748846054077,0.2870754599571228
1082,1.0745,0.8713,0,1,0.5236053466796875,0.88470458984375,-0.459503173828125,-0.2648143470287323,-0.19311407208442688,0.27943217754364014
1083,1.0787,1.0689,0,1,0.5354156494140625,1.1554107666015625,-0.5675048828125,-0.20313793420791626,-0.09678113460540771,0.18796537816524506
1084,1.077,1.286,0,1,0.6390228271484375,1.24993896484375,-0.772735595703125,0.3016546666622162,-0.7502974271774292,0.2315615862607956
1085,1.0722,1.5098,0,1,0.6832275390625,1.04925537109375,-0.761627197265625,0.917007565498352,-1.5425673723220825,0.5310050249099731
1086,1.0686,1.7268,0,1,0.6141204833984375,0.75494384765625,-0.7989501953125,1.5832785367965698,-1.7728580236434937,0.7875060439109802
1087,1.0706,1.9246,0,1,0.3052215576171875,0.48291015625,-0.716278076171875,2.6995151042938232,-1.265485167503357,0.8269165754318237
1088,1.0819,2.0929,0,1,-0.134552001953125,0.1806793212890625,-0.1342620849609375,2.334648847579956,0.23322686553001404,0.24053165316581726
1089,1.1045,2.2246,0,1,-0.336212158203125,0.10406494140625,0.1593475341796875,0.3501785099506378,1.044768214225769,-0.2740136981010437
1090,1.1378,2.3159,0,1,-0.3330841064453125,0.4617919921875,-0.2588653564453125,-1.500485897064209,1.192413568496704,-0.5200727581977844
1091,1.1789,2.3661,0,1,0.3698577880859375,1.1161041259765625,0.1537017822265625,-2.0586724281311035,2.2028207778930664,-0.9287236332893372
1092,1.2227,2.3768,0,1,0.861236572265625,1.4662933349609375,0.52008056640625,-1.9663361310958862,1.3163890838623047,-1.0484886169433594
1093,1.2635,2.3514,0,1,1.12298583984375,1.3944549560546875,0.3944854736328125,-1.4146027565002441,-0.726997971534729,-0.29773688316345215
1094,1.2958,2.2946,0,1,1.4493408203125,1.03436279296875,-0.7073974609375,-0.10458366572856903,-1.033105731010437,0.639808714389801
1095,1.3155,2.2115,0,1,0.750701904296875,0.7632293701171875,-0.7285919189453125,1.839902400970459,1.5257824659347534,0.6589637994766235
1096,1.3201,2.1077,0,1,0.4641876220703125,0.9409027099609375,0.0933074951171875,-0.11476653069257736,3.098778009414673,0.3506552278995514
1097,1.3092,1.9893,0,1,0.3177490234375,1.0771331787109375,0.089874267578125,-1.1894612312316895,1.6888222694396973,0.32554560899734497
1098,1.2843,1.8625,0,1,0.21234130859375,1.123046875,0.008758544921875,-0.994561493396759,-0.8980786204338074,-0.07171573489904404
1099,1.2477,1.7336,0,1,0.3465728759765625,1.2487335205078125,-0.0651092529296875,-0.8677119612693787,-2.0725436210632324,-0.133351668715477
1100,1.2029,1.609,0,1,0.423431396484375,1.081298828125,-0.1118011474609375,-1.14683198928833,-1.4855493307113647,-0.26062095165252686
1101,1.1534,1.4944,0,1,0.4626922607421875,1.0113372802734375,-0.182098388671875,-1.2540881633758545,-0.5882943868637085,-0.29454320669174194
1102,1.1027,1.3942,0,1,0.4552154541015625,0.9772491455078125,-0.1862945556640625,-0.9623276591300964,-0.07377622276544571,-0.4132930338382721
1103,1.0539,1.311,0,1,0.48382568359375,0.9718170166015625,-0.0684967041015625,-0.734687864780426,-0.0679585412144661,-0.5448111295700073
1104,1.0096,1.2455,0,1,0.5099945068359375,0.8905792236328125,-0.0306854248046875,-0.7447724342346191,-0.15026353299617767,-0.587650716304779
1105,0.9716,1.196,0,1,0.4534149169921875,0.7959442138671875,-0.0261688232421875,-0.9156259298324585,-0.0518602691590786,-0.6062175035476685
1106,0.9408,1.1592,0,1,0.3960418701171875,0.7551422119140625,-0.059539794921875,-1.0754776000976562,0.03290069103240967,-0.595057487487793
1107,0.9176,1.1306,0,1,0.4073486328125,0.7635650634765625,-0.0648345947265625,-1.2127777338027954,0.06899850815534592,-0.6386513113975525
1108,0.9018,1.1056,0,1,0.47265625,0.8242340087890625,-0.110931396484375,-1.2136627435684204,0.0019768644124269485,-0.6117688417434692
1109,0.8928,1.0798,0,1,0.4824066162109375,0.831329345703125,-0.161102294921875,-1.1655713319778442,-0.0334801971912384,-0.5743146538734436
1110,0.8901,1.0505,0,1,0.4470672607421875,0.7977752685546875,-0.232330322265625,-1.0223557949066162,0.2104581743478775,-0.5362464189529419
1111,0.8928,1.0162,0,1,0.412445068359375,0.76531982421875,-0.2676544189453125,-0.8114467859268188,0.4675653278827667,-0.48827406764030457
1112,0.9004,0.9772,0,1,0.4544219970703125,0.792327880859375,-0.229461669921875,-0.5921381711959839,0.51203453540802,-0.39065590500831604
1113,0.9127,0.9351,0,1,0.469268798828125,0.8120880126953125,-0.2031402587890625,-0.44269514083862305,0.6183569431304932,-0.33480143547058105
1114,0.9293,0.8923,0,1,0.460235595703125,0.8145294189453125,-0.1541748046875,-0.4202401638031006,0.6011513471603394,-0.318036824464798
1115,0.95,0.8519,0,1,0.424407958984375,0.787841796875,-0.1387939453125,-0.43708598613739014,0.5175912380218506,-0.34826210141181946
1116,0.9743,0.8168,0,1,0.4317779541015625,0.7893218994140625,-0.146240234375,-0.44293108582496643,0.5305203199386597,-0.3836704194545746
1117,1.0015,0.7895,0,1,0.4441070556640625,0.7948760986328125,-0.1396942138671875,-0.37319356203079224,0.5199475884437561,-0.4459095597267151
1118,1.0303,0.7721,0,1,0.491790771484375,0.7965087890625,-0.0873565673828125,-0.24300892651081085,0.14605121314525604,-0.48581942915916443
1119,1.0593,0.7665,0,1,0.5718994140625,0.8335418701171875,-0.0313720703125,-0.17361466586589813,-0.37883973121643066,-0.4145428538322449
1120,1.0867,0.7738,0,1,0.6444091796875,0.8801422119140625,0.009521484375,-0.18953238427639008,-0.8319411873817444,-0.22544750571250916
1121,1.1107,0.795,0,1,0.6731414794921875,0.9300079345703125,0.0302734375,-0.23229768872261047,-1.172472596168518,0.02002936787903309
1122,1.1299,0.8311,0,1,0.6699066162109375,1.0092315673828125,0.0121612548828125,-0.2908627390861511,-1.2727057933807373,0.21725082397460938
1123,1.143,0.8829,0,1,0.6324005126953125,1.040191650390625,-0.0041656494140625,-0.4631420969963074,-0.8997031450271606,0.3381873667240143
1124,1.15,0.9505,0,1,0.5932159423828125,1.0906524658203125,-0.0135498046875,-0.5427804589271545,-0.44994932413101196,0.3887972831726074
1125,1.151,1.0334,0,1,0.547210693359375,1.118499755859375,-0.052520751953125,-0.3541969656944275,-0.09760458767414093,0.5486782789230347
1126,1.1472,1.1294,0,1,0.4080657958984375,1.1020660400390625,-0.0852508544921875,0.01913800835609436,0.32637810707092285,0.5785920023918152
1127,1.14,1.2347,0,1,0.2478179931640625,1.0704803466796875,0.003662109375,0.18290430307388306,0.7902592420578003,0.4512236416339874
1128,1.131,1.3438,0,1,0.1386871337890625,0.99041748046875,-0.07257080078125,0.1013718917965889,1.079135775566101,0.40006616711616516
1129,1.1214,1.45,0,1,0.07830810546875,0.8964996337890625,-0.515716552734375,0.7509962320327759,1.1030712127685547,0.18442949652671814
1130,1.1121,1.5461,0,1,0.2837371826171875,0.8885345458984375,-0.4709625244140625,2.007505178451538,0.3602077066898346,0.20564104616641998
1131,1.1033,1.6253,0,1,0.3589019775390625,0.930084228515625,-0.120269775390625,2.4157321453094482,-0.15797924995422363,0.1661093384027481
1132,1.0944,1.6822,0,1,0.417266845703125,0.9763031005859375,0.08404541015625,1.9895669221878052,-0.2124273031949997,0.23568442463874817
1133,1.0845,1.7131,0,1,0.412109375,1.0062103271484375,0.085662841796875,1.4406691789627075,-0.18273945152759552,0.33568131923675537
1134,1.0725,1.7162,0,1,0.351318359375,1.0770721435546875,-0.07489013671875,1.2134267091751099,-0.4673120677471161,0.2786835730075836
1135,1.0573,1.6915,0,1,0.3187103271484375,1.1368408203125,-0.1333770751953125,1.3481565713882446,-0.5391026139259338,0.2709982097148895
1136,1.0384,1.6402,0,1,0.2572174072265625,1.0999755859375,-0.0848388671875,1.4208611249923706,-0.3808229863643646,0.054180946201086044
1137,1.0158,1.5645,0,1,0.2837982177734375,1.0321197509765625,-0.075714111328125,1.3664847612380981,0.06539418548345566,-0.03766455501317978
1138,0.9902,1.4675,0,1,0.3084259033203125,0.96783447265625,-0.07373046875,1.2887669801712036,0.6660659313201904,-0.059304069727659225
1139,0.9632,1.3531,0,1,0.3487091064453125,0.8732757568359375,-0.07342529296875,1.278364658355713,0.9766418933868408,-0.0766282007098198
1140,0.9365,1.2259,0,1,0.33685302734375,0.820648193359375,-0.0440521240234375,1.2395004034042358,0.9092178344726562,-0.0840243324637413
1141,0.9124,1.0911,0,1,0.3251953125,0.7873382568359375,-0.0262908935546875,1.088399887084961,0.7238567471504211,-0.10460736602544785
1142,0.8928,0.9548,0,1,0.318603515625,0.7829132080078125,-0.0574798583984375,0.898770272731781,0.5160534977912903,-0.13772164285182953
1143,0.8791,0.823,0,1,0.347503662109375,0.780853271484375,-0.0902557373046875,0.5422635078430176,0.47983744740486145,-0.17247270047664642
1144,0.8724,0.7014,0,1,0.412506103515625,0.75347900390625,-0.146453857421875,0.10835123807191849,0.5020202398300171,-0.09929969161748886
1145,0.873,0.5948,0,1,0.4239349365234375,0.722198486328125,-0.2054595947265625,-0.14659610390663147,0.2747623324394226,-0.02569151483476162
1146,0.8804,0.5067,0,1,0.3512725830078125,0.7471923828125,-0.243408203125,-0.13403956592082977,-0.17426927387714386,-0.1030944287776947
1147,0.8936,0.4387,0,1,0.3137054443359375,0.7676544189453125,-0.2437286376953125,-0.048538774251937866,-0.3782958984375,-0.17683681845664978
1148,0.911,0.3912,0,1,0.318695068359375,0.7452239990234375,-0.2864990234375,-0.0017893778858706355,-0.37502342462539673,-0.24919304251670837
1149,0.9311,0.3632,0,1,0.39617919921875,0.7400970458984375,-0.3737945556640625,0.061957910656929016,-0.3072235882282257,-0.27068474888801575
1150,0.9522,0.3531,0,1,0.5018310546875,0.7527008056640625,-0.4333648681640625,0.17835642397403717,-0.032594695687294006,-0.23318611085414886
1151,0.9729,0.3591,0,1,0.580535888671875,0.7528533935546875,-0.4700775146484375,0.2190774828195572,0.3108798563480377,-0.16144907474517822
1152,0.9923,0.3802,0,1,0.673431396484375,0.749725341796875,-0.5090179443359375,0.2236352264881134,0.5959699153900146,-0.021032581105828285
1153,1.0101,0.4159,0,1,0.717620849609375,0.7177734375,-0.4958038330078125,0.24206429719924927,0.7646912932395935,0.12990739941596985
1154,1.0265,0.4669,0,1,0.706512451171875,0.65386962890625,-0.3908233642578125,0.18556293845176697,0.5985448956489563,0.22313188016414642
1155,1.0421,0.5345,0,1,0.689117431640625,0.6323089599609375,-0.29583740234375,-0.004463724326342344,0.11292362213134766,0.29657015204429626
1156,1.0573,0.62,0,1,0.62939453125,0.5969390869140625,-0.30670166015625,-0.16362248361110687,-0.34078449010849,0.4039176404476166
1157,1.0727,0.7242,0,1,0.592803955078125,0.61773681640625,-0.3846282958984375,-0.17773963510990143,-0.4911883771419525,0.45100340247154236
1158,1.0883,0.8463,0,1,0.5849761962890625,0.6801300048828125,-0.433746337890625,-0.13472692668437958,-0.4936904013156891,0.49031805992126465
1159,1.1038,0.984,0,1,0.585113525390625,0.6757049560546875,-0.4611663818359375,-0.11970323324203491,-0.5958250164985657,0.5560304522514343
1160,1.1185,1.1321,0,1,0.55377197265625,0.6375885009765625,-0.4774932861328125,-0.10111410170793533,-0.7510468363761902,0.6386326551437378
1161,1.132,1.2836,0,1,0.52752685546875,0.72418212890625,-0.52349853515625,-0.09866878390312195,-0.5368815660476685,0.6847397089004517
1162,1.1439,1.43,0,1,0.5043487548828125,1.0668792724609375,-0.5821533203125,-0.1268807202577591,0.04896887391805649,0.6424300670623779
1163,1.1546,1.5618,0,1,0.5246734619140625,1.474456787109375,-1.3967742919921875,1.0633565187454224,-0.6090236306190491,0.5431772470474243
1164,1.1651,1.6704,0,1,0.8446502685546875,1.34844970703125,-0.92193603515625,3.0037848949432373,-2.2514874935150146,1.0046647787094116
1165,1.1769,1.7491,0,1,-0.0500335693359375,0.6581878662109375,0.2993316650390625,2.1605448722839355,-0.3324487805366516,0.3736058175563812
1166,1.1915,1.7939,0,1,-0.2597503662109375,0.227264404296875,0.2390594482421875,0.19097714126110077,1.26885986328125,-0.3079642057418823
1167,1.2095,1.8042,0,1,-0.5858154296875,0.048919677734375,-0.317596435546875,-0.8715665936470032,0.5339398384094238,-0.693972110748291
1168,1.2304,1.7822,0,1,0.17413330078125,0.543212890625,0.317230224609375,-1.599005103111267,-0.5492023825645447,-0.7028159499168396
1169,1.2526,1.7324,0,1,0.799468994140625,1.1707611083984375,0.3860626220703125,-1.7437713146209717,-0.4990939497947693,-0.3249754309654236
1170,1.2735,1.6613,0,1,1.11846923828125,1.3078155517578125,-0.0111236572265625,-1.1761877536773682,-0.29194584488868713,-0.0063031697645783424
1171,1.2901,1.576,0,1,1.3216400146484375,1.3605194091796875,-1.5151519775390625,1.4716747999191284,0.6447656750679016,1.0459434986114502
1172,1.2998,1.4839,0,1,0.4728851318359375,0.96160888671875,0.0323486328125,0.5832871198654175,1.1133602857589722,0.31393688917160034
1173,1.3009,1.3919,0,1,0.2702789306640625,1.002471923828125,0.0870819091796875,-1.0992252826690674,0.5524812936782837,0.09118130803108215
1174,1.2926,1.3063,0,1,0.1665191650390625,1.00897216796875,-0.000244140625,-1.2488653659820557,-0.4434261620044708,-0.08284614980220795
1175,1.2749,1.2321,0,1,0.2003173828125,1.126556396484375,-0.0771484375,-0.9973828196525574,-1.1863056421279907,-0.3497138023376465
1176,1.2486,1.1733,0,1,0.385223388671875,1.259918212890625,-0.1800689697265625,-0.7514426112174988,-1.0430928468704224,-0.3062416911125183
1177,1.2151,1.1322,0,1,0.540771484375,1.112762451171875,-0.1693267822265625,-0.8497238755226135,-0.33156222105026245,-0.31251901388168335
1178,1.176,1.1097,0,1,0.6494598388671875,1.0107421875,-0.16680908203125,-0.8687553405761719,0.14929041266441345,-0.20087052881717682
1179,1.1333,1.1052,0,1,0.63165283203125,0.9516448974609375,-0.123321533203125,-0.81688392162323,0.32851290702819824,-0.13975417613983154
1180,1.089,1.1168,0,1,0.6085968017578125,0.9447174072265625,-0.0370025634765625,-0.9178019762039185,0.30590611696243286,-0.2428576499223709
1181,1.0452,1.1415,0,1,0.580657958984375,0.9097442626953125,-0.0461883544921875,-1.1431888341903687,0.1871166229248047,-0.28986936807632446
1182,1.0041,1.1757,0,1,0.406036376953125,0.833160400390625,-0.0726318359375,-1.3378536701202393,-0.15694648027420044,-0.3220504820346832
1183,0.9673,1.2156,0,1,0.3112640380859375,0.837493896484375,-0.1696319580078125,-1.3508058786392212,-0.41699323058128357,-0.3171212375164032
1184,0.9363,1.2577,0,1,0.276641845703125,0.84490966796875,-0.1993408203125,-1.2046740055084229,-0.6277885437011719,-0.38197746872901917
1185,0.9121,1.2992,0,1,0.3249359130859375,0.85723876953125,-0.1663665771484375,-1.1483154296875,-0.6868968605995178,-0.40147605538368225
1186,0.8954,1.3377,0,1,0.3594818115234375,0.8500823974609375,-0.151702880859375,-1.1141350269317627,-0.6458040475845337,-0.4096032381057739
1187,0.8863,1.3714,0,1,0.3903656005859375,0.8222808837890625,-0.1443939208984375,-1.0613479614257812,-0.46842366456985474,-0.4024244248867035
1188,0.8847,1.3985,0,1,0.38641357421875,0.771697998046875,-0.1515350341796875,-1.0553643703460693,-0.10922183096408844,-0.3943808674812317
1189,0.8901,1.4174,0,1,0.35638427734375,0.729461669921875,-0.1858673095703125,-0.9817277193069458,0.3180842399597168,-0.41004183888435364
1190,0.9017,1.4265,0,1,0.3513031005859375,0.7797088623046875,-0.2123260498046875,-0.9533035159111023,0.8952229022979736,-0.46784231066703796
1191,0.9186,1.424,0,1,0.3774566650390625,0.864532470703125,-0.180633544921875,-0.8726675510406494,1.0727039575576782,-0.5354093313217163
1192,0.9396,1.4088,0,1,0.4160308837890625,0.8857421875,-0.204315185546875,-0.7934382557868958,1.1511479616165161,-0.6737523078918457
1193,0.9637,1.3801,0,1,0.439300537109375,0.80706787109375,-0.2087860107421875,-0.7850279808044434,1.330049753189087,-0.7662659883499146
1194,0.9896,1.3384,0,1,0.4953765869140625,0.792572021484375,-0.2097625732421875,-0.6842470169067383,1.2104508876800537,-0.7992154359817505
1195,1.0163,1.2851,0,1,0.564910888671875,0.79693603515625,-0.1812591552734375,-0.46227601170539856,0.5585055947303772,-0.7991906404495239
1196,1.0427,1.2231,0,1,0.6682891845703125,0.8357696533203125,-0.0888519287109375,-0.17875483632087708,-0.3201175630092621,-0.6809495091438293
1197,1.0677,1.1561,0,1,0.7052764892578125,0.8690185546875,-0.0207061767578125,-0.01447161752730608,-1.0358905792236328,-0.3894215226173401
1198,1.0905,1.0887,0,1,0.6777496337890625,0.8687591552734375,0.0225372314453125,0.06519098579883575,-1.3923312425613403,-0.08838605135679245
1199,1.1103,1.026,0,1,0.656768798828125,0.859588623046875,0.026214599609375,0.03912236914038658,-1.3220994472503662,0.3139587342739105
1200,1.1265,0.9735,0,1,0.5240020751953125,0.8726806640625,0.0063629150390625,-0.0843907818198204,-0.705335259437561,0.6033772230148315
1201,1.1384,0.936,0,1,0.4647216796875,0.9405364990234375,0.01824951171875,-0.17429430782794952,-0.09968584775924683,0.7453063726425171
1202,1.1459,0.9181,0,1,0.4453277587890625,1.0594329833984375,0.0113372802734375,-0.12511104345321655,0.08038059622049332,0.7708082795143127
1203,1.1487,0.9229,0,1,0.4176483154296875,1.213134765625,-0.02056884765625,0.09249237924814224,0.21013832092285156,0.6754125356674194
1204,1.1472,0.9521,0,1,0.330413818359375,1.2930450439453125,-0.027130126953125,0.17576304078102112,0.6923044323921204,0.5686325430870056
1205,1.1419,1.0057,0,1,0.1754302978515625,1.1603851318359375,-0.071044921875,0.06626317650079727,1.105223536491394,0.3931922912597656
1206,1.1336,1.0822,0,1,0.129486083984375,0.991119384765625,-0.3033447265625,0.24498099088668823,0.8280734419822693,0.12031815201044083
1207,1.1231,1.1783,0,1,0.3238677978515625,0.9424896240234375,-0.4812164306640625,1.2154309749603271,0.0016706009628251195,0.0805121511220932
1208,1.1114,1.2892,0,1,0.4281005859375,0.93072509765625,-0.25433349609375,1.8161568641662598,-0.4846114218235016,0.13923059403896332
1209,1.099,1.4091,0,1,0.4346771240234375,0.9463043212890625,-0.0054931640625,1.718111515045166,-0.39368098974227905,0.2170199304819107
1210,1.0861,1.531,0,1,0.3796234130859375,0.933837890625,0.08740234375,1.3059883117675781,-0.3026794493198395,0.2863132655620575
1211,1.0725,1.6469,0,1,0.3539886474609375,0.9074859619140625,0.05218505859375,0.9770200252532959,-0.23016902804374695,0.3279464542865753
1212,1.0579,1.7481,0,1,0.4071197509765625,0.9539947509765625,-0.1312713623046875,1.014348030090332,-0.004053064621984959,0.49315059185028076
1213,1.0417,1.8254,0,1,0.2966156005859375,1.0260467529296875,-0.244964599609375,1.420303225517273,0.14280615746974945,0.4593406915664673
1214,1.0233,1.87,0,1,0.2901611328125,1.0897674560546875,-0.2530975341796875,1.8057667016983032,0.2022516429424286,0.3404180407524109
1215,1.0028,1.8745,0,1,0.2467803955078125,1.0770111083984375,-0.3023529052734375,2.089043617248535,0.6775739789009094,0.3635220229625702
1216,0.9804,1.8344,0,1,0.187744140625,1.00994873046875,-0.18505859375,1.9766250848770142,1.2822017669677734,0.24618341028690338
1217,0.957,1.7486,0,1,0.202972412109375,0.9036865234375,-0.1602325439453125,1.6476378440856934,1.7406690120697021,0.08567309379577637
1218,0.9339,1.6205,0,1,0.2411041259765625,0.822021484375,-0.0739288330078125,1.344382882118225,1.6521673202514648,-0.010334130376577377
1219,0.9126,1.4574,0,1,0.26458740234375,0.8046722412109375,0.024566650390625,1.0455900430679321,1.0257066488265991,-0.09938624501228333
1220,0.8947,1.27,0,1,0.266754150390625,0.7852630615234375,0.084625244140625,0.5926031470298767,0.03389724716544151,-0.13424648344516754
1221,0.8813,1.0709,0,1,0.2833099365234375,0.7695770263671875,0.0561065673828125,0.15628574788570404,-0.6671189069747925,-0.24024616181850433
1222,0.8735,0.8732,0,1,0.375030517578125,0.76629638671875,-0.105865478515625,-0.15362684428691864,-0.9039634466171265,-0.2877071499824524
1223,0.8718,0.6889,0,1,0.509918212890625,0.7496185302734375,-0.3255615234375,-0.1275438368320465,-0.5398594737052917,-0.16450665891170502
1224,0.8761,0.5275,0,1,0.4889068603515625,0.7295379638671875,-0.339447021484375,0.02701404131948948,0.03074060194194317,-0.15413017570972443
1225,0.8862,0.3959,0,1,0.4515228271484375,0.7254791259765625,-0.24530029296875,-0.037869084626436234,0.23872601985931396,-0.1608533263206482
1226,0.9013,0.2977,0,1,0.3874359130859375,0.7088623046875,-0.2486724853515625,-0.20156081020832062,0.0760369747877121,-0.1705443114042282
1227,0.9204,0.2334,0,1,0.389556884765625,0.7070465087890625,-0.280242919921875,-0.23491664230823517,-0.0521865040063858,-0.20969250798225403
1228,0.9423,0.2012,0,1,0.40972900390625,0.7309417724609375,-0.29974365234375,-0.2205885648727417,-0.015381352975964546,-0.21408459544181824
1229,0.9656,0.1979,0,1,0.5012969970703125,0.7730560302734375,-0.3440704345703125,-0.2233007252216339,0.1485644429922104,-0.18056125938892365
1230,0.9891,0.2194,0,1,0.589385986328125,0.804443359375,-0.3839874267578125,-0.20284739136695862,0.2954590916633606,-0.06992928683757782
1231,1.0117,0.2616,0,1,0.619049072265625,0.76220703125,-0.4351348876953125,-0.12816835939884186,0.3037012815475464,0.11708108335733414
1232,1.0326,0.3213,0,1,0.64892578125,0.680145263671875,-0.4848480224609375,-0.04002571478486061,0.22861000895500183,0.20358695089817047
1233,1.0513,0.3958,0,1,0.7031402587890625,0.6521759033203125,-0.500091552734375,0.08380408585071564,-0.11009694635868073,0.280414342880249
1234,1.0675,0.4836,0,1,0.730926513671875,0.6923980712890625,-0.4583587646484375,0.22836951911449432,-0.4533805251121521,0.471503347158432
1235,1.0813,0.5838,0,1,0.6446380615234375,0.7293701171875,-0.4386138916015625,0.3027971386909485,-0.5652055740356445,0.5882885456085205
1236,1.0927,0.6956,0,1,0.5432586669921875,0.756439208984375,-0.5219573974609375,0.37525245547294617,-0.4887393116950989,0.5765799880027771
1237,1.1018,0.8176,0,1,0.4618988037109375,0.7095489501953125,-0.4987335205078125,0.426713764667511,-0.3982304632663727,0.5007973313331604
1238,1.1086,0.9475,0,1,0.4050750732421875,0.660003662109375,-0.4029998779296875,0.3991881310939789,-0.4022670090198517,0.3797691762447357
1239,1.113,1.081,0,1,0.407440185546875,0.7546539306640625,-0.3571014404296875,0.22333401441574097,-0.45425164699554443,0.2702075242996216
1240,1.1152,1.212,0,1,0.403472900390625,0.9461822509765625,-0.423126220703125,0.028005268424749374,-0.4317695200443268,0.1524481326341629
1241,1.1154,1.3329,0,1,0.52703857421875,1.08880615234375,-0.528533935546875,-0.058634016662836075,-0.481668084859848,0.1720210313796997
1242,1.1146,1.4353,0,1,0.7976837158203125,1.09063720703125,-1.2798309326171875,0.9934978485107422,-1.4660358428955078,0.5944657325744629
1243,1.1142,1.5114,0,1,0.9672393798828125,1.038665771484375,-0.7771453857421875,2.483776092529297,-2.1575911045074463,1.3498541116714478
1244,1.1161,1.5557,0,1,0.0973663330078125,0.7011260986328125,0.17401123046875,1.281319260597229,-0.1944187432527542,0.8913882374763489
1245,1.1219,1.5658,0,1,-0.30963134765625,0.3408203125,0.27020263671875,-0.4994335174560547,0.3671548366546631,0.06932368129491806
1246,1.1325,1.5431,0,1,-0.4838409423828125,0.4300994873046875,-0.45257568359375,-1.4223953485488892,0.32380229234695435,-0.3624061644077301
1247,1.1478,1.4926,0,1,0.04962158203125,0.8276824951171875,-0.240478515625,-1.5110054016113281,1.6951541900634766,-0.7593923807144165
1248,1.1664,1.4228,0,1,0.485870361328125,1.1527557373046875,0.0961456298828125,-1.0807278156280518,1.8569364547729492,-0.8426271080970764
1249,1.1857,1.3438,0,1,0.8456268310546875,1.222503662109375,-0.0893402099609375,-0.2364008128643036,0.4345759451389313,-0.20283353328704834
1250,1.2025,1.2664,0,1,0.809967041015625,1.13958740234375,-0.1680908203125,0.45731669664382935,-0.3911994397640228,0.3330727517604828
1251,1.2138,1.2002,0,1,0.75335693359375,0.9682464599609375,-0.2599639892578125,0.2678689956665039,0.4257766008377075,0.12877848744392395
1252,1.2169,1.1524,0,1,0.73944091796875,0.91644287109375,-0.059661865234375,-0.5788601636886597,1.1447688341140747,-0.2901458144187927
1253,1.21,1.1272,0,1,0.69073486328125,1.060272216796875,-0.0179595947265625,-0.9849541187286377,0.5225825309753418,-0.09159303456544876
1254,1.1926,1.1249,0,1,0.6604156494140625,1.0262908935546875,-0.0864715576171875,-0.9751569032669067,-0.2814721465110779,-0.07243984192609787
1255,1.1655,1.1431,0,1,0.6005859375,1.0376434326171875,-0.1582794189453125,-1.026160478591919,-0.6040787100791931,-0.10107175260782242
1256,1.1304,1.1766,0,1,0.475830078125,1.047515869140625,-0.16461181640625,-1.1436694860458374,-0.6603345274925232,-0.08952774852514267
1257,1.09,1.2187,0,1,0.4225006103515625,0.972808837890625,-0.1218109130859375,-1.1966906785964966,-0.6335766911506653,-0.14830665290355682
1258,1.0474,1.2624,0,1,0.386138916015625,0.9339141845703125,-0.1121826171875,-1.224401831626892,-0.5660197138786316,-0.21992117166519165
1259,1.006,1.3009,0,1,0.317352294921875,0.8909759521484375,-0.1049957275390625,-1.2754038572311401,-0.3923960030078888,-0.37664422392845154
1260,0.9685,1.3288,0,1,0.3025665283203125,0.846405029296875,-0.1062164306640625,-1.3074767589569092,-0.33650559186935425,-0.5070405602455139
1261,0.9373,1.3422,0,1,0.2851409912109375,0.7946929931640625,-0.14801025390625,-1.2502089738845825,-0.30768537521362305,-0.5463906526565552
1262,0.9138,1.3392,0,1,0.3175048828125,0.7698822021484375,-0.1621856689453125,-1.19743812084198,-0.24859276413917542,-0.5766921043395996
1263,0.8985,1.3194,0,1,0.38958740234375,0.772552490234375,-0.174468994140625,-1.1403043270111084,-0.0940263643860817,-0.6133278608322144
1264,0.8913,1.2841,0,1,0.4753875732421875,0.7879180908203125,-0.1531982421875,-1.0441439151763916,0.018437862396240234,-0.5873292684555054
1265,0.8912,1.2357,0,1,0.5385589599609375,0.784027099609375,-0.1269378662109375,-0.9547237753868103,0.011928831227123737,-0.4638555347919464
1266,0.8969,1.1773,0,1,0.54248046875,0.7467193603515625,-0.116363525390625,-0.9670763611793518,0.13664306700229645,-0.33911868929862976
1267,0.9073,1.1127,0,1,0.523406982421875,0.736297607421875,-0.1322479248046875,-0.9691850543022156,0.2571846544742584,-0.2792564034461975
1268,0.921,1.0457,0,1,0.5034942626953125,0.7762451171875,-0.1846160888671875,-0.8968168497085571,0.3479475975036621,-0.2404533475637436
1269,0.9371,0.9804,0,1,0.447967529296875,0.8013763427734375,-0.2508544921875,-0.8302325010299683,0.7148281335830688,-0.1771169900894165
1270,0.955,0.921,0,1,0.401153564453125,0.8448333740234375,-0.312835693359375,-0.7185059189796448,1.1180064678192139,-0.19658470153808594
1271,0.9745,0.8714,0,1,0.4306488037109375,0.8624267578125,-0.31634521484375,-0.39435476064682007,1.0615410804748535,-0.33559611439704895
1272,0.9956,0.8355,0,1,0.5335845947265625,0.8728485107421875,-0.2181396484375,-0.1083935871720314,0.6577978730201721,-0.4064180850982666
1273,1.0184,0.8164,0,1,0.588043212890625,0.847686767578125,-0.1206207275390625,-0.12238796055316925,0.33239418268203735,-0.3512283265590668
1274,1.043,0.8164,0,1,0.5700836181640625,0.8003692626953125,-0.1196441650390625,-0.12612465023994446,-0.056528788059949875,-0.2512255609035492
1275,1.0688,0.8362,0,1,0.52978515625,0.789398193359375,-0.0662841796875,-0.0419037751853466,-0.4696926772594452,-0.10786228626966476
1276,1.0954,0.8752,0,1,0.5097198486328125,0.817901611328125,0.021453857421875,0.08598122000694275,-0.9962422251701355,0.06259787082672119
1277,1.1213,0.9316,0,1,0.52313232421875,0.8768310546875,0.0686798095703125,0.23967011272907257,-1.3957831859588623,0.273202508687973
1278,1.145,1.0025,0,1,0.5462646484375,0.95745849609375,0.1036834716796875,0.3018762171268463,-1.4789737462997437,0.3922942876815796
1279,1.1647,1.0845,0,1,0.60882568359375,1.0649871826171875,0.095489501953125,0.2196926772594452,-1.129651427268982,0.5394325852394104
1280,1.1788,1.1734,0,1,0.56719970703125,1.1736602783203125,0.0931396484375,0.10624814033508301,-0.4258594214916229,0.6643537878990173
1281,1.1863,1.2647,0,1,0.4961700439453125,1.28857421875,0.0607147216796875,-0.05831896513700485,0.5790340900421143,0.6601728796958923
1282,1.1865,1.3532,0,1,0.3975067138671875,1.2632598876953125,0.124786376953125,-0.2510295510292053,1.0509443283081055,0.5734142661094666
1283,1.1799,1.4332,0,1,0.2589874267578125,1.1259307861328125,0.044769287109375,-0.3847615122795105,1.1887013912200928,0.4905492067337036
1284,1.1673,1.499,0,1,0.0712432861328125,0.9409027099609375,-0.1529998779296875,-0.5536975264549255,1.3871181011199951,0.29987940192222595
1285,1.1503,1.5449,0,1,0.232452392578125,0.8285064697265625,-0.957061767578125,0.5336175560951233,0.720791220664978,0.0530586913228035
1286,1.1304,1.5663,0,1,0.3707427978515625,0.8190765380859375,-0.521331787109375,2.0408878326416016,-0.7850873470306396,0.15575897693634033
1287,1.1092,1.5602,0,1,0.367828369140625,0.8685455322265625,-0.123992919921875,2.17783260345459,-0.6089019775390625,0.04634752497076988
1288,1.0879,1.5257,0,1,0.3707733154296875,0.9506988525390625,0.0446014404296875,1.669933795928955,-0.07268858700990677,0.03309190645813942
1289,1.0672,1.4645,0,1,0.3946533203125,0.9880828857421875,0.0861053466796875,1.2363770008087158,0.0912550762295723,0.08590398728847504
1290,1.0476,1.3804,0,1,0.454345703125,1.005218505859375,0.0253143310546875,1.1208922863006592,-0.11008735746145248,0.21855923533439636
1291,1.029,1.2791,0,1,0.36810302734375,0.9446868896484375,0.057647705078125,1.1600958108901978,-0.37247371673583984,0.17125563323497772
1292,1.0115,1.1677,0,1,0.4200286865234375,0.9959564208984375,-0.0246734619140625,1.110539197921753,-0.38189011812210083,0.23824691772460938
1293,0.995,1.0535,0,1,0.38446044921875,0.9850921630859375,-0.0656890869140625,1.0575401782989502,0.09939183294773102,0.1739148050546646
1294,0.9796,0.9436,0,1,0.399169921875,0.936767578125,-0.0904693603515625,0.8861282467842102,0.33173584938049316,0.16419292986392975
1295,0.9657,0.8443,0,1,0.4006805419921875,0.90838623046875,-0.1639404296875,0.7997307777404785,0.2771463692188263,0.09479495137929916
1296,0.9538,0.7601,0,1,0.4074859619140625,0.875640869140625,-0.2047882080078125,0.7335405349731445,0.17732711136341095,0.08001387864351273
1297,0.9447,0.6937,0,1,0.37335205078125,0.83099365234375,-0.204986572265625,0.6115214228630066,0.2154414802789688,0.06274141371250153
1298,0.9388,0.6455,0,1,0.325164794921875,0.8003692626953125,-0.1639556884765625,0.4615100920200348,0.3049609661102295,0.00595589354634285
1299,0.9366,0.6138,0,1,0.2965850830078125,0.787384033203125,-0.1098785400390625,0.31112140417099,0.32569289207458496,0.0004367584188003093
1300,0.9379,0.5948,0,1,0.2790679931640625,0.8123016357421875,-0.0691070556640625,0.12940938770771027,0.2577548325061798,-0.01836196333169937
1301,0.9424,0.5835,0,1,0.2672119140625,0.8478240966796875,-0.0741729736328125,-0.08085303753614426,-0.14933089911937714,-0.05988463759422302
1302,0.9491,0.5745,0,1,0.3142547607421875,0.8439178466796875,-0.1839447021484375,-0.15660212934017181,-0.7528146505355835,-0.1367061883211136
1303,0.9569,0.5626,0,1,0.4058380126953125,0.819061279296875,-0.3248291015625,-0.10206112265586853,-1.164181113243103,-0.1656869649887085
1304,0.9647,0.5444,0,1,0.50360107421875,0.7907867431640625,-0.4678497314453125,-0.02045494131743908,-1.1062906980514526,-0.1247728243470192
1305,0.9715,0.5184,0,1,0.5482025146484375,0.7774658203125,-0.551513671875,0.14402960240840912,-0.6688989996910095,-0.015023157931864262
1306,0.9766,0.4857,0,1,0.545257568359375,0.77587890625,-0.5002288818359375,0.2487533539533615,-0.15490995347499847,0.023925039917230606
1307,0.9799,0.4495,0,1,0.51898193359375,0.744354248046875,-0.39373779296875,0.2101268768310547,0.04057112708687782,0.06352145224809647
1308,0.9815,0.4142,0,1,0.4869537353515625,0.75341796875,-0.360748291015625,0.1705661416053772,-0.0160111915320158,0.09003482013940811
1309,0.9819,0.3855,0,1,0.478515625,0.7438812255859375,-0.3479766845703125,0.19587789475917816,-0.13339853286743164,0.0784764289855957
1310,0.9817,0.3687,0,1,0.487152099609375,0.7087860107421875,-0.3731689453125,0.1677035093307495,-0.29290536046028137,0.10506090521812439
1311,0.9812,0.3684,0,1,0.496185302734375,0.658538818359375,-0.3943939208984375,0.14770077168941498,-0.39446821808815,0.14848613739013672
1312,0.9808,0.3882,0,1,0.4913177490234375,0.6430511474609375,-0.38507080078125,0.1487513929605484,-0.41387492418289185,0.20089049637317657
1313,0.9802,0.4299,0,1,0.476104736328125,0.633819580078125,-0.375946044921875,0.13822337985038757,-0.371867299079895,0.25581419467926025
1314,0.9793,0.4935,0,1,0.4771728515625,0.639617919921875,-0.4483642578125,0.13267548382282257,-0.3557961881160736,0.3213939964771271
1315,0.9777,0.5773,0,1,0.468841552734375,0.6812744140625,-0.5358123779296875,0.1700092852115631,-0.3077825903892517,0.3831220865249634
1316,0.9754,0.6774,0,1,0.4381561279296875,0.75323486328125,-0.5899505615234375,0.22394388914108276,-0.19181551039218903,0.4029964506626129
1317,0.9727,0.7886,0,1,0.4109039306640625,0.8089752197265625,-0.6425323486328125,0.3870702087879181,-0.12590466439723969,0.38698819279670715
1318,0.9707,0.9046,0,1,0.42596435546875,0.810302734375,-0.6561126708984375,0.6476290822029114,-0.1770634651184082,0.36937057971954346
1319,0.9712,1.0185,0,1,0.508087158203125,0.719024658203125,-0.708892822265625,0.8790764212608337,-0.3282066285610199,0.3809542655944824
1320,0.9764,1.1237,0,1,0.6727142333984375,0.6396331787109375,-0.9291534423828125,1.3092983961105347,-0.24195457994937897,0.47585707902908325
1321,0.9885,1.2146,0,1,0.5908355712890625,0.609100341796875,-0.43878173828125,1.7923502922058105,0.1176707074046135,0.6550981998443604
1322,1.0093,1.2872,0,1,0.3152923583984375,0.5313873291015625,0.1032562255859375,0.8760694861412048,0.8107477426528931,0.5182703137397766
1323,1.0394,1.3392,0,1,0.255279541015625,0.4884033203125,-0.257904052734375,-0.344596266746521,1.1505823135375977,0.30492475628852844
1324,1.0777,1.3703,0,1,-0.0785064697265625,0.6982421875,-0.455352783203125,-0.622925341129303,-0.5673428177833557,-0.07365531474351883
1325,1.1218,1.3819,0,1,0.3479156494140625,0.9180450439453125,0.0733795166015625,-1.099166989326477,-0.5861921310424805,-0.2224450558423996
1326,1.1677,1.3762,0,1,0.3299560546875,1.072601318359375,0.3335113525390625,-1.2963064908981323,-0.6153356432914734,-0.6110657453536987
1327,1.2107,1.3568,0,1,0.67236328125,1.1705780029296875,0.1372222900390625,-1.350890874862671,-0.5383385419845581,-0.6493548154830933
1328,1.2463,1.3273,0,1,1.3306427001953125,1.292510986328125,-0.8159637451171875,-0.5952985286712646,0.5681843757629395,0.398317813873291
1329,1.2706,1.2918,0,1,0.7776336669921875,1.0738067626953125,-0.2629852294921875,0.2548096477985382,1.8761988878250122,0.5469126105308533
1330,1.2811,1.2538,0,1,0.5024871826171875,1.00640869140625,0.0996856689453125,-0.33192867040634155,1.053958773612976,0.017783258110284805
1331,1.2768,1.2167,0,1,0.4023590087890625,1.048431396484375,-0.033355712890625,-0.8413852453231812,0.4862053394317627,0.08005595207214355
1332,1.2585,1.1826,0,1,0.327484130859375,1.17926025390625,-0.164703369140625,-0.9479468464851379,-0.08751280605792999,-0.1183391585946083
1333,1.228,1.1526,0,1,0.353607177734375,1.1533966064453125,-0.106903076171875,-0.9280834197998047,-0.5113535523414612,-0.23224468529224396
1334,1.1883,1.1265,0,1,0.3804779052734375,1.0977630615234375,-0.064910888671875,-0.98037189245224,-0.5826133489608765,-0.3289254307746887
1335,1.1427,1.1033,0,1,0.4374542236328125,1.0285186767578125,-0.1116180419921875,-0.9863253831863403,-0.36730238795280457,-0.37511342763900757
1336,1.0949,1.0812,0,1,0.4811859130859375,0.9481353759765625,-0.176239013671875,-0.9315944910049438,0.1496099978685379,-0.391552597284317
1337,1.0482,1.0582,0,1,0.496856689453125,0.9185791015625,-0.1873016357421875,-0.7972878217697144,0.6759063005447388,-0.4222223460674286
1338,1.0055,1.0324,0,1,0.491363525390625,0.8905029296875,-0.1393890380859375,-0.5810927152633667,0.9105272889137268,-0.3903810679912567
1339,0.969,1.0027,0,1,0.4040679931640625,0.824951171875,-0.1610565185546875,-0.4295803904533386,0.9207615852355957,-0.422112375497818
1340,0.9403,0.9689,0,1,0.3838958740234375,0.7847900390625,-0.163238525390625,-0.42446473240852356,0.8919467329978943,-0.46807587146759033
1341,0.9198,0.9317,0,1,0.39044189453125,0.7796630859375,-0.14508056640625,-0.45874467492103577,0.6428713798522949,-0.4881614148616791
1342,0.9074,0.893,0,1,0.4376678466796875,0.7697906494140625,-0.1052398681640625,-0.5308865308761597,0.2563644051551819,-0.5450159311294556
1343,0.9023,0.8554,0,1,0.5177001953125,0.7622528076171875,-0.092987060546875,-0.5980711579322815,-0.07530487328767776,-0.5297701358795166
1344,0.903,0.822,0,1,0.533966064453125,0.73297119140625,-0.1207733154296875,-0.6677937507629395,-0.16324831545352936,-0.4687666893005371
1345,0.9081,0.7959,0,1,0.5479583740234375,0.724853515625,-0.1322021484375,-0.6915992498397827,-0.09722322225570679,-0.4849807918071747
1346,0.9161,0.7799,0,1,0.5831298828125,0.74542236328125,-0.1661834716796875,-0.6719730496406555,0.0015819176333025098,-0.4182550311088562
1347,0.9257,0.7762,0,1,0.5482330322265625,0.7635498046875,-0.1911163330078125,-0.6258761286735535,0.18979044258594513,-0.34949007630348206
1348,0.9361,0.786,0,1,0.506927490234375,0.79498291015625,-0.22021484375,-0.4771612286567688,0.37796488404273987,-0.3272918462753296
1349,0.947,0.8093,0,1,0.488616943359375,0.8123626708984375,-0.1723480224609375,-0.33984678983688354,0.45010778307914734,-0.2998562157154083
1350,0.9582,0.845,0,1,0.4683685302734375,0.81781005859375,-0.1751861572265625,-0.30357426404953003,0.5937491059303284,-0.3005949854850769
1351,0.9701,0.8908,0,1,0.4495697021484375,0.838287353515625,-0.1698760986328125,-0.38563743233680725,0.8464828133583069,-0.3577216565608978
1352,0.9834,0.9436,0,1,0.46630859375,0.871826171875,-0.1705780029296875,-0.46618369221687317,1.0180977582931519,-0.43102356791496277
1353,0.9984,0.9998,0,1,0.5042877197265625,0.848175048828125,-0.1553955078125,-0.557468593120575,1.0090035200119019,-0.4989171326160431
1354,1.0155,1.0555,0,1,0.5428466796875,0.8126373291015625,-0.1109771728515625,-0.5343502163887024,0.6726718544960022,-0.5417473912239075
1355,1.0347,1.1068,0,1,0.5548095703125,0.781829833984375,-0.0992584228515625,-0.47718971967697144,0.2074194997549057,-0.5300529599189758
1356,1.0554,1.1504,0,1,0.5981597900390625,0.778350830078125,-0.02850341796875,-0.38081231713294983,-0.35926148295402527,-0.41353166103363037
1357,1.0766,1.1836,0,1,0.633056640625,0.805816650390625,0.0340728759765625,-0.3281826674938202,-0.9859179258346558,-0.18853981792926788
1358,1.0969,1.2046,0,1,0.6435089111328125,0.878570556640625,0.076904296875,-0.3755083680152893,-1.4047324657440186,0.12297438830137253
1359,1.1148,1.2133,0,1,0.625,0.9499969482421875,0.090576171875,-0.5727865695953369,-1.62653386592865,0.43929266929626465
1360,1.1287,1.2113,0,1,0.5385589599609375,0.993011474609375,0.0494232177734375,-0.754639208316803,-1.5245848894119263,0.5151070356369019
1361,1.1374,1.202,0,1,0.5106964111328125,1.074005126953125,0.007080078125,-0.8487834930419922,-1.0088080167770386,0.5652444958686829
1362,1.1402,1.1897,0,1,0.487579345703125,1.1297760009765625,-0.07073974609375,-0.5934659838676453,-0.3611541986465454,0.6119656562805176
1363,1.1372,1.1793,0,1,0.414886474609375,1.217193603515625,-0.0760040283203125,-0.050750795751810074,0.3626596927642822,0.5927855372428894
1364,1.1291,1.1753,0,1,0.2371368408203125,1.20208740234375,-0.014007568359375,0.20643892884254456,0.8480881452560425,0.5010841488838196
1365,1.117,1.1806,0,1,0.10284423828125,1.05645751953125,0.0037689208984375,0.09760192036628723,0.8464982509613037,0.33890482783317566
1366,1.1027,1.1963,0,1,0.1171722412109375,0.9198455810546875,-0.208404541015625,0.2515968084335327,0.6506709456443787,0.12146464735269547
1367,1.0875,1.2212,0,1,0.4046478271484375,0.8397369384765625,-0.478729248046875,1.047078251838684,0.1272469013929367,0.07100413739681244
1368,1.0729,1.2529,0,1,0.479949951171875,0.8356170654296875,-0.253082275390625,1.7591640949249268,-0.3638863265514374,0.16969263553619385
1369,1.0595,1.2875,0,1,0.4164276123046875,0.8798065185546875,-0.0526580810546875,1.804496169090271,-0.2756262421607971,0.16089195013046265
1370,1.0475,1.3213,0,1,0.4120941162109375,0.9084320068359375,0.0481109619140625,1.5244616270065308,-0.11294998973608017,0.19061468541622162
1371,1.0365,1.3505,0,1,0.41827392578125,0.9339752197265625,0.1006622314453125,1.2018635272979736,-0.2564866542816162,0.30135291814804077
1372,1.026,1.3723,0,1,0.401336669921875,0.9809417724609375,-0.027923583984375,1.056514024734497,-0.47926992177963257,0.32458794116973877
1373,1.0152,1.3846,0,1,0.399688720703125,1.042633056640625,-0.08843994140625,1.1439381837844849,-0.47205275297164917,0.35839784145355225
1374,1.0034,1.386,0,1,0.3843841552734375,1.05255126953125,-0.114898681640625,1.2167335748672485,-0.26121509075164795,0.28074324131011963
1375,0.9906,1.3759,0,1,0.3539581298828125,0.982177734375,-0.094970703125,1.2655088901519775,0.2381659597158432,0.21902795135974884
1376,0.9769,1.3539,0,1,0.367431640625,0.9420166015625,-0.0777435302734375,1.2052276134490967,0.6490592360496521,0.17295846343040466
1377,0.9631,1.3201,0,1,0.3682861328125,0.8862457275390625,-0.08685302734375,1.1345093250274658,0.949960470199585,0.20130781829357147
1378,0.9502,1.2747,0,1,0.358154296875,0.8432769775390625,-0.08465576171875,1.0628116130828857,1.0460864305496216,0.17071768641471863
1379,0.9392,1.2182,0,1,0.332611083984375,0.7958526611328125,-0.061431884765625,0.9087528586387634,0.7169173955917358,0.09524316340684891
1380,0.9308,1.1512,0,1,0.329986572265625,0.7505645751953125,-0.00567626953125,0.5130393505096436,-0.08461502194404602,-0.030523819848895073
1381,0.9257,1.0744,0,1,0.3618011474609375,0.7617645263671875,-0.039703369140625,0.005179848056286573,-0.8918540477752686,-0.110199473798275
1382,0.9238,0.9887,0,1,0.39776611328125,0.7880859375,-0.0986785888671875,-0.34746235609054565,-1.2322230339050293,-0.15845169126987457
1383,0.9247,0.8955,0,1,0.4720001220703125,0.7917938232421875,-0.1983184814453125,-0.5042863488197327,-1.2084447145462036,-0.11660756915807724
1384,0.9278,0.7966,0,1,0.5393524169921875,0.8038177490234375,-0.310394287109375,-0.3822301924228668,-0.852816104888916,-0.021884260699152946
1385,0.9323,0.6948,0,1,0.4978179931640625,0.81365966796875,-0.3065185546875,-0.17491401731967926,-0.5289474725723267,0.05114307999610901
1386,0.9375,0.5933,0,1,0.400360107421875,0.81671142578125,-0.315673828125,-0.039567381143569946,-0.4715281128883362,0.08853945136070251
1387,0.9429,0.4961,0,1,0.342132568359375,0.806060791015625,-0.36273193359375,0.05182777717709541,-0.5108230710029602,0.027577299624681473
1388,0.9484,0.4071,0,1,0.36322021484375,0.777679443359375,-0.40057373046875,0.13286617398262024,-0.3404206931591034,-0.03508954495191574
1389,0.9542,0.3305,0,1,0.42059326171875,0.7583770751953125,-0.397613525390625,0.20040740072727203,-0.08290846645832062,-0.10007040947675705
1390,0.9607,0.2699,0,1,0.4686431884765625,0.7489013671875,-0.383636474609375,0.23608922958374023,0.07916699349880219,-0.11727362871170044
1391,0.9684,0.2282,0,1,0.51593017578125,0.757720947265625,-0.392669677734375,0.2500165104866028,0.0715990886092186,-0.07362841069698334
1392,0.9779,0.2079,0,1,0.5526580810546875,0.7433929443359375,-0.4128265380859375,0.23158769309520721,0.09255896508693695,-0.013138704933226109
1393,0.9896,0.2102,0,1,0.5836029052734375,0.7243804931640625,-0.39556884765625,0.15557041764259338,0.12347746640443802,0.08181550353765488
1394,1.0035,0.2355,0,1,0.588958740234375,0.686737060546875,-0.367584228515625,0.07796883583068848,0.09624983370304108,0.17682111263275146
1395,1.0189,0.2833,0,1,0.579864501953125,0.651397705078125,-0.3039398193359375,-0.010402839630842209,0.05957704409956932,0.23652546107769012
1396,1.0349,0.3518,0,1,0.5378265380859375,0.65045166015625,-0.274993896484375,-0.12364817410707474,0.09371557086706161,0.28645893931388855
1397,1.0498,0.4384,0,1,0.5052490234375,0.721160888671875,-0.3111114501953125,-0.252956360578537,0.2928611636161804,0.2776225507259369
1398,1.0619,0.5397,0,1,0.5243377685546875,0.7850189208984375,-0.3787384033203125,-0.4148555099964142,0.4422631561756134,0.23101936280727386
1399,1.0694,0.6516,0,1,0.565673828125,0.8057098388671875,-0.410125732421875,-0.5206741094589233,0.2780875563621521,0.18621701002120972
1400,1.071,0.7695,0,1,0.5944061279296875,0.878753662109375,-0.43505859375,-0.5078528523445129,-0.022248048335313797,0.19603368639945984
1401,1.0662,0.8887,0,1,0.6092987060546875,0.98101806640625,-0.4919281005859375,-0.3817897140979767,-0.2536067068576813,0.20074668526649475
1402,1.0558,1.0047,0,1,0.673248291015625,1.0377349853515625,-0.698028564453125,0.014452708885073662,-0.885547399520874,0.37286651134490967
1403,1.0414,1.1134,0,1,0.7488555908203125,0.9454345703125,-0.88568115234375,1.1042075157165527,-1.361809253692627,0.767429530620575
1404,1.0258,1.2118,0,1,0.4574737548828125,0.719635009765625,-0.4452056884765625,1.6377636194229126,-0.933672308921814,0.8510946035385132
1405,1.0118,1.2975,0,1,-0.0207672119140625,0.5064849853515625,0.0703582763671875,0.5987470746040344,0.0665406808257103,0.2800455093383789
1406,1.0023,1.3693,0,1,-0.1537628173828125,0.4677734375,0.0183868408203125,-0.5680104494094849,0.42101407051086426,-0.02793283201754093
1407,0.9992,1.4264,0,1,-0.178192138671875,0.6290740966796875,-0.2406158447265625,-1.1152637004852295,1.0902196168899536,-0.46876561641693115
1408,1.003,1.4683,0,1,0.3785858154296875,0.9423675537109375,0.2068939208984375,-1.0588393211364746,1.165674090385437,-0.8032618165016174
1409,1.0136,1.4947,0,1,0.6793365478515625,1.0792236328125,0.2316436767578125,-0.4796323776245117,-0.19103386998176575,-0.4363440275192261
1410,1.0297,1.5055,0,1,0.711273193359375,1.0323944091796875,0.245269775390625,-0.15741892158985138,-1.343777060508728,-0.0935501903295517
1411,1.0498,1.5007,0,1,0.6862945556640625,0.9079742431640625,0.0420379638671875,-0.2308816909790039,-1.3938274383544922,0.058167699724435806
1412,1.0723,1.4814,0,1,0.897003173828125,0.621124267578125,-0.9975738525390625,-0.540431022644043,2.3395113945007324,0.1185692548751831
1413,1.0959,1.4496,0,1,0.4586334228515625,0.747528076171875,-0.4932098388671875,0.6054028272628784,2.300971269607544,0.29463431239128113
1414,1.1196,1.4082,0,1,0.4403839111328125,0.7819366455078125,0.214874267578125,0.8351148366928101,0.3410255014896393,0.4056202173233032
1415,1.1421,1.3615,0,1,0.3904571533203125,0.8551788330078125,0.215850830078125,0.06065163016319275,-0.6101626753807068,0.2614068388938904
1416,1.1625,1.3139,0,1,0.5455780029296875,0.915283203125,0.0276031494140625,-1.0071582794189453,-0.49117159843444824,0.2703515887260437
1417,1.1794,1.27,0,1,0.571502685546875,0.843170166015625,-0.25091552734375,-0.99814373254776,-0.9594056606292725,0.3104289770126343
1418,1.1911,1.2335,0,1,0.54669189453125,0.9781951904296875,-0.252227783203125,-0.5415681600570679,-1.1421458721160889,0.22535216808319092
1419,1.196,1.2073,0,1,0.5847930908203125,1.184600830078125,-0.0641632080078125,-0.8189060688018799,-0.6612637042999268,-0.015510516241192818
1420,1.1926,1.193,0,1,0.66204833984375,1.1898651123046875,-0.0775909423828125,-1.0574980974197388,-0.5268422365188599,-0.19138062000274658
1421,1.18,1.191,0,1,0.54541015625,1.01239013671875,-0.1632537841796875,-0.9013998508453369,-0.7479099035263062,-0.2660670876502991
1422,1.1579,1.2007,0,1,0.4490509033203125,0.9833526611328125,-0.1486358642578125,-0.8951299786567688,-0.7182388305664062,-0.29486653208732605
1423,1.1269,1.2204,0,1,0.4305419921875,1.054718017578125,-0.0868682861328125,-1.0894241333007812,-0.6005390882492065,-0.3863309323787689
1424,1.089,1.2475,0,1,0.4549102783203125,1.0784454345703125,-0.0400848388671875,-1.2954150438308716,-0.7334817051887512,-0.5232224464416504
1425,1.0467,1.2791,0,1,0.4482269287109375,1.036865234375,-0.14996337890625,-1.2860699892044067,-0.6724694967269897,-0.5304479002952576
1426,1.0035,1.3116,0,1,0.4777374267578125,0.98651123046875,-0.2229156494140625,-0.9898200035095215,-0.25220322608947754,-0.443226158618927
1427,0.9635,1.3412,0,1,0.40557861328125,0.8599395751953125,-0.177001953125,-0.7384013533592224,0.13178865611553192,-0.36859986186027527
1428,0.9305,1.3639,0,1,0.378387451171875,0.761505126953125,-0.1246490478515625,-0.6785880923271179,0.4855254292488098,-0.34576353430747986
1429,0.9078,1.3759,0,1,0.354339599609375,0.7127838134765625,-0.107666015625,-0.7380279898643494,0.7702429294586182,-0.41334229707717896
1430,0.898,1.3742,0,1,0.3423919677734375,0.70220947265625,-0.1179656982421875,-0.8412054777145386,1.019828200340271,-0.4938504695892334
1431,0.9022,1.3576,0,1,0.3450164794921875,0.76739501953125,-0.1835479736328125,-0.9729347825050354,1.496580958366394,-0.5713782906532288
1432,0.9199,1.3269,0,1,0.3566436767578125,0.75982666015625,-0.2119598388671875,-0.9347511529922485,1.7046194076538086,-0.6904146671295166
1433,0.9492,1.2854,0,1,0.4527587890625,0.7234039306640625,-0.24176025390625,-0.6755337119102478,1.4065120220184326,-0.7728400230407715
1434,0.987,1.2391,0,1,0.5797271728515625,0.7392120361328125,-0.192169189453125,-0.4795479476451874,1.0232263803482056,-0.7468577027320862
1435,1.0293,1.1957,0,1,0.6857757568359375,0.7932281494140625,-0.07958984375,-0.3774349093437195,0.3821979761123657,-0.5959911942481995
1436,1.0715,1.1633,0,1,0.7216796875,0.840728759765625,0.0108489990234375,-0.35245978832244873,-0.512335479259491,-0.3178437352180481
1437,1.1095,1.1492,0,1,0.6705780029296875,0.923431396484375,0.01519775390625,-0.42456966638565063,-1.167241096496582,0.04309633746743202
1438,1.1398,1.1581,0,1,0.62890625,1.0735015869140625,-0.0159759521484375,-0.4471718966960907,-1.161088466644287,0.31962352991104126
1439,1.16,1.1917,0,1,0.5682220458984375,1.15216064453125,-0.05157470703125,-0.3312234580516815,-0.6819396615028381,0.3882766366004944
1440,1.1692,1.2478,0,1,0.5349273681640625,1.176666259765625,-0.0735321044921875,-0.09328760206699371,0.03482162952423096,0.5339712500572205
1441,1.1678,1.3201,0,1,0.4308929443359375,1.1681365966796875,-0.10101318359375,0.27671441435813904,0.7118584513664246,0.5546360611915588
1442,1.1574,1.3998,0,1,0.2898101806640625,1.0901336669921875,-0.185394287109375,0.6858052611351013,1.0678319931030273,0.5338125228881836
1443,1.1403,1.4758,0,1,0.1588897705078125,0.9575042724609375,-0.3763427734375,1.3026317358016968,1.0939937829971313,0.4707848131656647
1444,1.1192,1.5374,0,1,0.183807373046875,0.87213134765625,-0.3641204833984375,1.9792224168777466,0.5828312039375305,0.3977881073951721
1445,1.0966,1.5754,0,1,0.2607879638671875,0.8653564453125,-0.169921875,2.1730408668518066,0.14492283761501312,0.3165965974330902
1446,1.0744,1.5834,0,1,0.3466339111328125,0.9248809814453125,-0.032440185546875,1.8803842067718506,-0.08810243010520935,0.2994745969772339
1447,1.0539,1.5589,0,1,0.39080810546875,0.99761962890625,-0.0019073486328125,1.5395725965499878,-0.06163353845477104,0.2912997603416443
1448,1.0356,1.5032,0,1,0.375732421875,1.0143280029296875,0.0101470947265625,1.25593101978302,-0.05501478165388107,0.21435384452342987
1449,1.0195,1.4207,0,1,0.3759613037109375,1.015838623046875,-0.0533294677734375,1.160443902015686,-0.1729496717453003,0.1785351186990738
1450,1.0051,1.318,0,1,0.369354248046875,1.00634765625,-0.0601348876953125,1.1724209785461426,-0.12949487566947937,0.18483030796051025
1451,0.9921,1.2029,0,1,0.366119384765625,1.015655517578125,-0.0302886962890625,1.0883835554122925,0.00782383419573307,0.15988580882549286
1452,0.9799,1.0836,0,1,0.3715972900390625,0.9770050048828125,-0.02911376953125,0.9205224514007568,0.13937146961688995,0.12959794700145721
1453,0.9685,0.9671,0,1,0.3602142333984375,0.8982391357421875,-0.0734710693359375,0.7640340328216553,0.307277113199234,0.12242631614208221
1454,0.9579,0.8593,0,1,0.3405303955078125,0.8367462158203125,-0.0933380126953125,0.678658664226532,0.43059879541397095,0.106229767203331
1455,0.9485,0.7644,0,1,0.332763671875,0.8213348388671875,-0.1014251708984375,0.636591911315918,0.5861247181892395,0.0995606780052185
1456,0.9406,0.6849,0,1,0.32891845703125,0.8256378173828125,-0.1139678955078125,0.5423876643180847,0.6020866632461548,0.06867360323667526
1457,0.9345,0.6217,0,1,0.3529205322265625,0.8658447265625,-0.1492462158203125,0.382926344871521,0.6715722680091858,0.026432938873767853
1458,0.9304,0.5742,0,1,0.3618011474609375,0.8494720458984375,-0.193267822265625,0.2621929943561554,0.6626266837120056,0.00415399856865406
1459,0.9284,0.5407,0,1,0.356170654296875,0.8151397705078125,-0.2179412841796875,0.20730099081993103,0.31932738423347473,0.018145980313420296
1460,0.9283,0.5187,0,1,0.328643798828125,0.78143310546875,-0.23480224609375,0.14994636178016663,-0.20069316029548645,-0.006975085008889437
1461,0.9299,0.505,0,1,0.3089141845703125,0.775543212890625,-0.262115478515625,0.12727166712284088,-0.41601452231407166,-0.09007237106561661
1462,0.9327,0.4959,0,1,0.34521484375,0.781707763671875,-0.358428955078125,0.14877162873744965,-0.425739049911499,-0.20046252012252808
1463,0.9366,0.4883,0,1,0.4458770751953125,0.7596282958984375,-0.4578704833984375,0.316463440656662,-0.41874027252197266,-0.19939886033535004
1464,0.9412,0.4794,0,1,0.519775390625,0.7534942626953125,-0.4754180908203125,0.5323158502578735,-0.14923661947250366,-0.16080832481384277
1465,0.9468,0.4675,0,1,0.564971923828125,0.7505950927734375,-0.4243927001953125,0.6100761294364929,0.2080053985118866,-0.09406337887048721
1466,0.9535,0.4521,0,1,0.6127777099609375,0.7463531494140625,-0.35797119140625,0.5615573525428772,0.19672690331935883,0.09509962052106857
1467,0.9616,0.4341,0,1,0.5892486572265625,0.7120819091796875,-0.3101654052734375,0.4270056486129761,0.01593768782913685,0.11192147433757782
1468,0.9713,0.4154,0,1,0.5980377197265625,0.657928466796875,-0.2616424560546875,0.19923773407936096,-0.21429552137851715,0.058512311428785324
1469,0.9826,0.3989,0,1,0.5618438720703125,0.636138916015625,-0.2832794189453125,-0.017433052882552147,-0.37187421321868896,0.13853630423545837
1470,0.995,0.388,0,1,0.49835205078125,0.621917724609375,-0.3577117919921875,-0.09762562811374664,-0.27332714200019836,0.14947257936000824
1471,1.0075,0.3857,0,1,0.4722137451171875,0.647369384765625,-0.3907470703125,-0.13305871188640594,-0.1366707682609558,0.18262679874897003
1472,1.0184,0.3949,0,1,0.4590606689453125,0.6714630126953125,-0.3850250244140625,-0.2734376788139343,-0.11472924798727036,0.17617475986480713
1473,1.0264,0.4175,0,1,0.4404449462890625,0.690704345703125,-0.371063232421875,-0.4501889944076538,-0.09561813622713089,0.14895033836364746
1474,1.0297,0.4545,0,1,0.42706298828125,0.7229766845703125,-0.5118255615234375,-0.4113854169845581,-0.09277201443910599,0.09558644145727158
1475,1.0279,0.5058,0,1,0.4780426025390625,0.81634521484375,-0.6461639404296875,-0.18738028407096863,0.035403795540332794,0.09749779105186462
1476,1.021,0.5703,0,1,0.6790313720703125,0.9871063232421875,-0.9110107421875,0.3480096459388733,-0.23227611184120178,0.27966731786727905
1477,1.0108,0.6459,0,1,0.8245849609375,1.1045379638671875,-0.7986602783203125,1.107469081878662,-0.4684407114982605,0.646912693977356
1478,1.0,0.7299,0,1,0.71954345703125,1.056304931640625,-0.28076171875,1.0122795104980469,-0.003340669209137559,0.7918390035629272
1479,0.992,0.8185,0,1,0.1967315673828125,0.6258544921875,-0.002655029296875,0.07981999963521957,0.4820140302181244,0.20221568644046783
1480,0.9902,0.9074,0,1,-0.0330963134765625,0.4178619384765625,-0.1363372802734375,-0.3163108229637146,0.04995530843734741,-0.10497142374515533
1481,0.9969,0.9916,0,1,0.070465087890625,0.4160003662109375,-0.30548095703125,-0.2721063494682312,-0.03512869402766228,-0.23454353213310242
1482,1.0128,1.0654,0,1,0.411346435546875,0.5572662353515625,0.278594970703125,-0.18163877725601196,-0.5703859925270081,-0.16114920377731323
1483,1.0367,1.1233,0,1,0.5563201904296875,0.645355224609375,0.2461090087890625,-0.2620214819908142,-1.33182954788208,-0.010522149503231049
1484,1.0655,1.1605,0,1,0.7928009033203125,0.8695068359375,0.0549774169921875,-0.6261293888092041,-1.3305890560150146,0.300252228975296
1485,1.0955,1.1741,0,1,1.1590576171875,1.2215423583984375,-0.7252044677734375,-0.9482715129852295,1.7796735763549805,0.5409785509109497
1486,1.1222,1.1638,0,1,0.73809814453125,1.0615386962890625,-0.1409759521484375,-0.39830318093299866,1.0102474689483643,0.7337514758110046
1487,1.1422,1.132,0,1,0.412261962890625,0.82073974609375,-0.103118896484375,0.15584951639175415,-0.7742853164672852,0.8986448049545288
1488,1.1531,1.0841,0,1,0.13006591796875,0.905670166015625,0.05572509765625,-0.026584206148982048,-0.909913182258606,0.7389094829559326
1489,1.1541,1.0271,0,1,0.125762939453125,1.163177490234375,-0.0728302001953125,-0.4876370429992676,-0.30457428097724915,0.43930572271347046
1490,1.1467,0.969,0,1,0.1156158447265625,1.214202880859375,-0.1813812255859375,-0.6089152693748474,-0.023864053189754486,0.09544768929481506
1491,1.134,0.9175,0,1,0.3468780517578125,1.1524200439453125,-0.085479736328125,-0.5393961071968079,-0.4025636911392212,-0.25711700320243835
1492,1.1209,0.8791,0,1,0.61932373046875,1.1265411376953125,-0.1058349609375,-0.5849034190177917,-0.34841445088386536,-0.41171565651893616
1493,1.1133,0.8579,0,1,0.8043365478515625,1.0633392333984375,-0.1285552978515625,-0.6579807996749878,0.12905998528003693,-0.45561012625694275
1494,1.1174,0.8558,0,1,0.878021240234375,0.9420928955078125,-0.077178955078125,-0.7124301791191101,0.32016390562057495,-0.3312647342681885
1495,1.1387,0.872,0,1,0.7849273681640625,0.8944854736328125,-0.1084442138671875,-0.8042991161346436,0.33910563588142395,-0.3296849727630615
