id,ASVM,GSVM,walking_nonwalking,normal_abnormal,ax,ay,az,gx,gy,gz
1,0.8706,1.4818,0,1,-0.1600494384765625,0.92877197265625,0.0614166259765625,1.0661462545394897,1.155427098274231,0.5130007266998291
2,0.8997,1.5423,0,1,-0.239501953125,1.0124053955078125,-0.2236480712890625,1.230730652809143,1.2579678297042847,0.49088478088378906
3,0.931,1.6009,0,1,-0.33001708984375,1.0904998779296875,-0.2352142333984375,1.230730652809143,1.2579678297042847,0.49088478088378906
4,0.9584,1.6395,0,1,-0.3312225341796875,1.1060791015625,-0.091796875,1.394308090209961,1.7918235063552856,0.3304586112499237
5,0.9776,1.6454,0,1,-0.283050537109375,1.0107269287109375,0.0137939453125,1.2220731973648071,1.776635766029358,0.40103957056999207
6,0.9858,1.6128,0,1,-0.24151611328125,0.909393310546875,0.0701904296875,0.9968885779380798,1.7887715101242065,0.4466797411441803
7,0.9823,1.5428,0,1,-0.1317901611328125,0.8902435302734375,0.064605712890625,0.7586970329284668,1.4855456352233887,0.44452178478240967
8,0.9682,1.4427,0,1,0.0311279296875,0.897125244140625,-0.0623626708984375,0.5899685025215149,1.1003845930099487,0.4044598639011383
9,0.9458,1.3242,0,1,0.1277008056640625,0.897003173828125,-0.0970611572265625,0.5631957054138184,0.5134952664375305,0.3532307744026184
10,0.9186,1.2013,0,1,0.0998077392578125,0.878997802734375,-0.06414794921875,0.5813891291618347,-0.020427510142326355,0.2691797912120819
11,0.8901,1.0872,0,1,0.1000213623046875,0.880767822265625,0.0472412109375,0.2917487621307373,-0.4623037278652191,0.32704630494117737
12,0.8643,0.9932,0,1,0.0573883056640625,0.8490447998046875,0.0352630615234375,-0.13419482111930847,-0.6967124938964844,0.4046814441680908
13,0.8443,0.9267,0,1,-0.00244140625,0.7991790771484375,-0.05126953125,-0.29508861899375916,-0.8639078736305237,0.4548513889312744
14,0.8327,0.8907,0,1,-0.076080322265625,0.7793426513671875,-0.1925201416015625,-0.12447428703308105,-0.784978985786438,0.4140573740005493
15,0.8314,0.8842,0,1,-0.031494140625,0.795196533203125,-0.205474853515625,0.04881574213504791,-0.7238775491714478,0.3338075280189514
16,0.8411,0.9024,0,1,0.1059112548828125,0.797698974609375,-0.1457061767578125,0.04881574213504791,-0.7238775491714478,0.3338075280189514
17,0.8616,0.9382,0,1,0.256988525390625,0.8318328857421875,-0.154815673828125,-0.059301141649484634,-1.0287551879882812,0.2691449224948883
18,0.8919,0.983,0,1,0.246612548828125,0.8425750732421875,-0.24127197265625,-0.26329928636550903,-1.3687825202941895,0.2786382734775543
19,0.9302,1.0284,0,1,0.18927001953125,0.8806610107421875,-0.28399658203125,-0.35414716601371765,-1.1904348134994507,0.250230073928833
20,0.9742,1.0672,0,1,0.1643524169921875,0.9553985595703125,-0.3724517822265625,-0.13284993171691895,-0.9013479351997375,0.18038281798362732
21,1.0213,1.0941,0,1,0.24005126953125,0.9785919189453125,-0.48175048828125,0.04303188994526863,-0.8206797242164612,0.2882208824157715
22,1.0685,1.1063,0,1,0.2296295166015625,0.9607086181640625,-0.462921142578125,-0.08495483547449112,-0.9217807650566101,0.39462774991989136
23,1.113,1.1036,0,1,0.1584625244140625,0.950469970703125,-0.317626953125,-0.44637829065322876,-1.3698976039886475,0.39707571268081665
24,1.1518,1.0881,0,1,0.0312347412109375,0.927276611328125,-0.2372894287109375,-0.6401978135108948,-1.6298812627792358,0.3987519145011902
25,1.1824,1.0639,0,1,-0.0054168701171875,0.873687744140625,-0.2962493896484375,-0.43527451157569885,-1.0106656551361084,0.36652234196662903
26,1.2027,1.036,0,1,-0.101898193359375,1.0611114501953125,-0.207977294921875,-0.13254313170909882,-0.006685866042971611,0.344075083732605
27,1.2113,1.0094,0,1,-0.499420166015625,1.362762451171875,-0.16510009765625,-0.13254313170909882,-0.006685866042971611,0.344075083732605
28,1.2081,0.9881,0,1,-0.750244140625,1.7436981201171875,-0.384124755859375,-0.044371459633111954,-1.0147432088851929,-0.4284914433956146
29,1.1942,0.9746,0,1,-0.52923583984375,1.240509033203125,-0.38067626953125,0.3271602690219879,-0.6256700158119202,-0.3792908489704132
30,1.1716,0.9694,0,1,-0.27264404296875,0.837921142578125,0.0403900146484375,0.35036227107048035,0.7621652483940125,-0.17035309970378876
31,1.1434,0.9713,0,1,-0.124420166015625,0.78955078125,0.369537353515625,0.08017872273921967,1.3908387422561646,-0.07934409379959106
32,1.1129,0.9775,0,1,-0.0719146728515625,0.8480682373046875,0.448028564453125,-0.19041389226913452,1.2162110805511475,-0.10707718133926392
33,1.083,0.9848,0,1,-0.0568389892578125,0.8916473388671875,0.4277801513671875,-0.4131564199924469,0.6028783917427063,-0.27891552448272705
34,1.0562,0.9894,0,1,-0.041656494140625,0.9214324951171875,0.3237152099609375,-0.47572606801986694,-0.0005315669695846736,-0.5356876850128174
35,1.0338,0.9883,0,1,0.0470733642578125,0.983917236328125,0.237548828125,-0.3770436942577362,-0.4928610920906067,-0.6117722988128662
36,1.0165,0.9793,0,1,0.158843994140625,1.0294189453125,0.1516876220703125,-0.5084376335144043,-0.7937759160995483,-0.46576717495918274
37,1.0041,0.9615,0,1,0.2317047119140625,1.036468505859375,-0.305267333984375,-1.59926438331604,0.20128197968006134,-0.3002716898918152
38,0.9958,0.9357,0,1,0.2505645751953125,1.026031494140625,-0.343994140625,-1.2971810102462769,0.7094669342041016,0.02845134772360325
39,0.9909,0.9043,0,1,0.157470703125,1.0078277587890625,-0.172088623046875,-0.30204588174819946,0.5308569669723511,0.14988456666469574
40,0.9882,0.8707,0,1,0.0779876708984375,1.006622314453125,0.0318145751953125,0.001654355670325458,0.3833463191986084,0.09971434623003006
41,0.987,0.8386,0,1,0.0113372802734375,0.9853973388671875,0.1220703125,-0.41525793075561523,0.2183203548192978,0.012897156178951263
42,0.9867,0.8118,0,1,-0.0019378662109375,0.9605560302734375,0.111907958984375,-0.72065669298172,-0.18633338809013367,-0.12950952351093292
43,0.9867,0.7932,0,1,0.0067901611328125,0.9236602783203125,0.055511474609375,-0.6954781413078308,-0.5021334290504456,-0.2579346001148224
44,0.9866,0.7847,0,1,0.030426025390625,0.9351806640625,0.035369873046875,-0.6552444100379944,-0.5820721983909607,-0.3224653899669647
45,0.9863,0.7871,0,1,0.048187255859375,0.976287841796875,0.0143890380859375,-0.690096914768219,-0.5384437441825867,-0.3451235592365265
46,0.9854,0.7998,0,1,0.051055908203125,0.9966583251953125,-0.0174102783203125,-0.690096914768219,-0.5384437441825867,-0.3451235592365265
47,0.9837,0.8214,0,1,0.0160980224609375,1.0028839111328125,-0.0287322998046875,-0.6282785534858704,-0.18591846525669098,-0.2558099329471588
48,0.9811,0.8491,0,1,-0.032745361328125,0.97174072265625,-0.02093505859375,-0.6282785534858704,-0.18591846525669098,-0.2558099329471588
49,0.9775,0.8794,0,1,-0.0777130126953125,0.952789306640625,0.0239105224609375,-0.5398815870285034,0.39741605520248413,-0.2924156188964844
50,0.9732,0.908,0,1,-0.106719970703125,0.9413604736328125,0.052886962890625,-0.6115214228630066,0.4626331627368927,-0.37692731618881226
51,0.9686,0.9306,0,1,-0.1143646240234375,0.9522705078125,0.0135650634765625,-0.6741541624069214,0.39779582619667053,-0.47981107234954834
52,0.9644,0.9428,0,1,-0.074005126953125,1.00579833984375,-0.0530853271484375,-0.6910532712936401,0.363834410905838,-0.5505614280700684
53,0.9619,0.9414,0,1,0.009063720703125,1.0344696044921875,-0.1040802001953125,-0.6910532712936401,0.363834410905838,-0.5505614280700684
54,0.9621,0.9244,0,1,0.063873291015625,1.001617431640625,-0.041839599609375,-0.49989745020866394,0.644727349281311,-0.590795636177063
55,0.9668,0.8921,0,1,0.08453369140625,0.9640350341796875,0.037261962890625,-0.4063906669616699,0.6653207540512085,-0.6775683760643005
56,0.9773,0.8466,0,1,0.132354736328125,0.9867095947265625,0.168243408203125,-0.2622992694377899,0.43578317761421204,-0.7082325220108032
57,0.9948,0.7929,0,1,0.1496429443359375,0.9918212890625,0.1865692138671875,-0.3410388231277466,0.38514795899391174,-0.6933622360229492
58,1.0199,0.7375,0,1,0.1719207763671875,0.976776123046875,0.1831512451171875,-0.3410388231277466,0.38514795899391174,-0.6933622360229492
59,1.0526,0.6889,0,1,0.17303466796875,0.9632415771484375,0.197479248046875,-0.5359771251678467,0.11386159062385559,-0.5751479864120483
60,1.0918,0.6561,0,1,0.134796142578125,0.9187774658203125,0.1442413330078125,-0.5559854507446289,0.1683109849691391,-0.5148782730102539
61,1.1351,0.6476,0,1,0.1288299560546875,0.99853515625,0.0949554443359375,-0.5559854507446289,0.1683109849691391,-0.5148782730102539
62,1.1797,0.6705,0,1,0.1287384033203125,1.0868682861328125,0.0552825927734375,-0.5223265886306763,0.3167142868041992,-0.17867626249790192
63,1.2218,0.7292,0,1,0.1651153564453125,1.142913818359375,0.049560546875,-0.2848735451698303,0.13305045664310455,-0.05788620188832283
64,1.2576,0.8242,0,1,0.2547607421875,1.294952392578125,0.0675811767578125,-0.1471305936574936,-0.2468279004096985,0.27247360348701477
65,1.2836,0.9522,0,1,0.117034912109375,1.4101104736328125,-0.1265106201171875,-0.31830766797065735,-0.22127220034599304,0.5452276468276978
66,1.2971,1.1057,0,1,-0.0437469482421875,1.4832305908203125,-0.3739776611328125,0.35788676142692566,-0.3519923985004425,0.34494754672050476
67,1.2969,1.2737,0,1,-0.0238494873046875,1.4749755859375,-0.2094268798828125,1.4426625967025757,-0.6892148852348328,0.23506364226341248
68,1.2831,1.4431,0,1,-0.08203125,1.31634521484375,0.0352325439453125,1.781317114830017,-0.8837921023368835,0.30859723687171936
69,1.2571,1.6003,0,1,-0.1240081787109375,1.212615966796875,0.0820465087890625,1.7607395648956299,-0.9113640785217285,0.29380738735198975
70,1.2215,1.7321,0,1,-0.1237335205078125,1.11444091796875,0.1028289794921875,1.5987573862075806,-0.53602135181427,0.38322460651397705
71,1.1793,1.8277,0,1,-0.2216339111328125,0.997222900390625,0.1446685791015625,1.2627055644989014,0.37691184878349304,0.3851415514945984
72,1.134,1.8792,0,1,-0.252899169921875,0.94097900390625,0.1122283935546875,1.0257338285446167,1.4376164674758911,0.37022706866264343
73,1.0884,1.8824,0,1,-0.323974609375,0.922454833984375,0.107513427734375,0.9978986978530884,1.97412109375,0.3658062219619751
74,1.0449,1.8369,0,1,-0.3551788330078125,0.983154296875,0.02911376953125,1.0920650959014893,1.7457630634307861,0.3784964382648468
75,1.0054,1.7465,0,1,-0.371978759765625,1.0316619873046875,-0.203948974609375,1.3658047914505005,1.217917561531067,0.34851589798927307
76,0.971,1.6181,0,1,-0.49273681640625,1.003814697265625,-0.0435791015625,1.2425686120986938,0.8244177103042603,0.10346966981887817
77,0.9421,1.4617,0,1,-0.4816436767578125,0.9006195068359375,0.1046142578125,0.8312247395515442,0.7860453128814697,-0.034323886036872864
78,0.9188,1.2887,0,1,-0.350921630859375,0.816009521484375,0.13385009765625,0.5934300422668457,1.0182700157165527,0.08035556226968765
79,0.901,1.1116,0,1,-0.2310333251953125,0.76177978515625,0.068115234375,0.6104777455329895,1.1214888095855713,0.20149530470371246
80,0.888,0.9424,0,1,-0.0977935791015625,0.7736968994140625,-0.0160369873046875,0.6285158395767212,1.0651531219482422,0.19214734435081482
81,0.879,0.7917,0,1,0.02984619140625,0.872833251953125,-0.0370330810546875,0.38046637177467346,0.6527085304260254,0.19202536344528198
82,0.8732,0.668,0,1,0.06451416015625,0.896026611328125,-0.073974609375,0.1417081356048584,0.2961917221546173,0.21530592441558838
83,0.8699,0.5772,0,1,0.0152587890625,0.87603759765625,-0.056732177734375,0.1055554524064064,-0.0012948289513587952,0.2719513475894928
84,0.8686,0.5215,0,1,-0.0344085693359375,0.859710693359375,-0.089813232421875,0.1859256625175476,0.061535533517599106,0.28040850162506104
85,0.869,0.5,0,1,-0.0453948974609375,0.8585205078125,0.0211639404296875,0.06727784126996994,0.07130827009677887,0.3037601411342621
86,0.8717,0.509,0,1,0.0339202880859375,0.915374755859375,0.0961456298828125,-0.24964897334575653,-0.4078926742076874,0.37424522638320923
87,0.8774,0.5422,0,1,0.1782989501953125,1.0158538818359375,-0.17523193359375,-0.4269225597381592,-0.7022963762283325,0.4760461747646332
88,0.8875,0.592,0,1,0.053009033203125,0.9523162841796875,-0.43218994140625,-0.044140830636024475,-0.40839123725891113,0.40319326519966125
89,0.9034,0.6505,0,1,0.0172882080078125,0.86956787109375,-0.3259124755859375,0.32417672872543335,-0.502768337726593,0.27413487434387207
90,0.9264,0.71,0,1,0.028228759765625,0.78564453125,-0.1931304931640625,0.23410090804100037,-0.7820066213607788,0.2018420398235321
91,0.9573,0.7641,0,1,0.0668487548828125,0.744110107421875,-0.1816253662109375,-0.07658691704273224,-0.6805015802383423,0.17405089735984802
92,0.996,0.8082,0,1,0.1351318359375,0.802520751953125,-0.1891632080078125,-0.30017074942588806,-0.5813973546028137,0.1521887332201004
93,1.0412,0.8398,0,1,0.211944580078125,0.929290771484375,-0.259552001953125,-0.30017074942588806,-0.5813973546028137,0.1521887332201004
94,1.0905,0.8585,0,1,0.300537109375,1.0078887939453125,-0.3642730712890625,-0.2724491059780121,-0.8860600590705872,0.13088105618953705
95,1.1406,0.8663,0,1,0.36126708984375,1.031158447265625,-0.3900909423828125,-0.2203451544046402,-1.296191692352295,0.31337735056877136
96,1.1876,0.8668,0,1,0.3091888427734375,1.0338134765625,-0.446624755859375,-0.20432943105697632,-1.0048245191574097,0.3876183032989502
97,1.2275,0.8653,0,1,0.21075439453125,1.0859527587890625,-0.443939208984375,-0.20432943105697632,-1.0048245191574097,0.3876183032989502
98,1.2568,0.8672,0,1,0.0295257568359375,1.2083587646484375,-0.277984619140625,0.11951600760221481,-0.5760923624038696,0.47127270698547363
99,1.2729,0.8776,0,1,-0.4638214111328125,1.1406097412109375,0.0406646728515625,0.3212917447090149,0.011949603445827961,0.32019397616386414
100,1.2746,0.8998,0,1,-0.9683380126953125,1.5416412353515625,-0.0794677734375,0.2885039746761322,0.4131332337856293,-0.07744951546192169
101,1.2623,0.9349,0,1,-1.04150390625,1.176910400390625,-0.425537109375,0.11403495818376541,-0.5928223133087158,-0.0984855592250824
102,1.2379,0.9812,0,1,-0.6484375,0.6718292236328125,-0.01824951171875,-0.30017420649528503,0.5472913384437561,-0.14420750737190247
103,1.2044,1.0347,0,1,-0.294342041015625,0.770965576171875,0.4548797607421875,-0.4742274880409241,1.5088903903961182,-0.3916220963001251
104,1.1657,1.0892,0,1,-0.1861724853515625,0.946319580078125,0.424713134765625,-0.35631096363067627,1.2987126111984253,-0.44173240661621094
105,1.1255,1.1379,0,1,-0.14971923828125,1.0408935546875,0.38531494140625,-0.11836366355419159,0.6549554467201233,-0.537294328212738
106,1.0874,1.1739,0,1,-0.0729522705078125,1.070709228515625,0.3390350341796875,-0.11836366355419159,0.6549554467201233,-0.537294328212738
107,1.0539,1.1917,0,1,0.0336151123046875,0.9935455322265625,0.3040008544921875,-0.12500612437725067,-0.5953232645988464,-0.7489562630653381
108,1.0268,1.1879,0,1,0.2412261962890625,0.8099822998046875,0.059783935546875,-1.2920712232589722,-0.3490413427352905,-1.018020510673523
109,1.0067,1.1617,0,1,0.4509429931640625,0.9290924072265625,-0.116485595703125,-2.1478116512298584,0.10005229711532593,-0.649806797504425
110,0.9935,1.1158,0,1,0.2907257080078125,0.970123291015625,-0.2452545166015625,-1.3834693431854248,-0.1395517736673355,0.001972869737073779
111,0.986,1.0551,0,1,-0.0155029296875,0.999847412109375,-0.18548583984375,-0.455140084028244,-0.3391229212284088,0.14823554456233978
112,0.983,0.987,0,1,-0.164306640625,1.041351318359375,-0.020660400390625,-0.437915563583374,-0.30687230825424194,0.10777626186609268
113,0.9827,0.9195,0,1,-0.2115325927734375,1.0053558349609375,0.0574798583984375,-0.6294106841087341,-0.357524037361145,-0.04465029388666153
114,0.9838,0.8601,0,1,-0.1374664306640625,0.9769744873046875,0.1213531494140625,-0.6294106841087341,-0.357524037361145,-0.04465029388666153
115,0.9851,0.8151,0,1,-0.05267333984375,0.9581756591796875,0.1501617431640625,-0.5709436535835266,-0.35033270716667175,-0.3847620487213135
116,0.9856,0.7884,0,1,0.02960205078125,0.980072021484375,0.122528076171875,-0.5568978786468506,-0.3161576986312866,-0.42994844913482666
117,0.9852,0.7817,0,1,0.1080474853515625,0.9727325439453125,0.144287109375,-0.6575749516487122,-0.33379608392715454,-0.38388481736183167
118,0.9839,0.7937,0,1,0.0834503173828125,0.955718994140625,0.07464599609375,-0.837958812713623,-0.28709036111831665,-0.27890700101852417
119,0.982,0.821,0,1,-0.003082275390625,0.9486083984375,0.00701904296875,-0.7919591069221497,-0.1598794162273407,-0.23098447918891907
120,0.9804,0.8584,0,1,-0.1065216064453125,0.967529296875,-0.0058441162109375,-0.678656280040741,0.034695129841566086,-0.22419901192188263
121,0.98,0.8995,0,1,-0.1990203857421875,0.9739837646484375,0.05926513671875,-0.6324211359024048,0.17166949808597565,-0.337124764919281
122,0.9818,0.9372,0,1,-0.1918792724609375,0.99652099609375,0.1404876708984375,-0.6489362120628357,0.2875867784023285,-0.46285951137542725
123,0.9868,0.9653,0,1,-0.2064666748046875,0.943634033203125,0.1074066162109375,-0.7106624245643616,0.3893994092941284,-0.5444249510765076
124,0.9959,0.9787,0,1,-0.108978271484375,1.0060272216796875,-0.008209228515625,-0.6229517459869385,0.4997254014015198,-0.584970235824585
125,1.0098,0.9746,0,1,-0.05255126953125,1.039398193359375,-0.0507659912109375,-0.5953957438468933,0.7564985752105713,-0.6400446891784668
126,1.0287,0.9531,0,1,-0.0180511474609375,1.001739501953125,0.01165771484375,-0.5789682865142822,0.9036177396774292,-0.7300946712493896
127,1.0526,0.9175,0,1,0.054656982421875,1.010589599609375,0.1231842041015625,-0.4050220549106598,0.8108225464820862,-0.7447591423988342
128,1.0806,0.8742,0,1,0.1241455078125,1.0548248291015625,0.19256591796875,-0.36932849884033203,0.6728900074958801,-0.7138986587524414
129,1.1116,0.8315,0,1,0.19708251953125,1.0578155517578125,0.179962158203125,-0.36918070912361145,0.5118529200553894,-0.6719003319740295
130,1.1439,0.7995,0,1,0.2411346435546875,1.045440673828125,0.199554443359375,-0.2747647166252136,0.07861758023500443,-0.5938960909843445
131,1.1753,0.7877,0,1,0.1860198974609375,1.0392303466796875,0.1252593994140625,-0.45847463607788086,-0.10342598706483841,-0.43766307830810547
132,1.2038,0.8044,0,1,0.1534576416015625,1.14111328125,0.02349853515625,-0.5078248977661133,-0.2039099931716919,-0.19316333532333374
133,1.2272,0.8547,0,1,0.1034393310546875,1.246307373046875,-0.048675537109375,-0.2306923270225525,-0.21786415576934814,0.029143238440155983
134,1.2439,0.9407,0,1,-0.01043701171875,1.3599090576171875,-0.03729248046875,0.10326860100030899,-0.49319958686828613,0.29191040992736816
135,1.2529,1.06,0,1,-0.208526611328125,1.478851318359375,-0.0366973876953125,0.4361075460910797,-0.945835530757904,0.2978793680667877
136,1.254,1.2071,0,1,-0.2428741455078125,1.395263671875,-0.0924530029296875,1.0673222541809082,-1.065843939781189,-0.08599639683961868
137,1.2479,1.3734,0,1,-0.0262603759765625,1.290313720703125,0.0502166748046875,1.4946861267089844,-0.6963703036308289,0.09246708452701569
138,1.2356,1.5484,0,1,0.0021514892578125,1.1502532958984375,0.1317291259765625,1.6734724044799805,-0.505603551864624,0.5607900619506836
139,1.2184,1.7209,0,1,-0.081207275390625,1.0223236083984375,0.1765289306640625,1.6734724044799805,-0.505603551864624,0.5607900619506836
140,1.1977,1.8796,0,1,-0.150482177734375,0.9374542236328125,0.1966552734375,1.6711926460266113,-0.5528895258903503,0.9051637053489685
141,1.1742,2.0142,0,1,-0.279632568359375,0.8882598876953125,0.135498046875,1.4567424058914185,-0.1189919039607048,0.7275646924972534
142,1.1482,2.1157,0,1,-0.4372711181640625,0.986541748046875,0.06439208984375,1.2324821949005127,0.9785228967666626,0.49120327830314636
143,1.1195,2.1773,0,1,-0.7259674072265625,1.043426513671875,-0.0334320068359375,1.1493422985076904,2.031618595123291,0.14574627578258514
144,1.0879,2.1945,0,1,-0.9391632080078125,1.03582763671875,-0.1321563720703125,1.3048226833343506,1.8843947649002075,-0.1774996817111969
145,1.0533,2.1663,0,1,-0.746124267578125,0.9624786376953125,-0.047637939453125,1.2460163831710815,1.4858747720718384,-0.01666925847530365
146,1.016,2.0948,0,1,-0.5084075927734375,0.8633575439453125,-0.005157470703125,0.9674957990646362,1.6329432725906372,0.31580057740211487
147,0.9769,1.9862,0,1,-0.33953857421875,0.8090362548828125,-0.058929443359375,0.7119231224060059,2.173464775085449,0.3686760365962982
148,0.9376,1.8504,0,1,-0.1354217529296875,0.83038330078125,-0.111083984375,0.6717328429222107,2.5918455123901367,0.34215760231018066
149,0.8998,1.7002,0,1,-0.072479248046875,0.844146728515625,-0.0340423583984375,0.7314518094062805,2.4743409156799316,0.3630234897136688
150,0.8659,1.5504,0,1,-0.0482177734375,0.821136474609375,0.1416473388671875,0.7466081380844116,1.4960845708847046,0.3393772542476654
151,0.8383,1.4157,0,1,-0.03741455078125,0.8214874267578125,0.1615447998046875,0.4215483069419861,0.36041492223739624,0.21869052946567535
152,0.8192,1.3089,0,1,0.083984375,0.866485595703125,0.128570556640625,-0.02383289486169815,-0.4894977807998657,0.19531942903995514
153,0.8108,1.2387,0,1,0.249237060546875,0.899505615234375,-0.0637664794921875,-0.29917553067207336,-0.8766774535179138,0.22003649175167084
154,0.8147,1.2084,0,1,0.357574462890625,0.8150634765625,-0.27996826171875,-0.29917553067207336,-0.8766774535179138,0.22003649175167084
155,0.8319,1.2152,0,1,0.288421630859375,0.7233734130859375,-0.1840057373046875,-0.09170302003622055,-0.12937264144420624,0.524520218372345
156,0.8627,1.251,0,1,0.21636962890625,0.6924285888671875,-0.0806732177734375,0.012745089828968048,-0.8407727479934692,0.34904399514198303
157,0.906,1.3036,0,1,0.1292724609375,0.7712860107421875,-0.1521759033203125,0.13717490434646606,-1.794697880744934,0.14565972983837128
158,0.9598,1.3589,0,1,0.0135955810546875,0.8797149658203125,-0.2793121337890625,0.24198174476623535,-1.9863948822021484,0.08689814805984497
159,1.0208,1.4033,0,1,0.016693115234375,0.9349212646484375,-0.3370819091796875,0.22175662219524384,-1.6981487274169922,0.157931849360466
160,1.0847,1.4257,0,1,0.13128662109375,0.9362030029296875,-0.239044189453125,-0.038963910192251205,-1.4640789031982422,0.2515467405319214
161,1.1466,1.4197,0,1,0.1660919189453125,0.9978790283203125,-0.2348175048828125,-0.21319882571697235,-1.5273643732070923,0.29578185081481934
162,1.2015,1.3838,0,1,0.0628204345703125,1.1376190185546875,-0.391326904296875,-0.0960405096411705,-1.7388622760772705,0.33846327662467957
163,1.245,1.322,0,1,-0.1244964599609375,1.3629913330078125,-0.4099578857421875,-0.036130040884017944,-1.681902289390564,0.5026559233665466
164,1.2737,1.2427,0,1,-0.34930419921875,1.231201171875,-0.265380859375,0.018018947914242744,-1.003915548324585,0.6848267912864685
165,1.2859,1.1571,0,1,-0.631988525390625,1.2997283935546875,-0.151092529296875,0.11035527288913727,0.6950746774673462,0.5709228515625
166,1.2815,1.0778,0,1,-1.1616668701171875,1.2021484375,-0.2724151611328125,0.09392942488193512,0.9337146282196045,0.24456660449504852
167,1.2625,1.016,0,1,-1.0534515380859375,0.7529754638671875,-0.2055511474609375,-0.03315156325697899,-0.6331769227981567,0.06843338906764984
168,1.232,0.98,0,1,-0.51556396484375,0.7696380615234375,0.141448974609375,-0.20194697380065918,0.06102686747908592,-0.2313791662454605
169,1.1943,0.9738,0,1,-0.184173583984375,0.9359893798828125,0.3401336669921875,-0.05270635336637497,1.0237455368041992,-0.380460262298584
170,1.1539,0.9966,0,1,-0.123291015625,0.9525909423828125,0.470306396484375,0.021650167182087898,1.0021882057189941,-0.38368189334869385
171,1.1149,1.0428,0,1,-0.0748443603515625,1.001434326171875,0.5042266845703125,-0.13667236268520355,0.47647759318351746,-0.40435200929641724
172,1.0804,1.1028,0,1,0.013397216796875,0.995635986328125,0.426300048828125,-0.2842157483100891,-0.07511285692453384,-0.42964911460876465
173,1.0526,1.165,0,1,0.0666961669921875,0.9024810791015625,0.348419189453125,-0.5434888601303101,-0.5779078006744385,-0.5143749117851257
174,1.0322,1.2178,0,1,0.1199188232421875,0.839996337890625,0.31085205078125,-0.9655759334564209,-1.0669398307800293,-0.5548152923583984
175,1.0189,1.2511,0,1,0.1815032958984375,0.906951904296875,0.0134124755859375,-2.441267728805542,-0.5770742297172546,-0.6380763649940491
176,1.0115,1.2586,0,1,0.237640380859375,1.1024932861328125,-0.3460540771484375,-2.5880041122436523,-0.1127593070268631,-0.1666363775730133
177,1.0081,1.2388,0,1,-0.0135040283203125,1.0897216796875,-0.4844970703125,-1.187561273574829,-0.24836772680282593,0.06118665635585785
178,1.007,1.1945,0,1,-0.183563232421875,1.055267333984375,-0.2542266845703125,-0.1740705966949463,-0.2075878083705902,-0.20434167981147766
179,1.0064,1.1327,0,1,-0.107574462890625,0.99713134765625,0.1510009765625,-0.1740705966949463,-0.2075878083705902,-0.20434167981147766
180,1.0051,1.0623,0,1,-0.0760650634765625,0.951324462890625,0.1817474365234375,-0.7478041648864746,-1.1627819538116455,-0.2905934751033783
181,1.0024,0.9931,0,1,-0.0778045654296875,0.94793701171875,0.065643310546875,-0.7549177408218384,-0.6123049259185791,-0.25467437505722046
182,0.9982,0.934,0,1,-0.0595855712890625,0.973114013671875,0.037841796875,-0.6200893521308899,0.18044833838939667,-0.1737816482782364
183,0.9929,0.8918,0,1,-0.0983428955078125,0.977447509765625,0.0380706787109375,-0.552165687084198,0.5560033321380615,-0.25364238023757935
184,0.987,0.8704,0,1,-0.086822509765625,0.98297119140625,0.0736541748046875,-0.545058012008667,0.37839365005493164,-0.3460250496864319
185,0.9815,0.8705,0,1,-0.10552978515625,0.930145263671875,0.0465850830078125,-0.6743725538253784,0.22160190343856812,-0.43644842505455017
186,0.9776,0.8896,0,1,-0.0706634521484375,0.9345703125,0.0293731689453125,-0.5634423494338989,0.08128606528043747,-0.4902155101299286
187,0.9762,0.9227,0,1,-0.0983734130859375,0.993743896484375,0.113189697265625,-0.4735739529132843,0.06625998020172119,-0.5818807482719421
188,0.9786,0.9631,0,1,-0.1097564697265625,1.0274200439453125,0.1396026611328125,-0.6239765286445618,0.3036102056503296,-0.6568335294723511
189,0.9857,1.0036,0,1,-0.075347900390625,1.02734375,0.1395721435546875,-0.7214354276657104,0.6700787544250488,-0.6804986596107483
190,0.9984,1.0377,0,1,-0.0566558837890625,1.008209228515625,0.09490966796875,-0.7355613708496094,1.0238429307937622,-0.6987966895103455
191,1.0171,1.0604,0,1,-0.0106353759765625,1.0102386474609375,0.064666748046875,-0.5788239240646362,1.0594265460968018,-0.735884428024292
192,1.042,1.0693,0,1,0.070648193359375,1.0025787353515625,0.1014251708984375,-0.3477606177330017,0.6221833825111389,-0.7701818943023682
193,1.0726,1.0648,0,1,0.158355712890625,1.0045166015625,0.1522216796875,-0.31332647800445557,0.06791433691978455,-0.7645847797393799
194,1.1079,1.0497,0,1,0.2176055908203125,1.0122222900390625,0.21307373046875,-0.42058104276657104,-0.47071877121925354,-0.7006467580795288
195,1.1462,1.0291,0,1,0.1928863525390625,1.0060577392578125,0.2202606201171875,-0.8318759202957153,-0.730285108089447,-0.5641555190086365
196,1.1855,1.0095,0,1,0.0962371826171875,1.1000213623046875,0.080841064453125,-1.1798245906829834,-0.6955561637878418,-0.321248322725296
197,1.2234,0.9978,0,1,-0.0809478759765625,1.2943878173828125,-0.0740203857421875,-0.896693229675293,-0.5338767170906067,-0.13189198076725006
198,1.2574,1.0005,0,1,-0.2520294189453125,1.344818115234375,-0.1439208984375,-0.22645604610443115,-0.15143053233623505,-0.06980571150779724
199,1.2852,1.0229,0,1,-0.338104248046875,1.317291259765625,-0.117431640625,0.3094225525856018,0.08345947414636612,-0.009149822406470776
200,1.3052,1.0681,0,1,-0.2417144775390625,1.3242034912109375,0.064239501953125,0.9027631282806396,-0.46259719133377075,0.023919448256492615
201,1.316,1.1372,0,1,-0.032318115234375,1.3769378662109375,0.2144775390625,1.3026645183563232,-1.0320484638214111,0.1016232967376709
202,1.317,1.2287,0,1,0.0344085693359375,1.26312255859375,0.2607421875,1.3796240091323853,-0.8161693811416626,0.3402952551841736
203,1.3083,1.3395,0,1,-0.0154876708984375,1.1367340087890625,0.317657470703125,1.3205409049987793,-0.45040446519851685,0.7548413276672363
204,1.2902,1.4645,0,1,-0.153228759765625,1.0781707763671875,0.3144989013671875,1.1851027011871338,-0.04791319742798805,1.1745160818099976
205,1.2637,1.5973,0,1,-0.429962158203125,1.0176239013671875,0.2888336181640625,0.9846159219741821,0.329425573348999,1.1471872329711914
206,1.2299,1.7302,0,1,-0.833526611328125,0.9067230224609375,0.1932373046875,0.732598066329956,0.7557425498962402,0.4192502498626709
207,1.1902,1.8542,0,1,-1.29595947265625,0.8418426513671875,-0.2010650634765625,1.170586347579956,0.5140087008476257,-0.6312301754951477
208,1.1466,1.9599,0,1,-0.9625396728515625,0.9302520751953125,-0.12139892578125,1.6182770729064941,0.1727217137813568,-0.4495362639427185
209,1.1009,2.0381,0,1,-0.7432403564453125,0.7799835205078125,0.0165557861328125,1.1626874208450317,1.3105522394180298,0.04766472429037094
210,1.0553,2.0808,0,1,-0.4490203857421875,0.7674407958984375,0.0103759765625,1.1626874208450317,1.3105522394180298,0.04766472429037094
211,1.0115,2.0831,0,1,-0.208038330078125,0.813720703125,0.051849365234375,0.8566462397575378,2.8980929851531982,0.39823126792907715
212,0.9712,2.0439,0,1,-0.0968170166015625,0.8198089599609375,0.147491455078125,1.076163411140442,2.5722203254699707,0.5049678087234497
213,0.9352,1.9667,0,1,-0.1800079345703125,0.8043975830078125,0.14813232421875,1.2157695293426514,2.3521246910095215,0.3328930139541626
214,0.9041,1.8596,0,1,-0.089874267578125,0.8915252685546875,0.0880584716796875,1.1263421773910522,2.1132380962371826,0.3320639729499817
215,0.8783,1.7344,0,1,-0.0226287841796875,0.91363525390625,0.145050048828125,0.6758458018302917,1.518789529800415,0.40624791383743286
216,0.858,1.6044,0,1,-0.0136566162109375,0.921234130859375,0.2354278564453125,0.1150437667965889,0.3201298117637634,0.45289236307144165
217,0.8437,1.4826,0,1,-0.0041656494140625,0.9499664306640625,0.1342926025390625,-0.41302379965782166,-0.33212095499038696,0.5924007296562195
218,0.8365,1.3792,0,1,0.1608123779296875,1.007720947265625,-0.0558013916015625,-0.6882857084274292,-0.23251792788505554,0.8202826380729675
219,0.8377,1.3003,0,1,0.193817138671875,1.0044097900390625,-0.3183746337890625,-0.6882857084274292,-0.23251792788505554,0.8202826380729675
220,0.8491,1.2473,0,1,0.0195465087890625,0.8673553466796875,-0.2819366455078125,-0.14161039888858795,0.3827652335166931,0.8096536993980408
221,0.8721,1.2169,0,1,-0.020843505859375,0.7527008056640625,-0.1589202880859375,0.14157576858997345,-0.6386880874633789,0.6540619730949402
222,0.9077,1.2025,0,1,0.0504608154296875,0.64617919921875,-0.112396240234375,0.2753303647041321,-1.4845376014709473,0.4766507148742676
223,0.9555,1.1957,0,1,0.0832672119140625,0.65997314453125,-0.1912078857421875,0.4184286892414093,-1.4901113510131836,0.23780803382396698
224,1.0136,1.1882,0,1,0.0973052978515625,0.7981719970703125,-0.1995697021484375,0.39994102716445923,-1.468878984451294,0.14768186211585999
225,1.0787,1.1738,0,1,0.2071533203125,0.9619598388671875,-0.4260101318359375,0.28161969780921936,-1.497646450996399,0.23271393775939941
226,1.1459,1.1491,0,1,0.34381103515625,1.0349273681640625,-0.555023193359375,0.28161969780921936,-1.497646450996399,0.23271393775939941
227,1.2097,1.1148,0,1,0.3720245361328125,1.043060302734375,-0.422943115234375,0.2618236243724823,-0.839968740940094,0.5429844260215759
228,1.2643,1.0748,0,1,0.288299560546875,1.1521759033203125,-0.3045806884765625,0.0243745818734169,-0.6919749975204468,0.6288572549819946
229,1.3049,1.0359,0,1,-0.17462158203125,1.2078399658203125,0.3077392578125,-0.21595652401447296,-1.0369489192962646,0.6049996018409729
230,1.3279,1.0061,0,1,-0.69061279296875,1.285919189453125,0.3165283203125,0.27899646759033203,-0.9382542967796326,-0.015858326107263565
231,1.3316,0.9933,0,1,-1.4010467529296875,1.81573486328125,-0.36541748046875,0.6957513689994812,-0.5752941966056824,-0.49161607027053833
232,1.3168,1.0038,0,1,-0.9115142822265625,0.8094635009765625,-0.2005462646484375,0.4422125816345215,-0.542597234249115,-0.12073280662298203
233,1.2861,1.0403,0,1,-0.437255859375,0.60308837890625,0.4599151611328125,-0.05736022815108299,0.6236345767974854,-0.2523219883441925
234,1.2435,1.102,0,1,-0.2341766357421875,0.77935791015625,0.4811859130859375,-0.21761274337768555,0.9446954131126404,-0.2908906936645508
235,1.1942,1.1834,0,1,-0.26531982421875,1.008575439453125,0.4609222412109375,-0.12289902567863464,0.5609245896339417,-0.27152952551841736
236,1.1431,1.2753,0,1,-0.28131103515625,1.1103363037109375,0.38555908203125,0.01595286652445793,0.1126895323395729,-0.5057968497276306
237,1.0946,1.3661,0,1,-0.1937255859375,1.0534820556640625,0.3369140625,-0.0484442301094532,-0.463058203458786,-0.7207776308059692
238,1.0523,1.4437,0,1,-0.00262451171875,0.88739013671875,0.163848876953125,-1.067285180091858,-1.7000075578689575,-0.6728191375732422
239,1.0183,1.4973,0,1,0.0805206298828125,0.8657379150390625,-0.2900543212890625,-2.0483927726745605,-2.605013608932495,-0.5388698577880859
240,0.9934,1.5198,0,1,0.0895843505859375,0.949249267578125,-0.50360107421875,-1.4617416858673096,-1.9777337312698364,-0.3382914960384369
241,0.9774,1.5087,0,1,0.0076904296875,0.9622344970703125,-0.277435302734375,-0.27237212657928467,-1.0473413467407227,-0.33899590373039246
242,0.9689,1.4663,0,1,-0.0699310302734375,0.975067138671875,0.0328216552734375,-0.27237212657928467,-1.0473413467407227,-0.33899590373039246
243,0.9662,1.3991,0,1,-0.1435699462890625,0.9632110595703125,0.1714935302734375,-0.13717329502105713,-0.7011263966560364,-0.15416693687438965
244,0.9672,1.3162,0,1,-0.210662841796875,0.929351806640625,0.17059326171875,-0.8191297650337219,-0.7765218615531921,-0.24447153508663177
245,0.97,1.228,0,1,-0.085205078125,1.018890380859375,0.22540283203125,-0.8191297650337219,-0.7765218615531921,-0.24447153508663177
246,0.9731,1.1442,0,1,-0.071563720703125,1.0414581298828125,-0.044891357421875,-1.0059254169464111,-1.2147269248962402,-0.2800215184688568
247,0.9757,1.0728,0,1,-0.1040802001953125,0.979827880859375,-0.1351470947265625,-0.7392200231552124,-0.4942227602005005,-0.23543569445610046
248,0.9775,1.0191,0,1,-0.13812255859375,0.9254608154296875,-0.0599212646484375,-0.5990040302276611,0.001535046030767262,-0.1451025903224945
249,0.979,0.9855,0,1,-0.1864471435546875,0.9599609375,0.0437469482421875,-0.5701031684875488,0.2540479898452759,-0.1673775464296341
250,0.9813,0.9708,0,1,-0.2465057373046875,0.946990966796875,0.09759521484375,-0.6754037737846375,0.3875245451927185,-0.22177447378635406
251,0.9858,0.9714,0,1,-0.3011016845703125,0.9115753173828125,0.110107421875,-0.8441954255104065,0.41152018308639526,-0.37991857528686523
252,0.9937,0.982,0,1,-0.27008056640625,0.9251556396484375,0.0974884033203125,-0.8936393857002258,0.36154595017433167,-0.5804293155670166
253,1.0065,0.9964,0,1,-0.1834716796875,0.9757537841796875,0.0703277587890625,-0.8330511450767517,0.44523072242736816,-0.6426867842674255
254,1.0252,1.0094,0,1,-0.1085357666015625,1.0375518798828125,-0.0223846435546875,-0.8410742282867432,0.598110020160675,-0.5795992016792297
255,1.0502,1.0175,0,1,-0.0545196533203125,1.0878448486328125,-0.1190643310546875,-0.8436965942382812,0.8623864054679871,-0.5291389226913452
256,1.0813,1.0195,0,1,0.0329742431640625,1.0838775634765625,-0.0339508056640625,-0.6952759623527527,0.9948091506958008,-0.5569460988044739
257,1.1175,1.0168,0,1,0.134765625,1.090484619140625,0.095794677734375,-0.6952759623527527,0.9948091506958008,-0.5569460988044739
258,1.1569,1.0131,0,1,0.195587158203125,1.1020965576171875,0.226959228515625,-0.22459235787391663,0.7972646951675415,-0.4364183247089386
259,1.1971,1.0135,0,1,0.243560791015625,1.0392608642578125,0.3049774169921875,-0.3310394287109375,0.6879560351371765,-0.34162259101867676
260,1.2347,1.0235,0,1,0.19171142578125,0.9910430908203125,0.2603759765625,-0.45835745334625244,0.20268067717552185,-0.24448643624782562
261,1.2664,1.0474,0,1,0.11541748046875,1.1043701171875,0.1153411865234375,-0.539986252784729,-0.4190473258495331,-0.1030408963561058
262,1.2889,1.088,0,1,0.0733184814453125,1.3054351806640625,0.085357666015625,-0.46632030606269836,-1.10752534866333,0.0507366806268692
263,1.2995,1.1454,0,1,-0.0349884033203125,1.5091705322265625,0.0783843994140625,-0.17674840986728668,-1.5090988874435425,0.28117334842681885
264,1.2967,1.217,0,1,-0.3719635009765625,1.4884796142578125,-0.1558074951171875,0.3114936947822571,-0.680302083492279,0.2503717541694641
265,1.2802,1.2979,0,1,-0.5292510986328125,1.3636322021484375,-0.1509552001953125,0.8263988494873047,-0.11800386756658554,0.10367206484079361
266,1.2514,1.3812,0,1,-0.525909423828125,1.2355194091796875,-0.126708984375,1.2792800664901733,-0.22656843066215515,0.015912653878331184
267,1.2132,1.4593,0,1,-0.3988037109375,1.1350250244140625,-0.0628204345703125,1.7047072649002075,-0.2870892882347107,0.027761057019233704
268,1.1692,1.5247,0,1,-0.184478759765625,1.074188232421875,0.087615966796875,1.8763115406036377,-0.08692531287670135,0.22082212567329407
269,1.1235,1.5711,0,1,-0.115386962890625,0.94696044921875,0.202545166015625,1.7045793533325195,0.3526720404624939,0.4690793454647064
270,1.0799,1.5947,0,1,-0.0963134765625,0.8673553466796875,0.278106689453125,1.3533142805099487,0.7356942296028137,0.7061182260513306
271,1.0415,1.5943,0,1,-0.164581298828125,0.777862548828125,0.247344970703125,1.0032955408096313,0.9883469939231873,0.8375101089477539
272,1.01,1.5715,0,1,-0.315582275390625,0.7779388427734375,0.149261474609375,0.8446207046508789,1.316901445388794,0.7497490644454956
273,0.9861,1.5304,0,1,-0.54718017578125,0.8651275634765625,-0.0061187744140625,0.9530854225158691,1.4208680391311646,0.47854873538017273
274,0.9692,1.4766,0,1,-0.7977294921875,0.9084320068359375,-0.1183319091796875,1.216386318206787,0.7184063196182251,0.06326179206371307
275,0.9581,1.4166,0,1,-0.7030487060546875,0.9222259521484375,0.037384033203125,1.046488642692566,-0.19044238328933716,0.047621048986911774
276,0.951,1.3561,0,1,-0.526519775390625,0.8738861083984375,0.04595947265625,0.7571617364883423,-0.017773937433958054,0.17171770334243774
277,0.9461,1.3,0,1,-0.3375396728515625,0.8254852294921875,0.0074462890625,0.6988393068313599,0.6357324719429016,0.2138422429561615
278,0.9418,1.2509,0,1,-0.1746826171875,0.814300537109375,0.013397216796875,0.7333735823631287,1.156705617904663,0.2478225827217102
279,0.9367,1.2097,0,1,-0.087646484375,0.84234619140625,0.010833740234375,0.6617709994316101,1.4992257356643677,0.33093583583831787
280,0.93,1.1757,0,1,-0.054718017578125,0.88238525390625,0.0810394287109375,0.5041334629058838,1.4324836730957031,0.4550519287586212
281,0.9213,1.1464,0,1,-0.098236083984375,0.9194793701171875,0.0928955078125,0.21935498714447021,0.9553475379943848,0.4358191192150116
282,0.9107,1.1189,0,1,-0.0891876220703125,0.9926300048828125,0.009613037109375,-0.07045339047908783,0.5151081085205078,0.4657849967479706
283,0.8993,1.0894,0,1,-0.020599365234375,0.995941162109375,-0.0927581787109375,-0.3921706974506378,0.3707660734653473,0.5943238139152527
284,0.8883,1.0547,0,1,0.0306854248046875,0.9522705078125,-0.111114501953125,-0.5926127433776855,0.08412899076938629,0.7232652902603149
285,0.8798,1.012,0,1,-0.0751953125,0.837432861328125,-0.1788482666015625,-0.5129682421684265,-0.6750263571739197,0.703693687915802
286,0.876,0.9602,0,1,-0.178070068359375,0.7992401123046875,-0.3182373046875,0.005642439238727093,-1.1761842966079712,0.38552266359329224
287,0.8789,0.9,0,1,-0.1116180419921875,0.848663330078125,-0.34552001953125,0.4716351628303528,-1.3416368961334229,0.24992221593856812
288,0.8903,0.8346,0,1,0.02813720703125,0.7830810546875,-0.2717132568359375,0.42862510681152344,-0.9210774302482605,0.2468808889389038
289,0.9111,0.7691,0,1,0.144134521484375,0.744171142578125,-0.1795501708984375,0.025138376280665398,-0.47926726937294006,0.2079113870859146
290,0.9414,0.7105,0,1,0.09405517578125,0.8622283935546875,-0.1915130615234375,-0.18356716632843018,-0.4040396213531494,0.17161144316196442
291,0.9799,0.6668,0,1,0.041656494140625,0.966705322265625,-0.245880126953125,-0.18356716632843018,-0.4040396213531494,0.17161144316196442
292,1.0244,0.646,0,1,0.062042236328125,0.9918670654296875,-0.37664794921875,-0.05667473003268242,-1.09662926197052,0.21627025306224823
293,1.0715,0.655,0,1,0.1476287841796875,0.9757843017578125,-0.45477294921875,-0.0710882917046547,-0.8708824515342712,0.2200695127248764
294,1.1174,0.6985,0,1,0.1739501953125,0.8810577392578125,-0.3321075439453125,-0.060323528945446014,-0.4177676737308502,0.24963326752185822
295,1.1579,0.7786,0,1,0.124542236328125,0.887939453125,-0.1370697021484375,0.0008407599525526166,-0.2995278537273407,0.30406615138053894
296,1.1891,0.8938,0,1,-0.2023468017578125,0.9468231201171875,0.17987060546875,0.002861566608771682,-0.22166074812412262,0.32627689838409424
297,1.2084,1.0387,0,1,-0.5330047607421875,1.1334075927734375,0.180877685546875,-0.038370292633771896,0.06595557928085327,0.1587502360343933
298,1.2141,1.2051,0,1,-1.109832763671875,1.9821319580078125,-0.0912322998046875,-0.5494971871376038,-1.5524245500564575,-0.2880014181137085
299,1.2066,1.382,0,1,-0.7237091064453125,1.3436431884765625,-0.5606536865234375,-0.6120730042457581,-2.570878505706787,-0.18950149416923523
300,1.1881,1.5575,0,1,-0.411285400390625,0.76910400390625,-0.3881683349609375,-0.21557383239269257,0.3909270167350769,-0.1406969279050827
301,1.1621,1.7194,0,1,-0.2360992431640625,0.714874267578125,0.0739288330078125,0.23023399710655212,2.3883299827575684,-0.0765640139579773
302,1.1327,1.857,0,1,-0.2208404541015625,0.726715087890625,0.34051513671875,0.3492906093597412,2.9278311729431152,-0.10905777662992477
303,1.1039,1.9613,0,1,-0.1710052490234375,0.8246612548828125,0.49395751953125,0.31630682945251465,1.8612313270568848,-0.23955054581165314
304,1.0789,2.0257,0,1,-0.12969970703125,0.9121246337890625,0.4643096923828125,0.17766320705413818,0.5049915313720703,-0.37449103593826294
305,1.0596,2.0461,0,1,-0.040374755859375,0.947265625,0.47808837890625,-0.21517862379550934,-0.6770042777061462,-0.5020665526390076
306,1.0465,2.0214,0,1,0.0169219970703125,0.9275054931640625,0.3460693359375,-0.5350103974342346,-1.7389442920684814,-0.5896944403648376
307,1.0391,1.9534,0,1,0.0525054931640625,0.955322265625,0.3012237548828125,-1.5373339653015137,-2.635214328765869,-0.6263459324836731
308,1.0356,1.8474,0,1,0.06884765625,1.1103515625,-0.1955718994140625,-2.5452024936676025,-2.7478301525115967,-0.24079902470111847
309,1.0341,1.7117,0,1,-0.0363311767578125,1.1021728515625,-0.5588531494140625,-1.6796247959136963,-1.6386775970458984,-0.021934593096375465
310,1.0327,1.5575,0,1,-0.159759521484375,1.0565032958984375,-0.46038818359375,-0.12677818536758423,-0.008815063163638115,-0.08661825209856033
311,1.0298,1.3971,0,1,-0.18505859375,1.0098114013671875,0.008880615234375,0.19130897521972656,0.7379374504089355,-0.0310500618070364
312,1.0245,1.2427,0,1,-0.181365966796875,0.9630889892578125,0.2738494873046875,-0.4608461856842041,0.5728811025619507,-0.11134383827447891
313,1.0166,1.1046,0,1,-0.1268310546875,0.9410247802734375,0.3226165771484375,-0.8917096853256226,-0.24825534224510193,-0.26091280579566956
314,1.0065,0.9903,0,1,-0.1221160888671875,0.9061279296875,0.1699676513671875,-0.9615049958229065,-0.7508396506309509,-0.378408282995224
315,0.9952,0.9039,0,1,-0.0540618896484375,0.9212646484375,-0.0062255859375,-0.9187061190605164,-0.4101361334323883,-0.3917677700519562
316,0.9842,0.8461,0,1,-0.0545196533203125,0.9590606689453125,-0.0677947998046875,-0.683428943157196,0.27990275621414185,-0.33073264360427856
317,0.975,0.8148,0,1,-0.1527099609375,0.9971771240234375,0.0292205810546875,-0.5524221658706665,0.3429751992225647,-0.3620913624763489
318,0.969,0.8055,0,1,-0.2149810791015625,0.9977569580078125,0.059112548828125,-0.660656213760376,0.0010468886466696858,-0.48078179359436035
319,0.9678,0.8124,0,1,-0.1922454833984375,0.9454345703125,-0.0060272216796875,-0.6078065633773804,0.038908250629901886,-0.5462177991867065
320,0.9726,0.8291,0,1,-0.1229248046875,0.9461822509765625,0.0228729248046875,-0.42751166224479675,0.3279525637626648,-0.5428259968757629
321,0.9841,0.8497,0,1,-0.090850830078125,1.004669189453125,0.08392333984375,-0.38891953229904175,0.48227742314338684,-0.537215530872345
322,1.0027,0.8697,0,1,-0.09332275390625,1.05157470703125,0.0881500244140625,-0.38891953229904175,0.48227742314338684,-0.537215530872345
323,1.0281,0.8864,0,1,-0.10137939453125,1.0077362060546875,0.064605712890625,-0.6908498406410217,0.9653444886207581,-0.5579833984375
324,1.0595,0.8998,0,1,-0.0274200439453125,0.9900665283203125,0.0801544189453125,-0.5056536197662354,1.0550751686096191,-0.5861771702766418
325,1.0951,0.912,0,1,0.0428314208984375,1.0034637451171875,0.15496826171875,-0.23716327548027039,0.7626928687095642,-0.5676873922348022
326,1.1329,0.9273,0,1,0.077880859375,1.039337158203125,0.2637939453125,-0.16693998873233795,0.23262685537338257,-0.5984658002853394
327,1.1701,0.9512,0,1,0.1073455810546875,1.0677032470703125,0.3569183349609375,-0.37843093276023865,-0.26552674174308777,-0.6548590660095215
328,1.204,0.9895,0,1,0.095458984375,1.1167755126953125,0.3041534423828125,-0.8335922956466675,-0.35868945717811584,-0.5900086760520935
329,1.2318,1.047,0,1,0.0494384765625,1.2610321044921875,0.1387786865234375,-1.1007851362228394,-0.3105946183204651,-0.3582782447338104
330,1.2514,1.1267,0,1,-0.1046905517578125,1.28564453125,-0.0304107666015625,-0.9050973653793335,-0.5211572051048279,-0.3520160913467407
331,1.2614,1.2288,0,1,-0.074005126953125,1.394775390625,-0.1394195556640625,-0.27383553981781006,-0.9894255995750427,-0.17480775713920593
332,1.2615,1.3501,0,1,-0.2012481689453125,1.4237518310546875,-0.255950927734375,0.3804149925708771,-0.7393504977226257,-0.0016538230702280998
333,1.2523,1.4843,0,1,-0.3128814697265625,1.2940826416015625,-0.192718505859375,0.9689754247665405,-0.1824246644973755,-0.06531456112861633
334,1.2354,1.6219,0,1,-0.24932861328125,1.1734619140625,-0.111053466796875,1.5045603513717651,-0.07110986113548279,-0.0070768180303275585
335,1.2133,1.7516,0,1,-0.2010650634765625,1.1156005859375,-0.0555877685546875,2.025470495223999,0.0043806335888803005,0.25385090708732605
336,1.1881,1.8619,0,1,-0.1205291748046875,1.1069793701171875,0.13018798828125,2.1513822078704834,0.1305590718984604,0.5870121121406555
337,1.1621,1.9419,0,1,-0.1399993896484375,0.983001708984375,0.220947265625,2.1513822078704834,0.1305590718984604,0.5870121121406555
338,1.1367,1.9838,0,1,-0.175048828125,0.9070587158203125,0.22857666015625,1.4688897132873535,0.8028706312179565,1.0022822618484497
339,1.1128,1.9829,0,1,-0.2769775390625,0.8830413818359375,0.1727447509765625,1.137715458869934,1.5387617349624634,1.044029712677002
340,1.0902,1.939,0,1,-0.44647216796875,0.9446868896484375,0.111053466796875,0.969687819480896,2.100721597671509,0.9441505074501038
341,1.0684,1.8558,0,1,-0.8016815185546875,1.034149169921875,-0.1350860595703125,1.1679753065109253,1.5678766965866089,0.5085047483444214
342,1.0466,1.7407,0,1,-0.8819427490234375,0.9986572265625,-0.06036376953125,1.3435235023498535,-0.0631006732583046,-0.029399966821074486
343,1.0241,1.6035,0,1,-0.7366485595703125,0.85345458984375,0.0920867919921875,0.9299617409706116,-0.3005577027797699,-0.2456984519958496
344,1.0007,1.4555,0,1,-0.5574798583984375,0.779510498046875,0.1134185791015625,0.5662919282913208,0.6607837677001953,-0.07429233938455582
345,0.9766,1.3079,0,1,-0.4253387451171875,0.7887725830078125,0.0972747802734375,0.553199291229248,1.4522517919540405,0.22822731733322144
346,0.9523,1.1717,0,1,-0.3049163818359375,0.7919769287109375,0.0121917724609375,0.7430073022842407,1.728223443031311,0.24801726639270782
347,0.9289,1.056,0,1,-0.15704345703125,0.8571319580078125,0.01885986328125,0.7058721780776978,1.21804678440094,0.16296282410621643
348,0.9073,0.9681,0,1,-0.0304412841796875,0.912139892578125,-0.025726318359375,0.35730141401290894,0.5784090161323547,0.22829149663448334
349,0.8888,0.9126,0,1,0.045806884765625,0.9027099609375,-0.07196044921875,0.13605211675167084,0.18861278891563416,0.3247634470462799
350,0.8741,0.8911,0,1,0.0102691650390625,0.845672607421875,-0.1052398681640625,0.11944863200187683,0.2267383337020874,0.4379648268222809
351,0.8642,0.9019,0,1,-0.032867431640625,0.8377685546875,-0.089324951171875,0.06127187982201576,0.6654794812202454,0.6562987565994263
352,0.8598,0.9405,0,1,-0.0459747314453125,0.8218536376953125,-0.0265960693359375,-0.22017604112625122,0.9919825196266174,0.7552602291107178
353,0.8613,0.9999,0,1,0.018707275390625,0.882354736328125,0.08782958984375,-0.5657627582550049,0.2722088694572449,0.7501019239425659
354,0.8693,1.0715,0,1,0.11077880859375,0.9495697021484375,-0.18060302734375,-0.48778536915779114,-0.6472597122192383,0.7375369071960449
355,0.8839,1.1459,0,1,0.1404571533203125,0.9706573486328125,-0.22100830078125,-0.1832135021686554,-0.9791814684867859,0.6777281761169434
356,0.9051,1.214,0,1,0.109588623046875,0.89801025390625,-0.237335205078125,-0.11577054113149643,-0.9447691440582275,0.652205765247345
357,0.9328,1.2678,0,1,0.0675506591796875,0.80389404296875,-0.236297607421875,-0.06060102954506874,-0.9347895383834839,0.4579768776893616
358,0.966,1.3014,0,1,0.014862060546875,0.8802337646484375,-0.297454833984375,0.052628856152296066,-1.2943543195724487,0.341536283493042
359,1.0036,1.3115,0,1,-0.0263824462890625,0.9455413818359375,-0.4550933837890625,0.18467743694782257,-1.4521074295043945,0.2080666422843933
360,1.0435,1.2979,0,1,0.0210113525390625,0.8656768798828125,-0.5144500732421875,0.3288114368915558,-1.1750972270965576,0.1067272424697876
361,1.0831,1.2642,0,1,0.005767822265625,0.7905731201171875,-0.266815185546875,0.3108745217323303,-1.4148815870285034,0.0741642415523529
362,1.1194,1.2166,0,1,-0.0524444580078125,0.8073272705078125,-0.0689544677734375,0.061402641236782074,-1.9518831968307495,0.030316093936562538
363,1.1492,1.164,0,1,-0.01495361328125,0.95263671875,-0.2551727294921875,-0.009881126694381237,-1.760874629020691,0.0811595693230629
364,1.1699,1.1165,0,1,-0.1954498291015625,1.3892364501953125,-0.239227294921875,0.03768426179885864,-0.8127637505531311,0.22270098328590393
365,1.1798,1.0837,0,1,-0.5186309814453125,1.5704803466796875,-0.048187255859375,-0.007743939757347107,-0.3016405403614044,0.31340959668159485
366,1.1784,1.0735,0,1,-0.8258056640625,1.694793701171875,-0.1797332763671875,0.00615243474021554,0.5039470195770264,0.2545345425605774
367,1.1669,1.09,0,1,-0.627410888671875,0.804229736328125,-0.2439422607421875,0.00615243474021554,0.5039470195770264,0.2545345425605774
368,1.1479,1.1333,0,1,-0.5346221923828125,0.5546722412109375,0.0189208984375,-0.10473386943340302,0.7762435674667358,0.453723281621933
369,1.1245,1.1988,0,1,-0.376007080078125,0.7388458251953125,0.2418365478515625,-0.248416468501091,1.6035380363464355,-0.2927631735801697
370,1.1004,1.2784,0,1,-0.278656005859375,0.90106201171875,0.3108367919921875,0.055452339351177216,1.65566885471344,-0.49407708644866943
371,1.0783,1.361,0,1,-0.211883544921875,0.94500732421875,0.3322906494140625,0.2961089015007019,1.0844320058822632,-0.6185183525085449
372,1.0605,1.4346,0,1,-0.1009063720703125,0.982391357421875,0.3392486572265625,0.35447365045547485,0.333128422498703,-0.5861785411834717
373,1.0477,1.4876,0,1,-0.04595947265625,0.9544830322265625,0.3662567138671875,0.05277479812502861,-0.6282495260238647,-0.5065739750862122
374,1.0399,1.5108,0,1,0.0107879638671875,0.912445068359375,0.3752593994140625,-0.6456700563430786,-1.7606197595596313,-0.6269643306732178
375,1.0358,1.4986,0,1,0.1534881591796875,0.977264404296875,0.206390380859375,-0.6456700563430786,-1.7606197595596313,-0.6269643306732178
376,1.0338,1.4504,0,1,0.1678466796875,1.1057891845703125,-0.1866912841796875,-2.2262778282165527,-2.622830867767334,-0.18814700841903687
377,1.0323,1.3709,0,1,-0.025726318359375,1.072540283203125,-0.5196075439453125,-1.420659065246582,-1.538212537765503,0.09589669853448868
378,1.0296,1.2694,0,1,-0.169677734375,1.0572662353515625,-0.455169677734375,-0.1813543438911438,-0.2945916950702667,0.04006113484501839
379,1.0249,1.1582,0,1,-0.1887054443359375,1.002471923828125,-0.0738067626953125,0.18150560557842255,0.1935683935880661,0.09644531458616257
380,1.0178,1.0505,0,1,-0.214324951171875,0.9584197998046875,0.2233428955078125,-0.2141309380531311,0.29321402311325073,0.031016506254673004
381,1.0087,0.958,0,1,-0.15032958984375,0.942352294921875,0.327606201171875,-0.5728201270103455,-0.1834435909986496,-0.1075083538889885
382,0.9985,0.8898,0,1,-0.1812896728515625,0.870513916015625,0.2161712646484375,-0.7512407302856445,-0.3989681601524353,-0.22592048346996307
383,0.9884,0.8507,0,1,-0.142333984375,0.8805389404296875,0.0982513427734375,-0.8622833490371704,-0.13712483644485474,-0.3068089485168457
384,0.9799,0.8415,0,1,-0.08599853515625,0.924285888671875,-0.0066680908203125,-0.8543719053268433,0.3453643321990967,-0.34136825799942017
385,0.9741,0.8594,0,1,-0.1107330322265625,0.98779296875,-0.0128021240234375,-0.7017581462860107,0.5332854986190796,-0.42114537954330444
386,0.9724,0.8985,0,1,-0.1685943603515625,1.0235748291015625,0.0558319091796875,-0.6416923999786377,0.16777941584587097,-0.5403013229370117
387,0.9756,0.9517,0,1,-0.1705322265625,0.9866485595703125,0.0814666748046875,-0.7137008309364319,-0.12276293337345123,-0.6301529407501221
388,0.9843,1.011,0,1,-0.142364501953125,0.9638214111328125,0.076507568359375,-0.741866946220398,0.1042552962899208,-0.6154213547706604
389,0.9989,1.0695,0,1,-0.1501007080078125,0.9884033203125,0.038055419921875,-0.8392254114151001,0.5816290378570557,-0.6018171310424805
390,1.0192,1.1218,0,1,-0.1441192626953125,1.0040435791015625,-0.0161590576171875,-0.8392254114151001,0.5816290378570557,-0.6018171310424805
391,1.0449,1.1648,0,1,-0.070220947265625,1.0189971923828125,0.0121307373046875,-0.7470587491989136,1.3569444417953491,-0.7799879312515259
392,1.0751,1.1981,0,1,0.0363006591796875,1.085601806640625,0.0757904052734375,-0.4750349521636963,1.1793888807296753,-0.8405168056488037
393,1.1086,1.2238,0,1,0.1371917724609375,1.1092681884765625,0.13311767578125,-0.33263787627220154,0.7406405210494995,-0.8792365193367004
394,1.1438,1.2455,0,1,0.2421112060546875,1.1121826171875,0.1494598388671875,-0.3281749486923218,0.22393909096717834,-0.8502277731895447
395,1.1789,1.2678,0,1,0.3106689453125,1.1056365966796875,0.1595611572265625,-0.44527333974838257,-0.26641517877578735,-0.7648279070854187
396,1.2118,1.2953,0,1,0.2938232421875,1.123382568359375,0.0748291015625,-0.5650239586830139,-0.546771228313446,-0.5979781746864319
397,1.2402,1.3314,0,1,0.19012451171875,1.18133544921875,0.0142364501953125,-0.5609070062637329,-0.6734388470649719,-0.27228397130966187
398,1.2622,1.3782,0,1,-0.06378173828125,1.14019775390625,0.078399658203125,-0.5950146317481995,-1.165656566619873,-0.10205020010471344
399,1.276,1.4365,0,1,-0.2815399169921875,1.2450714111328125,0.09844970703125,-0.43128055334091187,-1.9425512552261353,-0.12925732135772705
400,1.2804,1.5055,0,1,-0.411285400390625,1.4092254638671875,0.0036468505859375,0.15856407582759857,-2.011647939682007,-0.21587210893630981
401,1.2747,1.5835,0,1,-0.44000244140625,1.40435791015625,0.0435333251953125,0.7832868099212646,-1.3970354795455933,-0.19476841390132904
402,1.2592,1.6678,0,1,-0.3690185546875,1.2652435302734375,0.0989227294921875,1.1721253395080566,-0.34143030643463135,0.021315408870577812
403,1.2348,1.7552,0,1,-0.3542938232421875,1.1021270751953125,0.123504638671875,1.469022274017334,0.4427281618118286,0.36452150344848633
404,1.2032,1.8422,0,1,-0.39361572265625,0.97015380859375,0.109710693359375,1.59476900100708,0.852384626865387,0.7024284601211548
405,1.1663,1.9244,0,1,-0.470245361328125,0.9231414794921875,0.0908966064453125,1.6199194192886353,1.0914009809494019,0.8357468247413635
406,1.1264,1.9976,0,1,-0.4986724853515625,0.953582763671875,0.1044921875,1.5342966318130493,1.4041156768798828,0.7804047465324402
407,1.0855,2.057,0,1,-0.5614471435546875,0.9721832275390625,0.1367645263671875,1.2664968967437744,1.7209184169769287,0.6211799383163452
408,1.0457,2.0979,0,1,-0.72674560546875,0.953704833984375,0.081512451171875,0.9975490570068359,1.6424601078033447,0.27133962512016296
409,1.0086,2.1158,0,1,-0.6295318603515625,0.8857879638671875,-0.004241943359375,0.9763066172599792,1.1311534643173218,0.12219328433275223
410,0.9755,2.1066,0,1,-0.5467376708984375,0.82049560546875,0.0483245849609375,0.9031631350517273,1.1530025005340576,0.11560116708278656
411,0.9475,2.0672,0,1,-0.3997344970703125,0.764434814453125,0.053436279296875,0.9172099828720093,1.419539451599121,0.20520427823066711
412,0.9249,1.9966,0,1,-0.2900390625,0.733062744140625,0.03021240234375,1.0581295490264893,1.885718584060669,0.2753271758556366
413,0.9077,1.8962,0,1,-0.2268218994140625,0.783477783203125,0.0303497314453125,1.099684715270996,2.5107734203338623,0.34377360343933105
414,0.8952,1.7712,0,1,-0.158905029296875,0.9058837890625,0.0130157470703125,0.86686772108078,2.8403031826019287,0.4028659760951996
415,0.8865,1.6306,0,1,-0.0952911376953125,0.9511566162109375,0.0643463134765625,0.43286675214767456,2.2894139289855957,0.35136762261390686
416,0.8806,1.486,0,1,-0.06072998046875,0.89825439453125,0.089508056640625,0.1235155463218689,1.3828918933868408,0.48773983120918274
417,0.8765,1.3507,0,1,-0.109710693359375,0.841033935546875,0.1379241943359375,-0.08557535707950592,0.25127270817756653,0.6342139840126038
418,0.8737,1.2374,0,1,-0.202850341796875,0.7849578857421875,0.0490875244140625,-0.18654005229473114,-0.19954107701778412,0.41343605518341064
419,0.872,1.1557,0,1,0.0160675048828125,0.874298095703125,-0.0274200439453125,-0.28447726368904114,-0.29405054450035095,0.3510030210018158
420,0.872,1.1109,0,1,0.257080078125,1.033905029296875,-0.1825714111328125,-0.41632264852523804,-0.1902298629283905,0.6201897859573364
421,0.8751,1.1029,0,1,0.096282958984375,0.9673309326171875,-0.32073974609375,-0.2593404948711395,-0.251950740814209,0.7299985289573669
422,0.8827,1.1261,0,1,0.0697479248046875,0.8603515625,-0.3221435546875,0.13922952115535736,-0.8399143815040588,0.5573218464851379
423,0.8969,1.1709,0,1,0.1479339599609375,0.830841064453125,-0.2278594970703125,0.336972713470459,-1.3456236124038696,0.5033299922943115
424,0.9192,1.2251,0,1,0.159027099609375,0.8256988525390625,-0.164154052734375,0.19410794973373413,-1.3989853858947754,0.4868154525756836
425,0.9505,1.2762,0,1,0.056793212890625,0.8213958740234375,-0.0909881591796875,-0.1234351173043251,-1.3648556470870972,0.3818112909793854
426,0.9909,1.3133,0,1,-0.0595550537109375,0.852996826171875,-0.1398468017578125,-0.194341778755188,-1.4645636081695557,0.2620449364185333
427,1.0388,1.3294,0,1,-0.1091461181640625,0.905303955078125,-0.2779693603515625,-0.04424602538347244,-1.5607149600982666,0.1763414740562439
428,1.0914,1.3216,0,1,-0.0284576416015625,0.942901611328125,-0.4044952392578125,0.09357868880033493,-1.6349347829818726,0.1734711229801178
429,1.1449,1.2925,0,1,0.1013031005859375,0.961395263671875,-0.462890625,0.14890453219413757,-1.4712084531784058,0.25159600377082825
430,1.1946,1.2492,0,1,0.1428375244140625,0.96875,-0.413604736328125,0.08577615767717361,-1.3344106674194336,0.3478778004646301
431,1.236,1.2022,0,1,0.1796417236328125,1.0994110107421875,-0.237701416015625,-0.06318961828947067,-1.2170771360397339,0.5168015956878662
432,1.2652,1.1641,0,1,-0.3323822021484375,1.2898712158203125,0.205963134765625,-0.1518947184085846,-1.2054260969161987,0.6132463812828064
433,1.2798,1.1469,0,1,-0.8362274169921875,1.557647705078125,-0.0828857421875,0.16448216140270233,-0.41265547275543213,0.29599517583847046
434,1.2789,1.1607,0,1,-1.3162078857421875,1.6635589599609375,-0.5030059814453125,0.5922579765319824,0.3508693277835846,-0.03888454660773277
435,1.264,1.2109,0,1,-0.7733154296875,0.655914306640625,-0.12677001953125,0.240086629986763,0.9222468137741089,0.1495324969291687
436,1.238,1.2979,0,1,-0.426727294921875,0.5853729248046875,0.3870391845703125,0.240086629986763,0.9222468137741089,0.1495324969291687
437,1.2049,1.4161,0,1,-0.2382659912109375,0.73736572265625,0.4256591796875,-0.08044104278087616,1.9341048002243042,-0.27439454197883606
438,1.1691,1.5549,0,1,-0.2851409912109375,0.90118408203125,0.3766326904296875,0.06540350615978241,1.4034291505813599,-0.43532830476760864
439,1.1343,1.6991,0,1,-0.2858428955078125,1.029388427734375,0.3995208740234375,0.20591028034687042,0.7170851230621338,-0.7230871319770813
440,1.1036,1.8317,0,1,-0.120635986328125,1.098724365234375,0.4238739013671875,0.2251787930727005,-0.38211488723754883,-0.7382484674453735
441,1.0784,1.9355,0,1,-0.01177978515625,1.027679443359375,0.477142333984375,-0.1939963698387146,-1.6467251777648926,-0.4808260202407837
442,1.0592,1.9964,0,1,-0.1100921630859375,0.8494110107421875,0.3696441650390625,-0.8766790628433228,-2.620096206665039,-0.5849848985671997
443,1.0453,2.005,0,1,-0.049163818359375,0.8307037353515625,0.2698211669921875,-1.7854253053665161,-2.902522325515747,-0.6230923533439636
444,1.0352,1.9593,0,1,-0.03985595703125,1.0367279052734375,-0.17901611328125,-2.837411642074585,-2.829493284225464,-0.3025452196598053
445,1.0271,1.8643,0,1,-0.16632080078125,1.0921630859375,-0.668243408203125,-2.061087131500244,-1.4129624366760254,0.0037851508241146803
446,1.0192,1.7316,0,1,-0.27398681640625,1.0023651123046875,-0.549896240234375,-0.3254087269306183,0.09932978451251984,-0.13566061854362488
447,1.0103,1.5766,0,1,-0.234954833984375,0.9649505615234375,-0.0252685546875,0.3101642429828644,0.5795413851737976,-0.16723106801509857
448,1,1.4161,0,1,-0.1802978515625,0.9363861083984375,0.2942047119140625,-0.29097244143486023,0.1760072559118271,-0.179808109998703
449,0.9886,1.2646,0,1,-0.1345062255859375,0.9314727783203125,0.2505950927734375,-0.7351765036582947,-0.160289004445076,-0.32435357570648193
450,0.9773,1.1331,0,1,-0.085235595703125,0.9407501220703125,0.1399078369140625,-0.7265633344650269,0.044870004057884216,-0.4231845438480377
451,0.968,1.0274,0,1,-0.1084136962890625,0.9279937744140625,0.1092376708984375,-0.7042633295059204,0.5081439018249512,-0.47652047872543335
452,0.9628,0.9485,0,1,-0.1416168212890625,0.9647979736328125,0.0912933349609375,-0.8351678252220154,0.639588475227356,-0.5274339914321899
453,0.9638,0.8937,0,1,-0.1851959228515625,0.9893951416015625,0.01361083984375,-0.875538170337677,0.3893517553806305,-0.6293302774429321
454,0.973,0.8582,0,1,-0.1818695068359375,0.955902099609375,-0.051513671875,-0.8202258944511414,0.0829036682844162,-0.7554879188537598
455,0.9916,0.8364,0,1,-0.130828857421875,0.966461181640625,-0.054962158203125,-0.6715352535247803,0.1103411540389061,-0.7667182087898254
456,1.02,0.824,0,1,-0.1122894287109375,0.9911041259765625,-0.0012664794921875,-0.5800468921661377,0.5255431532859802,-0.69906085729599
457,1.0576,0.8188,0,1,-0.0567474365234375,0.98626708984375,0.07305908203125,-0.6016834378242493,0.7965914011001587,-0.6833999156951904
458,1.1025,0.8213,0,1,0.025177001953125,1.0374908447265625,0.149749755859375,-0.4802614152431488,0.7850798964500427,-0.6329931616783142
459,1.1518,0.8344,0,1,0.082794189453125,1.07305908203125,0.1817169189453125,-0.3242790102958679,0.5914377570152283,-0.5632897019386292
460,1.2017,0.8626,0,1,0.1115875244140625,1.0914306640625,0.18414306640625,-0.30724862217903137,0.40219032764434814,-0.46077799797058105
461,1.2478,0.9109,0,1,0.1478729248046875,1.162078857421875,0.2512664794921875,-0.33428770303726196,-0.18508516252040863,-0.32020384073257446
462,1.2859,0.9833,0,1,0.1175689697265625,1.2329864501953125,0.2289276123046875,-0.5151991844177246,-0.6859471797943115,-0.13375486433506012
463,1.3121,1.0815,0,1,0.0345001220703125,1.3453216552734375,0.1148834228515625,-0.5687556266784668,-0.9297981858253479,0.04593047499656677
464,1.3238,1.2043,0,1,-0.1373138427734375,1.48370361328125,-0.0500335693359375,-0.2864093780517578,-1.0225627422332764,0.2844120264053345
465,1.3199,1.3466,0,1,-0.3881988525390625,1.5040130615234375,-0.202117919921875,0.3429024815559387,-0.8478119969367981,0.2821163833141327
466,1.3009,1.4998,0,1,-0.447357177734375,1.419342041015625,-0.22210693359375,0.9984380006790161,-0.6436141133308411,0.2533379793167114
467,1.2692,1.6528,0,1,-0.47491455078125,1.2375946044921875,-0.244293212890625,1.4346997737884521,-0.17883366346359253,0.2569654881954193
468,1.2283,1.7928,0,1,-0.4870452880859375,1.0525970458984375,-0.243194580078125,1.7464443445205688,0.19627337157726288,0.2661912143230438
469,1.1824,1.9072,0,1,-0.435211181640625,0.912384033203125,-0.17620849609375,1.9845234155654907,0.6695383787155151,0.23911963403224945
470,1.136,1.985,0,1,-0.291259765625,0.8877716064453125,0.0736236572265625,1.9802578687667847,1.286183476448059,0.4080143868923187
471,1.0927,2.019,0,1,-0.19927978515625,0.8603515625,0.3325958251953125,1.4901771545410156,1.925155520439148,0.6081339120864868
472,1.0548,2.0064,0,1,-0.2286224365234375,0.776153564453125,0.3444671630859375,0.9285063147544861,2.19400954246521,0.7786177396774292
473,1.0235,1.949,0,1,-0.3227081298828125,0.7775115966796875,0.2708892822265625,0.6172125935554504,2.060842514038086,0.7803863286972046
474,0.9986,1.8533,0,1,-0.4594879150390625,0.8564910888671875,0.1319732666015625,0.5662053823471069,1.7178637981414795,0.6496421694755554
475,0.9788,1.7292,0,1,-0.6915740966796875,0.966888427734375,-0.24578857421875,0.8725676536560059,0.306565523147583,0.3252926170825958
476,0.9623,1.5884,0,1,-0.7595062255859375,0.949676513671875,-0.1229400634765625,0.9884013533592224,-0.5503883361816406,-0.03375663235783577
477,0.9475,1.4426,0,1,-0.6264495849609375,0.8916473388671875,0.004791259765625,0.7750688195228577,0.27854374051094055,-0.10467128455638885
478,0.933,1.3027,0,1,-0.4202117919921875,0.816619873046875,0.0242919921875,0.6128295660018921,1.416796326637268,0.16588270664215088
479,0.9182,1.1774,0,1,-0.2943115234375,0.7689056396484375,0.0273895263671875,0.41421449184417725,1.754503846168518,0.2138100266456604
480,0.9032,1.0728,0,1,-0.1042327880859375,0.818328857421875,0.0353546142578125,0.22848430275917053,1.0667734146118164,0.20917479693889618
481,0.8886,0.9921,0,1,0.0056915283203125,0.88604736328125,-0.0677490234375,0.02448217384517193,0.38954082131385803,0.3081194758415222
482,0.8756,0.9362,0,1,-0.0199432373046875,0.8908538818359375,-0.193389892578125,0.10022726655006409,0.5839856863021851,0.3821801245212555
483,0.8657,0.9031,0,1,-0.0592041015625,0.825347900390625,-0.17718505859375,0.22673088312149048,1.0988316535949707,0.4199059307575226
484,0.8605,0.8895,0,1,-0.0746917724609375,0.8023529052734375,0.0002288818359375,0.15559439361095428,0.9194821715354919,0.39862993359565735
485,0.8614,0.8906,0,1,-0.02825927734375,0.8176422119140625,0.1953582763671875,-0.296817809343338,-0.21934673190116882,0.44226476550102234
486,0.8695,0.9013,0,1,0.0045318603515625,0.875244140625,0.000518798828125,-0.5327259302139282,-1.1036407947540283,0.38673174381256104
487,0.8857,0.9169,0,1,-0.0471038818359375,0.9041900634765625,-0.3341064453125,-0.20593053102493286,-1.0260429382324219,0.25846031308174133
488,0.91,0.9333,0,1,-0.03338623046875,0.8986358642578125,-0.362823486328125,0.18850493431091309,-0.8546659350395203,0.20915454626083374
489,0.9421,0.9476,0,1,0.01751708984375,0.8552703857421875,-0.25299072265625,0.10851182788610458,-0.899231493473053,0.25822168588638306
490,0.9809,0.9583,0,1,0.0045928955078125,0.8498382568359375,-0.2733154296875,-0.18803487718105316,-0.8137701153755188,0.29766204953193665
491,1.0246,0.9652,0,1,0.0111846923828125,0.9053497314453125,-0.3739776611328125,-0.2583111822605133,-0.7155663371086121,0.3337644040584564
492,1.0709,0.9694,0,1,0.075714111328125,0.995849609375,-0.4984130859375,-0.13522866368293762,-0.806943416595459,0.35253942012786865
493,1.1168,0.9728,0,1,0.18414306640625,1.0284881591796875,-0.5645904541015625,0.04981575906276703,-0.8731974959373474,0.4134432375431061
494,1.1594,0.9783,0,1,0.2265472412109375,0.9834747314453125,-0.44866943359375,0.16107437014579773,-0.9386284351348877,0.43908601999282837
495,1.1953,0.989,0,1,0.1608428955078125,0.9492340087890625,-0.2557525634765625,0.17121756076812744,-1.3938542604446411,0.42418110370635986
496,1.2218,1.008,0,1,0.027923583984375,1.079742431640625,-0.158966064453125,0.12308411300182343,-1.4862297773361206,0.36541658639907837
497,1.2368,1.0378,0,1,-0.3903045654296875,1.1525115966796875,0.06719970703125,0.19586217403411865,-0.5579213500022888,0.35051485896110535
498,1.2391,1.0794,0,1,-0.7601470947265625,1.350311279296875,0.0370635986328125,0.3627696633338928,0.28347086906433105,0.16408374905586243
499,1.2288,1.1322,0,1,-1.168182373046875,1.42333984375,-0.306304931640625,0.31162580847740173,-0.717654287815094,0.09878356754779816
500,1.2074,1.1933,0,1,-0.7494964599609375,0.738372802734375,-0.179473876953125,-0.3500000834465027,-0.37311577796936035,0.2014332413673401
501,1.1775,1.2576,0,1,-0.419464111328125,0.755279541015625,0.260955810546875,-0.6716140508651733,1.3689793348312378,-0.03885765001177788
502,1.1424,1.3191,0,1,-0.268829345703125,0.905181884765625,0.43658447265625,-0.6238819360733032,1.9594833850860596,-0.14177897572517395
503,1.1058,1.3707,0,1,-0.2611083984375,0.9691314697265625,0.352508544921875,-0.35525184869766235,1.6597226858139038,-0.3390422463417053
504,1.0709,1.4063,0,1,-0.214324951171875,0.969085693359375,0.288177490234375,-0.015341139398515224,1.103053331375122,-0.5832232236862183
505,1.0406,1.4206,0,1,-0.075286865234375,0.9388580322265625,0.233184814453125,0.1923750340938568,0.3936617970466614,-0.6497186422348022
506,1.0165,1.4107,0,1,0.10430908203125,0.9029998779296875,0.108428955078125,-0.4585611820220947,-0.7951690554618835,-0.6601060032844543
507,0.9992,1.3759,0,1,0.257537841796875,0.988311767578125,-0.033905029296875,-1.1697365045547485,-1.7266572713851929,-0.4654318690299988
508,0.9885,1.3185,0,1,0.2295684814453125,1.0030670166015625,-0.1255645751953125,-0.8741536140441895,-1.6567362546920776,-0.10690461099147797
509,0.9834,1.2432,0,1,0.0738372802734375,1.0025787353515625,-0.058441162109375,-0.4470805525779724,-1.0815283060073853,0.08201044797897339
510,0.9823,1.1571,0,1,-0.1409149169921875,1.0357666015625,0.0494384765625,-0.4283047318458557,-0.8055473566055298,0.13773976266384125
511,0.9835,1.0688,0,1,-0.28826904296875,1.0125885009765625,0.05157470703125,-0.7691203951835632,-0.6457529067993164,0.1071016862988472
512,0.9855,0.9871,0,1,-0.3192596435546875,0.9459381103515625,0.044036865234375,-0.9308344721794128,-0.45438748598098755,-0.039024632424116135
513,0.987,0.9204,0,1,-0.2388153076171875,0.92169189453125,0.030364990234375,-0.7170960903167725,-0.3321196138858795,-0.19324323534965515
514,0.9871,0.8751,0,1,-0.133514404296875,0.9319915771484375,0.0699005126953125,-0.4492776691913605,-0.3755547106266022,-0.33671969175338745
515,0.9854,0.8551,0,1,-0.044677734375,0.9946746826171875,0.1409912109375,-0.4159948229789734,-0.6075708866119385,-0.42378348112106323
516,0.982,0.8613,0,1,-0.0194244384765625,1.01348876953125,0.108673095703125,-0.5306795835494995,-0.5337722897529602,-0.35027971863746643
517,0.9776,0.8911,0,1,-0.0796051025390625,0.9720001220703125,0.0559539794921875,-0.6403927803039551,-0.06982754915952682,-0.3018229603767395
518,0.9731,0.939,0,1,-0.134246826171875,0.9351959228515625,0.0804901123046875,-0.7328819632530212,0.20694972574710846,-0.2711564004421234
519,0.9698,0.9972,0,1,-0.195526123046875,0.925140380859375,0.0962982177734375,-0.8122745156288147,0.3536962866783142,-0.3491443991661072
520,0.969,1.0565,0,1,-0.2159881591796875,0.9326019287109375,0.1425933837890625,-0.8538797497749329,0.2899218201637268,-0.46606090664863586
521,0.9721,1.1074,0,1,-0.23089599609375,0.9456787109375,0.147125244140625,-0.8886377215385437,0.13747556507587433,-0.5943922400474548
522,0.9805,1.142,0,1,-0.2103118896484375,0.9733734130859375,0.1076202392578125,-0.9280250668525696,0.10748997330665588,-0.6864396333694458
523,0.9951,1.1546,0,1,-0.1844940185546875,1.015838623046875,-0.008514404296875,-0.992775022983551,0.3696027994155884,-0.6971654891967773
524,1.0164,1.1433,0,1,-0.167633056640625,1.0178985595703125,-0.1056365966796875,-0.9220294952392578,0.848121166229248,-0.7226223945617676
525,1.0444,1.1104,0,1,-0.1020660400390625,0.984649658203125,-0.086090087890625,-0.6366331577301025,1.224387764930725,-0.7855808734893799
526,1.0786,1.0624,0,1,0.0176849365234375,1.0202484130859375,0.055389404296875,-0.22322189807891846,1.21055269241333,-0.780356764793396
527,1.1176,1.0094,0,1,0.1282806396484375,1.104827880859375,0.2237548828125,-0.019224559888243675,0.7463077306747437,-0.7257385849952698
528,1.1594,0.9639,0,1,0.204193115234375,1.0908050537109375,0.31976318359375,-0.09144176542758942,0.1231972947716713,-0.6973809599876404
529,1.2015,0.9389,0,1,0.2670745849609375,1.0270538330078125,0.300323486328125,-0.4867717921733856,-0.3024807572364807,-0.6195673942565918
530,1.241,0.9457,0,1,0.2462005615234375,1.1295166015625,0.1149749755859375,-0.8246028423309326,-0.5599032640457153,-0.25492656230926514
531,1.2748,0.9925,0,1,0.1009674072265625,1.2523651123046875,-0.1092376708984375,-0.594150185585022,-0.5501781702041626,0.09346736967563629
532,1.3002,1.0822,0,1,-0.098052978515625,1.321502685546875,-0.0960235595703125,-0.16521106660366058,-0.5572693943977356,0.21782447397708893
533,1.315,1.2119,0,1,-0.2955322265625,1.392974853515625,-0.1147003173828125,0.1077597513794899,-0.6526965498924255,0.250712126493454
534,1.318,1.3727,0,1,-0.38848876953125,1.420318603515625,-0.2558135986328125,0.8011121153831482,-0.5879660248756409,0.10011515021324158
535,1.3089,1.5502,0,1,-0.2821502685546875,1.393829345703125,-0.1892242431640625,0.8011121153831482,-0.5879660248756409,0.10011515021324158
536,1.2886,1.7266,0,1,-0.2549591064453125,1.2740325927734375,-0.04400634765625,2.1136369705200195,-0.3983340561389923,0.3198709487915039
537,1.2588,1.8829,0,1,-0.24249267578125,1.16961669921875,0.0481719970703125,2.2190444469451904,-0.16977545619010925,0.51345294713974
538,1.2221,2.0016,0,1,-0.237152099609375,1.0721435546875,0.1381683349609375,2.0520575046539307,0.19246691465377808,0.7199389934539795
539,1.1809,2.0691,0,1,-0.2766265869140625,0.9967193603515625,0.19049072265625,1.676648736000061,0.8290407061576843,0.8824823498725891
540,1.1379,2.0779,0,1,-0.35369873046875,0.95819091796875,0.1809539794921875,1.2275923490524292,1.8825677633285522,0.955183207988739
541,1.0953,2.0277,0,1,-0.478668212890625,0.965087890625,0.1174468994140625,0.9382822513580322,2.849827289581299,0.940699577331543
542,1.0549,1.9252,0,1,-0.6832122802734375,0.9691009521484375,-0.05755615234375,0.9421584606170654,2.681070327758789,0.6710745096206665
543,1.0178,1.7835,0,1,-0.647003173828125,0.901092529296875,-0.04644775390625,1.0856103897094727,0.9195005893707275,0.3242419958114624
544,0.9848,1.6197,0,1,-0.57470703125,0.8048248291015625,0.1944427490234375,0.6949945092201233,0.08409170806407928,0.07935314625501633
545,0.9562,1.4522,0,1,-0.4098663330078125,0.760986328125,0.1718292236328125,0.38375139236450195,0.33808085322380066,0.09633798897266388
546,0.9319,1.2982,0,1,-0.3100738525390625,0.7682952880859375,0.153289794921875,0.4445337951183319,0.8171422481536865,0.2808836102485657
547,0.9117,1.1712,0,1,-0.3031463623046875,0.7919921875,0.1385955810546875,0.6260676383972168,1.0917655229568481,0.25575268268585205
548,0.8951,1.0794,0,1,-0.275238037109375,0.80487060546875,0.148468017578125,0.6280050873756409,0.9889140129089355,0.17472387850284576
549,0.8819,1.0256,0,1,-0.0213623046875,0.9441375732421875,0.0630645751953125,0.22595882415771484,-0.23806315660476685,0.15001000463962555
550,0.8718,1.0072,0,1,0.09478759765625,1.0156097412109375,-0.171905517578125,-0.29384973645210266,-1.306208848953247,0.36877429485321045
551,0.8651,1.017,0,1,0.039215087890625,0.9433135986328125,-0.29345703125,-0.26356080174446106,-0.9059972763061523,0.663780927658081
552,0.8621,1.045,0,1,-0.11248779296875,0.8452301025390625,-0.28936767578125,-0.012338691391050816,0.181338369846344,0.7984098196029663
553,0.8635,1.0802,0,1,-0.160919189453125,0.789398193359375,-0.2326202392578125,0.07448968291282654,1.3240219354629517,0.7293287515640259
554,0.8701,1.1118,0,1,-0.2761993408203125,0.7142486572265625,-0.06939697265625,-0.06996151059865952,1.4711335897445679,0.5924540162086487
555,0.8823,1.1315,0,1,-0.3221588134765625,0.639373779296875,0.0421295166015625,-0.15918485820293427,0.3174418807029724,0.2449120134115219
556,0.9003,1.1342,0,1,-0.23974609375,0.672576904296875,-0.0125579833984375,0.014480671845376492,-1.0457714796066284,-0.12445724010467529
557,0.9238,1.1187,0,1,-0.15582275390625,0.8006591796875,-0.20867919921875,0.23568442463874817,-1.7362744808197021,-0.3499087393283844
558,0.9523,1.0881,0,1,0.0006866455078125,0.947021484375,-0.43585205078125,0.23568442463874817,-1.7362744808197021,-0.3499087393283844
559,0.9849,1.0495,0,1,0.16461181640625,1.0248870849609375,-0.5637359619140625,0.6702145934104919,-1.2032654285430908,-0.2360609918832779
560,1.0206,1.0125,0,1,0.3562774658203125,1.09039306640625,-0.6594085693359375,0.523180365562439,-0.16604436933994293,0.06059330701828003
561,1.0586,0.9879,0,1,0.4088134765625,1.147796630859375,-0.418914794921875,0.22308075428009033,0.195628359913826,0.3034975528717041
562,1.0979,0.986,0,1,0.329925537109375,1.1071624755859375,-0.16729736328125,-0.1290685087442398,-0.4689379334449768,0.5848959684371948
563,1.1372,1.0149,0,1,0.1570892333984375,0.8838958740234375,-0.073028564453125,-0.21456024050712585,-0.9142637252807617,0.6248401999473572
564,1.175,1.079,0,1,0.0757293701171875,0.68731689453125,-0.1165008544921875,-0.08479505032300949,-0.8593775629997253,0.5666887164115906
565,1.209,1.1784,0,1,-0.0019989013671875,0.666351318359375,-0.126434326171875,-0.12575259804725647,-0.706601083278656,0.5071268677711487
566,1.2364,1.3085,0,1,-0.186767578125,0.922698974609375,-0.0633392333984375,-0.12575259804725647,-0.706601083278656,0.5071268677711487
567,1.2547,1.4607,0,1,-0.49835205078125,1.22296142578125,0.03656005859375,-0.561582624912262,-1.1342980861663818,0.35313063859939575
568,1.2618,1.6236,0,1,-0.935211181640625,1.8055419921875,-0.2781524658203125,-0.561582624912262,-1.1342980861663818,0.35313063859939575
569,1.2568,1.784,0,1,-0.9777374267578125,1.9657135009765625,-1.222198486328125,0.07003128528594971,-2.674206256866455,-0.3700414299964905
570,1.2408,1.929,0,1,-0.39959716796875,0.8920745849609375,-0.4254608154296875,1.041623830795288,1.097368597984314,-0.23112882673740387
571,1.2161,2.0477,0,1,-0.229888916015625,0.6613311767578125,0.340118408203125,1.1509984731674194,2.8319170475006104,0.03208949416875839
572,1.1864,2.132,0,1,-0.2370758056640625,0.52313232421875,0.5935211181640625,0.5001640319824219,3.0130932331085205,0.11113211512565613
573,1.1555,2.1772,0,1,-0.2503204345703125,0.5848236083984375,0.5587158203125,-0.36781051754951477,2.378704786300659,-0.022102372720837593
574,1.1267,2.1821,0,1,-0.2257080078125,0.8210906982421875,0.46600341796875,-0.7198031544685364,1.258758306503296,-0.18310271203517914
575,1.1026,2.1484,0,1,-0.213043212890625,1.0034027099609375,0.3978118896484375,-0.587289571762085,-0.006623814348131418,-0.3330799639225006
576,1.084,2.0795,0,1,-0.1435089111328125,1.069915771484375,0.3135528564453125,-0.3401690125465393,-1.025780439376831,-0.5009225010871887
577,1.0708,1.9804,0,1,-0.07305908203125,1.1001739501953125,0.2616729736328125,-0.3352088928222656,-1.8185302019119263,-0.7022401690483093
578,1.062,1.8573,0,1,0.0493316650390625,1.1180877685546875,0.23077392578125,-1.370984673500061,-2.6662116050720215,-0.709882915019989
579,1.0559,1.7177,0,1,0.10626220703125,1.1208648681640625,-0.33966064453125,-2.552600145339966,-2.2257533073425293,-0.2629309594631195
580,1.0507,1.5701,0,1,0.0337066650390625,1.050628662109375,-0.5684661865234375,-1.5504382848739624,-1.0179646015167236,-0.003959321416914463
581,1.045,1.4238,0,1,-0.057586669921875,0.9890899658203125,-0.3719024658203125,-0.03508235514163971,0.32615041732788086,0.08174200356006622
582,1.0377,1.288,0,1,-0.1438446044921875,0.959625244140625,0.0726470947265625,0.10261239856481552,0.743803858757019,0.10907535254955292
583,1.0281,1.1703,0,1,-0.2116241455078125,0.930023193359375,0.313140869140625,-0.7066159844398499,0.3081812560558319,0.03213982656598091
584,1.0163,1.0761,0,1,-0.2449798583984375,0.887847900390625,0.2194976806640625,-1.0532288551330566,-0.15765966475009918,-0.14296860992908478
585,1.0027,1.0077,0,1,-0.2652740478515625,0.8632354736328125,0.07330322265625,-0.940169095993042,-0.5492663383483887,-0.289606511592865
586,0.9881,0.9643,0,1,-0.22406005859375,0.9470367431640625,-0.094940185546875,-0.8383092880249023,-0.5864459276199341,-0.42852577567100525
587,0.9738,0.9423,0,1,-0.139862060546875,1.024444580078125,-0.1429595947265625,-0.6234539747238159,-0.13818050920963287,-0.5427501201629639
588,0.9613,0.936,0,1,-0.05023193359375,1.041015625,-0.0385894775390625,-0.42074111104011536,0.475955605506897,-0.5444592833518982
589,0.9522,0.9382,0,1,-0.0497283935546875,0.99346923828125,0.141693115234375,-0.411470890045166,0.560526967048645,-0.588174045085907
590,0.9485,0.9421,0,1,-0.0526885986328125,0.9440155029296875,0.1991424560546875,-0.6289462447166443,0.20608605444431305,-0.5664668679237366
591,0.9519,0.9413,0,1,-0.0777587890625,0.9088287353515625,0.1241912841796875,-0.8685665726661682,-0.003932689782232046,-0.5764995217323303
592,0.9637,0.9319,0,1,-0.0978240966796875,0.936065673828125,0.020416259765625,-0.8673883676528931,0.08555351942777634,-0.5799150466918945
593,0.9849,0.9124,0,1,-0.1321258544921875,1.0114593505859375,-0.0521697998046875,-0.856484591960907,0.3956189751625061,-0.5383649468421936
594,1.0155,0.8846,0,1,-0.160430908203125,1.003326416015625,-0.0862579345703125,-0.7394711375236511,0.8026328086853027,-0.5912744998931885
595,1.0547,0.8537,0,1,-0.105865478515625,0.970184326171875,0.0079193115234375,-0.4371246099472046,0.8959544897079468,-0.6427028179168701
596,1.1007,0.8271,0,1,-0.0140533447265625,1.0092010498046875,0.152679443359375,-0.2946758568286896,0.6088628172874451,-0.659616231918335
597,1.1504,0.8139,0,1,0.05682373046875,1.0688629150390625,0.2134552001953125,-0.22367730736732483,0.3325486481189728,-0.5900039076805115
598,1.2004,0.8231,0,1,0.0923004150390625,1.0914154052734375,0.25189208984375,-0.2560184597969055,0.11275983601808548,-0.4964292049407959
599,1.2465,0.8622,0,1,0.1236419677734375,1.1699066162109375,0.234527587890625,-0.46962687373161316,-0.007376956287771463,-0.30773812532424927
600,1.2846,0.9359,0,1,0.0894622802734375,1.2394256591796875,0.188232421875,-0.6647553443908691,-0.19122934341430664,-0.10478446632623672
601,1.3111,1.0447,0,1,0.041229248046875,1.33868408203125,0.0998992919921875,-0.5404278039932251,-0.6052007079124451,0.031137678772211075
602,1.3233,1.1848,0,1,-0.09210205078125,1.47039794921875,-0.0249176025390625,-0.2415148913860321,-1.0862349271774292,0.1273006945848465
603,1.3203,1.348,0,1,-0.2493743896484375,1.5595550537109375,-0.22265625,0.3011164367198944,-1.2262176275253296,0.07507743686437607
604,1.3024,1.5226,0,1,-0.362457275390625,1.41094970703125,-0.354522705078125,1.0786633491516113,-0.7577564120292664,0.04226170480251312
605,1.2716,1.695,0,1,-0.430267333984375,1.2086639404296875,-0.279876708984375,1.6672509908676147,-0.23781947791576385,0.1875307410955429
606,1.2314,1.8506,0,1,-0.44732666015625,1.045989990234375,-0.153778076171875,2.0138049125671387,0.27564355731010437,0.266215443611145
607,1.1855,1.9762,0,1,-0.3193206787109375,1.0164794921875,0.019866943359375,2.1007254123687744,0.7567739486694336,0.35843539237976074
608,1.1379,2.0614,0,1,-0.2193450927734375,0.9190673828125,0.19683837890625,1.8940180540084839,1.1243541240692139,0.5267785787582397
609,1.0922,2.0994,0,1,-0.2027740478515625,0.8266143798828125,0.2628326416015625,1.4419504404067993,1.7052936553955078,0.6764964461326599
610,1.0505,2.0881,0,1,-0.2738037109375,0.8073883056640625,0.21649169921875,1.0437796115875244,2.2814722061157227,0.7081499695777893
611,1.0142,2.03,0,1,-0.33648681640625,0.857666015625,0.21832275390625,0.8310820460319519,2.219116449356079,0.7056708335876465
612,0.9834,1.9312,0,1,-0.464324951171875,0.9498443603515625,0.0583038330078125,0.7937943339347839,1.4872093200683594,0.5152705311775208
613,0.9573,1.8006,0,1,-0.61016845703125,1.0193634033203125,-0.086334228515625,0.9192593097686768,0.042397256940603256,0.18946553766727448
614,0.9351,1.6485,0,1,-0.604156494140625,0.977386474609375,0.0562896728515625,0.7221222519874573,-0.2389766275882721,0.0019893813878297806
615,0.9157,1.4851,0,1,-0.408050537109375,0.865814208984375,0.0708770751953125,0.5262100100517273,0.7093931436538696,0.24283182621002197
616,0.8984,1.32,0,1,-0.325103759765625,0.7875518798828125,0.0520782470703125,0.3842587172985077,1.9130604267120361,0.39254993200302124
617,0.883,1.1618,0,1,-0.189666748046875,0.75543212890625,0.002044677734375,0.2117636501789093,2.161290168762207,0.3708939254283905
618,0.8699,1.0179,0,1,-0.03369140625,0.8411407470703125,-0.0139923095703125,-0.03141038864850998,1.3370250463485718,0.3016061782836914
619,0.8598,0.8944,0,1,-0.0023651123046875,0.895782470703125,0.03326416015625,-0.1061815619468689,0.14981745183467865,0.35192981362342834
620,0.8534,0.7958,0,1,-0.1287384033203125,0.8717803955078125,-0.04840087890625,-0.10294076055288315,-0.47164610028266907,0.4935876131057739
621,0.8519,0.7252,0,1,-0.142547607421875,0.8112945556640625,-0.1257781982421875,-0.09855613112449646,-0.21837574243545532,0.43747854232788086
622,0.8562,0.6838,0,1,-0.0466461181640625,0.8311004638671875,-0.1443328857421875,-0.014339257963001728,-0.10210133343935013,0.3484210968017578
623,0.867,0.6705,0,1,-0.0128173828125,0.82427978515625,-0.1057891845703125,0.096254363656044,-0.583761990070343,0.34463274478912354
624,0.8844,0.6827,0,1,-0.0440673828125,0.837158203125,-0.2099609375,0.21024830639362335,-0.9021047949790955,0.3018743693828583
625,0.9085,0.7163,0,1,-0.011138916015625,0.8404083251953125,-0.275848388671875,0.30055317282676697,-0.8022034764289856,0.2450891137123108
626,0.9383,0.7661,0,1,0.01861572265625,0.87188720703125,-0.300079345703125,0.3298013508319855,-0.5507920384407043,0.14777134358882904
627,0.9729,0.8265,0,1,0.0807342529296875,0.938018798828125,-0.23394775390625,0.19583554565906525,-0.6314112544059753,0.09946054220199585
628,1.0105,0.892,0,1,0.189056396484375,0.964447021484375,-0.3008575439453125,0.07761996239423752,-0.9091895818710327,0.1390622854232788
629,1.0494,0.9578,0,1,0.23089599609375,1.016326904296875,-0.3806304931640625,0.1576085388660431,-0.9444637298583984,0.15294720232486725
630,1.0876,1.0198,0,1,0.281768798828125,1.059906005859375,-0.44183349609375,0.37095117568969727,-0.9533091187477112,0.22365519404411316
631,1.123,1.0756,0,1,0.2766265869140625,1.0316619873046875,-0.451873779296875,0.4694732129573822,-0.7320166826248169,0.38231781125068665
632,1.1537,1.1241,0,1,0.1824798583984375,0.9427642822265625,-0.3186187744140625,0.3004245460033417,-1.02519690990448,0.5438358783721924
633,1.178,1.1658,0,1,-0.008087158203125,0.96673583984375,-0.1287384033203125,0.04258687421679497,-1.7415568828582764,0.4891353249549866
634,1.1944,1.2027,0,1,-0.2120513916015625,1.028167724609375,0.068115234375,0.12683384120464325,-1.5677765607833862,0.32743510603904724
635,1.202,1.2373,0,1,-0.53143310546875,1.040283203125,0.218902587890625,0.397081583738327,-0.7564783692359924,0.1705847829580307
636,1.2006,1.2724,0,1,-0.762725830078125,1.5026397705078125,0.0153350830078125,0.21966338157653809,-0.30498814582824707,-0.0026138925459235907
637,1.1907,1.3102,0,1,-0.8266143798828125,1.1933746337890625,-0.3737640380859375,-0.4092724621295929,-1.637492299079895,0.22161947190761566
638,1.1738,1.3515,0,1,-0.7300872802734375,0.773773193359375,-0.307708740234375,-0.7093811631202698,-0.850517749786377,0.03552497178316116
639,1.1519,1.3955,0,1,-0.47308349609375,0.78643798828125,0.08453369140625,-0.0992586761713028,1.0746915340423584,-0.2927865982055664
640,1.1275,1.4396,0,1,-0.3201751708984375,0.8725128173828125,0.256256103515625,0.37622928619384766,1.925692081451416,-0.36550554633140564
641,1.1029,1.4799,0,1,-0.3349151611328125,0.9219207763671875,0.42254638671875,0.3486029803752899,1.7327340841293335,-0.4563470184803009
642,1.08,1.5115,0,1,-0.24884033203125,0.9731292724609375,0.4217987060546875,0.05103974789381027,1.0789607763290405,-0.49983644485473633
643,1.0602,1.5289,0,1,-0.11053466796875,0.9978790283203125,0.35626220703125,-0.19489865005016327,0.3054022490978241,-0.2914470136165619
644,1.0441,1.5272,0,1,-0.101043701171875,0.936309814453125,0.319183349609375,-0.6269315481185913,-0.5805203914642334,-0.2404903620481491
645,1.0316,1.5029,0,1,0.0425872802734375,0.911376953125,0.20135498046875,-1.773113489151001,-1.7557259798049927,-0.5727487206459045
646,1.0221,1.4545,0,1,0.2049713134765625,1.0431671142578125,-0.1380462646484375,-1.9734423160552979,-2.1791677474975586,-0.322485089302063
647,1.0144,1.3833,0,1,0.0994720458984375,1.0575408935546875,-0.429840087890625,-1.3609410524368286,-1.4310543537139893,-0.11830427497625351
648,1.0077,1.2936,0,1,0.0017547607421875,1.025848388671875,-0.336700439453125,-0.5493488907814026,-0.2845851182937622,-0.07088109850883484
649,1.0008,1.1919,0,1,-0.1201934814453125,0.9806365966796875,-0.0794525146484375,-0.37535470724105835,0.2122960090637207,0.004915129859000444
650,0.9932,1.0861,0,1,-0.2399749755859375,0.9288482666015625,0.145538330078125,-0.6936173439025879,0.03184421733021736,-0.0738619714975357
651,0.9846,0.9844,0,1,-0.2898406982421875,0.891326904296875,0.137237548828125,-0.888841450214386,-0.21411122381687164,-0.20227932929992676
652,0.9755,0.894,0,1,-0.2861480712890625,0.861602783203125,0.0624542236328125,-0.9173527359962463,-0.4540298283100128,-0.2928744852542877
653,0.9666,0.8211,0,1,-0.2091064453125,0.9374542236328125,-0.096923828125,-0.7997816205024719,-0.26776060461997986,-0.42612335085868835
654,0.9592,0.7696,0,1,-0.088287353515625,1.0403900146484375,-0.148834228515625,-0.5928774476051331,0.12409371882677078,-0.4720415771007538
655,0.9549,0.7418,0,1,-0.0433197021484375,1.04486083984375,-0.0997314453125,-0.44568026065826416,0.32905352115631104,-0.4826454818248749
656,0.9556,0.7383,0,1,-0.032135009765625,0.9816436767578125,0.007781982421875,-0.3706686198711395,0.24431200325489044,-0.5166000127792358
657,0.963,0.7577,0,1,-0.035491943359375,0.89739990234375,0.07220458984375,-0.4007572829723358,0.004796619527041912,-0.5093988180160522
658,0.9788,0.7978,0,1,-0.089385986328125,0.9430389404296875,0.0326080322265625,-0.578765869140625,-0.03521551191806793,-0.506962776184082
659,1.0038,0.8552,0,1,-0.1361541748046875,1.041229248046875,-0.1333770751953125,-0.6005628108978271,0.42967069149017334,-0.4606325924396515
660,1.0384,0.9264,0,1,-0.178955078125,1.0328216552734375,-0.1452789306640625,-0.6005628108978271,0.42967069149017334,-0.4606325924396515
661,1.0815,1.0076,0,1,-0.12493896484375,0.9571990966796875,0.0107879638671875,-0.6062449216842651,1.223366141319275,-0.729773223400116
662,1.1311,1.0957,0,1,0.04583740234375,1.02227783203125,0.2584991455078125,-0.38151514530181885,0.9076870679855347,-0.823980987071991
663,1.1843,1.1878,0,1,0.16851806640625,1.018341064453125,0.35748291015625,-0.44590264558792114,0.4136562943458557,-0.8357462882995605
664,1.2369,1.2814,0,1,0.248077392578125,1.0526580810546875,0.3447418212890625,-0.790507972240448,-0.056301090866327286,-0.8604598641395569
665,1.2845,1.3742,0,1,0.310089111328125,1.20751953125,0.2564544677734375,-0.790507972240448,-0.056301090866327286,-0.8604598641395569
666,1.3227,1.4637,0,1,0.230377197265625,1.3128662109375,0.063568115234375,-0.9371386766433716,-0.9963106513023376,-0.2912802994251251
667,1.3476,1.5474,0,1,-0.0615234375,1.3367156982421875,-0.18035888671875,-0.7036886215209961,-1.1537742614746094,0.005088235717266798
668,1.3565,1.6222,0,1,-0.365997314453125,1.4664154052734375,-0.31182861328125,-0.14167776703834534,-1.7469404935836792,0.1378185898065567
669,1.3483,1.6849,0,1,-0.5623626708984375,1.4790802001953125,-0.3931732177734375,0.8548435568809509,-1.4759925603866577,-0.0655803382396698
670,1.3239,1.7326,0,1,-0.47845458984375,1.3878326416015625,-0.17059326171875,0.8548435568809509,-1.4759925603866577,-0.0655803382396698
671,1.2856,1.7627,0,1,-0.3826446533203125,1.2484893798828125,0.0872039794921875,1.7418493032455444,0.27862125635147095,-0.01582503505051136
672,1.2375,1.7736,0,1,-0.176971435546875,1.187835693359375,0.293548583984375,1.7701365947723389,0.34111684560775757,0.17589406669139862
673,1.1842,1.7648,0,1,-0.1602783203125,0.992584228515625,0.33587646484375,1.491419792175293,0.5883194208145142,0.4628203809261322
674,1.1303,1.7372,0,1,-0.1887054443359375,0.8371429443359375,0.272979736328125,1.1476043462753296,1.1852505207061768,0.733956515789032
675,1.0802,1.6933,0,1,-0.2677001953125,0.7630462646484375,0.2002105712890625,0.9549674987792969,1.6274745464324951,0.9115036129951477
676,1.0368,1.6366,0,1,-0.39263916015625,0.806182861328125,0.1555328369140625,0.8405671119689941,1.7592756748199463,0.8970807194709778
677,1.0018,1.5718,0,1,-0.608123779296875,0.8786163330078125,0.0484161376953125,0.8059346079826355,1.1449909210205078,0.6404990553855896
678,0.9755,1.5037,0,1,-0.78082275390625,0.8700103759765625,-0.0611114501953125,0.8742944598197937,-0.5001738667488098,0.1272607445716858
679,0.9569,1.4364,0,1,-0.682647705078125,0.81427001953125,0.0213470458984375,0.6489161849021912,-0.9734295606613159,-0.08116089552640915
680,0.9445,1.3731,0,1,-0.496124267578125,0.7970428466796875,-0.0146026611328125,0.5045174956321716,-0.04950257018208504,0.10178814828395844
681,0.9359,1.3156,0,1,-0.3607635498046875,0.79547119140625,-0.025146484375,0.6456074714660645,0.8913078308105469,0.30425816774368286
682,0.9291,1.2644,0,1,-0.2755279541015625,0.814971923828125,-0.045074462890625,0.8687063455581665,1.479016900062561,0.32551339268684387
683,0.9219,1.2191,0,1,-0.2041015625,0.9000244140625,-0.03118896484375,0.8419352173805237,1.6733261346817017,0.3654448091983795
684,0.9129,1.1788,0,1,-0.133148193359375,0.947265625,0.0066680908203125,0.5284393429756165,1.4929238557815552,0.42208200693130493
685,0.9016,1.143,0,1,-0.0556488037109375,0.94293212890625,0.0441436767578125,0.21124832332134247,0.9668886065483093,0.49585476517677307
686,0.8881,1.1113,0,1,-0.080108642578125,0.9234771728515625,-0.0417938232421875,0.03467515483498573,0.6488648056983948,0.6032328605651855
687,0.8738,1.0837,0,1,-0.094573974609375,0.9481964111328125,-0.112060546875,0.016576578840613365,0.5002433657646179,0.6886979937553406
688,0.8606,1.06,0,1,-0.0529632568359375,0.9423065185546875,-0.1257476806640625,-0.04532593488693237,0.5155088901519775,0.7497336268424988
689,0.8513,1.0397,0,1,-0.0246429443359375,0.8985595703125,-0.144683837890625,-0.13803616166114807,0.5492998957633972,0.6778416037559509
690,0.8485,1.0219,0,1,-0.0468292236328125,0.8287200927734375,-0.030120849609375,-0.13803616166114807,0.5492998957633972,0.6778416037559509
691,0.8548,1.0053,0,1,-0.0996246337890625,0.757781982421875,-0.0260009765625,0.027028953656554222,-0.9090601801872253,0.4376974403858185
692,0.8718,0.9887,0,1,-0.138427734375,0.709442138671875,-0.132568359375,0.057918425649404526,-1.1818733215332031,0.24406327307224274
693,0.9002,0.9711,0,1,-0.0962677001953125,0.709991455078125,-0.1922607421875,0.030948327854275703,-0.9546521902084351,0.11944463849067688
694,0.9392,0.9524,0,1,-0.006103515625,0.76995849609375,-0.193328857421875,-0.11316437274217606,-0.7479400038719177,0.057609498500823975
695,0.9865,0.9336,0,1,0.0433807373046875,0.9296417236328125,-0.2314605712890625,-0.2014998197555542,-0.9760823249816895,0.0491451770067215
696,1.039,0.9173,0,1,0.101043701171875,1.0946044921875,-0.3833770751953125,-0.14846616983413696,-1.378067135810852,0.10230746120214462
697,1.0927,0.9072,0,1,0.2401885986328125,1.165313720703125,-0.5643310546875,-0.023999076336622238,-1.331221580505371,0.27027010917663574
698,1.1432,0.9081,0,1,0.33282470703125,1.1107177734375,-0.658294677734375,0.17157255113124847,-0.7078570127487183,0.5282920598983765
699,1.1867,0.9251,0,1,0.2178192138671875,0.979156494140625,-0.3853759765625,0.07942824810743332,-0.23066464066505432,0.6056203842163086
700,1.2196,0.9625,0,1,0.0615234375,0.8975677490234375,-0.0942840576171875,-0.15609878301620483,-0.5665534138679504,0.5963600873947144
701,1.2396,1.0232,0,1,-0.1746063232421875,0.9893035888671875,0.0474090576171875,-0.13307389616966248,-0.8597789406776428,0.44789227843284607
702,1.2454,1.1073,0,1,-0.585296630859375,1.089996337890625,0.1955413818359375,0.12695182859897614,-0.674765944480896,0.1713632345199585
703,1.2372,1.2124,0,1,-0.9391326904296875,1.5939178466796875,0.023406982421875,0.14566931128501892,-0.7214735150337219,-0.2013791799545288
704,1.2168,1.3328,0,1,-0.9396209716796875,1.4531402587890625,-0.5593109130859375,0.18501059710979462,-1.500547170639038,-0.14537370204925537
705,1.1871,1.4604,0,1,-0.527984619140625,0.7650604248046875,-0.2742156982421875,-0.14026150107383728,0.821959376335144,-0.00367170013487339
706,1.1522,1.5855,0,1,-0.3337249755859375,0.661285400390625,0.2611541748046875,-0.2839781939983368,2.3762505054473877,-0.0897328183054924
707,1.1162,1.6979,0,1,-0.2871856689453125,0.746612548828125,0.375396728515625,-0.2756219804286957,2.51705265045166,-0.17769755423069
708,1.083,1.7879,0,1,-0.3033599853515625,0.835540771484375,0.3724517822265625,-0.204072967171669,2.0376410484313965,-0.4351021945476532
709,1.0555,1.8473,0,1,-0.226348876953125,0.9479827880859375,0.37841796875,-0.055333562195301056,1.21049165725708,-0.5984077453613281
710,1.0352,1.8702,0,1,-0.144561767578125,0.984222412109375,0.3520965576171875,0.1148136705160141,0.3054051995277405,-0.6199908256530762
711,1.0225,1.8533,0,1,-0.07720947265625,0.9522705078125,0.306732177734375,0.07463855296373367,-0.6771854162216187,-0.6466525197029114
712,1.0163,1.7965,0,1,0.0392608642578125,0.8892059326171875,0.343719482421875,-1.0194053649902344,-2.0527215003967285,-0.9564892053604126
713,1.015,1.7034,0,1,0.2304229736328125,1.05035400390625,0.0367584228515625,-1.818251132965088,-2.7862985134124756,-0.5269391536712646
714,1.0161,1.5811,0,1,0.121429443359375,1.0752410888671875,-0.2429962158203125,-1.574662685394287,-2.1804497241973877,-0.04405907168984413
715,1.0174,1.4402,0,1,-0.0589447021484375,1.0656280517578125,-0.3356475830078125,-0.856417715549469,-0.7303058505058289,0.010037187486886978
716,1.0169,1.2933,0,1,-0.1668853759765625,1.0385589599609375,-0.151336669921875,-0.5016915798187256,0.17054350674152374,0.08661425113677979
717,1.0133,1.1537,0,1,-0.3172149658203125,1.00115966796875,-0.032562255859375,-0.4859563112258911,0.3372315466403961,0.0390014611184597
718,1.0061,1.0332,0,1,-0.2885894775390625,0.946319580078125,0.1095123291015625,-0.5284755229949951,0.32607823610305786,-0.09600775688886642
719,0.9957,0.9406,0,1,-0.23248291015625,0.8853607177734375,0.2132110595703125,-0.5608921051025391,0.14516331255435944,-0.24453198909759521
720,0.9831,0.8809,0,1,-0.1593780517578125,0.8784027099609375,0.225341796875,-0.692038893699646,-0.2558642625808716,-0.40861600637435913
721,0.9701,0.8548,0,1,-0.086639404296875,0.91961669921875,0.148681640625,-0.9176959991455078,-0.2434491366147995,-0.4928693473339081
722,0.9588,0.8592,0,1,-0.0155792236328125,0.9899749755859375,-0.057525634765625,-0.8856432437896729,0.18996328115463257,-0.4545089304447174
723,0.9514,0.8878,0,1,-0.0595550537109375,1.033721923828125,-0.0977783203125,-0.8856432437896729,0.18996328115463257,-0.4545089304447174
724,0.9502,0.9326,0,1,-0.127593994140625,0.986297607421875,0.0319671630859375,-0.6216944456100464,0.20864401757717133,-0.5210099220275879
725,0.957,0.9849,0,1,-0.162750244140625,0.9204254150390625,0.085357666015625,-0.6729089021682739,0.09038795530796051,-0.588992714881897
726,0.9733,1.0367,0,1,-0.1512908935546875,0.9176483154296875,0.116912841796875,-0.6893139481544495,0.14545387029647827,-0.6288394331932068
727,0.9998,1.0818,0,1,-0.1384735107421875,0.97686767578125,0.0329437255859375,-0.7939221262931824,0.4263502359390259,-0.5929179191589355
728,1.0359,1.1168,0,1,-0.1434173583984375,0.998626708984375,-0.0383758544921875,-0.9595513343811035,0.8408669829368591,-0.6170560121536255
729,1.0803,1.1413,0,1,-0.0743560791015625,1.0191497802734375,-0.066375732421875,-0.7642113566398621,1.2841898202896118,-0.6934812664985657
730,1.1304,1.1583,0,1,0.037445068359375,1.049102783203125,0.0850830078125,-0.2996596693992615,1.2655227184295654,-0.6892697811126709
731,1.183,1.1738,0,1,0.1370697021484375,1.0754241943359375,0.256744384765625,-0.2996596693992615,1.2655227184295654,-0.6892697811126709
732,1.2339,1.1953,0,1,0.243255615234375,1.1080474853515625,0.333526611328125,-0.26143693923950195,0.10698743909597397,-0.766825258731842
733,1.279,1.2308,0,1,0.3530426025390625,1.236480712890625,0.2309112548828125,-0.6870042085647583,-0.3777877688407898,-0.5170127749443054
734,1.3144,1.2867,0,1,0.27764892578125,1.33984375,-0.0203857421875,-0.9158264994621277,-0.6789401769638062,-0.02009381726384163
735,1.3371,1.367,0,1,0.0117950439453125,1.36016845703125,-0.2107696533203125,-0.36098402738571167,-0.9612174034118652,0.2831989526748657
736,1.345,1.4716,0,1,-0.2761993408203125,1.45147705078125,-0.161651611328125,0.3980429768562317,-1.0987871885299683,0.34961339831352234
737,1.3378,1.5964,0,1,-0.4985504150390625,1.4393157958984375,-0.133758544921875,0.923661470413208,-1.0048199892044067,0.13003070652484894
738,1.3164,1.7332,0,1,-0.4646148681640625,1.3453216552734375,-0.07867431640625,1.4752678871154785,-0.7178263068199158,-0.0005960154230706394
739,1.2833,1.8704,0,1,-0.4091949462890625,1.197265625,-0.0290985107421875,1.9504644870758057,-0.22940443456172943,0.13187333941459656
740,1.2417,1.995,0,1,-0.2696990966796875,1.1116790771484375,0.085601806640625,2.1175947189331055,0.25951600074768066,0.4722921848297119
741,1.1955,2.0935,0,1,-0.2757415771484375,0.965606689453125,0.1956787109375,1.9517498016357422,0.5876664519309998,0.749862790107727
742,1.1481,2.1542,0,1,-0.3616485595703125,0.901519775390625,0.19146728515625,1.6290950775146484,1.017947793006897,0.8679808974266052
743,1.1029,2.1682,0,1,-0.4607391357421875,0.86798095703125,0.1496734619140625,1.2981117963790894,1.6407620906829834,0.8538779020309448
744,1.062,2.1311,0,1,-0.6494140625,0.88006591796875,0.0016937255859375,1.2360122203826904,2.2248728275299072,0.6410881280899048
745,1.0267,2.0433,0,1,-0.630584716796875,0.9547882080078125,-0.1153411865234375,1.3684543371200562,2.107966661453247,0.5229540467262268
746,0.9976,1.91,0,1,-0.6269683837890625,0.8590545654296875,0.0030364990234375,1.2740496397018433,1.1447198390960693,0.2549191117286682
747,0.9742,1.741,0,1,-0.5639190673828125,0.7952117919921875,0.1527099609375,1.2740496397018433,1.1447198390960693,0.2549191117286682
748,0.9558,1.5494,0,1,-0.4322967529296875,0.81787109375,0.16656494140625,0.6098873019218445,0.8360309600830078,0.002775812754407525
749,0.9411,1.35,0,1,-0.3693695068359375,0.842559814453125,0.1179962158203125,0.5934601426124573,1.1567552089691162,0.15985330939292908
750,0.9289,1.1578,0,1,-0.2989501953125,0.83966064453125,0.07232666015625,0.5600315928459167,1.4635965824127197,0.17083485424518585
751,0.9179,0.9866,0,1,-0.212127685546875,0.8622894287109375,0.082733154296875,0.41145437955856323,1.1028001308441162,0.1554415225982666
752,0.9072,0.8474,0,1,-0.112457275390625,0.8677825927734375,0.061981201171875,0.18186433613300323,0.1189357116818428,0.09103962779045105
753,0.8964,0.7478,0,1,-0.0361480712890625,0.9017791748046875,-0.0322723388671875,-0.04277942329645157,-0.40913185477256775,0.19762279093265533
754,0.8856,0.6909,0,1,-0.0208892822265625,0.938720703125,-0.2113037109375,-0.156813845038414,-0.005754824727773666,0.34909459948539734
755,0.8756,0.6755,0,1,0.0296478271484375,0.978179931640625,-0.291595458984375,-0.156813845038414,-0.005754824727773666,0.34909459948539734
756,0.8678,0.6965,0,1,-0.0352935791015625,0.9133453369140625,-0.3120574951171875,-0.06650019437074661,1.0535459518432617,0.6795223355293274
757,0.8639,0.7462,0,1,-0.1312255859375,0.8230438232421875,-0.23822021484375,0.05283232033252716,0.683375358581543,0.5201084613800049
758,0.8658,0.8152,0,1,-0.101531982421875,0.81005859375,-0.048797607421875,0.08658415824174881,-0.46419191360473633,0.34665462374687195
759,0.8755,0.8937,0,1,-0.0385589599609375,0.7684783935546875,-0.0963897705078125,0.023309849202632904,-1.19688081741333,0.32965219020843506
760,0.8939,0.9732,0,1,0.032440185546875,0.72625732421875,-0.18536376953125,0.035660259425640106,-1.2295258045196533,0.2624973952770233
761,0.9214,1.0468,0,1,0.066070556640625,0.772369384765625,-0.2805633544921875,0.046182941645383835,-1.0698820352554321,0.170301154255867
762,0.9572,1.1105,0,1,0.0339508056640625,0.8671417236328125,-0.3838653564453125,-0.01728045381605625,-1.101125717163086,0.13288667798042297
763,0.9996,1.1625,0,1,0.0463104248046875,0.9785003662109375,-0.495819091796875,-0.01728045381605625,-1.101125717163086,0.13288667798042297
764,1.046,1.2038,0,1,0.0922698974609375,1.0250701904296875,-0.6378173828125,0.04249126836657524,-1.101806402206421,0.2699430584907532
765,1.0932,1.2373,0,1,0.079742431640625,0.98077392578125,-0.5557098388671875,0.18591846525669098,-1.0275386571884155,0.27669045329093933
766,1.1376,1.2674,0,1,0.1077880859375,0.890960693359375,-0.260772705078125,0.25331562757492065,-1.2537288665771484,0.229680597782135
767,1.1757,1.2989,0,1,0.1188507080078125,0.8921356201171875,-0.0976715087890625,0.20081353187561035,-1.6259077787399292,0.1645684391260147
768,1.2044,1.3368,0,1,-0.05059814453125,1.0217132568359375,0.0106658935546875,0.20081353187561035,-1.6259077787399292,0.1645684391260147
769,1.2215,1.3846,0,1,-0.4722900390625,1.1075897216796875,0.1087188720703125,0.028606610372662544,-1.3288787603378296,0.236162468791008
770,1.2261,1.4444,0,1,-1.0057373046875,1.8400726318359375,-0.2590484619140625,-0.005970540922135115,-0.4017255902290344,0.3075506389141083
771,1.2186,1.516,0,1,-0.8802947998046875,1.339935302734375,-0.6729583740234375,0.10009011626243591,-1.2351021766662598,0.2112605720758438
772,1.2011,1.5963,0,1,-0.5630645751953125,0.660125732421875,-0.15911865234375,-0.05476497858762741,0.9604096412658691,0.20408335328102112
773,1.1767,1.6804,0,1,-0.3435821533203125,0.612945556640625,0.395172119140625,-0.14791037142276764,2.520908832550049,-0.050451990216970444
774,1.1491,1.7616,0,1,-0.2823944091796875,0.758544921875,0.486419677734375,-0.29422709345817566,2.6853036880493164,-0.20438510179519653
775,1.1217,1.8322,0,1,-0.288299560546875,0.8609161376953125,0.4675750732421875,-0.3430931866168976,1.9888598918914795,-0.412143349647522
776,1.0974,1.885,0,1,-0.246673583984375,0.9627838134765625,0.4232330322265625,-0.29328808188438416,1.187628984451294,-0.598864734172821
777,1.0778,1.9133,0,1,-0.1311187744140625,1.0342864990234375,0.33160400390625,-0.041733864694833755,0.24486275017261505,-0.6226553320884705
778,1.0636,1.9119,0,1,-0.049407958984375,0.992431640625,0.2519989013671875,0.09040766209363937,-0.7557992339134216,-0.5538951754570007
779,1.0542,1.878,0,1,0.0429840087890625,0.92828369140625,0.3486175537109375,-0.9292266964912415,-2.2321159839630127,-0.7518199682235718
780,1.0482,1.8119,0,1,0.2080078125,1.0581512451171875,-0.0538330078125,-2.2958531379699707,-3.150242567062378,-0.463021457195282
781,1.0438,1.7175,0,1,0.0837554931640625,1.0793914794921875,-0.484161376953125,-1.9323019981384277,-2.3293893337249756,0.01537762489169836
782,1.0393,1.602,0,1,-0.1013336181640625,1.042449951171875,-0.5487060546875,-0.6371490359306335,-0.4772443175315857,0.0421232171356678
783,1.0331,1.4755,0,1,-0.172882080078125,1.0007476806640625,-0.1804046630859375,0.12724636495113373,0.6563693284988403,0.007133543025702238
784,1.0244,1.3489,0,1,-0.198211669921875,0.9537811279296875,0.2127227783203125,-0.2360231876373291,0.4991525411605835,-0.0009725864510983229
785,1.0129,1.2327,0,1,-0.1820526123046875,0.9491119384765625,0.3399658203125,-0.7758650779724121,-0.41634422540664673,-0.14776308834552765
786,0.9992,1.1354,0,1,-0.1759796142578125,0.9408416748046875,0.2030487060546875,-0.9737944602966309,-0.9509367942810059,-0.23362606763839722
787,0.9844,1.0623,0,1,-0.1736297607421875,0.92755126953125,0.0316925048828125,-0.9345316886901855,-0.7166358828544617,-0.31615957617759705
788,0.9702,1.0157,0,1,-0.12835693359375,0.9541473388671875,-0.0688629150390625,-0.9345316886901855,-0.7166358828544617,-0.31615957617759705
789,0.9586,0.9945,0,1,-0.12994384765625,0.9692840576171875,-0.0172119140625,-0.5858959555625916,0.4780864119529724,-0.35663536190986633
790,0.9516,0.9949,0,1,-0.1826324462890625,0.952484130859375,0.0514373779296875,-0.6290578246116638,0.3836592435836792,-0.44030308723449707
791,0.9512,1.0112,0,1,-0.18304443359375,0.93243408203125,0.096954345703125,-0.6629819869995117,0.09859181940555573,-0.5495808124542236
792,0.9587,1.0367,0,1,-0.1758575439453125,0.9156951904296875,0.141326904296875,-0.6855639815330505,0.031259916722774506,-0.6177226305007935
793,0.9754,1.0649,0,1,-0.175628662109375,0.9337310791015625,0.1208343505859375,-0.8401128053665161,0.1785668134689331,-0.6632682681083679
794,1.0013,1.0902,0,1,-0.17486572265625,1.009185791015625,0.015411376953125,-0.9016470313072205,0.520936131477356,-0.6759699583053589
795,1.036,1.1095,0,1,-0.1807861328125,1.0528106689453125,-0.0313262939453125,-0.897879421710968,0.8905727863311768,-0.6956059336662292
796,1.0779,1.1224,0,1,-0.1561279296875,1.020599365234375,-0.0181427001953125,-0.8687199354171753,1.180975079536438,-0.7880157828330994
797,1.1247,1.1314,0,1,-0.0217742919921875,1.0258941650390625,0.0752105712890625,-0.519805371761322,1.1328728199005127,-0.8358491063117981
798,1.1732,1.1412,0,1,0.104461669921875,1.089996337890625,0.2134552001953125,-0.1618884950876236,0.6198685765266418,-0.8305650949478149
799,1.2198,1.1584,0,1,0.2062530517578125,1.117218017578125,0.3094329833984375,-0.29654139280319214,-0.05421849712729454,-0.8335877656936646
800,1.2607,1.1893,0,1,0.2628936767578125,1.198974609375,0.2127838134765625,-0.7392066717147827,-0.4212723970413208,-0.5892385244369507
801,1.2922,1.239,0,1,0.1828765869140625,1.26690673828125,0.0693359375,-0.9076415300369263,-0.5489816069602966,-0.17593666911125183
802,1.3113,1.3098,0,1,-0.0523681640625,1.2909393310546875,-0.086639404296875,-0.6797037124633789,-0.7572152614593506,0.10229707509279251
803,1.3162,1.4005,0,1,-0.310638427734375,1.4360504150390625,-0.165283203125,-0.07394133508205414,-1.0294805765151978,0.19854424893856049
804,1.3065,1.5061,0,1,-0.53790283203125,1.447723388671875,-0.171844482421875,0.6114245057106018,-1.1650264263153076,0.0070334081538021564
805,1.283,1.6183,0,1,-0.513275146484375,1.330230712890625,-0.1828460693359375,1.3311570882797241,-0.5368128418922424,-0.14329618215560913
806,1.2482,1.7263,0,1,-0.3507843017578125,1.189056396484375,0.021514892578125,1.781701922416687,0.10618901997804642,0.030919566750526428
807,1.2055,1.8182,0,1,-0.21038818359375,1.0988006591796875,0.158843994140625,1.956241488456726,0.38798341155052185,0.33592313528060913
808,1.1589,1.8832,0,1,-0.198699951171875,0.9689788818359375,0.182373046875,1.9215394258499146,0.4235999882221222,0.6990193128585815
809,1.1122,1.9124,0,1,-0.25958251953125,0.886749267578125,0.1970367431640625,1.7361794710159302,0.6343782544136047,0.9129204154014587
810,1.0688,1.9011,0,1,-0.31060791015625,0.8517608642578125,0.2028656005859375,1.4178831577301025,1.2435276508331299,1.0023534297943115
811,1.0312,1.8485,0,1,-0.4174957275390625,0.84735107421875,0.17718505859375,1.06128990650177,2.060023307800293,0.9134003520011902
812,1.0008,1.7586,0,1,-0.6546478271484375,0.844635009765625,0.1267242431640625,1.06128990650177,2.060023307800293,0.9134003520011902
813,0.978,1.6391,0,1,-0.8318939208984375,0.80389404296875,-0.0356597900390625,0.7930020093917847,0.8779044151306152,0.14648397266864777
814,0.9622,1.5003,0,1,-0.701690673828125,0.7555084228515625,-0.0041961669921875,0.752039909362793,-0.48429957032203674,-0.07549475878477097
815,0.9525,1.3536,0,1,-0.52655029296875,0.7771453857421875,0.02716064453125,0.668796718120575,-0.21946124732494354,-0.05727953463792801
816,0.9473,1.2095,0,1,-0.3671112060546875,0.8226318359375,0.05267333984375,0.668796718120575,-0.21946124732494354,-0.05727953463792801
817,0.9447,1.0772,0,1,-0.256866455078125,0.86517333984375,0.036956787109375,0.9101898670196533,1.0230748653411865,0.11730745434761047
818,0.9432,0.9631,0,1,-0.164764404296875,0.9107666015625,0.03955078125,0.7989006638526917,1.1047450304031372,0.18204863369464874
819,0.9412,0.8712,0,1,-0.0762939453125,0.93719482421875,0.04229736328125,0.35825642943382263,0.7933697700500488,0.2879955768585205
820,0.9376,0.8031,0,1,-0.0570068359375,0.915802001953125,-0.023284912109375,0.029456159099936485,0.6429691314697266,0.3830142319202423
821,0.9317,0.7581,0,1,-0.0683746337890625,0.91741943359375,-0.0676422119140625,-0.019591543823480606,0.4201298952102661,0.49117398262023926
822,0.9235,0.7341,0,1,-0.0455780029296875,0.965240478515625,-0.109649658203125,-0.018800320103764534,0.2652926445007324,0.6657969355583191
823,0.9139,0.7277,0,1,-0.0423126220703125,0.98175048828125,-0.2023162841796875,-0.02436978742480278,0.27165815234184265,0.7869039177894592
824,0.9042,0.7351,0,1,-0.1387481689453125,0.93109130859375,-0.2400360107421875,0.12504419684410095,0.1159692108631134,0.741262674331665
825,0.8964,0.7524,0,1,-0.21917724609375,0.9223175048828125,-0.152587890625,0.2347981333732605,-0.48023638129234314,0.6133267879486084
826,0.8927,0.7762,0,1,-0.2046051025390625,0.895477294921875,-0.1670379638671875,0.2666735053062439,-0.8610205054283142,0.4740501344203949
827,0.8952,0.8036,0,1,-0.1312713623046875,0.82757568359375,-0.1882476806640625,0.2601951062679291,-0.8012178540229797,0.4516873061656952
828,0.9055,0.8323,0,1,-0.1192169189453125,0.7494049072265625,-0.161651611328125,0.07668492197990417,-0.4430203139781952,0.3979414999485016
829,0.9246,0.861,0,1,-0.123291015625,0.7452545166015625,-0.1571807861328125,-0.24376791715621948,-0.3934948444366455,0.277351438999176
830,0.9522,0.889,0,1,-0.0882568359375,0.8498992919921875,-0.23553466796875,-0.3897927701473236,-0.6646690964698792,0.19792187213897705
831,0.9869,0.9162,0,1,-0.0130157470703125,0.9557342529296875,-0.370758056640625,-0.2636294960975647,-0.8678005933761597,0.17969706654548645
832,1.0264,0.9435,0,1,0.0970916748046875,0.9881591796875,-0.4240570068359375,-0.05807981267571449,-0.7487168312072754,0.22495055198669434
833,1.0674,0.9725,0,1,0.1378631591796875,0.95849609375,-0.348846435546875,0.11730026453733444,-0.7975368499755859,0.28621843457221985
834,1.1063,1.006,0,1,0.1281890869140625,0.9564666748046875,-0.262176513671875,0.10076016932725906,-1.371674656867981,0.33157554268836975
835,1.1396,1.0476,0,1,0.1245574951171875,0.9869384765625,-0.3006591796875,0.03199068829417229,-1.7065078020095825,0.40260738134384155
836,1.1644,1.1015,0,1,0.0659637451171875,1.13702392578125,-0.2887115478515625,-0.09489242732524872,-1.5713469982147217,0.4422636926174164
837,1.1787,1.1718,0,1,-0.1276092529296875,1.359527587890625,-0.1715545654296875,-0.23980753123760223,-0.9210505485534668,0.4683046340942383
838,1.182,1.2616,0,1,-0.4604644775390625,1.465301513671875,-0.10015869140625,-0.23980753123760223,-0.9210505485534668,0.4683046340942383
839,1.1752,1.3714,0,1,-0.84283447265625,1.3869476318359375,-0.226348876953125,0.48256292939186096,0.0041244374588131905,0.3056909441947937
840,1.1606,1.4989,0,1,-0.742919921875,0.6963653564453125,-0.216094970703125,0.576667845249176,-0.3522951900959015,0.26021987199783325
841,1.1412,1.6375,0,1,-0.613250732421875,0.4365234375,0.0811309814453125,-0.207638680934906,0.8462221026420593,-0.05043361335992813
842,1.1203,1.7778,0,1,-0.478118896484375,0.531219482421875,0.2654571533203125,-0.7107449769973755,2.14719820022583,-0.2947155237197876
843,1.1009,1.9077,0,1,-0.425445556640625,0.7757110595703125,0.34490966796875,-0.9024182558059692,2.8425557613372803,-0.49417349696159363
844,1.0848,2.0144,0,1,-0.35546875,0.984283447265625,0.4012908935546875,-0.7181800007820129,2.4019157886505127,-0.5589559674263
845,1.0731,2.0861,0,1,-0.2656097412109375,1.1097412109375,0.3649749755859375,-0.13761006295681,1.2561826705932617,-0.5993044376373291
846,1.0654,2.1133,0,1,-0.153533935546875,1.0916595458984375,0.2771759033203125,0.38379159569740295,0.02743242308497429,-0.7345339059829712
847,1.0608,2.0905,0,1,0.0069732666015625,0.97369384765625,0.3331451416015625,0.0056978329084813595,-1.551207423210144,-0.9658028483390808
848,1.0576,2.0169,0,1,0.2581787109375,0.981048583984375,0.1504669189453125,-1.3417221307754517,-3.2410690784454346,-0.9869930744171143
849,1.054,1.8972,0,1,0.2843017578125,1.0435028076171875,-0.134002685546875,-1.5105584859848022,-3.302039861679077,-0.28522002696990967
850,1.0486,1.7415,0,1,0.0936431884765625,1.0904693603515625,-0.3398284912109375,-0.9481210112571716,-1.877628207206726,-0.027999144047498703
851,1.0401,1.564,0,1,-0.02252197265625,1.123626708984375,-0.2689361572265625,-0.37552541494369507,-0.1322387307882309,0.08459797501564026
852,1.0281,1.3809,0,1,-0.1394500732421875,1.029296875,-0.044158935546875,-0.3976144790649414,0.6535370349884033,0.23937849700450897
853,1.0129,1.2088,0,1,-0.20068359375,0.9411468505859375,0.1437835693359375,-0.6810733675956726,0.35614213347435,0.17708396911621094
854,0.9954,1.0615,0,1,-0.2443695068359375,0.908172607421875,0.0824432373046875,-0.7468145489692688,0.006739927921444178,0.020980382338166237
855,0.9771,0.9489,0,1,-0.239105224609375,0.8915557861328125,0.0381317138671875,-0.627550482749939,-0.3652155101299286,-0.1448005884885788
856,0.96,0.8759,0,1,-0.2129058837890625,0.90106201171875,0.0471038818359375,-0.6065676808357239,-0.31050699949264526,-0.32703858613967896
857,0.9461,0.842,0,1,-0.159698486328125,0.918212890625,0.04833984375,-0.670144259929657,0.0607171431183815,-0.41116863489151
858,0.9375,0.8427,0,1,-0.2033538818359375,0.941558837890625,0.0718841552734375,-0.7875753045082092,0.37845170497894287,-0.5069806575775146
859,0.9362,0.87,0,1,-0.1873321533203125,1.0044097900390625,0.025604248046875,-0.8372464179992676,0.2807304561138153,-0.5971220135688782
860,0.9437,0.9144,0,1,-0.1380157470703125,0.9872894287109375,-0.0027923583984375,-0.7029184699058533,0.20023828744888306,-0.6966009140014648
861,0.9612,0.9665,0,1,-0.0722503662109375,0.9521942138671875,0.0589447021484375,-0.6252247095108032,0.27166426181793213,-0.7103545665740967
862,0.9891,1.0184,0,1,-0.0621795654296875,0.981842041015625,0.07470703125,-0.7095763683319092,0.4222226142883301,-0.6117491126060486
863,1.0269,1.0647,0,1,-0.1176300048828125,1.0167694091796875,0.0582275390625,-0.97274249792099,0.674770712852478,-0.5296379923820496
864,1.0732,1.1035,0,1,-0.164337158203125,0.98504638671875,0.0374603271484375,-0.97274249792099,0.674770712852478,-0.5296379923820496
865,1.1254,1.1362,0,1,-0.0915985107421875,0.9982452392578125,0.077423095703125,-0.8530699014663696,1.1622873544692993,-0.8024868369102478
866,1.1801,1.1672,0,1,0.0205078125,1.0377197265625,0.20648193359375,-0.40062543749809265,1.0617586374282837,-0.831978440284729
867,1.2333,1.2029,0,1,0.1657257080078125,1.1164703369140625,0.298583984375,-0.3291110396385193,0.43909454345703125,-0.8884121775627136
868,1.2804,1.2501,0,1,0.3263702392578125,1.24249267578125,0.267822265625,-0.5543428063392639,-0.39154326915740967,-0.7044921517372131
869,1.3175,1.3144,0,1,0.332916259765625,1.32232666015625,0.097503662109375,-0.748142659664154,-0.7908139824867249,-0.224582239985466
870,1.3409,1.3986,0,1,0.09881591796875,1.3460235595703125,-0.1445770263671875,-0.5918909907341003,-0.8055657148361206,0.21558289229869843
871,1.3486,1.5021,0,1,-0.23779296875,1.4759979248046875,-0.2906341552734375,0.06682350486516953,-0.8675718307495117,0.37389102578163147
872,1.34,1.6199,0,1,-0.5064544677734375,1.523712158203125,-0.228973388671875,0.9154576063156128,-1.0487991571426392,0.15136128664016724
873,1.3163,1.7433,0,1,-0.5289459228515625,1.33984375,-0.131256103515625,1.5500953197479248,-0.7887561321258545,-0.04992574825882912
874,1.28,1.861,0,1,-0.421173095703125,1.159942626953125,0.0196533203125,1.882042646408081,-0.06254620105028152,0.044566404074430466
875,1.2351,1.9607,0,1,-0.287628173828125,1.1027374267578125,0.1140899658203125,2.041926860809326,0.4835245907306671,0.33250951766967773
876,1.1856,2.0309,0,1,-0.2983856201171875,0.9725189208984375,0.1499481201171875,2.0151796340942383,0.7560192346572876,0.6438285112380981
877,1.1359,2.0626,0,1,-0.319488525390625,0.905242919921875,0.18572998046875,1.7703880071640015,1.2108064889907837,0.8246411681175232
878,1.0892,2.051,0,1,-0.3531646728515625,0.8557281494140625,0.1875762939453125,1.397135853767395,1.8926167488098145,0.9197359681129456
879,1.048,1.9959,0,1,-0.4589996337890625,0.828521728515625,0.13507080078125,1.052530288696289,2.549611806869507,0.8501625061035156
880,1.0136,1.9019,0,1,-0.642242431640625,0.8825836181640625,0.048065185546875,0.8569421172142029,2.2212369441986084,0.5266462564468384
881,0.9859,1.7775,0,1,-0.6941680908203125,0.863037109375,-0.02825927734375,0.8514267206192017,0.41621264815330505,0.15679147839546204
882,0.9642,1.6333,0,1,-0.661773681640625,0.82440185546875,0.0404510498046875,0.70294189453125,-0.31810128688812256,-0.09799554198980331
883,0.9471,1.4811,0,1,-0.506256103515625,0.8075408935546875,0.0573577880859375,0.5655683279037476,0.23084627091884613,-0.12026596069335938
884,0.9329,1.3315,0,1,-0.3556976318359375,0.8150787353515625,0.054718017578125,0.6695713996887207,1.0268784761428833,0.0814858078956604
885,0.9202,1.1935,0,1,-0.2873992919921875,0.8316192626953125,0.04388427734375,0.8160061240196228,1.5549215078353882,0.13093245029449463
886,0.9078,1.0741,0,1,-0.186431884765625,0.87451171875,0.02264404296875,0.6837242841720581,1.5359432697296143,0.15687936544418335
887,0.895,0.9777,0,1,-0.0839385986328125,0.923004150390625,-0.00762939453125,0.3055380880832672,0.8547189235687256,0.24603800475597382
888,0.8819,0.9068,0,1,-0.026763916015625,0.939483642578125,-0.09185791015625,0.0032892702147364616,0.4298435151576996,0.3366240859031677
889,0.8692,0.8622,0,1,-0.0254364013671875,0.884002685546875,-0.1376953125,-0.09159836173057556,0.39968588948249817,0.4950520694255829
890,0.8583,0.843,0,1,-0.053619384765625,0.8707122802734375,-0.1908721923828125,-0.07066697627305984,0.6319478750228882,0.6192158460617065
891,0.8513,0.8473,0,1,0.0070953369140625,0.911285400390625,-0.2218170166015625,-0.10858026891946793,0.9706804156303406,0.7923980355262756
892,0.8502,0.8724,0,1,-0.0629119873046875,0.873443603515625,-0.190887451171875,-0.15543539822101593,0.9519610404968262,0.8261194825172424
893,0.8571,0.915,0,1,-0.186737060546875,0.8031005859375,-0.0604400634765625,-0.0904633179306984,0.059248942881822586,0.631359875202179
894,0.8737,0.9714,0,1,-0.14019775390625,0.7878570556640625,-0.0795440673828125,0.020290624350309372,-0.7535510063171387,0.3693665862083435
895,0.9006,1.0377,0,1,-0.0525665283203125,0.79449462890625,-0.154693603515625,0.05169834941625595,-0.9273776412010193,0.2555723786354065
896,0.9374,1.1097,0,1,-0.0023651123046875,0.7837371826171875,-0.163482666015625,-0.08747684955596924,-0.8827604055404663,0.17550897598266602
897,0.9824,1.1833,0,1,0.0620574951171875,0.8037261962890625,-0.2361297607421875,-0.2870352268218994,-0.9946688413619995,0.12687033414840698
898,1.0328,1.2544,0,1,0.10211181640625,0.923583984375,-0.3497314453125,-0.2762451767921448,-1.161023736000061,0.11816845089197159
899,1.0849,1.3199,0,1,0.12713623046875,1.064239501953125,-0.4851226806640625,-0.07000838220119476,-1.380981683731079,0.17096881568431854
900,1.1347,1.3776,0,1,0.2263946533203125,1.098052978515625,-0.5524444580078125,0.03702379763126373,-1.4425376653671265,0.2886001169681549
901,1.1782,1.4267,0,1,0.2629241943359375,1.0960235595703125,-0.5980224609375,0.274807333946228,-1.3465722799301147,0.40857791900634766
902,1.2122,1.4685,0,1,0.1438140869140625,1.0694580078125,-0.3522491455078125,0.35736531019210815,-1.6796247959136963,0.47290390729904175
903,1.2345,1.5056,0,1,-0.065521240234375,1.1691131591796875,-0.09332275390625,0.15069496631622314,-2.240278720855713,0.44631969928741455
904,1.2441,1.5419,0,1,-0.2657928466796875,1.3178253173828125,-0.0628662109375,0.04138605669140816,-2.058026075363159,0.30902042984962463
905,1.2416,1.5813,0,1,-0.514678955078125,1.36163330078125,-0.0143890380859375,0.3919065296649933,-0.6809337735176086,0.32319989800453186
906,1.2287,1.6271,0,1,-0.7681427001953125,1.408203125,-3.0517578125e-05,0.7390543818473816,0.9122642278671265,0.29794594645500183
907,1.2085,1.6803,0,1,-0.8118133544921875,0.6756439208984375,-0.169952392578125,0.5816634297370911,0.5460777282714844,0.533926784992218
908,1.1842,1.7393,0,1,-0.8793792724609375,0.2882080078125,-0.0167999267578125,-0.5655499696731567,-0.27940526604652405,0.2075212299823761
909,1.1591,1.7997,0,1,-0.68292236328125,0.4802398681640625,0.122894287109375,-1.2851674556732178,1.5401496887207031,-0.40334558486938477
910,1.1359,1.8549,0,1,-0.43255615234375,0.8401336669921875,0.2860107421875,-1.2062745094299316,2.9103052616119385,-0.6401440501213074
911,1.1163,1.8971,0,1,-0.305419921875,1.0936431884765625,0.4013214111328125,-0.5860701203346252,2.3662657737731934,-0.5579700469970703
912,1.1011,1.9186,0,1,-0.2298583984375,1.1440582275390625,0.4061279296875,0.11978498846292496,1.1461310386657715,-0.5949826836585999
913,1.0897,1.9133,0,1,-0.1454010009765625,1.062652587890625,0.272552490234375,0.11978498846292496,1.1461310386657715,-0.5949826836585999
914,1.081,1.8771,0,1,0.0084686279296875,0.9774932861328125,0.209991455078125,0.7178702354431152,-0.3609331548213959,-1.0549592971801758
915,1.0736,1.8093,0,1,0.3076629638671875,0.9373321533203125,0.21417236328125,-1.0540953874588013,-1.8056594133377075,-1.3846962451934814
916,1.0658,1.7124,0,1,0.456085205078125,1.1981353759765625,0.025665283203125,-1.4893834590911865,-2.4313101768493652,-0.413560688495636
917,1.0562,1.5928,0,1,0.20819091796875,1.0922393798828125,-0.1260528564453125,-1.0471746921539307,-2.01033878326416,0.03940759226679802
918,1.0439,1.4594,0,1,0.02935791015625,1.0726776123046875,-0.210174560546875,-0.7432402968406677,-0.7224812507629395,0.05771895498037338
919,1.0288,1.3231,0,1,-0.1441650390625,0.99688720703125,-0.1262664794921875,-0.7990170121192932,-0.07564202696084976,0.2961600124835968
920,1.0113,1.1949,0,1,-0.3002777099609375,0.912078857421875,-0.0137176513671875,-0.7990170121192932,-0.07564202696084976,0.2961600124835968
921,0.9925,1.0843,0,1,-0.345733642578125,0.90142822265625,0.0204010009765625,-0.7575526833534241,0.09280690550804138,0.016281768679618835
922,0.9739,0.9978,0,1,-0.3176116943359375,0.850982666015625,0.08551025390625,-0.653407633304596,0.12438080459833145,-0.1853027492761612
923,0.9574,0.9385,0,1,-0.300079345703125,0.8578643798828125,0.11688232421875,-0.700020432472229,-0.13364514708518982,-0.38833335041999817
924,0.9448,0.9054,0,1,-0.1980743408203125,0.9462890625,0.0621490478515625,-0.700020432472229,-0.13364514708518982,-0.38833335041999817
925,0.9381,0.8944,0,1,-0.1121978759765625,1.012481689453125,-0.0396881103515625,-0.7746432423591614,-0.2783522605895996,-0.5805318355560303
926,0.939,0.8994,0,1,-0.0915985107421875,0.9896087646484375,-0.08453369140625,-0.6961657404899597,0.08986091613769531,-0.5621352195739746
927,0.9488,0.9132,0,1,-0.09661865234375,0.930816650390625,0.01544189453125,-0.6832797527313232,0.3230273127555847,-0.5929781198501587
928,0.9682,0.9296,0,1,-0.12738037109375,0.9297027587890625,0.0850830078125,-0.750976026058197,0.4096037745475769,-0.617989718914032
929,0.9975,0.944,0,1,-0.165740966796875,0.972930908203125,0.1004486083984375,-0.9673058986663818,0.4355357587337494,-0.6186424493789673
930,1.0359,0.9551,0,1,-0.168243408203125,0.9884490966796875,0.0431671142578125,-0.9673058986663818,0.4355357587337494,-0.6186424493789673
931,1.0818,0.9648,0,1,-0.0641021728515625,1.0230255126953125,-0.0652313232421875,-0.9135646224021912,0.7445726990699768,-0.747546911239624
932,1.1329,0.9781,0,1,0.0870819091796875,1.08306884765625,-0.0679473876953125,-0.34579920768737793,1.0536056756973267,-0.664538562297821
933,1.1859,1.0023,0,1,0.2000732421875,1.1206512451171875,0.1112213134765625,0.000678307143971324,0.758384108543396,-0.634353518486023
934,1.2373,1.0455,0,1,0.28643798828125,1.169189453125,0.257232666015625,-0.06196510046720505,-0.16781243681907654,-0.5840485095977783
935,1.2833,1.1148,0,1,0.3386077880859375,1.231048583984375,0.209686279296875,-0.36881130933761597,-0.877407968044281,-0.2573851943016052
936,1.3201,1.2148,0,1,0.1993255615234375,1.2501373291015625,-0.02984619140625,-0.5934225916862488,-0.8075348734855652,0.1372382789850235
937,1.3449,1.346,0,1,0.0281829833984375,1.33282470703125,-0.1388702392578125,-0.211619570851326,-0.8006855249404907,0.4198979437351227
938,1.3556,1.5043,0,1,-0.241973876953125,1.4706878662109375,-0.1563873291015625,0.3986653685569763,-0.9142006039619446,0.5444851517677307
939,1.3513,1.6806,0,1,-0.466064453125,1.4864501953125,-0.191192626953125,1.0707606077194214,-0.9594088196754456,0.3410201668739319
940,1.3326,1.8619,0,1,-0.497161865234375,1.346832275390625,-0.1444549560546875,1.7214367389678955,-0.9049202799797058,0.20814362168312073
941,1.3012,2.0327,0,1,-0.48724365234375,1.1936187744140625,-0.056640625,2.0625901222229004,-0.6358802914619446,0.15211284160614014
942,1.2597,2.1764,0,1,-0.371551513671875,1.1122589111328125,0.0484619140625,2.078516721725464,-0.005877064075320959,0.3502802550792694
943,1.2114,2.2782,0,1,-0.3700714111328125,0.9845733642578125,0.1583099365234375,1.8218410015106201,0.9440908432006836,0.6074425578117371
944,1.1597,2.3265,0,1,-0.389678955078125,0.903350830078125,0.1873321533203125,1.410357117652893,2.124737501144409,0.836018443107605
945,1.1077,2.3145,0,1,-0.455413818359375,0.8926544189453125,0.158050537109375,1.0673060417175293,3.1305227279663086,0.9444943070411682
946,1.058,2.2417,0,1,-0.648406982421875,0.9233551025390625,0.1355438232421875,0.8949204087257385,3.0170164108276367,0.7549915313720703
947,1.0124,2.113,0,1,-0.6498870849609375,0.900634765625,0.0107574462890625,0.9072617292404175,1.1310529708862305,0.3864712715148926
948,0.9722,1.939,0,1,-0.6082916259765625,0.8168182373046875,0.0654754638671875,0.9072617292404175,1.1310529708862305,0.3864712715148926
949,0.9378,1.7337,0,1,-0.507110595703125,0.79132080078125,0.06695556640625,0.6246276497840881,0.09025692194700241,-0.12010669708251953
950,0.9095,1.5129,0,1,-0.343597412109375,0.8022918701171875,0.0062713623046875,0.5815057754516602,0.9874018430709839,0.12557736039161682
951,0.8868,1.2931,0,1,-0.3236541748046875,0.7762298583984375,-0.0287628173828125,0.5849353671073914,1.806350827217102,0.2479671984910965
952,0.8693,1.0894,0,1,-0.2184906005859375,0.8209228515625,-0.0213775634765625,0.4659818112850189,1.9121084213256836,0.1875360757112503
953,0.8563,0.9148,0,1,-0.0707244873046875,0.8638153076171875,0.08819580078125,0.21239881217479706,0.8720715045928955,0.18469953536987305
954,0.8471,0.7792,0,1,-0.025604248046875,0.867034912109375,-0.03070068359375,0.010224142111837864,0.033478863537311554,0.2690037786960602
955,0.8414,0.6887,0,1,-0.0870208740234375,0.828033447265625,-0.1021575927734375,0.11209165304899216,-0.1870199590921402,0.3486381471157074
956,0.839,0.645,0,1,-0.0822601318359375,0.8506927490234375,-0.192901611328125,0.16889475286006927,0.027633225545287132,0.31950634717941284
957,0.8402,0.6454,0,1,-0.013885498046875,0.868865966796875,-0.2041473388671875,0.15555337071418762,0.2884690761566162,0.3798871338367462
958,0.8456,0.6836,0,1,0.017730712890625,0.905914306640625,-0.040130615234375,-0.0046181874349713326,-0.20139382779598236,0.42645224928855896
959,0.856,0.75,0,1,0.0214385986328125,0.9181060791015625,-0.0617523193359375,-0.0748758390545845,-0.9635175466537476,0.40465107560157776
960,0.8721,0.8337,0,1,-0.08270263671875,0.7939300537109375,-0.2445526123046875,-0.0748758390545845,-0.9635175466537476,0.40465107560157776
961,0.8948,0.9236,0,1,-0.0408782958984375,0.7301025390625,-0.32135009765625,0.35047999024391174,-1.0481575727462769,0.10640180855989456
962,0.9241,1.0099,0,1,-0.0143890380859375,0.76812744140625,-0.2690887451171875,0.14792181551456451,-0.7886877059936523,0.1045335978269577
963,0.9598,1.0852,0,1,-0.015655517578125,0.872589111328125,-0.277099609375,-0.2042761743068695,-1.0916779041290283,0.06309694051742554
964,1.0008,1.1454,0,1,0.051849365234375,0.9613494873046875,-0.3983001708984375,-0.273804634809494,-1.4150594472885132,0.09235789626836777
965,1.0454,1.1903,0,1,0.1756439208984375,1.023681640625,-0.49981689453125,-0.13070900738239288,-1.4400180578231812,0.21423159539699554
966,1.0911,1.2227,0,1,0.1794586181640625,1.0396728515625,-0.5021514892578125,0.05391090363264084,-1.4112889766693115,0.29828548431396484
967,1.1351,1.2487,0,1,0.0852508544921875,1.01922607421875,-0.40118408203125,0.1338464766740799,-1.4453800916671753,0.3051724135875702
968,1.1744,1.2756,0,1,0.017730712890625,0.9384002685546875,-0.270263671875,0.15878698229789734,-1.271381139755249,0.34542903304100037
969,1.2059,1.3112,0,1,-0.0750579833984375,0.8870086669921875,-0.23583984375,0.1202491819858551,-0.9488254189491272,0.40951108932495117
970,1.227,1.3617,0,1,-0.23028564453125,1.0113372802734375,-0.15692138671875,-0.019388878718018532,-0.5924239158630371,0.5588926076889038
971,1.2361,1.4305,0,1,-0.6168365478515625,1.192779541015625,0.0453948974609375,-0.3504642844200134,-0.6278303861618042,0.5894646048545837
972,1.2327,1.5175,0,1,-1.039154052734375,1.5914459228515625,-0.2209930419921875,-0.5057782530784607,-1.2725260257720947,0.16638605296611786
973,1.2178,1.6187,0,1,-0.9526519775390625,1.5532989501953125,-0.697784423828125,0.08269674330949783,-1.357911229133606,-0.12572996318340302
974,1.1939,1.7268,0,1,-0.3975677490234375,0.8257904052734375,-0.2374725341796875,0.47531193494796753,1.178959608078003,-0.0054333810694515705
975,1.1645,1.8323,0,1,-0.1863250732421875,0.660491943359375,0.390533447265625,0.26496535539627075,2.590000867843628,0.15647375583648682
976,1.1337,1.9249,0,1,-0.241912841796875,0.63531494140625,0.4980621337890625,-0.24767637252807617,2.8608858585357666,0.10117135941982269
977,1.1052,1.9949,0,1,-0.2610931396484375,0.7315826416015625,0.4566650390625,-0.5636351108551025,2.669823169708252,-0.16751043498516083
978,1.0816,2.0344,0,1,-0.192596435546875,0.8706207275390625,0.4188385009765625,-0.38985535502433777,1.6853140592575073,-0.3613233268260956
979,1.0643,2.0379,0,1,-0.1464691162109375,0.9601898193359375,0.3638153076171875,-0.06599925458431244,0.43997472524642944,-0.557465136051178
980,1.0534,2.003,0,1,-0.0587158203125,1.01678466796875,0.3159332275390625,0.05685955286026001,-0.6452866196632385,-0.7228213548660278
981,1.0476,1.9301,0,1,0.0303955078125,1.064483642578125,0.3748321533203125,-0.516895055770874,-1.747855544090271,-0.7407324314117432
982,1.0452,1.8233,0,1,0.170257568359375,1.1319732666015625,0.209503173828125,-1.9376392364501953,-2.6893868446350098,-0.4019237458705902
983,1.044,1.6897,0,1,0.03497314453125,1.074249267578125,-0.2352752685546875,-2.064239740371704,-2.5012762546539307,0.043536290526390076
984,1.042,1.5396,0,1,-0.1345977783203125,1.0460357666015625,-0.55999755859375,-1.1438348293304443,-1.0376538038253784,0.0937400758266449
985,1.0378,1.3853,0,1,-0.205963134765625,1.0367431640625,-0.3487548828125,-0.2002478688955307,0.4112333357334137,0.13936801254749298
986,1.0308,1.2396,0,1,-0.2240447998046875,0.9725189208984375,0.0964813232421875,-0.16045784950256348,0.7216218709945679,0.09709059447050095
987,1.0209,1.1138,0,1,-0.18707275390625,0.9437255859375,0.254150390625,-0.4499783515930176,0.48492753505706787,-0.011381817981600761
988,1.0088,1.0161,0,1,-0.2020721435546875,0.8713531494140625,0.23309326171875,-0.7357994318008423,0.15934091806411743,-0.14544135332107544
989,0.9954,0.9508,0,1,-0.2003021240234375,0.8654327392578125,0.1497650146484375,-0.9100298285484314,-0.02696796879172325,-0.28378990292549133
990,0.982,0.9177,0,1,-0.158203125,0.909698486328125,0.0655670166015625,-0.87082439661026,-0.07764419168233871,-0.41021281480789185
991,0.9699,0.9122,0,1,-0.1067962646484375,0.9648284912109375,0.0295257568359375,-0.8040847778320312,-0.1207253560423851,-0.44501635432243347
992,0.9601,0.9265,0,1,-0.1313934326171875,0.994659423828125,0.0018310546875,-0.8040847778320312,-0.1207253560423851,-0.44501635432243347
993,0.9539,0.9506,0,1,-0.1417236328125,0.9871978759765625,0.008392333984375,-0.7713920474052429,0.04378902539610863,-0.5321877598762512
994,0.9522,0.974,0,1,-0.1329803466796875,0.9628448486328125,0.0419158935546875,-0.7811131477355957,0.19823426008224487,-0.5654380917549133
995,0.9557,0.9871,0,1,-0.1150970458984375,0.9451446533203125,0.06158447265625,-0.827123761177063,0.20658832788467407,-0.568748950958252
996,0.9651,0.9829,0,1,-0.11572265625,0.9686279296875,0.04449462890625,-0.827123761177063,0.20658832788467407,-0.568748950958252
997,0.9808,0.9577,0,1,-0.170501708984375,1.0014801025390625,-0.0088043212890625,-0.8857937455177307,0.5559375286102295,-0.5364271998405457
998,1.003,0.9123,0,1,-0.1656036376953125,1.00634765625,-0.0059967041015625,-0.7372370362281799,0.8032586574554443,-0.6334347128868103
999,1.0313,0.8519,0,1,-0.0694122314453125,1.0146942138671875,0.0725555419921875,-0.3589176833629608,0.8645824790000916,-0.6645452380180359
1000,1.065,0.786,0,1,0.0297698974609375,1.0201416015625,0.149658203125,-0.182234525680542,0.7685041427612305,-0.6321122050285339
1001,1.1029,0.7265,0,1,0.1155853271484375,1.059173583984375,0.222320556640625,-0.05963163822889328,0.46523213386535645,-0.5621514916419983
1002,1.1433,0.6869,0,1,0.128387451171875,1.05303955078125,0.264556884765625,-0.17815029621124268,0.15741892158985138,-0.5052951574325562
1003,1.1837,0.6797,0,1,0.112701416015625,1.0702362060546875,0.1875,-0.4834793210029602,0.07629556953907013,-0.3473454415798187
1004,1.2217,0.7148,0,1,0.0620269775390625,1.166168212890625,0.050567626953125,-0.5500194430351257,0.07784020155668259,-0.14582644402980804
1005,1.2545,0.7976,0,1,0.009521484375,1.273590087890625,-0.0591583251953125,-0.42272329330444336,0.1804741770029068,-0.011718708090484142
1006,1.2797,0.9276,0,1,-0.0476226806640625,1.3257598876953125,-0.1026458740234375,-0.07830226421356201,-0.05673332139849663,0.1149553507566452
1007,1.2951,1.0986,0,1,-0.1760406494140625,1.3748016357421875,-0.11077880859375,0.3140263855457306,-0.5655755400657654,0.21511070430278778
1008,1.2994,1.2985,0,1,-0.3184356689453125,1.3596954345703125,-0.2685394287109375,0.870018482208252,-0.6628780961036682,0.13062378764152527
1009,1.292,1.5113,0,1,-0.2661590576171875,1.3180999755859375,-0.246185302734375,1.7409493923187256,-0.41742441058158875,0.17849916219711304
1010,1.2735,1.7189,0,1,-0.255096435546875,1.212982177734375,-0.0279998779296875,2.2418651580810547,-0.20971781015396118,0.34548282623291016
1011,1.245,1.9032,0,1,-0.154998779296875,1.1987152099609375,0.10650634765625,2.3010337352752686,0.06125590205192566,0.5541300773620605
1012,1.2083,2.0485,0,1,-0.2226409912109375,1.0538482666015625,0.193389892578125,2.105475664138794,0.25607091188430786,0.7079979181289673
1013,1.1656,2.1434,0,1,-0.287109375,0.9832916259765625,0.188568115234375,1.6875892877578735,0.8957979083061218,0.8857516646385193
1014,1.1192,2.1814,0,1,-0.438629150390625,0.9780426025390625,0.1526947021484375,1.1358044147491455,2.1866602897644043,0.8400675058364868
1015,1.0716,2.1611,0,1,-0.641265869140625,1.00750732421875,0.0831298828125,0.6677937507629395,2.8595945835113525,0.7575089931488037
1016,1.0248,2.0862,0,1,-0.6776885986328125,0.9392852783203125,-0.1178741455078125,0.5441468954086304,1.4282002449035645,0.6606476902961731
1017,0.9809,1.9641,0,1,-0.6567230224609375,0.7391510009765625,0.0373687744140625,0.483866810798645,0.4165026843547821,0.24750326573848724
1018,0.9416,1.8047,0,1,-0.533660888671875,0.6866912841796875,0.095703125,0.3112542927265167,0.799028217792511,-0.025776203721761703
1019,0.9081,1.6195,0,1,-0.3738555908203125,0.7475128173828125,0.0393829345703125,0.452864408493042,1.5708578824996948,0.22089776396751404
1020,0.8812,1.4208,0,1,-0.3186798095703125,0.7675628662109375,0.0380859375,0.5720677971839905,2.208308696746826,0.30137157440185547
1021,0.8613,1.2207,0,1,-0.1877593994140625,0.819427490234375,0.0265655517578125,0.38564515113830566,2.1891114711761475,0.1846390813589096
1022,0.8484,1.0315,0,1,0.0375823974609375,0.8893280029296875,0.0440826416015625,-0.11940815299749374,1.1937323808670044,0.19139206409454346
1023,0.8418,0.8644,0,1,-0.03948974609375,0.8298797607421875,0.01934814453125,-0.3952573239803314,0.16688458621501923,0.30288851261138916
1024,0.8411,0.7291,0,1,-0.1327056884765625,0.8108978271484375,-0.0192413330078125,-0.2910614013671875,-0.1778980940580368,0.2939847409725189
1025,0.8456,0.6327,0,1,-0.15625,0.810546875,-0.0673828125,-0.1200300008058548,-0.22721025347709656,0.08841801434755325
1026,0.8546,0.5795,0,1,-0.0238494873046875,0.885223388671875,-0.120269775390625,-0.059480901807546616,-0.13010074198246002,0.031149396672844887
1027,0.8679,0.5699,0,1,0.1434326171875,0.96832275390625,-0.125518798828125,-0.1634717434644699,-0.30998528003692627,0.09381704032421112
1028,0.8854,0.6008,0,1,0.190032958984375,0.96759033203125,-0.182220458984375,-0.3711645007133484,-0.6720372438430786,0.30203601717948914
1029,0.9073,0.6664,0,1,0.0237274169921875,0.8383331298828125,-0.2783355712890625,-0.21003232896327972,-0.909234881401062,0.23171871900558472
1030,0.9338,0.7584,0,1,-0.004852294921875,0.8086395263671875,-0.308624267578125,0.07258445769548416,-0.9813900589942932,0.11897964775562286
1031,0.9651,0.8676,0,1,0.0271759033203125,0.8712615966796875,-0.23004150390625,0.17500430345535278,-0.9090338349342346,0.07628971338272095
1032,1.0011,0.9843,0,1,0.0762481689453125,0.945159912109375,-0.1519927978515625,0.07478635758161545,-0.908272922039032,0.1193532943725586
1033,1.0411,1.0995,0,1,0.1432037353515625,0.974761962890625,-0.1808929443359375,-0.04909457638859749,-1.0415189266204834,0.18629397451877594
1034,1.0839,1.2051,0,1,0.20684814453125,1.0406951904296875,-0.3256988525390625,-0.009877131320536137,-1.176045536994934,0.2547585070133209
1035,1.1278,1.2949,0,1,0.2478179931640625,1.1010894775390625,-0.4661102294921875,0.1451966017484665,-1.0842440128326416,0.3645673096179962
1036,1.1703,1.3646,0,1,0.1982574462890625,1.077239990234375,-0.4072723388671875,0.2533119022846222,-0.9046470522880554,0.4587199091911316
1037,1.2086,1.4121,0,1,0.067169189453125,1.0309600830078125,-0.201263427734375,0.18394213914871216,-1.3304157257080078,0.43405717611312866
1038,1.2399,1.438,0,1,-0.0817413330078125,1.0016326904296875,-0.1020965576171875,0.16562704741954803,-2.0659360885620117,0.35251569747924805
1039,1.2616,1.4447,0,1,-0.2772064208984375,1.046600341796875,-0.061004638671875,0.16562704741954803,-2.0659360885620117,0.35251569747924805
1040,1.2715,1.4369,0,1,-0.588470458984375,1.043121337890625,0.0368499755859375,0.5826708674430847,-1.365299105644226,0.16354285180568695
1041,1.2688,1.4199,0,1,-1.062408447265625,1.6671905517578125,-0.111724853515625,0.5157259106636047,-0.7216431498527527,0.020677315071225166
1042,1.2538,1.3995,0,1,-1.320281982421875,1.4121551513671875,-0.433349609375,0.18733634054660797,-1.1864677667617798,-0.17037013173103333
1043,1.2284,1.3804,0,1,-0.6689605712890625,0.67138671875,-0.1689453125,0.0018407768802717328,0.4332726001739502,-0.19207702577114105
1044,1.1955,1.3655,0,1,-0.3239593505859375,0.646453857421875,0.24334716796875,0.23846477270126343,1.5893691778182983,-0.23177996277809143
1045,1.1588,1.3556,0,1,-0.1818695068359375,0.804473876953125,0.4833831787109375,0.2760675251483917,1.8392142057418823,-0.23180820047855377
1046,1.1221,1.3494,0,1,-0.2114410400390625,0.8596649169921875,0.564239501953125,-0.09019247442483902,1.3229036331176758,-0.4046444296836853
1047,1.0884,1.344,0,1,-0.1988983154296875,0.931854248046875,0.54583740234375,-0.6050390601158142,0.4378657639026642,-0.511361300945282
1048,1.0602,1.3353,0,1,-0.1121826171875,0.981689453125,0.4012451171875,-0.9196129441261292,-0.06828185170888901,-0.49876904487609863
1049,1.0386,1.3188,0,1,-0.0556793212890625,0.971954345703125,0.2255401611328125,-0.894001841545105,-0.42936840653419495,-0.3509367108345032
1050,1.0236,1.2911,0,1,-0.0260162353515625,0.9369964599609375,0.1019134521484375,-1.3528120517730713,-0.6776101589202881,-0.3027678430080414
1051,1.0146,1.2499,0,1,0.0158538818359375,1.001007080078125,-0.279754638671875,-2.2643465995788574,-0.40701037645339966,-0.08326532691717148
1052,1.01,1.1956,0,1,-0.026947021484375,1.052734375,-0.4780426025390625,-1.4159162044525146,0.2825312912464142,0.22110521793365479
1053,1.0081,1.131,0,1,-0.18170166015625,1.0142669677734375,-0.36932373046875,-0.20478244125843048,1.0759605169296265,0.1580146700143814
1054,1.0074,1.0611,0,1,-0.2389068603515625,1.0000762939453125,-0.0792999267578125,0.004230697639286518,1.1234632730484009,0.05728192999958992
1055,1.0063,0.9921,0,1,-0.2354888916015625,0.959564208984375,0.0971221923828125,-0.21394531428813934,0.746282160282135,-0.07828707993030548
1056,1.004,0.9307,0,1,-0.15594482421875,0.954925537109375,0.2342529296875,-0.20654332637786865,0.27760496735572815,-0.32724738121032715
1057,0.9999,0.8825,0,1,-0.0473480224609375,0.9384918212890625,0.254058837890625,-0.3991292715072632,-0.05249250307679176,-0.46115562319755554
1058,0.994,0.8512,0,1,0.0474853515625,0.9453582763671875,0.157623291015625,-0.6470160484313965,-0.20530414581298828,-0.4427396059036255
1059,0.9869,0.838,0,1,0.09356689453125,1.0064849853515625,0.021636962890625,-0.7666878700256348,-0.10233382880687714,-0.3344261944293976
1060,0.9793,0.8413,0,1,0.053192138671875,1.0280303955078125,-0.047943115234375,-0.8130180835723877,0.13595490157604218,-0.20680244266986847
1061,0.9723,0.8575,0,1,-0.043853759765625,0.9555206298828125,-0.036224365234375,-0.7707398533821106,0.22722943127155304,-0.1634238064289093
1062,0.967,0.8807,0,1,-0.1415252685546875,0.8761444091796875,0.0184173583984375,-0.7707398533821106,0.22722943127155304,-0.1634238064289093
1063,0.9646,0.9048,0,1,-0.2425689697265625,0.8941192626953125,0.037384033203125,-0.7394197583198547,-0.16041789948940277,-0.3192376494407654
1064,0.9662,0.9233,0,1,-0.3158111572265625,0.95263671875,0.011260986328125,-0.8065614700317383,-0.20786131918430328,-0.4486696720123291
1065,0.9726,0.9314,0,1,-0.2976531982421875,0.97406005859375,-0.039947509765625,-0.8366437554359436,0.10518766939640045,-0.6301920413970947
1066,0.9844,0.9263,0,1,-0.1593780517578125,0.972320556640625,-0.0746002197265625,-0.6376907229423523,0.6268391609191895,-0.7634869813919067
1067,1.0019,0.9082,0,1,-0.01568603515625,1.0095672607421875,-0.0050201416015625,-0.3692353069782257,0.8938162326812744,-0.7543308138847351
1068,1.0251,0.8801,0,1,0.0481719970703125,1.0455780029296875,0.124298095703125,-0.3096388280391693,0.6747549772262573,-0.7217981219291687
1069,1.0534,0.8483,0,1,0.079010009765625,1.0491180419921875,0.2374725341796875,-0.3637196123600006,0.22788216173648834,-0.6833466291427612
1070,1.086,0.8207,0,1,0.1089935302734375,1.045013427734375,0.2805938720703125,-0.350200891494751,-0.17860595881938934,-0.626274824142456
1071,1.1212,0.8069,0,1,0.1040802001953125,0.9959259033203125,0.2885589599609375,-0.41254788637161255,-0.3539993464946747,-0.5655539631843567
1072,1.1573,0.8157,0,1,0.0735015869140625,0.9791717529296875,0.2199554443359375,-0.8215071558952332,-0.3142703175544739,-0.4387222230434418
1073,1.192,0.8547,0,1,0.0075531005859375,1.0899200439453125,0.0445709228515625,-1.0264132022857666,-0.28044044971466064,-0.19549280405044556
1074,1.2229,0.928,0,1,-0.0577850341796875,1.2365570068359375,-0.14251708984375,-0.7339333891868591,-0.045824747532606125,0.03590233996510506
1075,1.2477,1.0362,0,1,-0.14642333984375,1.32373046875,-0.1403656005859375,-0.2800598740577698,-0.057009756565093994,0.11107325553894043
1076,1.2647,1.1751,0,1,-0.221099853515625,1.4124908447265625,-0.2197418212890625,0.25260695815086365,-0.23819684982299805,0.1641380786895752
1077,1.2726,1.3361,0,1,-0.270355224609375,1.36309814453125,-0.2259063720703125,0.9507983326911926,-0.41852402687072754,0.10452667623758316
1078,1.2712,1.5074,0,1,-0.187103271484375,1.298858642578125,-0.125213623046875,1.7021865844726562,-0.5938053131103516,0.170710489153862
1079,1.2608,1.6748,0,1,-0.19378662109375,1.1876068115234375,0.0060577392578125,2.1302640438079834,-0.6220060586929321,0.39677104353904724
1080,1.2427,1.8243,0,1,-0.1750946044921875,1.1490478515625,0.0955047607421875,2.2225964069366455,-0.30083972215652466,0.6516230702400208
1081,1.2182,1.9435,0,1,-0.2340087890625,1.0614013671875,0.1782379150390625,1.9597384929656982,0.09572120010852814,0.8908936977386475
1082,1.189,2.0231,0,1,-0.3344573974609375,1.0081024169921875,0.2020263671875,1.576529622077942,0.501130223274231,0.9736908078193665
1083,1.1568,2.058,0,1,-0.4201202392578125,1.0157470703125,0.1593017578125,1.2151128053665161,1.2340813875198364,0.9221363067626953
1084,1.123,2.0473,0,1,-0.6537017822265625,1.037109375,0.107879638671875,0.875539243221283,2.2416207790374756,0.6434130668640137
1085,1.0887,1.9944,0,1,-0.7267913818359375,0.9990081787109375,-0.23931884765625,1.081314206123352,1.9263211488723755,0.34466737508773804
1086,1.0549,1.9057,0,1,-0.6536407470703125,0.8245849609375,0.0084075927734375,1.2327154874801636,0.9412452578544617,0.20033922791481018
1087,1.0223,1.7901,0,1,-0.5613250732421875,0.7871551513671875,0.23663330078125,1.2327154874801636,0.9412452578544617,0.20033922791481018
1088,0.9913,1.6574,0,1,-0.3728179931640625,0.8223419189453125,0.218719482421875,0.5059537291526794,0.8843731880187988,0.25082927942276
1089,0.9623,1.5175,0,1,-0.322540283203125,0.810699462890625,0.1597900390625,0.45888715982437134,1.2392652034759521,0.3504253923892975
1090,0.9353,1.3793,0,1,-0.2951507568359375,0.785736083984375,0.096343994140625,0.390397310256958,1.6716067790985107,0.29785406589508057
1091,0.9102,1.2502,0,1,-0.08758544921875,0.8409576416015625,-0.0004119873046875,0.09598272293806076,1.6720081567764282,0.2652636170387268
1092,0.8872,1.136,0,1,0.0680084228515625,0.9631500244140625,-0.0308990478515625,-0.3222392797470093,0.8768298029899597,0.38956961035728455
1093,0.8668,1.0406,0,1,-0.0400543212890625,0.9729156494140625,-0.058074951171875,-0.5018375515937805,0.45773375034332275,0.6435148119926453
1094,0.8496,0.9659,0,1,-0.1678619384765625,0.904266357421875,0.04620361328125,-0.5332902669906616,0.08211777359247208,0.6589635014533997
1095,0.837,0.9124,0,1,-0.0479888916015625,0.883941650390625,-0.0409088134765625,-0.4887659549713135,-0.18575415015220642,0.4479309022426605
1096,0.8309,0.8788,0,1,0.1175537109375,0.9262847900390625,-0.2302703857421875,-0.16585367918014526,-0.4477173089981079,0.372542142868042
1097,0.8331,0.8631,0,1,-0.0701751708984375,0.886383056640625,-0.3286895751953125,0.3925914764404297,-0.9573544859886169,0.2252480387687683
1098,0.8455,0.8625,0,1,-0.1742095947265625,0.752777099609375,-0.3112030029296875,0.7636641263961792,-1.080491542816162,0.024644093587994576
1099,0.8696,0.8745,0,1,-0.1133880615234375,0.6049346923828125,-0.2198486328125,0.7038084864616394,-0.888390064239502,-0.11686883121728897
1100,0.9057,0.897,0,1,-0.0496063232421875,0.5883636474609375,-0.1764373779296875,0.3383149206638336,-0.6993498206138611,-0.2242773175239563
1101,0.9531,0.9283,0,1,0.04290771484375,0.7979278564453125,-0.20977783203125,0.03641180321574211,-0.7595852017402649,-0.21262730658054352
1102,1.0095,0.9673,0,1,0.2094573974609375,1.0230712890625,-0.2403717041015625,-0.11280804127454758,-1.0153887271881104,-0.047872185707092285
1103,1.0718,1.0133,0,1,0.358856201171875,1.1414794921875,-0.309356689453125,-0.11280804127454758,-1.0153887271881104,-0.047872185707092285
1104,1.1357,1.0656,0,1,0.407867431640625,1.09423828125,-0.4549713134765625,0.021766548976302147,-0.8959107995033264,0.3594987690448761
1105,1.1966,1.1232,0,1,0.399139404296875,1.0036163330078125,-0.468048095703125,0.11461392790079117,-0.5413375496864319,0.4682055413722992
1106,1.2498,1.1846,0,1,0.2623138427734375,1.0252838134765625,-0.3235626220703125,0.10685934126377106,-0.7761013507843018,0.5320481657981873
1107,1.2913,1.248,0,1,-0.01898193359375,1.1573333740234375,-0.2294158935546875,-0.02816292829811573,-1.5726627111434937,0.4837123453617096
1108,1.3179,1.311,0,1,-0.3124237060546875,1.2318115234375,-0.147918701171875,0.12891963124275208,-1.7662938833236694,0.4588770270347595
1109,1.3277,1.3711,0,1,-0.707794189453125,1.1209716796875,-0.0165863037109375,0.7479650378227234,-0.9422066807746887,0.1436581015586853
1110,1.3206,1.4255,0,1,-1.4160003662109375,1.650421142578125,-0.1974639892578125,0.7005429267883301,-1.261449933052063,-0.4017263948917389
1111,1.2978,1.4715,0,1,-0.9564056396484375,0.8772430419921875,-0.20428466796875,0.7005429267883301,-1.261449933052063,-0.4017263948917389
1112,1.2622,1.506,0,1,-0.538421630859375,0.6295166015625,0.197723388671875,-0.04620318114757538,0.5160939693450928,-0.27032148838043213
1113,1.2177,1.5261,0,1,-0.2532958984375,0.8084259033203125,0.5185394287109375,-0.2914915084838867,1.7493146657943726,-0.27674850821495056
1114,1.1686,1.529,0,1,-0.2088775634765625,0.9894561767578125,0.4851226806640625,-0.3274471163749695,1.7269155979156494,-0.3091096580028534
1115,1.1191,1.5123,0,1,-0.2320709228515625,1.0826568603515625,0.3670501708984375,-0.2533190846443176,1.3687009811401367,-0.449017733335495
1116,1.0732,1.4747,0,1,-0.185638427734375,1.0703582763671875,0.242706298828125,-0.16482090950012207,1.3641462326049805,-0.5286169648170471
1117,1.0337,1.4164,0,1,0.0620880126953125,0.977447509765625,0.151580810546875,-0.5917868614196777,0.9804286360740662,-0.6523170471191406
1118,1.0026,1.3389,0,1,0.265472412109375,0.9853973388671875,0.0516204833984375,-1.5481491088867188,-0.06643494963645935,-0.37831827998161316
1119,0.9806,1.2459,0,1,0.1856536865234375,0.9222869873046875,-0.0923919677734375,-1.4498906135559082,-0.7591745257377625,0.11058243364095688
1120,0.9676,1.1423,0,1,-0.038787841796875,0.8611297607421875,-0.160247802734375,-0.9723606109619141,-0.6735408902168274,0.2062988430261612
1121,0.9625,1.0345,0,1,-0.1943511962890625,0.958404541015625,-0.0858306884765625,-0.6828776597976685,-0.4102399945259094,0.17522162199020386
1122,0.9636,0.9294,0,1,-0.301055908203125,1.0080718994140625,0.005340576171875,-0.6840845942497253,-0.1928136646747589,0.057195112109184265
1123,0.9687,0.8338,0,1,-0.3241729736328125,0.9540863037109375,0.029571533203125,-0.7753028869628906,-0.008069111965596676,-0.13927267491817474
1124,0.9757,0.7536,0,1,-0.28179931640625,0.911590576171875,-0.0313568115234375,-0.7483788728713989,0.08358011394739151,-0.32091277837753296
1125,0.9826,0.6935,0,1,-0.1574554443359375,0.9467010498046875,-0.060638427734375,-0.5248329043388367,0.005827795248478651,-0.47300004959106445
1126,0.9877,0.6558,0,1,0.0006103515625,1.02203369140625,-0.0117340087890625,-0.33854982256889343,-0.03756868094205856,-0.4922054409980774
1127,0.99,0.641,0,1,0.1182403564453125,1.04443359375,0.046173095703125,-0.3146386444568634,0.09563092142343521,-0.3854624629020691
1128,0.989,0.6475,0,1,0.1339111328125,1.0189971923828125,0.1125946044921875,-0.3146386444568634,0.09563092142343521,-0.3854624629020691
1129,0.985,0.6715,0,1,0.0137176513671875,0.9515838623046875,0.1175994873046875,-0.652441680431366,-0.07611687481403351,-0.1254466027021408
1130,0.9786,0.7079,0,1,-0.1102294921875,0.90777587890625,0.020111083984375,-0.8163784146308899,-0.10214421153068542,-0.09686849266290665
1131,0.971,0.7507,0,1,-0.1817626953125,0.9182891845703125,-0.0154266357421875,-0.6758841872215271,0.020196881145238876,-0.19246238470077515
1132,0.9636,0.7938,0,1,-0.1983642578125,0.972625732421875,0.031219482421875,-0.6618344187736511,0.30454179644584656,-0.2917490303516388
1133,0.9579,0.8315,0,1,-0.216583251953125,0.942291259765625,0.028656005859375,-0.7695448994636536,0.4556567370891571,-0.39913222193717957
1134,0.9554,0.8594,0,1,-0.2025146484375,0.913726806640625,-0.0039215087890625,-0.7361882925033569,0.376504123210907,-0.5580419898033142
1135,0.9575,0.8749,0,1,-0.1273345947265625,0.938446044921875,-0.0334320068359375,-0.6169763803482056,0.3355995714664459,-0.6159385442733765
1136,0.9651,0.8772,0,1,-0.095550537109375,0.9636383056640625,-0.0101165771484375,-0.5218304395675659,0.3709317445755005,-0.632777988910675
1137,0.979,0.8676,0,1,-0.0544586181640625,0.99200439453125,0.068878173828125,-0.3944852650165558,0.3230550289154053,-0.647125244140625
1138,0.9993,0.8491,0,1,0.0104522705078125,1.0628662109375,0.186126708984375,-0.2213936448097229,0.21364064514636993,-0.5667137503623962
1139,1.0257,0.8266,0,1,-0.020843505859375,0.9834136962890625,0.3816986083984375,-0.3050914704799652,-0.01774197816848755,-0.5835542678833008
1140,1.0572,0.8058,0,1,-0.005401611328125,0.9095611572265625,0.3724822998046875,-0.7149772644042969,-0.28118133544921875,-0.573756754398346
1141,1.0925,0.793,0,1,-0.010650634765625,0.96240234375,0.1443023681640625,-1.1030147075653076,-0.2836679220199585,-0.37328648567199707
1142,1.1296,0.7947,0,1,-0.119140625,1.0369873046875,-0.060943603515625,-1.108881950378418,0.12543702125549316,-0.2981507480144501
1143,1.1659,0.8162,0,1,-0.156280517578125,1.175323486328125,-0.083160400390625,-0.5990322828292847,0.4622640311717987,-0.3142293095588684
1144,1.1991,0.8614,0,1,-0.1674652099609375,1.2140655517578125,0.0464935302734375,-0.26416561007499695,0.4996391236782074,-0.3431203365325928
1145,1.2267,0.9318,0,1,-0.1299896240234375,1.19256591796875,0.069793701171875,-0.32583534717559814,0.3052248954772949,-0.35633549094200134
1146,1.2466,1.0257,0,1,-0.036956787109375,1.2697601318359375,-0.0457611083984375,-0.20875588059425354,0.003329217666760087,-0.24946229159832
1147,1.2577,1.1385,0,1,0.049407958984375,1.367584228515625,-0.18609619140625,0.4291074275970459,-0.32180866599082947,-0.11696523427963257
1148,1.2593,1.2625,0,1,0.061920166015625,1.470062255859375,-0.11376953125,1.236573576927185,-0.6522718071937561,0.11851519346237183
1149,1.2518,1.3889,0,1,-0.0879364013671875,1.3135528564453125,0.0255126953125,1.6424598693847656,-0.8088012337684631,0.3915347456932068
1150,1.2366,1.5081,0,1,-0.258453369140625,1.117523193359375,0.0897064208984375,1.846344232559204,-0.7007855176925659,0.5303866267204285
1151,1.2151,1.6119,0,1,-0.24456787109375,1.08843994140625,0.133392333984375,1.8270467519760132,-0.5034804344177246,0.758303165435791
1152,1.1894,1.6938,0,1,-0.328765869140625,0.9609832763671875,0.1846923828125,1.6070318222045898,-0.23286840319633484,0.9131409525871277
1153,1.1612,1.7505,0,1,-0.39984130859375,0.9242401123046875,0.1867523193359375,1.2899433374404907,0.2899641692638397,0.8535960912704468
1154,1.1318,1.7812,0,1,-0.5216827392578125,0.944610595703125,0.1780853271484375,0.9368625283241272,1.227238655090332,0.7094719409942627
1155,1.1025,1.7875,0,1,-0.7380523681640625,0.92547607421875,0.1982421875,0.5681198835372925,1.9107818603515625,0.3543519675731659
1156,1.0737,1.7727,0,1,-0.7655029296875,0.8859710693359375,-0.132965087890625,0.7985919713973999,1.2985200881958008,0.19999487698078156
1157,1.0458,1.7411,0,1,-0.82318115234375,0.8891448974609375,-0.0946197509765625,1.067714810371399,0.48477786779403687,0.011857991106808186
1158,1.019,1.6971,0,1,-0.5836029052734375,0.8554229736328125,0.0349884033203125,0.9180470108985901,0.8518427014350891,-0.05820658057928085
1159,0.9932,1.6452,0,1,-0.328125,0.8142547607421875,0.0587158203125,0.8697457909584045,1.4317479133605957,0.047870587557554245
1160,0.9684,1.5891,0,1,-0.16253662109375,0.7958221435546875,0.04388427734375,0.9149073958396912,1.6782625913619995,0.1684638410806656
1161,0.9446,1.5324,0,1,-0.1117706298828125,0.840118408203125,0.0492095947265625,0.7294265031814575,1.8762246370315552,0.22127513587474823
1162,0.9217,1.4784,0,1,-0.0298614501953125,0.9096832275390625,0.10626220703125,0.24902580678462982,1.8239316940307617,0.3573535978794098
1163,0.9001,1.4303,0,1,-0.0743255615234375,0.900115966796875,0.0854034423828125,-0.19001707434654236,1.3789485692977905,0.5740675330162048
1164,0.8805,1.3904,0,1,-0.0970916748046875,0.9201812744140625,0.178680419921875,-0.5100472569465637,0.6997911334037781,0.6138346791267395
1165,0.8643,1.3606,0,1,0.0543365478515625,1.0193328857421875,0.114990234375,-0.760395884513855,-0.46077561378479004,0.6395483016967773
1166,0.8533,1.3413,0,1,0.190826416015625,1.0406341552734375,-0.2670745849609375,-0.760395884513855,-0.46077561378479004,0.6395483016967773
1167,0.8499,1.3316,0,1,0.06365966796875,0.9499053955078125,-0.4290924072265625,-0.5342415571212769,-0.9889414310455322,0.5901008248329163
1168,0.8565,1.3289,0,1,-0.0927276611328125,0.829345703125,-0.2268829345703125,0.7252078056335449,-0.9704766869544983,0.2787056565284729
1169,0.875,1.3296,0,1,-0.1112518310546875,0.656646728515625,-0.0864105224609375,0.6320677399635315,-1.1872822046279907,0.09395099431276321
1170,0.9065,1.3297,0,1,-0.056060791015625,0.55780029296875,-0.071502685546875,0.2934896647930145,-1.2260581254959106,-0.05642465874552727
1171,0.9508,1.3252,0,1,0.02947998046875,0.6658782958984375,-0.1309967041015625,0.01648683100938797,-1.3580920696258545,-0.10361135005950928
1172,1.0058,1.3133,0,1,0.102142333984375,0.891815185546875,-0.2784881591796875,-0.020240556448698044,-1.5580453872680664,-0.06857559829950333
1173,1.068,1.2929,0,1,0.25433349609375,1.0917510986328125,-0.4373779296875,0.0745951384305954,-1.6201220750808716,0.09640536457300186
1174,1.1328,1.265,0,1,0.4460601806640625,1.1239013671875,-0.49127197265625,0.05187385156750679,-1.1878803968429565,0.44029590487480164
1175,1.1948,1.2329,0,1,0.40960693359375,1.07470703125,-0.43115234375,-0.018263692036271095,-0.9474970698356628,0.645401120185852
1176,1.2488,1.2019,0,1,0.264404296875,1.082794189453125,-0.3116302490234375,-0.12143881618976593,-1.0798609256744385,0.6967207789421082
1177,1.2903,1.1785,0,1,0.0760955810546875,1.1569366455078125,-0.333892822265625,0.015576829202473164,-1.3446893692016602,0.6719035506248474
1178,1.316,1.1694,0,1,-0.256103515625,1.3719635009765625,-0.154510498046875,0.2719241976737976,-1.1532214879989624,0.5712499022483826
1179,1.3244,1.1808,0,1,-0.74365234375,1.24853515625,0.0837860107421875,0.7256842255592346,-0.5135805010795593,0.3332301676273346
1180,1.3159,1.2166,0,1,-1.1956939697265625,1.43841552734375,0.0063629150390625,0.8343244194984436,-0.3005704879760742,-0.05835704877972603
1181,1.2928,1.2778,0,1,-1.100616455078125,0.89251708984375,-0.0837249755859375,0.35842445492744446,-1.305515170097351,0.11390126496553421
1182,1.2588,1.3614,0,1,-0.7327880859375,0.600067138671875,0.0285491943359375,-0.2980942726135254,0.59018874168396,-0.06352172046899796
1183,1.2183,1.4611,0,1,-0.401458740234375,0.72735595703125,0.31365966796875,-0.2980942726135254,0.59018874168396,-0.06352172046899796
1184,1.1759,1.5668,0,1,-0.3509063720703125,0.8632659912109375,0.4149017333984375,-0.10076761990785599,2.598011016845703,-0.46715226769447327
1185,1.1357,1.6663,0,1,-0.324920654296875,1.0041656494140625,0.4105072021484375,0.09139382839202881,1.9145760536193848,-0.6560268402099609
1186,1.1008,1.7469,0,1,-0.1843109130859375,1.0570526123046875,0.3791351318359375,0.29863011837005615,0.9639545679092407,-0.7041312456130981
1187,1.0727,1.7964,0,1,-0.0856170654296875,1.0017242431640625,0.3410491943359375,0.20719073712825775,-0.15114611387252808,-0.6929337382316589
1188,1.052,1.8059,0,1,0.029144287109375,0.912353515625,0.389312744140625,-0.5860637426376343,-1.3316681385040283,-0.9718218445777893
1189,1.0379,1.7705,0,1,0.28631591796875,0.98797607421875,0.23956298828125,-1.7043509483337402,-2.3588035106658936,-0.7205715179443359
1190,1.0288,1.6909,0,1,0.223785400390625,0.99261474609375,-0.10919189453125,-1.9886900186538696,-2.2432003021240234,-0.10921676456928253
1191,1.0229,1.5734,0,1,0.047271728515625,1.04254150390625,-0.411773681640625,-1.9886900186538696,-2.2432003021240234,-0.10921676456928253
1192,1.0182,1.4298,0,1,-0.15521240234375,1.040863037109375,-0.4248809814453125,-0.7080173492431641,-0.16464407742023468,0.18833395838737488
1193,1.013,1.275,0,1,-0.2598419189453125,0.9968414306640625,-0.1899871826171875,-0.15889032185077667,0.18702447414398193,0.08822653442621231
1194,1.0063,1.125,0,1,-0.2735595703125,0.9706268310546875,0.0573883056640625,-0.1707690805196762,0.015750467777252197,-0.05795544385910034
1195,0.9976,0.9943,0,1,-0.227630615234375,0.9368896484375,0.1815032958984375,-0.2825954854488373,-0.312435120344162,-0.2861257493495941
1196,0.9872,0.8937,0,1,-0.1346588134765625,0.9095458984375,0.19696044921875,-0.4012976288795471,-0.7390700578689575,-0.41164880990982056
1197,0.9761,0.8291,0,1,-0.0306396484375,0.930877685546875,0.120391845703125,-0.6165276169776917,-0.599018931388855,-0.4448821246623993
1198,0.9657,0.8013,0,1,0.0380096435546875,0.9737091064453125,0.07366943359375,-0.6079509258270264,-0.20581361651420593,-0.37933266162872314
1199,0.9577,0.8066,0,1,-0.0463409423828125,0.9828033447265625,0.071868896484375,-0.6394619941711426,0.14838281273841858,-0.33211857080459595
1200,0.9538,0.8377,0,1,-0.1822052001953125,0.9732208251953125,0.0466156005859375,-0.7902978658676147,0.22660784423351288,-0.4175753891468048
1201,0.9558,0.8853,0,1,-0.2417144775390625,0.90386962890625,0.030364990234375,-0.7923106551170349,0.023316774517297745,-0.561873197555542
1202,0.9651,0.9399,0,1,-0.262420654296875,0.9045867919921875,0.020904541015625,-0.7405598163604736,-0.04031733050942421,-0.6621851325035095
1203,0.9825,0.9929,0,1,-0.2661895751953125,0.931121826171875,0.0546875,-0.8212317824363708,0.04490036144852638,-0.754647433757782
1204,1.0083,1.0387,0,1,-0.2181549072265625,0.9604339599609375,-0.0108642578125,-0.9197139143943787,0.3709242641925812,-0.8609155416488647
1205,1.042,1.0745,0,1,-0.088623046875,1.0554656982421875,-0.0742950439453125,-0.7311767339706421,0.8631331920623779,-0.9119619727134705
1206,1.0823,1.1015,0,1,0.0226593017578125,1.080963134765625,0.0177001953125,-0.42659792304039,1.0157322883605957,-0.9084638953208923
1207,1.1271,1.1236,0,1,0.1467132568359375,1.0666961669921875,0.1365203857421875,-0.42659792304039,1.0157322883605957,-0.9084638953208923
1208,1.1738,1.1471,0,1,0.2888946533203125,1.067657470703125,0.2180633544921875,-0.3411937952041626,-0.1102609932422638,-0.8020956516265869
1209,1.2194,1.1788,0,1,0.3004608154296875,1.0824127197265625,0.13604736328125,-0.3411937952041626,-0.1102609932422638,-0.8020956516265869
1210,1.2605,1.2248,0,1,0.245635986328125,1.215240478515625,-0.0491485595703125,-0.6692537069320679,-0.5596550703048706,-0.16416656970977783
1211,1.2943,1.2886,0,1,0.0745086669921875,1.316497802734375,-0.0998992919921875,-0.22140535712242126,-0.6934669017791748,0.2878192663192749
1212,1.318,1.371,0,1,-0.305877685546875,1.3529510498046875,-0.12860107421875,0.08201736956834793,-0.7797815799713135,0.34810417890548706
1213,1.3301,1.4689,0,1,-0.467559814453125,1.470733642578125,-0.155670166015625,0.7340050339698792,-0.9450083374977112,0.23756062984466553
1214,1.3296,1.5768,0,1,-0.4997100830078125,1.38037109375,-0.093536376953125,1.534929871559143,-1.0710501670837402,-0.001618403010070324
1215,1.3167,1.6872,0,1,-0.3748931884765625,1.2523956298828125,-0.045135498046875,2.0707621574401855,-0.6983740329742432,0.1250990629196167
1216,1.2926,1.792,0,1,-0.1965484619140625,1.168243408203125,0.1691436767578125,2.156460762023926,-0.18018148839473724,0.49491387605667114
1217,1.259,1.8839,0,1,-0.2097930908203125,1.020477294921875,0.2694244384765625,1.9522088766098022,0.0012958941515535116,0.9090567231178284
1218,1.2179,1.9573,0,1,-0.2853240966796875,0.95733642578125,0.2657623291015625,1.6559370756149292,0.44879165291786194,1.129224181175232
1219,1.1715,2.0086,0,1,-0.4057464599609375,1.0003204345703125,0.2338714599609375,1.2998042106628418,1.118149995803833,1.1655536890029907
1220,1.122,2.0365,0,1,-0.589630126953125,1.00640869140625,0.2260589599609375,0.906393826007843,1.8718669414520264,1.0101878643035889
1221,1.0715,2.0409,0,1,-0.8400726318359375,0.97918701171875,-0.01806640625,0.818450391292572,1.3599094152450562,0.5818578004837036
1222,1.0223,2.023,0,1,-0.833526611328125,0.828338623046875,0.007720947265625,0.818450391292572,1.3599094152450562,0.5818578004837036
1223,0.9762,1.9841,0,1,-0.7356719970703125,0.6609039306640625,0.1017303466796875,0.8666591644287109,0.23792627453804016,0.32123422622680664
1224,0.9354,1.926,0,1,-0.480804443359375,0.6944580078125,0.0274505615234375,0.28052860498428345,1.541641354560852,0.27331677079200745
1225,0.9013,1.8501,0,1,-0.3261871337890625,0.7469482421875,-0.0597991943359375,0.2570520341396332,2.132446527481079,0.3531018793582916
1226,0.8754,1.7588,0,1,-0.2055511474609375,0.8135986328125,-0.0594635009765625,0.21829532086849213,2.5470921993255615,0.31186336278915405
1227,0.8585,1.6555,0,1,-0.1431884765625,0.8140106201171875,-0.0192108154296875,0.10806095600128174,2.5479636192321777,0.34984323382377625
1228,0.8506,1.5447,0,1,-0.1558990478515625,0.7568511962890625,0.0424957275390625,0.001583249308168888,1.8281275033950806,0.32813525199890137
1229,0.8515,1.4326,0,1,-0.11920166015625,0.761688232421875,0.11163330078125,0.003745203372091055,0.3639949858188629,0.1722087860107422
1230,0.8605,1.3259,0,1,-0.122955322265625,0.803863525390625,0.0792083740234375,0.038471758365631104,-1.177311897277832,-0.13750113546848297
1231,0.8765,1.2311,0,1,0.019378662109375,0.9713897705078125,-0.13275146484375,0.06621816754341125,-1.7000283002853394,-0.26669612526893616
1232,0.8986,1.1538,0,1,0.2544097900390625,1.112823486328125,-0.31622314453125,0.1054673045873642,-1.318988561630249,-0.04651210829615593
1233,0.9259,1.0974,0,1,0.2376556396484375,0.95758056640625,-0.3694915771484375,0.16189809143543243,-0.5694466829299927,0.20939210057258606
1234,0.9575,1.0628,0,1,0.1548004150390625,0.8762054443359375,-0.2875518798828125,0.16189809143543243,-0.5694466829299927,0.20939210057258606
1235,0.9928,1.048,0,1,0.1351776123046875,0.9109954833984375,-0.1409149169921875,-0.004202468320727348,-0.38072070479393005,0.2900203764438629
1236,1.0308,1.0486,0,1,0.145965576171875,0.95355224609375,-0.0774688720703125,-0.18640582263469696,-0.8605831861495972,0.33157262206077576
1237,1.0702,1.0582,0,1,0.1787261962890625,0.9232940673828125,-0.027313232421875,-0.20663200318813324,-1.138327956199646,0.41615593433380127
1238,1.1092,1.0703,0,1,0.1739654541015625,0.9204559326171875,-0.0684814453125,-0.19722092151641846,-1.2167940139770508,0.5306422710418701
1239,1.1454,1.0789,0,1,0.1473388671875,0.94842529296875,-0.2050628662109375,-0.13958506286144257,-1.247781753540039,0.5712041258811951
1240,1.1761,1.0801,0,1,0.1106109619140625,0.9840087890625,-0.3227691650390625,-0.11410126835107803,-1.4270151853561401,0.5838362574577332
1241,1.1987,1.0732,0,1,-0.029632568359375,1.1068267822265625,-0.3759918212890625,-0.10036122798919678,-1.486203670501709,0.5671366453170776
1242,1.2113,1.0602,0,1,-0.3132171630859375,1.4405364990234375,-0.2342987060546875,-0.010900584980845451,-1.0700269937515259,0.5292747616767883
1243,1.2129,1.0455,0,1,-0.61932373046875,1.493194580078125,-0.0259857177734375,-0.010900584980845451,-1.0700269937515259,0.5292747616767883
1244,1.2038,1.0352,0,1,-0.877593994140625,1.4875030517578125,-0.1167755126953125,0.3768559396266937,-0.3980211317539215,0.11230549961328506
1245,1.1858,1.0349,0,1,-0.776885986328125,0.7737274169921875,-0.2997283935546875,0.4006957411766052,-0.5732241272926331,0.005772667936980724
1246,1.1617,1.0488,0,1,-0.5955352783203125,0.5167083740234375,-0.045989990234375,0.24587447941303253,-0.08706831932067871,-0.20548631250858307
1247,1.1349,1.0786,0,1,-0.4200592041015625,0.6270904541015625,0.201141357421875,0.27320703864097595,0.9043487906455994,-0.39107614755630493
1248,1.1084,1.1225,0,1,-0.34698486328125,0.7803192138671875,0.3541259765625,0.2715739905834198,1.3582241535186768,-0.5537007451057434
1249,1.0848,1.176,0,1,-0.3428192138671875,0.9194183349609375,0.47833251953125,-0.06069610267877579,0.9694497585296631,-0.6609004139900208
1250,1.0654,1.2319,0,1,-0.2177581787109375,1.0534515380859375,0.4351806640625,-0.25273293256759644,-0.016879115253686905,-0.536926805973053
1251,1.0506,1.282,0,1,-0.1839599609375,1.0251922607421875,0.34130859375,-0.25273293256759644,-0.016879115253686905,-0.536926805973053
1252,1.0399,1.3184,0,1,-0.1121978759765625,0.9552154541015625,0.277496337890625,-0.3230355679988861,-1.0055755376815796,-0.5067633390426636
1253,1.0319,1.3349,0,1,0.0851898193359375,0.9412689208984375,0.1145172119140625,-2.048038959503174,-2.57429838180542,-0.589224100112915
1254,1.0252,1.3286,0,1,0.1167144775390625,1.0413055419921875,-0.3809967041015625,-1.976872205734253,-2.131692886352539,-0.16252419352531433
1255,1.0183,1.3002,0,1,0.039215087890625,1.0759429931640625,-0.49566650390625,-0.750694751739502,-0.629794716835022,-0.0685172751545906
1256,1.01,1.2538,0,1,-0.065216064453125,1.095855712890625,-0.1435546875,-0.026441726833581924,0.3378126621246338,0.03178749233484268
1257,0.9998,1.196,0,1,-0.1993865966796875,1.0119171142578125,0.166290283203125,-0.5188319683074951,0.13402065634727478,0.11414787918329239
1258,0.9878,1.1343,0,1,-0.2482147216796875,0.8789825439453125,0.1816864013671875,-0.8851417899131775,-0.1398867964744568,-0.050754256546497345
1259,0.9749,1.0755,0,1,-0.198944091796875,0.8236236572265625,0.137786865234375,-0.8352738618850708,-0.30370235443115234,-0.14336781203746796
1260,0.9623,1.0249,0,1,-0.211090087890625,0.8205108642578125,0.0962677001953125,-0.804563581943512,-0.2635003328323364,-0.31954362988471985
1261,0.9516,0.9855,0,1,-0.177581787109375,0.947540283203125,0.0824127197265625,-0.8996280431747437,-0.3988725543022156,-0.44884783029556274
1262,0.9444,0.9581,0,1,-0.1894073486328125,0.9738922119140625,-0.027801513671875,-0.904381513595581,-0.09198824316263199,-0.5695756077766418
1263,0.9427,0.9417,0,1,-0.1648712158203125,0.9914093017578125,-0.0332489013671875,-0.6790251135826111,0.10806281864643097,-0.6289566159248352
1264,0.9478,0.9344,0,1,-0.1692657470703125,0.955902099609375,0.0370330810546875,-0.5393750667572021,-0.06285113096237183,-0.6889064908027649
1265,0.9613,0.9338,0,1,-0.1283416748046875,0.9721832275390625,0.04888916015625,-0.5085873603820801,-0.21894432604312897,-0.7392902970314026
1266,0.984,0.9381,0,1,-0.086639404296875,1.0267791748046875,0.031890869140625,-0.5070837140083313,0.10289735347032547,-0.6746705770492554
1267,1.016,0.9469,0,1,-0.106903076171875,1.019287109375,0.002197265625,-0.712948739528656,0.6462764739990234,-0.5661203861236572
1268,1.057,0.9614,0,1,-0.1479644775390625,0.9633331298828125,-0.04052734375,-0.8684701323509216,1.0646923780441284,-0.6189377903938293
1269,1.1054,0.9847,0,1,-0.041961669921875,0.99151611328125,0.0409698486328125,-0.5536267161369324,1.2271242141723633,-0.7116703987121582
1270,1.1589,1.0211,0,1,0.066375732421875,1.0587005615234375,0.2633819580078125,-0.20291796326637268,0.8553034663200378,-0.7600539326667786
1271,1.2144,1.0755,0,1,0.1896514892578125,1.06878662109375,0.3402252197265625,-0.30534738302230835,0.29648199677467346,-0.8268004655838013
1272,1.2681,1.1518,0,1,0.2703704833984375,1.201263427734375,0.17626953125,-0.5087063908576965,-0.044872134923934937,-0.6812232732772827
1273,1.3162,1.2519,0,1,0.2572174072265625,1.3250885009765625,-0.0136871337890625,-0.6804221868515015,-0.3271009027957916,-0.24144378304481506
1274,1.3549,1.3745,0,1,0.0867156982421875,1.3882598876953125,-0.2572174072265625,-0.24921755492687225,-0.6674672365188599,0.1812020093202591
1275,1.3813,1.5144,0,1,-0.1248931884765625,1.4786224365234375,-0.424560546875,0.6824145317077637,-0.6726037263870239,0.49797090888023376
1276,1.3933,1.6626,0,1,-0.2809295654296875,1.531402587890625,-0.3060455322265625,1.5390524864196777,-0.34615156054496765,0.6183788180351257
1277,1.39,1.8077,0,1,-0.3389892578125,1.4166412353515625,-0.1183319091796875,2.0885262489318848,-0.22275903820991516,0.5390552282333374
1278,1.3718,1.9367,0,1,-0.3416900634765625,1.24169921875,0.0099334716796875,2.0885262489318848,-0.22275903820991516,0.5390552282333374
1279,1.34,2.0371,0,1,-0.2558135986328125,1.1748199462890625,0.20550537109375,2.2890117168426514,-0.32569289207458496,0.6773332357406616
1280,1.2968,2.0983,0,1,-0.234527587890625,1.07537841796875,0.309295654296875,1.9068784713745117,-0.13060860335826874,0.9533520340919495
1281,1.2447,2.1131,0,1,-0.372833251953125,1.01171875,0.23651123046875,1.3102481365203857,0.9457443952560425,1.131595253944397
1282,1.1866,2.0783,0,1,-0.6051025390625,1.024871826171875,0.1878814697265625,0.727750301361084,2.4548826217651367,1.0497304201126099
1283,1.1253,1.9955,0,1,-0.939239501953125,0.9494781494140625,-0.0665283203125,0.5901474356651306,2.2147257328033447,0.669913649559021
1284,1.0637,1.8701,0,1,-0.89141845703125,0.757293701171875,-0.1214599609375,1.0798643827438354,-0.27812322974205017,0.3143504858016968
1285,1.0045,1.7113,0,1,-0.819305419921875,0.6005859375,0.0413970947265625,0.9031005501747131,-0.10280121117830276,-0.0744212344288826
1286,0.9501,1.5308,0,1,-0.547637939453125,0.622039794921875,0.0965728759765625,0.6460953950881958,1.251973032951355,-0.07678985595703125
1287,0.9029,1.342,0,1,-0.374420166015625,0.7061920166015625,0.0811309814453125,0.6211293339729309,1.886669635772705,0.09483277052640915
1288,0.8644,1.1587,0,1,-0.2762298583984375,0.7838592529296875,0.0752716064453125,0.5610262751579285,1.919577717781067,0.06918279826641083
1289,0.8359,0.9941,0,1,-0.155303955078125,0.844482421875,0.0899810791015625,0.39964887499809265,1.1852864027023315,-0.008797219954431057
1290,0.8182,0.8596,0,1,-0.0486907958984375,0.86700439453125,0.118316650390625,0.12142816185951233,0.24007011950016022,0.02623160369694233
1291,0.8116,0.7637,0,1,-0.072509765625,0.8163909912109375,0.0396270751953125,-0.06893406063318253,-0.23863761126995087,0.2399289757013321
1292,0.8159,0.7108,0,1,-0.1264495849609375,0.7693939208984375,-0.0068511962890625,-0.06885762512683868,-0.2984761595726013,0.25120240449905396
1293,0.8306,0.7003,0,1,-0.0969390869140625,0.8385009765625,-0.053619384765625,-0.2617117762565613,0.1367141753435135,0.2504958510398865
1294,0.855,0.7272,0,1,-0.000335693359375,0.917938232421875,-0.059051513671875,-0.47550341486930847,0.11840014904737473,0.27174603939056396
1295,0.888,0.7823,0,1,0.1451568603515625,0.9807586669921875,-0.161529541015625,-0.5902805924415588,-0.14919134974479675,0.5174961090087891
1296,0.9281,0.8535,0,1,-0.01739501953125,0.825225830078125,-0.3046722412109375,-0.424203485250473,-0.4468246400356293,0.43946126103401184
1297,0.9735,0.928,0,1,-0.0716552734375,0.818267822265625,-0.3697052001953125,-0.06753936409950256,-0.8880997896194458,0.14145860075950623
1298,1.0223,0.9936,0,1,-0.0259857177734375,0.9088134765625,-0.386199951171875,0.26109257340431213,-1.4635995626449585,0.00367116741836071
1299,1.0718,1.0412,0,1,0.0233612060546875,0.95111083984375,-0.37420654296875,0.36258724331855774,-1.4948490858078003,0.00959616806358099
1300,1.1193,1.0654,0,1,0.060577392578125,1.00225830078125,-0.3213653564453125,0.17350681126117706,-1.2162710428237915,0.1909869909286499
1301,1.1619,1.0659,0,1,0.069183349609375,0.9994964599609375,-0.318756103515625,-0.1691592037677765,-1.1350290775299072,0.37099671363830566
1302,1.1968,1.047,0,1,0.086151123046875,1.0447998046875,-0.446014404296875,-0.2899109125137329,-1.2037280797958374,0.43235301971435547
1303,1.2216,1.0169,0,1,0.04046630859375,1.19287109375,-0.5872344970703125,-0.0311624463647604,-1.0661587715148926,0.4349498748779297
1304,1.235,0.9862,0,1,-0.04815673828125,1.3042144775390625,-0.4394378662109375,0.2636204659938812,-0.6889664530754089,0.4823296368122101
1305,1.2365,0.9661,0,1,-0.2810211181640625,1.3310089111328125,-0.0510711669921875,0.38870006799697876,-0.2810652256011963,0.5004545450210571
1306,1.2268,0.9663,0,1,-0.5972137451171875,1.2436676025390625,0.109619140625,0.6577011942863464,0.15781253576278687,0.3302551507949829
1307,1.2079,0.9933,0,1,-0.88897705078125,1.076812744140625,0.07989501953125,0.6577011942863464,0.15781253576278687,0.3302551507949829
1308,1.1825,1.0492,0,1,-0.9025115966796875,0.603912353515625,-0.033843994140625,0.12404897809028625,-0.11241602152585983,0.17294594645500183
1309,1.1538,1.1312,0,1,-0.6316375732421875,0.5487823486328125,0.109283447265625,-0.4548519253730774,0.46472665667533875,-0.17266525328159332
1310,1.1248,1.2318,0,1,-0.3314666748046875,0.8058929443359375,0.2616424560546875,-0.32623058557510376,1.5473597049713135,-0.34796303510665894
1311,1.098,1.34,0,1,-0.3304901123046875,0.9539337158203125,0.3326416015625,-0.18505986034870148,1.9286013841629028,-0.4231075942516327
1312,1.0752,1.4431,0,1,-0.2748565673828125,1.080596923828125,0.365936279296875,0.022172147408127785,1.4435027837753296,-0.5557907819747925
1313,1.0571,1.5284,0,1,-0.146820068359375,1.0956268310546875,0.374786376953125,0.10147442668676376,0.28100451827049255,-0.610227644443512
1314,1.0437,1.5851,0,1,-0.0499420166015625,0.9173736572265625,0.360565185546875,-0.4515046179294586,-0.8661369681358337,-0.9498246312141418
1315,1.0342,1.6058,0,1,0.2483367919921875,0.8988037109375,0.1430511474609375,-1.9696308374404907,-1.8356742858886719,-0.9983500838279724
1316,1.0272,1.588,0,1,0.3366851806640625,0.998016357421875,-0.13604736328125,-1.773786187171936,-2.0694215297698975,-0.28082820773124695
1317,1.0215,1.5341,0,1,0.144561767578125,1.0370941162109375,-0.3179473876953125,-0.8728930950164795,-1.5016529560089111,-0.014764298684895039
1318,1.0157,1.4509,0,1,-0.0570526123046875,1.0934295654296875,-0.208831787109375,-0.46047040820121765,-0.7602525949478149,0.11996235698461533
1319,1.0089,1.3485,0,1,-0.2247314453125,1.0210113525390625,-0.0018463134765625,-0.6040898561477661,-0.5208303928375244,0.21833953261375427
1320,1.0005,1.2385,0,1,-0.323883056640625,0.926483154296875,0.1042633056640625,-0.6145132184028625,-0.6189231872558594,0.026321087032556534
1321,0.9905,1.1324,0,1,-0.3137359619140625,0.88897705078125,0.14239501953125,-0.6784282922744751,-0.5537521243095398,-0.08175531774759293
1322,0.9796,1.0393,0,1,-0.3069000244140625,0.874359130859375,0.168487548828125,-0.8052403330802917,-0.45344310998916626,-0.1474112868309021
1323,0.9686,0.966,0,1,-0.297943115234375,0.9007568359375,0.1353302001953125,-0.8575586080551147,-0.3667316734790802,-0.2934707701206207
1324,0.9589,0.9156,0,1,-0.2386627197265625,0.9158477783203125,0.037200927734375,-0.8811230659484863,-0.11868350952863693,-0.3777656555175781
1325,0.9518,0.8878,0,1,-0.1751861572265625,0.94671630859375,-0.0482635498046875,-0.720413327217102,0.24606703221797943,-0.40227633714675903
1326,0.949,0.8799,0,1,-0.1799163818359375,0.962005615234375,-0.0100555419921875,-0.47960495948791504,0.34648630023002625,-0.5189355611801147
1327,0.9518,0.8872,0,1,-0.1824951171875,0.9504241943359375,0.094329833984375,-0.514426052570343,0.14119653403759003,-0.6332424283027649
1328,0.9613,0.9041,0,1,-0.147125244140625,0.930816650390625,0.1450042724609375,-0.5312210321426392,0.1250860095024109,-0.7034119367599487
1329,0.9785,0.9256,0,1,-0.096893310546875,0.9761962890625,0.1803741455078125,-0.5927911400794983,0.31460481882095337,-0.6944450736045837
1330,1.0035,0.948,0,1,-0.1093292236328125,1.00799560546875,0.098541259765625,-0.8023191094398499,0.5707865357398987,-0.6472700834274292
1331,1.0359,0.9696,0,1,-0.134552001953125,1.0250091552734375,-0.008331298828125,-0.8976903557777405,0.8932723999023438,-0.6605531573295593
1332,1.0748,0.9914,0,1,-0.0906219482421875,1.010986328125,-0.038482666015625,-0.6973652243614197,1.0466777086257935,-0.716394305229187
1333,1.1182,1.0166,0,1,-0.009674072265625,1.0156707763671875,0.0324554443359375,-0.3567003309726715,0.9052273631095886,-0.7473407983779907
1334,1.1637,1.0501,0,1,0.0823822021484375,1.0856475830078125,0.169647216796875,-0.055873118340969086,0.36396196484565735,-0.7799117565155029
1335,1.2085,1.0969,0,1,0.1527099609375,1.1361236572265625,0.2982635498046875,-0.1176547259092331,-0.1496368944644928,-0.7937479615211487
1336,1.2493,1.161,0,1,0.239471435546875,1.2015533447265625,0.276458740234375,-0.5547646880149841,-0.3641473352909088,-0.5894169211387634
1337,1.2834,1.2442,0,1,0.2444000244140625,1.31719970703125,0.0562286376953125,-0.7624744772911072,-0.4597846269607544,-0.13906468451023102
1338,1.3081,1.3451,0,1,0.1096038818359375,1.343109130859375,-0.191680908203125,-0.7624744772911072,-0.4597846269607544,-0.13906468451023102
1339,1.3219,1.4588,0,1,-0.177276611328125,1.4149017333984375,-0.2189178466796875,0.32097482681274414,-1.0686091184616089,0.46543002128601074
1340,1.3241,1.5774,0,1,-0.5328216552734375,1.3488616943359375,-0.2458343505859375,0.9909321665763855,-1.245856523513794,0.11499689519405365
1341,1.3151,1.691,0,1,-0.527130126953125,1.27197265625,-0.19842529296875,1.6565711498260498,-0.8722802996635437,-0.05793174356222153
1342,1.2961,1.7889,0,1,-0.3653717041015625,1.206787109375,-0.038055419921875,2.05365252494812,-0.10794910043478012,0.16516925394535065
1343,1.2689,1.8617,0,1,-0.1846923828125,1.132476806640625,0.1569366455078125,2.091542959213257,0.5163829326629639,0.5265490412712097
1344,1.2354,1.9017,0,1,-0.1707763671875,1.0026397705078125,0.2688446044921875,1.8108384609222412,0.7681227922439575,0.843410849571228
1345,1.1978,1.9051,0,1,-0.2403717041015625,0.9464111328125,0.2641754150390625,1.4240607023239136,0.9484475255012512,1.0656747817993164
1346,1.1576,1.8713,0,1,-0.392669677734375,1.008331298828125,0.1824493408203125,1.4240607023239136,0.9484475255012512,1.0656747817993164
1347,1.1162,1.8034,0,1,-0.639434814453125,1.07794189453125,0.0440216064453125,1.0981388092041016,1.390276551246643,1.1564052104949951
1348,1.0746,1.7078,0,1,-0.84716796875,0.984466552734375,-0.218719482421875,1.0424805879592896,0.6590399742126465,0.6282380819320679
1349,1.0335,1.5926,0,1,-0.8280181884765625,0.781646728515625,-0.028228759765625,1.0804274082183838,-0.2801339328289032,0.19969579577445984
1350,0.9936,1.4672,0,1,-0.63372802734375,0.685791015625,0.1033477783203125,0.7942087054252625,0.2540469169616699,0.02739141136407852
1351,0.9556,1.3409,0,1,-0.4235992431640625,0.68121337890625,0.0926513671875,0.6742359399795532,1.0427197217941284,0.09533504396677017
1352,0.92,1.2225,0,1,-0.3103179931640625,0.719451904296875,0.0564117431640625,0.7603556513786316,1.5620025396347046,0.17108386754989624
1353,0.8875,1.1197,0,1,-0.222381591796875,0.828094482421875,0.053192138671875,0.7188990116119385,1.703049659729004,0.24144910275936127
1354,0.8587,1.0385,0,1,-0.1324310302734375,0.90203857421875,0.10638427734375,0.4292890429496765,1.028401494026184,0.2583572566509247
1355,0.8346,0.9833,0,1,-0.1096954345703125,0.908599853515625,-0.005645751953125,0.1944269984960556,0.5678679943084717,0.2230440080165863
1356,0.8161,0.9562,0,1,-0.06298828125,0.8905792236328125,-0.072296142578125,0.12759390473365784,0.47442856431007385,0.3760386109352112
1357,0.8046,0.9568,0,1,-0.073486328125,0.8569183349609375,-0.0816497802734375,0.06683282554149628,0.5550930500030518,0.5208983421325684
1358,0.8015,0.982,0,1,-0.08123779296875,0.8514556884765625,-0.102752685546875,-0.08712318539619446,0.7443056106567383,0.5587964653968811
1359,0.8083,1.0266,0,1,-0.044708251953125,0.85491943359375,-0.0978851318359375,-0.25893276929855347,0.6026991605758667,0.49931472539901733
1360,0.826,1.0835,0,1,-0.0175628662109375,0.8341522216796875,0.0193939208984375,-0.4104892611503601,-0.4519064724445343,0.43188562989234924
1361,0.8553,1.1452,0,1,-0.042022705078125,0.723297119140625,-0.09478759765625,-0.3995197117328644,-1.2542223930358887,0.3051130473613739
1362,0.8958,1.2043,0,1,-0.04327392578125,0.6265106201171875,-0.1877593994140625,-0.3995197117328644,-1.2542223930358887,0.3051130473613739
1363,0.9462,1.2553,0,1,-0.0126190185546875,0.7211456298828125,-0.273223876953125,-0.1671876609325409,-1.7834532260894775,0.09386017918586731
1364,1.0042,1.2949,0,1,0.0537567138671875,0.9278106689453125,-0.4038543701171875,-0.19116303324699402,-1.8196367025375366,0.16181446611881256
1365,1.0665,1.3228,0,1,0.2027130126953125,1.1369781494140625,-0.5326690673828125,-0.1978454440832138,-1.5534732341766357,0.28316885232925415
1366,1.1295,1.3413,0,1,0.315521240234375,1.2000885009765625,-0.60150146484375,-0.11989258229732513,-0.6662994623184204,0.49868515133857727
1367,1.1892,1.3552,0,1,0.2606964111328125,1.133636474609375,-0.3433837890625,0.004249872639775276,-0.4753188490867615,0.6304237842559814
1368,1.2417,1.3699,0,1,0.1487884521484375,1.0214080810546875,-0.2016754150390625,0.21736906468868256,-1.2522380352020264,0.6140785813331604
1369,1.2839,1.3913,0,1,0.0412139892578125,0.977203369140625,-0.3387603759765625,0.5061273574829102,-1.7463055849075317,0.4860018491744995
1370,1.3133,1.4242,0,1,-0.036285400390625,1.1089324951171875,-0.5066680908203125,0.7124536633491516,-1.5527582168579102,0.3912084996700287
1371,1.3286,1.4715,0,1,-0.409088134765625,1.3575286865234375,-0.1741943359375,0.6574577689170837,-0.9357208013534546,0.3528640568256378
1372,1.3295,1.5333,0,1,-0.88726806640625,1.4060211181640625,-0.030059814453125,0.6012397408485413,-0.6592207551002502,0.21621058881282806
1373,1.3173,1.6068,0,1,-1.400604248046875,1.3726043701171875,-0.20538330078125,0.5666431784629822,-1.2600113153457642,-0.16651494801044464
1374,1.2944,1.6862,0,1,-0.92828369140625,0.575439453125,-0.1604461669921875,0.37163347005844116,-0.27475327253341675,-0.05584835261106491
1375,1.264,1.7636,0,1,-0.5833892822265625,0.529541015625,0.2028656005859375,-0.34454938769340515,2.048168420791626,-0.19556283950805664
1376,1.2297,1.8296,0,1,-0.376312255859375,0.768096923828125,0.4740753173828125,-0.652656078338623,3.242359161376953,-0.40546679496765137
1377,1.1948,1.8755,0,1,-0.3073577880859375,0.9954681396484375,0.595123291015625,-0.6920753717422485,2.5172572135925293,-0.5224096775054932
1378,1.162,1.8938,0,1,-0.2759246826171875,1.0834808349609375,0.556121826171875,-0.7174071073532104,1.3967938423156738,-0.6473169922828674
1379,1.1331,1.8794,0,1,-0.1831207275390625,1.0648040771484375,0.3834228515625,-0.4616941213607788,0.6111674904823303,-0.8346991539001465
1380,1.1089,1.8304,0,1,-0.037811279296875,1.037750244140625,0.2635650634765625,-0.09675557166337967,-0.2281990796327591,-0.8721849918365479
1381,1.0893,1.7478,0,1,0.0836029052734375,0.997344970703125,0.2600860595703125,-0.15344920754432678,-0.8545066714286804,-0.9378721117973328
1382,1.0734,1.6359,0,1,0.2866058349609375,0.975067138671875,0.18017578125,-2.227161407470703,-1.5446650981903076,-0.9707544445991516
1383,1.0601,1.502,0,1,0.3464813232421875,1.0970611572265625,-0.219635009765625,-2.4798779487609863,-1.4378001689910889,-0.11524216830730438
1384,1.048,1.3562,0,1,0.002044677734375,1.019439697265625,-0.5590667724609375,-1.2800509929656982,-0.6698516011238098,0.3528320789337158
1385,1.036,1.2102,0,1,-0.3006439208984375,0.9731597900390625,-0.38507080078125,-0.4024406671524048,0.4021008312702179,0.24925217032432556
1386,1.0234,1.0759,0,1,-0.3328857421875,0.9544525146484375,-0.0050201416015625,-0.2578560411930084,0.46750539541244507,0.11378036439418793
1387,1.01,0.964,0,1,-0.2981109619140625,0.945068359375,0.1794891357421875,-0.2578560411930084,0.46750539541244507,0.11378036439418793
1388,0.996,0.8822,0,1,-0.214141845703125,0.9258880615234375,0.2625579833984375,-0.5808226466178894,0.14174221456050873,-0.2765016257762909
1389,0.9821,0.8343,0,1,-0.1784210205078125,0.8848724365234375,0.2427215576171875,-0.7943106889724731,0.10550379008054733,-0.29524922370910645
1390,0.9695,0.82,0,1,-0.10345458984375,0.93756103515625,0.0580902099609375,-0.7936385273933411,0.08385255932807922,-0.36907070875167847
1391,0.9592,0.8347,0,1,-0.0523834228515625,0.982452392578125,-0.0420074462890625,-0.6531301140785217,0.14249403774738312,-0.3942282795906067
1392,0.9526,0.8705,0,1,-0.080780029296875,0.9559326171875,0.0093231201171875,-0.6235008835792542,0.22161202132701874,-0.4166691303253174
1393,0.9507,0.9175,0,1,-0.1302032470703125,0.916107177734375,0.0994415283203125,-0.6762503385543823,0.10355302691459656,-0.46652349829673767
1394,0.9544,0.9652,0,1,-0.1614227294921875,0.894561767578125,0.13531494140625,-0.7328398823738098,0.05210554599761963,-0.5097053050994873
1395,0.9643,1.0039,0,1,-0.2222900390625,0.920135498046875,0.1860198974609375,-0.8890683650970459,0.07025658339262009,-0.5536850094795227
1396,0.9806,1.0266,0,1,-0.2826385498046875,0.9465179443359375,0.132659912109375,-1.0666364431381226,0.08276119083166122,-0.6417853236198425
1397,1.003,1.03,0,1,-0.255859375,0.98199462890625,0.004058837890625,-1.1105695962905884,0.42035919427871704,-0.776608407497406
1398,1.0311,1.015,0,1,-0.1525421142578125,1.0380859375,-0.11083984375,-0.7929737567901611,0.9894269108772278,-0.850967288017273
1399,1.0638,0.9873,0,1,-0.0417022705078125,1.0778961181640625,0.001953125,-0.28837400674819946,0.9670422673225403,-0.8454772233963013
1400,1.0998,0.9562,0,1,0.0779571533203125,1.0644989013671875,0.13104248046875,-0.17053258419036865,0.5145778656005859,-0.84392911195755
1401,1.1374,0.9333,0,1,0.2183074951171875,1.1304931640625,0.226470947265625,-0.08568321168422699,-0.03382960334420204,-0.7409577369689941
1402,1.1748,0.9307,0,1,0.245269775390625,1.068023681640625,0.2594451904296875,-0.33055049180984497,-0.31071794033050537,-0.6232675909996033
1403,1.2098,0.9587,0,1,0.2235870361328125,1.0361328125,0.105865478515625,-0.8048048615455627,-0.20660270750522614,-0.3421480059623718
1404,1.2406,1.0241,0,1,0.0968475341796875,1.1991729736328125,-0.060882568359375,-0.7748157978057861,-0.1305532157421112,0.08883186429738998
1405,1.265,1.1281,0,1,-0.1640167236328125,1.32440185546875,-0.1333160400390625,-0.16027382016181946,-0.168075293302536,0.26520290970802307
1406,1.2815,1.2665,0,1,-0.3798065185546875,1.329376220703125,-0.110748291015625,0.39510923624038696,-0.40500688552856445,0.28874632716178894
1407,1.2891,1.4293,0,1,-0.45843505859375,1.32855224609375,-0.12689208984375,0.9978028535842896,-0.65460604429245,0.21687345206737518
1408,1.2872,1.6019,0,1,-0.384246826171875,1.274444580078125,-0.1003875732421875,1.71019446849823,-0.6981260776519775,0.15863758325576782
1409,1.276,1.7674,0,1,-0.262298583984375,1.2097320556640625,-0.020721435546875,2.1333167552948,-0.4364878237247467,0.2850834131240845
1410,1.2562,1.9086,0,1,-0.1757354736328125,1.1403045654296875,0.089385986328125,2.1333167552948,-0.4364878237247467,0.2850834131240845
1411,1.2289,2.0108,0,1,-0.211883544921875,1.071319580078125,0.2139739990234375,1.9299416542053223,0.5206480026245117,1.019291877746582
1412,1.1955,2.0633,0,1,-0.37359619140625,1.05035400390625,0.2151641845703125,1.527145266532898,1.1212278604507446,1.2477295398712158
1413,1.1576,2.0613,0,1,-0.491058349609375,1.0961456298828125,0.1395721435546875,1.2291886806488037,1.6995769739151,1.26189124584198
1414,1.1168,2.006,0,1,-0.717803955078125,1.087860107421875,0.018310546875,1.051403522491455,2.2717413902282715,0.9192497134208679
1415,1.0746,1.9043,0,1,-0.6796112060546875,0.9368133544921875,-0.1302032470703125,1.0941290855407715,1.7479766607284546,0.6078401207923889
1416,1.0327,1.7675,0,1,-0.6198577880859375,0.72869873046875,0.016204833984375,1.0535129308700562,0.34742188453674316,0.3326141834259033
1417,0.9923,1.6099,0,1,-0.5430450439453125,0.714874267578125,0.0951080322265625,0.8023225665092468,-0.09134083241224289,0.06045295670628548
1418,0.9546,1.4464,0,1,-0.378570556640625,0.7587432861328125,0.1213226318359375,0.7125367522239685,0.2645488381385803,0.05277639627456665
1419,0.9204,1.291,0,1,-0.2897796630859375,0.77716064453125,0.086639404296875,0.77744460105896,0.8777837753295898,0.10723590850830078
1420,0.8902,1.1558,0,1,-0.25457763671875,0.81390380859375,0.0709228515625,0.7228785753250122,1.6042791604995728,0.16610747575759888
1421,0.8645,1.0495,0,1,-0.1550140380859375,0.91290283203125,0.0493011474609375,0.3708108365535736,1.6869585514068604,0.23357494175434113
1422,0.8437,0.9779,0,1,-0.0302581787109375,0.9318695068359375,0.0832366943359375,-0.07842317223548889,0.7665277719497681,0.25942596793174744
1423,0.8283,0.9428,0,1,0.0035247802734375,0.910858154296875,-0.001800537109375,-0.4212609529495239,0.1347319781780243,0.533706784248352
1424,0.8192,0.943,0,1,-0.129058837890625,0.8543548583984375,-0.0869598388671875,-0.5382224321365356,0.06094910576939583,0.7021522521972656
1425,0.8177,0.9737,0,1,-0.1231231689453125,0.84796142578125,-0.1470489501953125,-0.5382224321365356,0.06094910576939583,0.7021522521972656
1426,0.825,1.0272,0,1,-0.0139312744140625,0.88323974609375,-0.1495513916015625,-0.39694708585739136,0.4733545184135437,0.42864829301834106
1427,0.8423,1.0941,0,1,-0.0600128173828125,0.8446502685546875,-0.12164306640625,-0.27713093161582947,-0.2403382956981659,0.38899675011634827
1428,0.8704,1.1638,0,1,-0.2059478759765625,0.7256317138671875,-0.2584686279296875,-0.030056968331336975,-1.2488691806793213,-0.0008103998843580484
1429,0.9094,1.2263,0,1,-0.1575469970703125,0.700347900390625,-0.35186767578125,0.34349584579467773,-1.6583764553070068,-0.31525593996047974
1430,0.9582,1.2732,0,1,-0.04644775390625,0.7963104248046875,-0.3239288330078125,0.49129408597946167,-1.5585460662841797,-0.3823409676551819
1431,1.0147,1.2992,0,1,0.0591278076171875,0.9065093994140625,-0.273651123046875,0.2839560806751251,-1.4171433448791504,-0.30649468302726746
1432,1.0756,1.303,0,1,0.1800079345703125,0.9833984375,-0.2160186767578125,-0.0060264673084020615,-1.3097950220108032,-0.0753360316157341
1433,1.1367,1.287,0,1,0.2990570068359375,1.0474090576171875,-0.185272216796875,-0.23323112726211548,-1.328466534614563,0.22875940799713135
1434,1.1931,1.2574,0,1,0.2876739501953125,1.040557861328125,-0.299957275390625,-0.20875507593154907,-1.4015198945999146,0.355764240026474
1435,1.2403,1.2232,0,1,0.3271026611328125,1.0810699462890625,-0.4836883544921875,0.002578738844022155,-1.0016098022460938,0.5336782932281494
1436,1.2743,1.1947,0,1,0.217864990234375,1.190643310546875,-0.4688262939453125,0.15127287805080414,-0.7946374416351318,0.7610675096511841
1437,1.2924,1.1821,0,1,-0.1385040283203125,1.3894805908203125,-0.196533203125,0.17314568161964417,-0.9821391701698303,0.8546959757804871
1438,1.2936,1.1942,0,1,-0.593536376953125,1.3322601318359375,0.004058837890625,0.5186951160430908,-0.7726751565933228,0.7491781115531921
1439,1.2792,1.2365,0,1,-1.0496368408203125,1.6349334716796875,-0.01068115234375,0.400191068649292,-0.5093055963516235,0.35443371534347534
1440,1.2518,1.3107,0,1,-0.9633636474609375,0.886077880859375,-0.1651153564453125,-0.06839024275541306,-0.9074113965034485,0.2674713730812073
1441,1.216,1.4138,0,1,-0.6960601806640625,0.4820098876953125,-0.085784912109375,-0.30439531803131104,0.27177053689956665,0.06617875397205353
1442,1.1766,1.5383,0,1,-0.419677734375,0.6813201904296875,0.158172607421875,0.011067031882703304,2.110839605331421,-0.2710948884487152
1443,1.1384,1.6736,0,1,-0.357666015625,0.7962493896484375,0.3577117919921875,0.09410040080547333,2.7347795963287354,-0.4623090624809265
1444,1.1055,1.8063,0,1,-0.312713623046875,0.9141082763671875,0.4761505126953125,-0.036977991461753845,2.0786142349243164,-0.6519647240638733
1445,1.0803,1.9227,0,1,-0.190704345703125,1.001129150390625,0.464202880859375,-0.1795620322227478,0.7933295965194702,-0.6617411971092224
1446,1.064,2.0093,0,1,-0.0974884033203125,1.0142059326171875,0.3979644775390625,-0.30990779399871826,-0.3419695794582367,-0.7145623564720154
1447,1.0558,2.0553,0,1,-0.0165252685546875,0.967376708984375,0.3770599365234375,-0.5391074419021606,-1.5566474199295044,-0.7525773644447327
1448,1.0542,2.0535,0,1,0.03741455078125,0.9393768310546875,0.3194122314453125,-1.1785664558410645,-2.350921869277954,-0.693606436252594
1449,1.0565,2.0014,0,1,0.1031646728515625,1.0409698486328125,0.1067657470703125,-2.1453354358673096,-2.7727394104003906,-0.38140034675598145
1450,1.0599,1.9027,0,1,-0.0132598876953125,1.1217193603515625,-0.3029632568359375,-2.228224277496338,-2.2540829181671143,0.07343640178442001
1451,1.0618,1.7662,0,1,-0.2299346923828125,1.072906494140625,-0.62725830078125,-1.4278455972671509,-0.5943219661712646,0.23791509866714478
1452,1.0599,1.6053,0,1,-0.3776702880859375,1.00775146484375,-0.474853515625,-0.3217279613018036,0.6954589486122131,0.13213832676410675
1453,1.0533,1.4357,0,1,-0.3422393798828125,0.938568115234375,-0.0415496826171875,0.1515437215566635,1.1063711643218994,-0.03352360427379608
1454,1.0416,1.2732,0,1,-0.2469940185546875,0.90374755859375,0.2624053955078125,-0.0480644628405571,0.7989882826805115,-0.18279564380645752
1455,1.0256,1.1311,0,1,-0.1509246826171875,0.9246978759765625,0.3446197509765625,-0.40649932622909546,0.476692259311676,-0.3216387629508972
1456,1.0066,1.0186,0,1,-0.075042724609375,0.9200439453125,0.327728271484375,-0.6411347389221191,0.14154860377311707,-0.40393683314323425
1457,0.9867,0.9402,0,1,-0.0073699951171875,0.9258270263671875,0.1621551513671875,-0.7869859337806702,0.09233765304088593,-0.4446735978126526
1458,0.9681,0.8951,0,1,0.0350494384765625,0.978912353515625,-0.0026397705078125,-0.8368472456932068,0.20869462192058563,-0.3778623342514038
1459,0.9531,0.8784,0,1,-0.0451202392578125,0.980255126953125,-0.023590087890625,-0.7521701455116272,0.16768459975719452,-0.3577219247817993
1460,0.9439,0.8822,0,1,-0.144683837890625,0.9304962158203125,0.0710296630859375,-0.6615329384803772,0.03542004153132439,-0.42364954948425293
1461,0.9423,0.8974,0,1,-0.221527099609375,0.87945556640625,0.1363067626953125,-0.7243305444717407,0.061419419944286346,-0.5386248826980591
1462,0.9497,0.9158,0,1,-0.26495361328125,0.8828277587890625,0.12933349609375,-0.8934391140937805,0.12037434428930283,-0.6353050470352173
1463,0.9668,0.9313,0,1,-0.2860565185546875,0.9430694580078125,0.0565948486328125,-1.0017131567001343,0.2583031952381134,-0.7420123219490051
1464,0.9937,0.9413,0,1,-0.2268829345703125,1.0152130126953125,-0.037384033203125,-0.873073935508728,0.6762213110923767,-0.8281413316726685
1465,1.0299,0.9478,0,1,-0.09490966796875,1.0344390869140625,-0.0380706787109375,-0.5634700059890747,1.090574026107788,-0.8793432712554932
1466,1.0738,0.9563,0,1,0.036102294921875,1.0238800048828125,0.0684051513671875,-0.2736821472644806,0.9860689640045166,-0.829957902431488
1467,1.1236,0.9753,0,1,0.139129638671875,1.065521240234375,0.167755126953125,-0.11634871363639832,0.4674934148788452,-0.7998295426368713
1468,1.1766,1.0145,0,1,0.2510833740234375,1.1169586181640625,0.233551025390625,-0.11121547222137451,-0.05859487131237984,-0.7066828608512878
1469,1.2297,1.0823,0,1,0.3006744384765625,1.09124755859375,0.219482421875,-0.5100270509719849,-0.16173216700553894,-0.5551327466964722
1470,1.2796,1.184,0,1,0.302703857421875,1.200347900390625,0.0784149169921875,-0.7902581691741943,-0.18610329926013947,-0.1134868785738945
1471,1.3231,1.3201,0,1,0.1366729736328125,1.3148651123046875,-0.085845947265625,-0.5011478066444397,-0.3334384262561798,0.3239727318286896
1472,1.3572,1.4853,0,1,-0.104949951171875,1.4157257080078125,-0.271514892578125,0.15305985510349274,-0.4736802279949188,0.5980013608932495
1473,1.3795,1.6685,0,1,-0.361480712890625,1.4983978271484375,-0.26190185546875,0.8874505162239075,-0.8692158460617065,0.5671483874320984
1474,1.3884,1.8544,0,1,-0.48260498046875,1.3988037109375,-0.28521728515625,1.768185019493103,-1.1109246015548706,0.2591029405593872
1475,1.3833,2.0253,0,1,-0.4256439208984375,1.22064208984375,-0.1616973876953125,2.3544397354125977,-0.7850871086120605,0.2938326895236969
1476,1.3643,2.1638,0,1,-0.1805877685546875,1.2298126220703125,0.1136322021484375,2.4369137287139893,-0.03478754311800003,0.7003362774848938
1477,1.3323,2.2549,0,1,-0.2329559326171875,1.1220855712890625,0.27294921875,2.0712528228759766,0.6806240677833557,1.1549599170684814
1478,1.289,2.2886,0,1,-0.360565185546875,1.0931396484375,0.2313232421875,1.697932481765747,1.2203186750411987,1.2820364236831665
1479,1.2366,2.2612,0,1,-0.4827117919921875,1.1572113037109375,0.17333984375,1.3061954975128174,2.1482884883880615,1.287217617034912
1480,1.1778,2.1753,0,1,-0.7116851806640625,1.137359619140625,0.1468658447265625,0.9354475736618042,2.9845831394195557,0.9751020669937134
1481,1.1158,2.0396,0,1,-0.8499298095703125,0.986541748046875,-0.161651611328125,0.9788538813591003,1.3346644639968872,0.6353394389152527
1482,1.0539,1.8672,0,1,-0.8722686767578125,0.7623443603515625,-0.036529541015625,1.1104494333267212,-0.49402251839637756,0.09948371350765228
1483,0.9958,1.6738,0,1,-0.6663665771484375,0.7169342041015625,0.112823486328125,0.8197199106216431,-0.27591466903686523,-0.24382171034812927
1484,0.9447,1.475,0,1,-0.4137725830078125,0.7096099853515625,0.1620941162109375,0.611109733581543,0.4119790196418762,-0.1829887330532074
1485,0.9031,1.2852,0,1,-0.2811737060546875,0.703216552734375,0.13958740234375,0.6635356545448303,1.094449520111084,-0.008310660719871521
1486,0.8729,1.1156,0,1,-0.2362213134765625,0.7235565185546875,0.14935302734375,0.6988150477409363,1.4971905946731567,0.0779065191745758
1487,0.8543,0.9741,0,1,-0.1388092041015625,0.7784271240234375,0.1671142578125,0.4151151776313782,1.1353700160980225,0.13185709714889526
1488,0.8467,0.8648,0,1,-0.07470703125,0.8271636962890625,0.032867431640625,0.028127241879701614,0.727152407169342,0.14922863245010376
1489,0.848,0.7889,0,1,-0.0682525634765625,0.824737548828125,-0.01239013671875,-0.20623145997524261,0.37361034750938416,0.33610397577285767
1490,0.8555,0.7447,0,1,-0.13580322265625,0.808624267578125,-0.0398101806640625,-0.41861510276794434,0.3441784083843231,0.5004149079322815
1491,0.866,0.7287,0,1,-0.154205322265625,0.8165283203125,-0.0727081298828125,-0.5681758522987366,0.3736524283885956,0.46488672494888306
1492,0.8765,0.7365,0,1,-0.0990753173828125,0.8878631591796875,-0.0817108154296875,-0.583099901676178,-0.03267938271164894,0.2789677083492279
1493,0.8847,0.7637,0,1,0.09375,0.9862518310546875,-0.18621826171875,-0.5082030296325684,-0.5755046010017395,0.29363828897476196
1494,0.8895,0.8067,0,1,0.0037078857421875,0.824462890625,-0.4222869873046875,-0.05686061829328537,-0.8781642913818359,0.1667967140674591
1495,0.8909,0.8632,0,1,-0.066986083984375,0.78289794921875,-0.5383148193359375,0.4785380959510803,-0.9062106013298035,-0.08339741826057434
1496,0.8909,0.9329,0,1,-0.048370361328125,0.919158935546875,-0.44415283203125,0.6443063020706177,-0.8701775074005127,-0.19637377560138702
1497,0.8925,1.0171,0,1,0.0838470458984375,0.97064208984375,-0.2530059814453125,0.35509949922561646,-1.0923298597335815,-0.11412843316793442
1498,0.8996,1.1181,0,1,0.1935882568359375,0.91571044921875,-0.1081390380859375,-0.023846477270126343,-1.408349633216858,0.04414775222539902
1499,0.9166,1.2387,0,1,0.2299346923828125,0.8998565673828125,-0.1096038818359375,-0.1979048252105713,-1.474327802658081,0.24304673075675964
1500,0.9468,1.3803,0,1,0.1654052734375,0.9344635009765625,-0.2419281005859375,-0.18836244940757751,-1.3325859308242798,0.3633712828159332
