id,ASVM,GSVM,walking_nonwalking,normal_abnormal,ax,ay,az,gx,gy,gz
1,0.7584,1.3631,0,0,0.0977630615234375,0.6052093505859375,-0.5087127685546875,-0.505084753036499,1.1885906457901,-0.2920699417591095
2,0.887,1.2669,0,0,0.1694488525390625,0.6667327880859375,-0.498779296875,-0.5973688364028931,0.864323079586029,-0.37384068965911865
3,1.0118,1.1853,0,0,0.2423858642578125,0.7318115234375,-0.5454864501953125,-0.8083404898643494,0.391480416059494,-0.449311226606369
4,1.1255,1.1371,0,0,0.444915771484375,0.77899169921875,-0.5868682861328125,-1.1632336378097534,0.005801962688565254,-0.17875483632087708
5,1.2225,1.1375,0,0,0.610076904296875,0.813934326171875,-0.693695068359375,-1.1494195461273193,-0.41407760977745056,0.31401410698890686
6,1.2985,1.1967,0,0,0.629302978515625,0.96087646484375,-0.7682342529296875,-1.1494195461273193,-0.41407760977745056,0.31401410698890686
7,1.3515,1.3184,0,0,0.4974365234375,1.2540283203125,-0.8337860107421875,-0.6638232469558716,-0.26465803384780884,0.6078121662139893
8,1.3813,1.5,0,0,0.4121551513671875,1.30047607421875,-1.05743408203125,0.3541857600212097,0.4456709623336792,0.5320513844490051
9,1.3896,1.7323,0,0,0.4466400146484375,0.853363037109375,-1.112762451171875,0.14694790542125702,-1.0332950353622437,0.8575506210327148
10,1.3793,2.001,0,0,0.18865966796875,0.6732177734375,-0.5377349853515625,-0.6101650595664978,-1.7235312461853027,0.44692131876945496
11,1.3544,2.288,0,0,0.0107574462890625,0.9157562255859375,0.2497100830078125,-0.6101650595664978,-1.7235312461853027,0.44692131876945496
12,1.3191,2.574,0,0,-0.00885009765625,1.2794036865234375,0.5399627685546875,-3.3065903186798096,2.1140520572662354,-1.5609549283981323
13,1.2773,2.8401,0,0,-0.0405731201171875,1.222259521484375,0.0343017578125,-3.3065903186798096,2.1140520572662354,-1.5609549283981323
14,1.2326,3.0699,0,0,-0.1614837646484375,1.22467041015625,-1.0292205810546875,0.8608487248420715,-0.22794954478740692,-2.1782283782958984
15,1.1879,3.2508,0,0,-0.1427001953125,1.148651123046875,-0.716461181640625,2.3007261753082275,-2.2471683025360107,-1.5939735174179077
16,1.1455,3.3735,0,0,0.1179962158203125,0.91583251953125,-0.1185760498046875,2.3007261753082275,-2.2471683025360107,-1.5939735174179077
17,1.107,3.4326,0,0,0.209442138671875,0.813385009765625,0.64385986328125,1.1043117046356201,-1.251646876335144,-0.7431071400642395
18,1.0733,3.4259,0,0,0.1519317626953125,0.879638671875,0.372894287109375,-1.2717478275299072,1.0885205268859863,0.048057008534669876
19,1.0446,3.3541,0,0,0.2299957275390625,0.96734619140625,0.1425628662109375,-2.3775429725646973,3.2384326457977295,0.6321550607681274
20,1.0205,3.221,0,0,0.3302459716796875,1.002685546875,0.0785675048828125,-2.3775429725646973,3.2384326457977295,0.6321550607681274
21,1.0005,3.0339,0,0,0.35986328125,0.9778900146484375,0.080596923828125,-0.7088772654533386,4.099991798400879,0.33910349011421204
22,0.9836,2.8037,0,0,0.3930816650390625,0.98382568359375,0.069427490234375,-0.7088772654533386,4.099991798400879,0.33910349011421204
23,0.9689,2.5442,0,0,0.3777923583984375,0.97125244140625,0.1201019287109375,0.8095335960388184,1.363285779953003,0.6966408491134644
24,0.9559,2.2713,0,0,0.2906341552734375,0.883880615234375,0.063720703125,0.8434076905250549,-0.6895542144775391,0.7457641959190369
25,0.9442,2.0012,0,0,0.2335052490234375,0.844085693359375,-0.085601806640625,0.026551982387900352,-1.8490487337112427,0.46649208664894104
26,0.9338,1.7485,0,0,0.197601318359375,0.7726593017578125,-0.37261962890625,-1.4171873331069946,-0.020410999655723572,0.051963865756988525
27,0.9251,1.5251,0,0,0.31329345703125,0.8871307373046875,-0.172698974609375,-0.9791939854621887,1.276857852935791,-0.004728708881884813
28,0.9187,1.3385,0,0,0.3239288330078125,0.939056396484375,-0.038482666015625,-0.22165437042713165,1.5279442071914673,-0.06121781840920448
29,0.9154,1.1919,0,0,0.30694580078125,0.8358612060546875,-0.035736083984375,-0.09132911264896393,0.9250484704971313,-0.06115683168172836
30,0.9162,1.0836,0,0,0.3618927001953125,0.81243896484375,-0.100006103515625,-0.7278386950492859,0.3604127764701843,-0.1507066935300827
31,0.9221,1.0084,0,0,0.42120361328125,0.867706298828125,-0.0887603759765625,-1.0314595699310303,-0.0033752904273569584,-0.1735432893037796
32,0.9336,0.9578,0,0,0.4030303955078125,0.9039459228515625,-0.0829620361328125,-0.7612267732620239,-0.13093538582324982,-0.09738114476203918
33,0.9511,0.9222,0,0,0.352508544921875,0.845703125,-0.052459716796875,-0.7052085399627686,-0.16819193959236145,0.005358812864869833
34,0.9746,0.8919,0,0,0.283416748046875,0.8700103759765625,-0.00433349609375,-1.039405345916748,-0.1810837686061859,-0.0411735363304615
35,1.0033,0.8593,0,0,0.2710113525390625,0.9245758056640625,-0.0214996337890625,-1.2286123037338257,0.12950792908668518,-0.08426880836486816
36,1.0357,0.8198,0,0,0.2730560302734375,0.95794677734375,-0.073944091796875,-1.1784194707870483,0.5066338777542114,-0.1449662446975708
37,1.07,0.7732,0,0,0.2808685302734375,0.93701171875,-0.1189117431640625,-0.9480182528495789,0.6741486191749573,-0.21179960668087006
38,1.1036,0.7234,0,0,0.372100830078125,0.964141845703125,-0.1358489990234375,-0.5460801124572754,0.6257757544517517,-0.2674697935581207
39,1.1342,0.6786,0,0,0.5269622802734375,1.0197296142578125,-0.076812744140625,-0.2779935300350189,0.5833667516708374,-0.3606815040111542
40,1.1594,0.6491,0,0,0.64532470703125,1.034637451171875,-0.011260986328125,-0.15364255011081696,0.41887715458869934,-0.34054532647132874
41,1.1774,0.6468,0,0,0.650421142578125,1.015045166015625,0.027587890625,-0.2383451908826828,0.1189626082777977,-0.19367359578609467
42,1.1874,0.6822,0,0,0.5922088623046875,1.077301025390625,0.0139007568359375,-0.4167998731136322,-0.14116191864013672,0.10644548386335373
43,1.1895,0.7637,0,0,0.569183349609375,1.18768310546875,-0.0893402099609375,-0.3601754903793335,-0.08387226611375809,0.27089861035346985
44,1.1849,0.8953,0,0,0.531646728515625,1.2444305419921875,-0.1492767333984375,0.10508593916893005,-0.1954086422920227,0.3113267123699188
45,1.1759,1.077,0,0,0.4397125244140625,1.194305419921875,-0.101715087890625,0.6562241911888123,-0.5395127534866333,0.33270952105522156
46,1.165,1.3037,0,0,0.4492645263671875,1.1292266845703125,-0.0035247802734375,0.9914466738700867,-0.9188254475593567,0.3713375926017761
47,1.1551,1.5666,0,0,0.3572845458984375,0.9974822998046875,0.1023101806640625,1.059403896331787,-1.538425087928772,0.3070278465747833
48,1.1481,1.8535,0,0,0.1667633056640625,0.9065399169921875,0.06878662109375,1.1811201572418213,-1.8258326053619385,0.0996759906411171
49,1.1451,2.1508,0,0,0.0091705322265625,0.8713836669921875,-0.0561981201171875,1.6625936031341553,-1.6570582389831543,-0.2057987004518509
50,1.1456,2.4437,0,0,0.06982421875,0.941619873046875,-0.0587615966796875,2.219374418258667,-1.0710134506225586,-0.17198240756988525
51,1.1479,2.718,0,0,0.1623077392578125,1.011138916015625,0.0723876953125,2.219374418258667,-1.0710134506225586,-0.17198240756988525
52,1.149,2.9605,0,0,0.1265716552734375,1.210113525390625,0.0876312255859375,2.3856089115142822,1.9829838275909424,0.5303294062614441
53,1.1455,3.1595,0,0,0.00164794921875,1.4219207763671875,-0.207366943359375,2.9779975414276123,1.9110854864120483,0.39939719438552856
54,1.1339,3.3052,0,0,-0.07421875,1.3281097412109375,-0.0026702880859375,2.970914602279663,1.0642433166503906,0.06840196251869202
55,1.1118,3.3901,0,0,-0.0069122314453125,1.1670379638671875,-0.04986572265625,2.842111587524414,0.24994006752967834,-0.16323019564151764
56,1.078,3.409,0,0,-0.073577880859375,0.9253692626953125,0.2157440185546875,2.0721275806427,-1.3028525114059448,-0.3774665892124176
57,1.0332,3.3596,0,0,0.5008697509765625,0.852081298828125,-0.22747802734375,2.2288315296173096,-2.4548327922821045,0.5947443246841431
58,0.9798,3.2431,0,0,0.5961456298828125,0.9249267578125,-0.391571044921875,2.6544382572174072,-2.3876841068267822,1.4070191383361816
59,0.9215,3.0643,0,0,0.485321044921875,0.93377685546875,-0.3129730224609375,2.6544382572174072,-2.3876841068267822,1.4070191383361816
60,0.8635,2.8323,0,0,0.4094390869140625,0.7454986572265625,-0.2385406494140625,2.280489206314087,-1.991061806678772,1.4298921823501587
61,0.8114,2.56,0,0,0.26220703125,0.630828857421875,-0.2938385009765625,-0.33097633719444275,-2.307487726211548,0.5709732174873352
62,0.7708,2.2637,0,0,0.1185302734375,0.5720062255859375,-0.2163848876953125,-0.5790455341339111,-2.285325527191162,0.2589367628097534
63,0.7463,1.9617,0,0,-0.0143585205078125,0.537353515625,-0.1545867919921875,-0.6014227271080017,-1.790215253829956,-0.11239524930715561
64,0.7412,1.6722,0,0,-0.1168365478515625,0.55413818359375,-0.2126922607421875,-0.43481671810150146,-1.0970274209976196,-0.41436150670051575
65,0.7568,1.4122,0,0,-0.144744873046875,0.5736846923828125,-0.2965087890625,-0.4943585991859436,-0.580024778842926,-0.43653443455696106
66,0.7927,1.196,0,0,-0.124603271484375,0.6300201416015625,-0.4798431396484375,-0.8485260009765625,-0.22343601286411285,-0.2653419077396393
67,0.8466,1.0337,0,0,-0.0081024169921875,0.687408447265625,-0.673919677734375,-0.8485260009765625,-0.22343601286411285,-0.2653419077396393
68,0.9145,0.931,0,0,0.1095123291015625,0.7396697998046875,-0.7452545166015625,-0.9538710713386536,0.46423372626304626,-0.3295462131500244
69,0.9918,0.8895,0,0,0.1312713623046875,0.806610107421875,-0.733551025390625,-0.23917822539806366,1.1767592430114746,-0.5746779441833496
70,1.0728,0.9066,0,0,0.1572265625,0.87298583984375,-0.6966705322265625,-0.4940411448478699,0.6436780691146851,-0.6242492198944092
71,1.152,0.9762,0,0,0.281951904296875,0.798675537109375,-0.6965484619140625,-0.9816728830337524,-0.12391315400600433,-0.33280593156814575
72,1.2239,1.0894,0,0,0.403900146484375,0.676849365234375,-0.660888671875,-1.1018378734588623,-0.7581548094749451,0.15609639883041382
73,1.2838,1.2348,0,0,0.416046142578125,0.765411376953125,-0.566986083984375,-1.1308062076568604,-0.6913313269615173,0.4110434651374817
74,1.3277,1.3992,0,0,0.3478240966796875,1.147918701171875,-0.68255615234375,-0.8879439830780029,0.7364341020584106,0.18957099318504333
75,1.353,1.5678,0,0,0.355682373046875,1.2738494873046875,-0.9766387939453125,-0.22756977379322052,1.26176118850708,0.20536726713180542
76,1.3583,1.7254,0,0,0.3884735107421875,0.9049835205078125,-1.187652587890625,0.019997410476207733,-0.2021581530570984,0.3610772490501404
77,1.3444,1.857,0,0,0.2682037353515625,1.0886077880859375,-0.5840911865234375,-0.587946355342865,0.1827269345521927,0.2822575271129608
78,1.3134,1.9498,0,0,-0.024261474609375,1.2694091796875,0.2180938720703125,-2.385190010070801,1.8470861911773682,-0.46345606446266174
79,1.2689,1.9946,0,0,-0.2421417236328125,1.274139404296875,0.608245849609375,-2.385190010070801,1.8470861911773682,-0.46345606446266174
80,1.2157,1.9875,0,0,-0.2105560302734375,1.2485504150390625,-0.4371185302734375,-3.755908489227295,2.000701665878296,-1.5974936485290527
81,1.1588,1.9303,0,0,-0.016326904296875,1.0068511962890625,-0.1907958984375,-0.034090325236320496,-1.0354682207107544,-1.326695442199707
82,1.1033,1.8305,0,0,0.2765960693359375,0.8613433837890625,-0.030120849609375,0.5892659425735474,-0.6041988134384155,-0.22715671360492706
83,1.0534,1.6995,0,0,0.2025909423828125,0.89923095703125,0.3502655029296875,-0.0054602790623903275,0.38625049591064453,0.29435253143310547
84,1.0123,1.5512,0,0,0.24176025390625,0.7933807373046875,0.3516845703125,-0.6683652997016907,1.1051466464996338,0.612241268157959
85,0.9814,1.3995,0,0,0.1624603271484375,0.825347900390625,0.2366180419921875,-0.8537130355834961,1.3581993579864502,0.4571310579776764
86,0.9609,1.2566,0,0,0.246795654296875,0.9407958984375,0.0969696044921875,-0.5518876910209656,0.9776898622512817,0.36329084634780884
87,0.9496,1.132,0,0,0.3182525634765625,1.013336181640625,0.075592041015625,-0.3684169054031372,0.677017331123352,0.5106406211853027
88,0.9456,1.0316,0,0,0.299346923828125,0.9635467529296875,0.0248565673828125,-0.269883930683136,0.15186356008052826,0.6549291014671326
89,0.9461,0.9579,0,0,0.163604736328125,0.8959503173828125,-0.0643310546875,-0.20325511693954468,-0.7520580291748047,0.5113514065742493
90,0.9486,0.9102,0,0,0.0114898681640625,0.7593231201171875,-0.5952301025390625,-0.5448808670043945,-0.6515604853630066,0.11859535425901413
91,0.9511,0.8855,0,0,0.218841552734375,0.8507537841796875,-0.3101806640625,-0.6952914595603943,0.9299383163452148,0.07435812056064606
92,0.9519,0.8796,0,0,0.3166046142578125,1.0722808837890625,0.0474853515625,-0.5885804295539856,1.589556097984314,0.14487490057945251
93,0.9507,0.8872,0,0,0.3026275634765625,1.0619964599609375,0.132171630859375,-0.5496804118156433,0.9726407527923584,0.14162343740463257
94,0.9477,0.9035,0,0,0.270843505859375,0.9357452392578125,0.0621337890625,-0.48910045623779297,0.1164642944931984,0.09652121365070343
95,0.9442,0.9238,0,0,0.2525634765625,0.813446044921875,-0.018707275390625,-0.6812965273857117,-0.20217972993850708,0.06463119387626648
96,0.9417,0.9438,0,0,0.2444305419921875,0.75628662109375,-0.1165771484375,-0.856262743473053,0.15744608640670776,0.11079921573400497
97,0.942,0.9597,0,0,0.2242431640625,0.8549041748046875,-0.1285400390625,-0.771309494972229,0.5386349558830261,0.11207007616758347
98,0.9466,0.968,0,0,0.192169189453125,0.9349365234375,-0.0939788818359375,-0.5942378044128418,0.6557056903839111,0.01164360623806715
99,0.9566,0.9662,0,0,0.1864166259765625,0.925933837890625,-0.064453125,-0.5247418284416199,0.5186170339584351,-0.05674796923995018
100,0.9723,0.9524,0,0,0.213134765625,0.9132080078125,-0.02459716796875,-0.5967944264411926,0.31670525670051575,-0.0833795815706253
101,0.9934,0.9262,0,0,0.2388153076171875,0.9034576416015625,-0.0067596435546875,-0.7115218043327332,0.33555057644844055,-0.11618679016828537
102,1.0189,0.8895,0,0,0.25927734375,0.9354705810546875,-0.01800537109375,-0.8202086091041565,0.6139992475509644,-0.14378300309181213
103,1.0473,0.8463,0,0,0.33636474609375,1.003143310546875,-0.0484466552734375,-0.8981667757034302,0.9973932504653931,-0.24875548481941223
104,1.077,0.8036,0,0,0.4620208740234375,1.0445404052734375,-0.0766448974609375,-0.8922015428543091,1.0780409574508667,-0.33956047892570496
105,1.1061,0.7709,0,0,0.5169219970703125,1.0889892578125,-0.10638427734375,-0.8723548650741577,0.8109317421913147,-0.25418993830680847
106,1.1331,0.7591,0,0,0.441741943359375,1.1083221435546875,-0.1954803466796875,-0.655118465423584,0.5013776421546936,-0.13926920294761658
107,1.1568,0.7798,0,0,0.375579833984375,1.037078857421875,-0.2761688232421875,-0.086148202419281,0.3793361485004425,-0.12264389544725418
108,1.1765,0.8431,0,0,0.4004974365234375,1.004241943359375,-0.2011260986328125,0.30878767371177673,0.31379786133766174,-0.013894510455429554
109,1.1919,0.956,0,0,0.494659423828125,1.0785980224609375,0.004852294921875,0.4271862208843231,-0.019542274996638298,0.17357099056243896
110,1.203,1.121,0,0,0.5837860107421875,1.172515869140625,0.0431060791015625,0.3993133008480072,-0.3287997245788574,0.3604769706726074
111,1.2101,1.3354,0,0,0.4620208740234375,1.156005859375,0.030303955078125,0.5164282321929932,-0.8580523729324341,0.35058465600013733
112,1.2134,1.5913,0,0,0.3434600830078125,1.106109619140625,0.079193115234375,0.7281889319419861,-1.7532801628112793,0.2936673164367676
113,1.2133,1.8761,0,0,0.2291412353515625,1.049591064453125,0.10736083984375,0.9757662415504456,-2.08829402923584,0.325617253780365
114,1.2097,2.174,0,0,0.174346923828125,1.089324951171875,0.080169677734375,1.3607640266418457,-1.6270021200180054,0.33146899938583374
115,1.2022,2.4675,0,0,0.091339111328125,1.2045745849609375,0.0007476806640625,1.3607640266418457,-1.6270021200180054,0.33146899938583374
116,1.1905,2.7388,0,0,0.0633392333984375,1.275299072265625,0.0267486572265625,2.489140510559082,0.9876135587692261,0.005685050040483475
117,1.1737,2.9715,0,0,-0.024017333984375,1.23681640625,0.0369873046875,2.7575693130493164,2.2151989936828613,-0.12874093651771545
118,1.1512,3.152,0,0,-0.09674072265625,1.18255615234375,-0.130096435546875,3.127164363861084,1.8464406728744507,-0.22612474858760834
119,1.1225,3.2699,0,0,0.0055389404296875,1.1081390380859375,-0.037933349609375,3.123342275619507,1.2255643606185913,-0.05036650225520134
120,1.0875,3.3191,0,0,0.1360321044921875,1.02838134765625,-0.047149658203125,3.123342275619507,1.2255643606185913,-0.05036650225520134
121,1.0465,3.2974,0,0,0.00653076171875,0.886444091796875,0.151885986328125,2.1492931842803955,-1.1881808042526245,-0.0013171994360163808
122,1.0003,3.2066,0,0,0.3348388671875,0.828277587890625,-0.0831451416015625,1.8142929077148438,-2.4196014404296875,0.38372209668159485
123,0.9505,3.0515,0,0,0.533599853515625,0.9178619384765625,-0.3440704345703125,2.0290935039520264,-2.484316825866699,1.0099213123321533
124,0.8993,2.8403,0,0,0.4893798828125,0.9712066650390625,-0.2805328369140625,1.8357840776443481,-1.9080824851989746,1.1891757249832153
125,0.8497,2.5833,0,0,0.446929931640625,0.8835906982421875,-0.2755126953125,1.2034300565719604,-1.6826435327529907,1.059253454208374
126,0.8053,2.2933,0,0,0.2875518798828125,0.6997528076171875,-0.188201904296875,0.19552955031394958,-2.0756940841674805,0.7158129811286926
127,0.7697,1.9847,0,0,0.12115478515625,0.6094970703125,-0.1308441162109375,-0.4786587357521057,-2.495157480239868,0.3145158588886261
128,0.7466,1.6729,0,0,-0.0587921142578125,0.597381591796875,-0.1545867919921875,-0.6975729465484619,-1.9995883703231812,-0.09660563617944717
129,0.7389,1.3741,0,0,-0.167724609375,0.62158203125,-0.1895904541015625,-0.5588989853858948,-1.1210126876831055,-0.37500664591789246
130,0.7486,1.1038,0,0,-0.1940155029296875,0.62921142578125,-0.2514190673828125,-0.2000846266746521,-0.5266848206520081,-0.3717788755893707
131,0.7765,0.8763,0,0,-0.1948089599609375,0.6291046142578125,-0.3466339111328125,0.0809025689959526,-0.10416368395090103,-0.16556978225708008
132,0.8219,0.7038,0,0,-0.1432647705078125,0.699951171875,-0.50830078125,-0.0898238942027092,0.18066591024398804,-0.2009751796722412
133,0.883,0.5955,0,0,-0.053253173828125,0.746856689453125,-0.635162353515625,-0.6148983240127563,0.6969620585441589,-0.46031832695007324
134,0.9564,0.5578,0,0,0.056549072265625,0.7602691650390625,-0.6534423828125,-0.7234370708465576,0.883242666721344,-0.46157321333885193
135,1.0379,0.5937,0,0,0.11181640625,0.767242431640625,-0.620849609375,-0.5299474596977234,0.5906457304954529,-0.3923688530921936
136,1.1228,0.7028,0,0,0.2054595947265625,0.7867431640625,-0.579803466796875,-0.5662698149681091,0.1033378392457962,-0.36300644278526306
137,1.2055,0.8808,0,0,0.345184326171875,0.7974853515625,-0.6428375244140625,-1.0780390501022339,-0.14789918065071106,-0.24363583326339722
138,1.2806,1.1192,0,0,0.459320068359375,0.84173583984375,-0.8159637451171875,-1.1347377300262451,-0.2229667752981186,0.10874538868665695
139,1.3432,1.4054,0,0,0.53125,1.037933349609375,-0.797943115234375,-1.1347377300262451,-0.2229667752981186,0.10874538868665695
140,1.3891,1.7219,0,0,0.5279998779296875,1.2556304931640625,-0.815277099609375,-0.31107425689697266,0.83048415184021,0.7199863791465759
141,1.4154,2.0474,0,0,0.43743896484375,0.941680908203125,-1.215850830078125,0.25456809997558594,-0.4805498421192169,0.5356966853141785
142,1.4207,2.3581,0,0,0.304534912109375,0.95001220703125,-0.817626953125,-0.13055481016635895,-1.3309142589569092,0.42712149024009705
143,1.4054,2.6295,0,0,-0.0547943115234375,1.139404296875,0.0358734130859375,-1.752493143081665,0.02280358225107193,-0.24883005023002625
144,1.3713,2.8399,0,0,-0.253662109375,1.2480926513671875,0.67108154296875,-3.8810179233551025,1.8519641160964966,-1.3650178909301758
145,1.322,2.9729,0,0,-0.4241943359375,1.35455322265625,0.3969573974609375,-3.8908867835998535,2.7212471961975098,-2.5763561725616455
146,1.262,3.02,0,0,-0.2288665771484375,1.4682769775390625,-0.8741912841796875,-3.8908867835998535,2.7212471961975098,-2.5763561725616455
147,1.1967,2.9819,0,0,-0.08843994140625,1.15997314453125,-0.0716094970703125,-0.5150625705718994,-0.009562346152961254,-2.4138617515563965
148,1.1315,2.8673,0,0,0.1517791748046875,0.8452911376953125,0.1469268798828125,0.5019752383232117,-0.7606030702590942,-0.5041491985321045
149,1.0715,2.6918,0,0,0.1646881103515625,0.7383270263671875,0.3753814697265625,0.5019752383232117,-0.7606030702590942,-0.5041491985321045
150,1.0205,2.4743,0,0,0.1631622314453125,0.73388671875,0.346588134765625,-0.9071655869483948,1.8526759147644043,0.8314412832260132
151,0.9811,2.2351,0,0,0.0822601318359375,0.8810272216796875,0.227935791015625,-0.9401877522468567,2.374197006225586,0.8509100675582886
152,0.9538,1.9933,0,0,0.126617431640625,0.9929351806640625,0.1944732666015625,-0.9401877522468567,2.374197006225586,0.8509100675582886
153,0.9381,1.7654,0,0,0.1814727783203125,0.9544525146484375,0.2038116455078125,-0.4939785599708557,1.4254937171936035,0.8657814264297485
154,0.932,1.5645,0,0,0.16131591796875,0.910736083984375,0.166595458984375,-0.4939785599708557,1.4254937171936035,0.8657814264297485
155,0.9327,1.3995,0,0,0.10809326171875,0.957275390625,0.1057281494140625,-0.4431057870388031,-0.15869669616222382,0.43937045335769653
156,0.9373,1.2748,0,0,0.112548828125,0.963043212890625,0.002960205078125,-0.34566739201545715,-0.884355902671814,0.13150635361671448
157,0.9431,1.1904,0,0,0.1485443115234375,0.92730712890625,-0.089508056640625,-0.13238359987735748,-1.571447491645813,0.05510666221380234
158,0.9481,1.1426,0,0,0.19976806640625,0.87530517578125,-0.662109375,-0.30076730251312256,-1.1791083812713623,-0.011419101618230343
159,0.9512,1.1247,0,0,0.2794647216796875,0.890655517578125,-0.35400390625,-0.8503260016441345,0.5306848883628845,0.01974068209528923
160,0.9522,1.1279,0,0,0.3162841796875,0.9508514404296875,-0.0867462158203125,-0.6120449900627136,1.4688910245895386,0.28768211603164673
161,0.9518,1.1428,0,0,0.211669921875,0.9422607421875,0.0069732666015625,-0.26789164543151855,1.3751513957977295,0.23118768632411957
162,0.9515,1.1597,0,0,0.1853790283203125,0.873992919921875,0.0816192626953125,-0.27186745405197144,0.4141356647014618,0.03340402990579605
163,0.953,1.17,0,0,0.2363128662109375,0.874420166015625,0.046844482421875,-0.7100877165794373,-0.6714351177215576,-0.060324326157569885
164,0.9578,1.1668,0,0,0.2363128662109375,0.856536865234375,-0.085540771484375,-1.2661997079849243,-0.8363186120986938,-0.032396554946899414
165,0.9673,1.1454,0,0,0.1959991455078125,0.8563385009765625,-0.13189697265625,-1.2859920263290405,-0.3917427361011505,-0.04592461511492729
166,0.9819,1.1038,0,0,0.174163818359375,0.878143310546875,-0.12677001953125,-1.0068269968032837,-0.005666141398251057,-0.10604228079319
167,1.0013,1.0432,0,0,0.18109130859375,0.9358062744140625,-0.1152496337890625,-0.9016249179840088,0.21806122362613678,-0.10726973414421082
168,1.0245,0.9677,0,0,0.204315185546875,0.9754180908203125,-0.0915374755859375,-0.6930093765258789,0.5320809483528137,-0.11664219200611115
169,1.05,0.8844,0,0,0.2601165771484375,1.039825439453125,-0.0576171875,-0.5002138018608093,0.8466010689735413,-0.08196064829826355
170,1.076,0.8026,0,0,0.29473876953125,1.1200714111328125,-0.08355712890625,-0.4547387361526489,1.0692917108535767,-0.11783581972122192
171,1.1006,0.7335,0,0,0.3167724609375,1.1293182373046875,-0.0674591064453125,-0.39148733019828796,0.9029806852340698,-0.17203913629055023
172,1.1223,0.689,0,0,0.33746337890625,1.133087158203125,-0.0648040771484375,-0.2668900191783905,0.645699143409729,-0.1957324892282486
173,1.1403,0.6803,0,0,0.344635009765625,1.0829315185546875,-0.112274169921875,-0.17072780430316925,0.521456778049469,-0.10463640093803406
174,1.1542,0.717,0,0,0.3423919677734375,1.0493927001953125,-0.1559295654296875,-0.07497890293598175,0.46459802985191345,0.07984449714422226
175,1.1642,0.8055,0,0,0.427642822265625,1.134002685546875,-0.1154327392578125,-0.07497890293598175,0.46459802985191345,0.07984449714422226
176,1.171,0.9482,0,0,0.48516845703125,1.186126708984375,-0.1152191162109375,0.33965715765953064,-0.07905380427837372,0.3498818278312683
177,1.1757,1.1431,0,0,0.4227294921875,1.184722900390625,0.013458251953125,0.5839425325393677,-0.8141874670982361,0.3833412528038025
178,1.1789,1.3838,0,0,0.2899932861328125,1.06072998046875,0.0734710693359375,0.8539013266563416,-1.3560552597045898,0.19894345104694366
179,1.1811,1.6597,0,0,0.202178955078125,0.958251953125,0.061309814453125,1.1969311237335205,-1.5757430791854858,0.14191105961799622
180,1.1824,1.9576,0,0,0.158599853515625,0.9773406982421875,0.0458221435546875,1.5796420574188232,-1.254066824913025,0.23489026725292206
181,1.1817,2.262,0,0,0.1532745361328125,1.026153564453125,0.0874481201171875,1.829687476158142,-0.705485999584198,0.3673764169216156
182,1.1778,2.5571,0,0,0.0703125,1.154510498046875,0.055267333984375,2.1814537048339844,0.3115408420562744,0.30911657214164734
183,1.1689,2.8272,0,0,0.02972412109375,1.2937469482421875,-0.000518798828125,2.5609335899353027,1.7814377546310425,0.18151865899562836
184,1.1534,3.0583,0,0,-0.113861083984375,1.4275360107421875,-0.136199951171875,3.0321688652038574,2.261079788208008,-0.10707958042621613
185,1.13,3.2385,0,0,-0.0965118408203125,1.2945098876953125,-0.068145751953125,3.102832078933716,1.9593923091888428,-0.24983033537864685
186,1.0983,3.359,0,0,0.0469207763671875,1.04998779296875,0.0026397705078125,2.8651585578918457,0.7292264699935913,-0.045996785163879395
187,1.0589,3.4137,0,0,0.0991973876953125,0.908721923828125,-0.0613250732421875,2.5535504817962646,-0.44504430890083313,0.10743990540504456
188,1.0134,3.4001,0,0,0.1532745361328125,0.8210906982421875,0.13818359375,1.6777409315109253,-2.444542169570923,0.21634428203105927
189,0.9641,3.3185,0,0,0.50482177734375,0.8961944580078125,-0.2602386474609375,1.589468240737915,-3.257345676422119,0.8995252847671509
190,0.9141,3.1726,0,0,0.450408935546875,0.903961181640625,-0.291290283203125,1.552846074104309,-2.6659703254699707,1.2141414880752563
191,0.867,2.9694,0,0,0.3571624755859375,0.8563690185546875,-0.1605377197265625,1.552846074104309,-2.6659703254699707,1.2141414880752563
192,0.8263,2.7191,0,0,0.2869720458984375,0.7708892822265625,-0.104766845703125,0.5235732197761536,-2.3412551879882812,0.7980822324752808
193,0.7957,2.4351,0,0,0.1264495849609375,0.692138671875,-0.075103759765625,-0.09595156461000443,-2.766362190246582,0.39040157198905945
194,0.7779,2.1332,0,0,0.010223388671875,0.6849365234375,-0.1022491455078125,-0.5444196462631226,-2.5868163108825684,0.08643369376659393
195,0.7751,1.8305,0,0,-0.128448486328125,0.677825927734375,-0.1537017822265625,-0.7213318347930908,-1.6710458993911743,-0.13886840641498566
196,0.7882,1.5447,0,0,-0.2592620849609375,0.6660308837890625,-0.25677490234375,-0.5450811386108398,-0.8204551935195923,-0.2834775149822235
197,0.817,1.2926,0,0,-0.2841949462890625,0.643829345703125,-0.288238525390625,-0.3656157851219177,-0.20342449843883514,-0.16909527778625488
198,0.8602,1.0889,0,0,-0.3138427734375,0.70257568359375,-0.3933563232421875,-0.33311325311660767,0.4999754726886749,-0.005346029531210661
199,0.9154,0.9455,0,0,-0.3087158203125,0.7793121337890625,-0.534454345703125,-0.573905885219574,1.0963547229766846,-0.16471464931964874
200,0.9795,0.871,0,0,-0.186248779296875,0.837188720703125,-0.547576904296875,-0.6208875179290771,1.5121196508407593,-0.38279637694358826
201,1.049,0.8709,0,0,0.0194091796875,0.9066619873046875,-0.58514404296875,-0.4985051453113556,1.3034900426864624,-0.3067748546600342
202,1.1203,0.947,0,0,0.2211761474609375,0.897674560546875,-0.6760406494140625,-0.6788908839225769,0.2290121465921402,-0.1476626992225647
203,1.1898,1.0974,0,0,0.3853607177734375,0.78594970703125,-0.7769622802734375,-0.677685558795929,-1.001500129699707,0.12753798067569733
204,1.2542,1.3162,0,0,0.6009368896484375,0.8104400634765625,-0.7336883544921875,-0.543422281742096,-1.1818687915802002,0.7516268491744995
205,1.3105,1.593,0,0,0.6900482177734375,1.0063934326171875,-0.6214752197265625,-0.543422281742096,-1.1818687915802002,0.7516268491744995
206,1.3563,1.9129,0,0,0.4081573486328125,1.1690826416015625,-0.741851806640625,-0.15092186629772186,1.391911506652832,0.7000830173492432
207,1.3897,2.2567,0,0,0.4449005126953125,0.81976318359375,-1.138519287109375,0.21414585411548615,0.37151628732681274,0.8766191601753235
208,1.4092,2.6016,0,0,0.39776611328125,0.4892578125,-0.99530029296875,-0.4234766960144043,-1.1821538209915161,1.0108616352081299
209,1.414,2.9235,0,0,0.1280670166015625,0.8308868408203125,-0.243988037109375,-1.774979829788208,-1.3746757507324219,0.15374881029129028
210,1.404,3.1988,0,0,-0.050933837890625,1.355743408203125,0.4179534912109375,-3.9294068813323975,0.9354696869850159,-1.0727466344833374
211,1.3796,3.4077,0,0,-0.1974945068359375,1.54876708984375,0.618560791015625,-4.977585315704346,2.925389528274536,-2.1712512969970703
212,1.3425,3.5366,0,0,-0.5345001220703125,1.685516357421875,-0.6123809814453125,-1.7665692567825317,1.6548867225646973,-3.117818832397461
213,1.2951,3.5794,0,0,-0.517913818359375,1.460479736328125,-0.55670166015625,1.4510995149612427,-1.5760624408721924,-3.010282278060913
214,1.241,3.5379,0,0,-0.382354736328125,0.9340972900390625,-0.17047119140625,2.2497856616973877,-2.263345956802368,-2.562854528427124
215,1.1842,3.4209,0,0,-0.0086212158203125,0.64849853515625,0.676239013671875,0.3926681876182556,-0.9747318625450134,-1.5554916858673096
216,1.1287,3.2418,0,0,0.311492919921875,0.6118621826171875,0.6065216064453125,-1.4268839359283447,0.42063456773757935,-0.12520425021648407
217,1.0779,3.0173,0,0,0.1771087646484375,0.8106689453125,0.3134002685546875,-2.0199661254882812,1.643993616104126,0.7303149104118347
218,1.0344,2.7649,0,0,0.1563262939453125,0.9873504638671875,0.119964599609375,-1.5330795049667358,2.7425456047058105,1.273249864578247
219,0.9995,2.502,0,0,0.1316986083984375,1.06396484375,0.10052490234375,-1.5330795049667358,2.7425456047058105,1.273249864578247
220,0.9735,2.2449,0,0,0.066131591796875,0.9877777099609375,0.1470947265625,-0.3720947206020355,2.8723435401916504,1.4719914197921753
221,0.9555,2.0079,0,0,0.01922607421875,0.9542388916015625,0.16754150390625,-0.2614041864871979,2.0580711364746094,1.123070240020752
222,0.9443,1.8024,0,0,0.0265655517578125,0.9945526123046875,0.115234375,-0.1782831847667694,1.1713134050369263,0.6440149545669556
223,0.9381,1.6359,0,0,0.077178955078125,0.9701080322265625,0.0045166015625,-0.034018419682979584,0.231625497341156,0.2584611177444458
224,0.9355,1.5111,0,0,0.036865234375,0.937164306640625,-0.05023193359375,-0.034018419682979584,0.231625497341156,0.2584611177444458
225,0.9351,1.4257,0,0,0.0412139892578125,0.9025115966796875,-0.337554931640625,-1.3146207332611084,-2.0182297229766846,-0.13106881082057953
226,0.9363,1.3729,0,0,0.208984375,0.9392852783203125,-0.32220458984375,-1.129441261291504,-0.5696538686752319,0.06927787512540817
227,0.9387,1.3423,0,0,0.2293701171875,0.971771240234375,-0.176971435546875,-0.34950393438339233,1.2010807991027832,0.12598855793476105
228,0.9428,1.3219,0,0,0.2199554443359375,0.95562744140625,-0.004486083984375,0.05368320271372795,1.7507420778274536,0.11550768464803696
229,0.9492,1.2994,0,0,0.1968841552734375,0.86224365234375,0.0296630859375,0.05368320271372795,1.7507420778274536,0.11550768464803696
230,0.9584,1.2646,0,0,0.1983489990234375,0.849578857421875,0.040008544921875,-0.8128830194473267,0.11886007338762283,-0.1480318009853363
231,0.9711,1.2102,0,0,0.2170257568359375,0.87115478515625,-0.0024566650390625,-1.087728500366211,-0.7608195543289185,-0.06483891606330872
232,0.9875,1.1332,0,0,0.1438140869140625,0.915557861328125,-0.040557861328125,-0.9293676018714905,-0.7130038738250732,-0.08165518194437027
233,1.0071,1.0354,0,0,0.084625244140625,0.9421234130859375,-0.0665130615234375,-1.0724270343780518,-0.38593703508377075,-0.09473077207803726
234,1.0292,0.9235,0,0,0.0609588623046875,0.99249267578125,-0.1411590576171875,-1.0622681379318237,0.16155986487865448,-0.15420661866664886
235,1.0528,0.8086,0,0,0.1301422119140625,1.0488128662109375,-0.1501617431640625,-0.5708941221237183,0.6687173247337341,-0.1882530003786087
236,1.0765,0.7053,0,0,0.220916748046875,1.1079559326171875,-0.1290435791015625,-0.35120144486427307,0.8558856248855591,-0.14474573731422424
237,1.0992,0.6299,0,0,0.2581787109375,1.1449432373046875,-0.117523193359375,-0.4539744257926941,0.7493285536766052,-0.20513397455215454
238,1.12,0.5993,0,0,0.2820892333984375,1.1626739501953125,-0.1065521240234375,-0.25357499718666077,0.5941243171691895,-0.18498876690864563
239,1.1387,0.6278,0,0,0.3091888427734375,1.1392822265625,-0.0925445556640625,0.08879085630178452,0.3708590269088745,-0.11281336843967438
240,1.1552,0.7263,0,0,0.3356475830078125,1.1214141845703125,-0.108123779296875,0.18109335005283356,0.19372206926345825,0.02528511732816696
241,1.1699,0.8993,0,0,0.3534393310546875,1.1517791748046875,-0.110076904296875,0.24633680284023285,-0.0013337110867723823,0.1379445493221283
242,1.1832,1.145,0,0,0.3363037109375,1.172760009765625,-0.0302276611328125,0.49134361743927,-0.7253822088241577,0.3149062693119049
243,1.1955,1.4538,0,0,0.2797393798828125,1.1609344482421875,0.0399169921875,0.7716227173805237,-1.5367395877838135,0.38749179244041443
244,1.2067,1.8098,0,0,0.1562652587890625,0.963775634765625,0.1354827880859375,0.7716227173805237,-1.5367395877838135,0.38749179244041443
245,1.2159,2.1915,0,0,0.047393798828125,0.9444732666015625,0.14239501953125,1.2313125133514404,-1.5895599126815796,0.10297112166881561
246,1.2219,2.5741,0,0,-0.0512847900390625,1.128082275390625,0.014312744140625,1.8984935283660889,-0.9705411195755005,-0.03977750614285469
247,1.2228,2.9318,0,0,0.01202392578125,1.307891845703125,-0.0133209228515625,2.5232365131378174,0.23238077759742737,0.17989972233772278
248,1.2165,3.2404,0,0,-0.0302581787109375,1.31573486328125,0.1661224365234375,2.412266969680786,2.3371803760528564,0.3620748519897461
249,1.2012,3.4798,0,0,-0.2807769775390625,1.3925018310546875,0.0142822265625,2.6145522594451904,4.226996421813965,-0.0030682277865707874
250,1.1755,3.6363,0,0,-0.3121795654296875,1.326751708984375,-0.2613067626953125,3.3038523197174072,3.330017328262329,-0.30041787028312683
251,1.1393,3.7033,0,0,-0.06573486328125,1.014007568359375,0.0739288330078125,3.3038523197174072,3.330017328262329,-0.30041787028312683
252,1.0933,3.6813,0,0,0.0325927734375,0.8943328857421875,0.06512451171875,2.3740811347961426,-0.21101289987564087,0.14143036305904388
253,1.0392,3.5774,0,0,0.07672119140625,0.8922271728515625,0.2142181396484375,2.3740811347961426,-0.21101289987564087,0.14143036305904388
254,0.98,3.403,0,0,0.333770751953125,1.0186767578125,-0.3125457763671875,1.6564345359802246,-3.2951488494873047,0.7139117121696472
255,0.9192,3.1722,0,0,0.298736572265625,1.01446533203125,-0.2141571044921875,1.6987133026123047,-2.3645002841949463,0.890415370464325
256,0.8612,2.9002,0,0,0.2529754638671875,0.9337615966796875,-0.1120452880859375,1.39900541305542,-1.5287655591964722,0.7948116064071655
257,0.8101,2.602,0,0,0.1629180908203125,0.798553466796875,-0.0870819091796875,1.0567423105239868,-1.748226523399353,0.6054241061210632
258,0.7704,2.2919,0,0,0.0003662109375,0.662384033203125,-0.059814453125,0.6934801936149597,-2.6520464420318604,0.2916787266731262
259,0.7454,1.9831,0,0,-0.11407470703125,0.62469482421875,-0.0565185546875,0.31714412569999695,-2.9894986152648926,-0.04487639293074608
260,0.7378,1.6878,0,0,-0.2105560302734375,0.6074066162109375,-0.081787109375,0.01044305320829153,-2.144273281097412,-0.337905615568161
261,0.7488,1.417,0,0,-0.33746337890625,0.5976104736328125,-0.1508941650390625,-0.15144650638103485,-0.8123008608818054,-0.6011337637901306
262,0.7778,1.1805,0,0,-0.3570709228515625,0.5851287841796875,-0.2227325439453125,-0.2690461277961731,-0.044864408671855927,-0.5986823439598083
263,0.8233,0.9863,0,0,-0.2758331298828125,0.6105499267578125,-0.3264617919921875,-0.4370740056037903,0.2446659356355667,-0.22664618492126465
264,0.8821,0.8406,0,0,-0.24786376953125,0.711517333984375,-0.520599365234375,-0.5166940093040466,0.6200435757637024,-0.09229211509227753
265,0.9504,0.7475,0,0,-0.1588134765625,0.801849365234375,-0.64654541015625,-0.5024484992027283,1.0227657556533813,-0.19627657532691956
266,1.0239,0.7091,0,0,-0.031005859375,0.8937530517578125,-0.7119293212890625,-0.48009923100471497,0.8408342599868774,-0.27734851837158203
267,1.0982,0.7252,0,0,0.130523681640625,0.946929931640625,-0.7646942138671875,-0.48009923100471497,0.8408342599868774,-0.27734851837158203
268,1.1691,0.7937,0,0,0.2935943603515625,0.922332763671875,-0.7901611328125,-0.4833917021751404,0.21148374676704407,-0.2058655470609665
269,1.233,0.9102,0,0,0.4274139404296875,0.874969482421875,-0.705108642578125,-0.6297265291213989,-0.5606318712234497,0.5510032176971436
270,1.2868,1.0681,0,0,0.3757476806640625,0.842742919921875,-0.64422607421875,-0.841249942779541,-0.43362921476364136,0.685391902923584
271,1.3282,1.2585,0,0,0.20989990234375,0.89703369140625,-0.755096435546875,-0.7706255912780762,0.3118188679218292,0.3958197832107544
272,1.3553,1.4701,0,0,0.250885009765625,0.9883270263671875,-0.8289642333984375,-0.5412622094154358,0.370265930891037,0.5344692468643188
273,1.3671,1.6901,0,0,0.25970458984375,0.9992523193359375,-0.9317779541015625,-0.26019349694252014,-1.058880090713501,0.7112088799476624
274,1.3633,1.9049,0,0,0.1164093017578125,1.176239013671875,-0.5932159423828125,-0.26019349694252014,-1.058880090713501,0.7112088799476624
275,1.3445,2.1012,0,0,-0.204010009765625,1.3387603759765625,-0.104400634765625,-1.8255223035812378,0.5203022956848145,-0.3795531690120697
276,1.3124,2.2679,0,0,-0.489501953125,1.34246826171875,0.347564697265625,-3.5024397373199463,1.8774031400680542,-1.4621316194534302
277,1.2695,2.397,0,0,-0.7035980224609375,1.3373260498046875,-0.053466796875,-2.9755771160125732,1.5630161762237549,-2.6131975650787354
278,1.2194,2.4843,0,0,-0.5346221923828125,1.2158050537109375,-0.7420501708984375,-0.1523282825946808,-0.5309932827949524,-2.4452056884765625
279,1.166,2.5291,0,0,-0.2928924560546875,0.8945159912109375,-0.0924835205078125,1.0471054315567017,-1.2792397737503052,-0.908564031124115
280,1.1135,2.5335,0,0,-0.17449951171875,0.6729583740234375,0.468170166015625,0.17646478116512299,-0.6547160744667053,-0.06431906670331955
281,1.0655,2.5005,0,0,-0.0685272216796875,0.691162109375,0.5138702392578125,-1.1318458318710327,0.25414225459098816,0.3265940845012665
282,1.0248,2.4339,0,0,0.002838134765625,0.8427886962890625,0.3397216796875,-1.6963616609573364,1.4719445705413818,0.622394323348999
283,0.9932,2.337,0,0,0.0601654052734375,1.0475921630859375,0.1805877685546875,-1.3179776668548584,2.4202497005462646,0.8821771740913391
284,0.9711,2.2139,0,0,0.0810546875,1.1133880615234375,0.1581268310546875,-0.7094626426696777,2.9042916297912598,1.0291633605957031
285,0.9578,2.0696,0,0,0.0420684814453125,0.9976959228515625,0.2046661376953125,-0.33777564764022827,2.6597673892974854,0.9731842875480652
286,0.9521,1.9106,0,0,0.06964111328125,0.904937744140625,0.2171630859375,-0.33777564764022827,2.6597673892974854,0.9731842875480652
287,0.9519,1.7449,0,0,0.1054229736328125,0.8819732666015625,0.1786651611328125,-0.3021681010723114,1.2108993530273438,0.7551693916320801
288,0.955,1.5816,0,0,0.1253204345703125,0.891204833984375,0.0795135498046875,-0.27767929434776306,0.5847364068031311,0.5588680505752563
289,0.9593,1.4294,0,0,0.11431884765625,0.900787353515625,0.0263824462890625,-0.27767929434776306,0.5847364068031311,0.5588680505752563
290,0.9628,1.2953,0,0,0.0947418212890625,0.9231109619140625,-0.0780029296875,-0.3273661434650421,-0.1371442675590515,0.2614198923110962
291,0.9645,1.1844,0,0,0.1322174072265625,0.9698944091796875,-0.5521087646484375,-1.5267939567565918,-1.4103541374206543,-0.12096983194351196
292,0.9639,1.0984,0,0,0.2484130859375,1.00994873046875,-0.4849090576171875,-0.7773734927177429,0.34091895818710327,0.027278225868940353
293,0.9615,1.0364,0,0,0.18414306640625,0.9929656982421875,-0.115570068359375,-0.11249005794525146,1.357528567314148,0.004806739278137684
294,0.9587,0.9949,0,0,0.1289520263671875,0.9364776611328125,0.1147918701171875,-0.06949838250875473,0.8838309645652771,-0.06412865221500397
295,0.957,0.9684,0,0,0.133575439453125,0.8876495361328125,0.040008544921875,-0.43606439232826233,-0.1413360834121704,-0.07601034641265869
296,0.9586,0.9505,0,0,0.1228790283203125,0.8794708251953125,-0.1271820068359375,-0.9735701680183411,-0.8693956136703491,-0.07939335703849792
297,0.9651,0.9345,0,0,0.1274261474609375,0.8862457275390625,-0.1391448974609375,-0.9558894634246826,-0.7172020673751831,-0.05744491517543793
298,0.9777,0.9146,0,0,0.1162872314453125,0.9199981689453125,-0.1136932373046875,-0.698462963104248,-0.3397599756717682,-0.07942957431077957
299,0.9966,0.8867,0,0,0.1367340087890625,0.927093505859375,-0.0543975830078125,-0.7601481676101685,-0.3865532875061035,-0.104865163564682
300,1.0213,0.849,0,0,0.1408233642578125,0.931915283203125,-0.063507080078125,-0.709441065788269,-0.3928767144680023,-0.12959447503089905
301,1.0503,0.8027,0,0,0.1375732421875,1.01055908203125,-0.0343017578125,-0.709441065788269,-0.3928767144680023,-0.12959447503089905
302,1.0812,0.7521,0,0,0.126800537109375,1.066253662109375,-0.0164031982421875,-0.6180405616760254,0.30127862095832825,-0.09641708433628082
303,1.1115,0.7041,0,0,0.119964599609375,1.1463165283203125,-0.0682220458984375,-0.6035870909690857,0.8559727072715759,-0.07514961063861847
304,1.1386,0.6686,0,0,0.157958984375,1.1727142333984375,-0.049835205078125,-0.6035870909690857,0.8559727072715759,-0.07514961063861847
305,1.1603,0.6567,0,0,0.2133941650390625,1.144683837890625,-0.0799713134765625,-0.21266034245491028,0.8699774742126465,-0.15080416202545166
306,1.1752,0.68,0,0,0.2713623046875,1.1681365966796875,-0.1008453369140625,-0.21652723848819733,0.658707857131958,0.04386385902762413
307,1.1829,0.7492,0,0,0.357330322265625,1.2911834716796875,-0.07891845703125,-0.1131659671664238,0.36263757944107056,0.26874518394470215
308,1.1838,0.8717,0,0,0.3253173828125,1.2677459716796875,-0.1163177490234375,0.16105519235134125,0.19965079426765442,0.387031614780426
309,1.1795,1.051,0,0,0.2835540771484375,1.2717742919921875,-0.04827880859375,0.5512575507164001,-0.28371694684028625,0.5169842839241028
310,1.1719,1.2853,0,0,0.2317962646484375,1.15997314453125,0.0107879638671875,0.5512575507164001,-0.28371694684028625,0.5169842839241028
311,1.1633,1.5672,0,0,0.1549530029296875,1.0412445068359375,0.126129150390625,1.1840406656265259,-1.3213963508605957,0.26557841897010803
312,1.1553,1.884,0,0,0.023590087890625,0.90789794921875,0.1566009521484375,1.3033709526062012,-1.5131175518035889,0.0431344211101532
313,1.1488,2.2188,0,0,-0.062744140625,0.840728759765625,0.115203857421875,1.479407787322998,-1.152596116065979,-0.12747859954833984
314,1.1436,2.552,0,0,-0.1222686767578125,0.946807861328125,0.0655670166015625,1.8777296543121338,-0.0759568139910698,-0.20293234288692474
315,1.1386,2.8631,0,0,-0.20037841796875,1.176055908203125,0.00311279296875,2.3418614864349365,1.8195486068725586,-0.25611087679862976
316,1.1316,3.1329,0,0,-0.313720703125,1.3117828369140625,0.0563812255859375,2.518796443939209,3.5489237308502197,-0.37623995542526245
317,1.1203,3.3451,0,0,-0.382415771484375,1.329010009765625,-0.1833953857421875,2.518796443939209,3.5489237308502197,-0.37623995542526245
318,1.1025,3.4879,0,0,-0.291534423828125,1.0974578857421875,-0.0138702392578125,3.0409717559814453,2.3519949913024902,-0.3680746853351593
319,1.0767,3.5543,0,0,-0.10009765625,0.9771575927734375,0.006072998046875,2.649381399154663,0.5222653150558472,0.12289316207170486
320,1.0425,3.5422,0,0,-0.1763153076171875,0.8661041259765625,0.2193603515625,2.649381399154663,0.5222653150558472,0.12289316207170486
321,1.0005,3.4536,0,0,0.2589569091796875,0.8984527587890625,-0.1623992919921875,1.5307508707046509,-2.7447502613067627,1.0189690589904785
322,0.9528,3.2944,0,0,0.411041259765625,1.0224456787109375,-0.367889404296875,1.5307508707046509,-2.7447502613067627,1.0189690589904785
323,0.9023,3.0732,0,0,0.2890777587890625,1.0067901611328125,-0.2106475830078125,1.9762232303619385,-1.5028153657913208,1.6729953289031982
324,0.8532,2.8013,0,0,0.2376861572265625,0.8790283203125,-0.22149658203125,1.7177082300186157,-1.8018628358840942,1.2138712406158447
325,0.81,2.4926,0,0,0.10858154296875,0.7161407470703125,-0.1994476318359375,1.2098655700683594,-2.6118924617767334,0.5766779780387878
326,0.7774,2.1625,0,0,-0.035491943359375,0.6290283203125,-0.1855926513671875,0.44453299045562744,-2.6160683631896973,0.06443358212709427
327,0.7593,1.8281,0,0,-0.1439971923828125,0.59710693359375,-0.197784423828125,-0.26891589164733887,-1.9144290685653687,-0.24752084910869598
328,0.7589,1.5073,0,0,-0.264739990234375,0.587127685546875,-0.2465667724609375,-0.6526121497154236,-0.9478464722633362,-0.48717790842056274
329,0.7776,1.2176,0,0,-0.3163604736328125,0.6091156005859375,-0.266357421875,-0.8130449652671814,-0.22455161809921265,-0.5546078085899353
330,0.8154,0.975,0,0,-0.2636871337890625,0.651214599609375,-0.3045501708984375,-0.8650416135787964,-0.0890830010175705,-0.3277360498905182
331,0.8704,0.7929,0,0,-0.2684478759765625,0.7093658447265625,-0.5129241943359375,-0.598856508731842,-0.062433019280433655,-0.2801024913787842
332,0.9392,0.6811,0,0,-0.170745849609375,0.7222747802734375,-0.6065521240234375,-0.3724129796028137,0.23931777477264404,-0.35790833830833435
333,1.0172,0.645,0,0,-0.097900390625,0.763702392578125,-0.6517791748046875,-0.3516712188720703,0.4784289002418518,-0.41642090678215027
334,1.0991,0.6852,0,0,-0.05194091796875,0.80230712890625,-0.70001220703125,-0.6250196695327759,0.45556938648223877,-0.4959873855113983
335,1.1792,0.7971,0,0,0.0470733642578125,0.8426361083984375,-0.7693328857421875,-0.9526268243789673,-0.16094493865966797,-0.4700127840042114
336,1.252,0.9714,0,0,0.212615966796875,0.9496612548828125,-0.88446044921875,-0.5693526864051819,-0.7713824510574341,-0.0007755124825052917
337,1.3125,1.194,0,0,0.359771728515625,1.170166015625,-0.834716796875,-0.08687737584114075,-0.430525541305542,0.5920848846435547
338,1.3572,1.4472,0,0,0.3666534423828125,1.25384521484375,-0.6701202392578125,0.07922212034463882,0.41802388429641724,0.806206226348877
339,1.3834,1.7107,0,0,0.290313720703125,0.8948974609375,-0.932220458984375,0.25166311860084534,-0.5651997327804565,0.7641578316688538
340,1.3903,1.9632,0,0,0.1406402587890625,0.769317626953125,-0.97052001953125,-0.14423413574695587,-1.569797396659851,0.6050534248352051
341,1.3783,2.1848,0,0,-0.0496368408203125,1.0558013916015625,-0.314361572265625,-1.4398728609085083,-0.23133336007595062,0.13959437608718872
342,1.3495,2.3593,0,0,-0.1983184814453125,1.31793212890625,0.3934173583984375,-3.8520445823669434,0.9398082494735718,-0.6055732369422913
343,1.307,2.476,0,0,-0.5,1.527984619140625,0.4642486572265625,-4.996531009674072,1.606123685836792,-1.727617859840393
344,1.255,2.5309,0,0,-0.650665283203125,1.4662322998046875,-0.6496734619140625,-2.1052122116088867,0.9031908512115479,-2.2649271488189697
345,1.1984,2.5264,0,0,-0.476409912109375,1.0409393310546875,-0.2962188720703125,0.7462806105613708,-0.5316495299339294,-0.9380340576171875
346,1.1421,2.4703,0,0,-0.3624114990234375,0.6336212158203125,0.0988006591796875,1.4080489873886108,-0.8307243585586548,-0.11718281358480453
347,1.0905,2.3726,0,0,-0.2286529541015625,0.6257171630859375,0.572998046875,0.11289912462234497,-0.5094051957130432,0.05945427343249321
348,1.0471,2.2442,0,0,0.0082550048828125,0.724853515625,0.4249267578125,-1.0247212648391724,0.27981460094451904,0.48573100566864014
349,1.0137,2.095,0,0,0.11114501953125,0.88812255859375,0.240264892578125,-1.4404138326644897,1.1198821067810059,0.9806557893753052
350,0.9907,1.9331,0,0,0.110748291015625,1.0796661376953125,0.1523895263671875,-1.3369475603103638,2.0978713035583496,1.1749783754348755
351,0.977,1.7654,0,0,0.1038665771484375,1.0640106201171875,0.142242431640625,-1.025205373764038,2.5259199142456055,1.0657533407211304
352,0.9706,1.5982,0,0,0.0968780517578125,0.9850921630859375,0.1324920654296875,-0.688814640045166,2.2300972938537598,0.8262196183204651
353,0.9688,1.4379,0,0,0.149169921875,0.9541473388671875,0.0931243896484375,-0.33490556478500366,1.5248026847839355,0.6192712187767029
354,0.9691,1.2907,0,0,0.1537322998046875,0.9361419677734375,-0.021575927734375,0.16581480205059052,0.4611143469810486,0.3519580364227295
355,0.9692,1.1627,0,0,0.1167449951171875,0.8669281005859375,-0.8310546875,0.8384382128715515,-0.28724029660224915,-0.11091506481170654
356,0.9675,1.0585,0,0,0.1649017333984375,0.914520263671875,-0.127166748046875,-0.4324912428855896,-0.6196840405464172,-0.11495907604694366
357,0.9637,0.981,0,0,0.1928253173828125,0.985626220703125,0.1690216064453125,-0.4324912428855896,-0.6196840405464172,-0.11495907604694366
358,0.958,0.9305,0,0,0.1458740234375,0.9956817626953125,0.123199462890625,-1.1424965858459473,-0.6470378637313843,0.12106890231370926
359,0.9516,0.9044,0,0,0.0976104736328125,0.8545989990234375,0.0461883544921875,-0.5673587918281555,-0.4361829161643982,-0.04435281828045845
360,0.9462,0.8978,0,0,0.1359100341796875,0.8594512939453125,-0.042083740234375,-0.4117787778377533,0.16165681183338165,-0.03170013800263405
361,0.9438,0.9035,0,0,0.157867431640625,0.9229583740234375,-0.139068603515625,-0.7318938970565796,0.581977367401123,0.04217621684074402
362,0.9461,0.9131,0,0,0.10772705078125,0.9274139404296875,-0.093780517578125,-0.7318938970565796,0.581977367401123,0.04217621684074402
363,0.9545,0.9186,0,0,0.046142578125,0.9395294189453125,-0.0110931396484375,-0.9910298585891724,0.39629513025283813,0.04551315680146217
364,0.9699,0.9128,0,0,0.0430755615234375,0.9268035888671875,0.0190887451171875,-0.7614720463752747,-0.5312790870666504,-0.12182044237852097
365,0.9923,0.8915,0,0,0.0391387939453125,0.9435577392578125,-0.08001708984375,-0.8790050745010376,-0.3497505486011505,-0.14447568356990814
366,1.0209,0.8536,0,0,0.05419921875,1.0012969970703125,-0.156036376953125,-0.9401451349258423,0.2141202837228775,-0.15421061217784882
367,1.0544,0.8023,0,0,0.1096954345703125,1.055419921875,-0.1020050048828125,-0.7366242408752441,0.5134907364845276,-0.13621322810649872
368,1.0908,0.7451,0,0,0.1456756591796875,1.108245849609375,-0.113494873046875,-0.7366242408752441,0.5134907364845276,-0.13621322810649872
369,1.1278,0.693,0,0,0.2147674560546875,1.105194091796875,-0.1551055908203125,-0.44190284609794617,1.1853545904159546,-0.182012140750885
370,1.1629,0.6598,0,0,0.3152618408203125,1.076263427734375,-0.086517333984375,-0.2739929258823395,1.0304774045944214,-0.1738692671060562
371,1.1938,0.6603,0,0,0.4078521728515625,1.1253814697265625,-0.0286102294921875,-0.20933590829372406,0.49082884192466736,-0.008401740342378616
372,1.2186,0.7081,0,0,0.4159393310546875,1.1412506103515625,-0.02862548828125,-0.2114643156528473,0.11796631664037704,0.15885649621486664
373,1.2358,0.8136,0,0,0.3907470703125,1.212432861328125,-0.098480224609375,-0.15097486972808838,-0.004948153160512447,0.2901516556739807
374,1.2448,0.982,0,0,0.2484893798828125,1.328216552734375,-0.106414794921875,0.09297148883342743,-0.37074875831604004,0.4297894537448883
375,1.2455,1.212,0,0,0.0695037841796875,1.2911376953125,-0.051849365234375,0.5290918350219727,-0.8263125419616699,0.27045705914497375
376,1.2384,1.4955,0,0,0.0382537841796875,1.28851318359375,0.039215087890625,0.9529924988746643,-1.0818394422531128,0.16728512942790985
377,1.2247,1.8178,0,0,-0.079986572265625,1.1809539794921875,0.054901123046875,0.9529924988746643,-1.0818394422531128,0.16728512942790985
378,1.2057,2.1591,0,0,-0.1281280517578125,1.1149139404296875,0.0980682373046875,1.7824311256408691,-1.197714924812317,-0.3889935612678528
379,1.1826,2.4966,0,0,-0.1096954345703125,1.0347747802734375,0.1054534912109375,2.0037453174591064,-0.2261684238910675,-0.3510264754295349
380,1.1566,2.8071,0,0,-0.215179443359375,1.02984619140625,0.147064208984375,2.083125114440918,1.4331330060958862,-0.3611328899860382
381,1.1285,3.0697,0,0,-0.34918212890625,1.1038055419921875,0.018035888671875,2.4303507804870605,3.2339982986450195,-0.480133593082428
382,1.0988,3.268,0,0,-0.45166015625,1.119415283203125,-0.1626129150390625,3.0632946491241455,3.8290679454803467,-0.6679317355155945
383,1.0677,3.3921,0,0,-0.37615966796875,1.068328857421875,-0.016357421875,3.0927183628082275,2.9561049938201904,-0.4735665023326874
384,1.0352,3.4385,0,0,-0.24737548828125,1.0152130126953125,-0.03167724609375,2.8463363647460938,1.366513729095459,0.012742160819470882
385,1.0015,3.4102,0,0,-0.1790008544921875,0.849639892578125,0.05621337890625,2.1519880294799805,-0.537451982498169,0.18761010468006134
386,0.9667,3.3146,0,0,-0.0216217041015625,0.8126983642578125,0.078826904296875,1.4792349338531494,-2.073281764984131,0.39889997243881226
387,0.9314,3.1622,0,0,0.17059326171875,0.8950347900390625,-0.2236175537109375,1.641394853591919,-2.3014869689941406,0.8502823710441589
388,0.8967,2.9647,0,0,0.212066650390625,1.0228424072265625,-0.279998779296875,1.8850868940353394,-1.5865963697433472,1.0955687761306763
389,0.8638,2.7336,0,0,0.2208404541015625,1.0692596435546875,-0.187744140625,1.778483510017395,-1.4382829666137695,1.0638095140457153
390,0.8348,2.4803,0,0,0.19232177734375,0.9194488525390625,-0.14849853515625,1.3972841501235962,-2.118379592895508,0.8547130227088928
391,0.812,2.2152,0,0,0.0452728271484375,0.722808837890625,-0.132171630859375,0.8105671405792236,-2.7032530307769775,0.4890831410884857
392,0.7978,1.9484,0,0,-0.1063079833984375,0.6011199951171875,-0.1566009521484375,0.12936730682849884,-2.336594343185425,0.15560530126094818
393,0.7943,1.6896,0,0,-0.25341796875,0.5667572021484375,-0.2115020751953125,-0.4046974182128906,-1.5784672498703003,-0.13385580480098724
394,0.803,1.4479,0,0,-0.3412017822265625,0.5898590087890625,-0.2682647705078125,-0.4046974182128906,-1.5784672498703003,-0.13385580480098724
395,0.8244,1.2318,0,0,-0.3533935546875,0.61328125,-0.3372344970703125,-0.7780523896217346,-0.2404930293560028,-0.19860124588012695
396,0.8583,1.0486,0,0,-0.3347320556640625,0.7104949951171875,-0.47869873046875,-0.6253799796104431,0.33427757024765015,-0.07213038951158524
397,0.9032,0.9044,0,0,-0.214935302734375,0.7911834716796875,-0.5360260009765625,-0.5414859056472778,0.6535378694534302,-0.01600293442606926
398,0.9571,0.803,0,0,-0.133758544921875,0.8300628662109375,-0.6102294921875,-0.4193807542324066,0.762637197971344,-0.05450798198580742
399,1.0169,0.7465,0,0,-0.0774383544921875,0.859161376953125,-0.6133880615234375,-0.38193458318710327,0.6009265780448914,-0.18498316407203674
400,1.0794,0.7352,0,0,0.0067291259765625,0.8795623779296875,-0.5522918701171875,-0.5950196981430054,0.06610258668661118,-0.22035127878189087
401,1.1409,0.7671,0,0,0.0702667236328125,0.8827362060546875,-0.5869293212890625,-0.8494029641151428,-0.6199849843978882,-0.13742603361606598
402,1.1974,0.8391,0,0,0.16156005859375,0.860595703125,-0.6622314453125,-1.0086957216262817,-0.7984727025032043,0.09086944907903671
403,1.2454,0.946,0,0,0.189178466796875,0.8857269287109375,-0.6757965087890625,-1.044159173965454,-0.07006163895130157,0.3314330577850342
404,1.2816,1.0813,0,0,0.2126007080078125,1.036895751953125,-0.6937713623046875,-0.8326727151870728,0.6511442065238953,0.5097079873085022
405,1.3038,1.2366,0,0,0.181640625,1.148956298828125,-0.8311920166015625,-0.16417402029037476,0.3467038869857788,0.5472108721733093
406,1.3105,1.4018,0,0,0.0928955078125,1.163665771484375,-1.00732421875,0.35498979687690735,-0.5820719599723816,0.492571085691452
407,1.3018,1.5658,0,0,-0.08734130859375,1.2169189453125,-0.6828155517578125,-0.258637934923172,-0.3045811951160431,0.20773828029632568
408,1.279,1.7162,0,0,-0.3372955322265625,1.1267852783203125,-0.092681884765625,-1.8957937955856323,0.9038110971450806,-0.5045068264007568
409,1.2447,1.8417,0,0,-0.4509735107421875,1.1331787109375,0.390167236328125,-1.8957937955856323,0.9038110971450806,-0.5045068264007568
410,1.2025,1.9324,0,0,-0.54180908203125,1.18975830078125,-0.1392364501953125,-2.7698371410369873,0.2815912067890167,-1.6978226900100708
411,1.1563,1.9813,0,0,-0.3582763671875,1.0356597900390625,-0.3774871826171875,-2.7698371410369873,0.2815912067890167,-1.6978226900100708
412,1.1103,1.9851,0,0,-0.2244415283203125,0.8502655029296875,0.1434326171875,-0.484316349029541,-0.7770331501960754,-0.7847382426261902
413,1.068,1.9442,0,0,-0.21417236328125,0.7829132080078125,0.5211639404296875,-0.44815966486930847,-0.07190188765525818,-0.022597454488277435
414,1.032,1.8622,0,0,-0.0003509521484375,0.8439178466796875,0.389984130859375,-1.0635181665420532,0.8035052418708801,0.23295974731445312
415,1.0041,1.7454,0,0,0.01800537109375,0.9603424072265625,0.2476959228515625,-1.0255542993545532,1.6451631784439087,0.4335460960865021
416,0.9847,1.602,0,0,0.0745849609375,1.0423431396484375,0.2109375,-0.6608743667602539,2.0578737258911133,0.6808509826660156
417,0.9732,1.4423,0,0,0.0091094970703125,1.00787353515625,0.240081787109375,-0.4359882175922394,1.892827033996582,0.6949793100357056
418,0.9683,1.2774,0,0,0.0151519775390625,0.960662841796875,0.2285308837890625,-0.3509356677532196,1.2886115312576294,0.6484065055847168
419,0.9682,1.1189,0,0,0.033111572265625,0.94268798828125,0.17767333984375,-0.36023861169815063,0.7284272909164429,0.5849217772483826
420,0.9707,0.9777,0,0,0.019927978515625,0.9275360107421875,0.1100006103515625,-0.383144736289978,0.2591111958026886,0.43184834718704224
421,0.9738,0.8629,0,0,-0.019775390625,0.9347686767578125,0.042877197265625,-0.4370902478694916,-0.16669471561908722,0.21617890894412994
422,0.9761,0.7808,0,0,-0.045745849609375,0.9090423583984375,-0.076171875,-0.4370902478694916,-0.16669471561908722,0.21617890894412994
423,0.9765,0.7342,0,0,-0.1228179931640625,0.933319091796875,-0.798919677734375,-0.3146410286426544,-0.6569168567657471,0.06353796273469925
424,0.9747,0.722,0,0,0.133575439453125,0.972869873046875,-0.22210693359375,0.14024339616298676,-0.5822024345397949,-0.12219515442848206
425,0.9713,0.7398,0,0,0.1788787841796875,0.977081298828125,-0.005157470703125,-0.5710890293121338,0.42597341537475586,-0.08424749970436096
426,0.9673,0.7801,0,0,0.1586151123046875,0.9720001220703125,0.0527801513671875,-0.9437702298164368,0.8727495670318604,0.13489070534706116
427,0.9642,0.8334,0,0,0.1189117431640625,0.9309539794921875,0.026397705078125,-0.5791275501251221,0.3021095097064972,0.0857710987329483
428,0.9638,0.8894,0,0,0.12982177734375,0.8852386474609375,-0.0373077392578125,-0.3346392512321472,-0.39569327235221863,-0.05702946335077286
429,0.9674,0.938,0,0,0.1826629638671875,0.863922119140625,-0.1551055908203125,-0.710408091545105,-0.8860787153244019,-0.15124890208244324
430,0.9759,0.9703,0,0,0.1755828857421875,0.91790771484375,-0.09619140625,-0.9749428033828735,-0.9507144093513489,0.006383064668625593
431,0.9898,0.9797,0,0,0.060546875,0.960205078125,-0.0012664794921875,-0.7977712154388428,-0.7208995819091797,-0.0012655340833589435
432,1.0084,0.9626,0,0,-0.030242919921875,0.9801025390625,-0.0343780517578125,-0.670816957950592,-0.3533357083797455,-0.11191108822822571
433,1.0305,0.9188,0,0,-0.0583953857421875,0.983062744140625,-0.1069488525390625,-0.6989514231681824,-0.10562576353549957,-0.18091359734535217
434,1.0545,0.8519,0,0,-0.00567626953125,1.0063629150390625,-0.0666351318359375,-0.5686621069908142,0.2038593888282776,-0.2128467559814453
435,1.0783,0.7688,0,0,0.065521240234375,1.1074371337890625,-0.0257720947265625,-0.43883222341537476,0.6344046592712402,-0.268310010433197
436,1.0999,0.6801,0,0,0.1768341064453125,1.17108154296875,-0.030303955078125,-0.4669775664806366,0.9745936393737793,-0.2808942496776581
437,1.1179,0.5989,0,0,0.267913818359375,1.1557159423828125,-0.0330963134765625,-0.4484017491340637,0.8804434537887573,-0.2288651317358017
438,1.1313,0.54,0,0,0.271881103515625,1.1115264892578125,-0.0591888427734375,-0.4484017491340637,0.8804434537887573,-0.2288651317358017
439,1.1398,0.5185,0,0,0.2415313720703125,1.1325225830078125,-0.1263885498046875,-0.2896488606929779,0.12647885084152222,0.06939345598220825
440,1.144,0.5483,0,0,0.21246337890625,1.1767425537109375,-0.1635589599609375,-0.09379972517490387,0.023142071440815926,0.2321576029062271
441,1.1453,0.6397,0,0,0.22967529296875,1.2234954833984375,-0.1695404052734375,0.1651628613471985,0.008282165043056011,0.3219836354255676
442,1.1451,0.7985,0,0,0.1663970947265625,1.168609619140625,-0.09332275390625,0.1651628613471985,0.008282165043056011,0.3219836354255676
443,1.1453,1.0244,0,0,0.129180908203125,1.10382080078125,0.035552978515625,0.6120149493217468,-0.5905612707138062,0.3198302090167999
444,1.147,1.3102,0,0,0.121246337890625,1.0187225341796875,0.0946044921875,0.8203985095024109,-0.9633575081825256,0.22879137098789215
445,1.1509,1.6429,0,0,0.059906005859375,0.90380859375,0.18487548828125,0.9045911431312561,-1.3008910417556763,0.1830877959728241
446,1.1565,2.0038,0,0,-0.0186004638671875,0.93670654296875,0.143768310546875,0.9045911431312561,-1.3008910417556763,0.1830877959728241
447,1.1627,2.371,0,0,-0.1315155029296875,1.1339263916015625,-0.0320281982421875,1.945188045501709,-0.3970935642719269,0.0714225172996521
448,1.1672,2.7209,0,0,-0.181793212890625,1.218841552734375,0.0896759033203125,2.245471715927124,0.9847333431243896,0.011242267675697803
449,1.1677,3.0311,0,0,-0.2803955078125,1.264678955078125,0.2018585205078125,2.0515518188476562,2.8972127437591553,-0.1468496322631836
450,1.1617,3.2827,0,0,-0.40447998046875,1.3272247314453125,0.00335693359375,2.3814494609832764,4.380728244781494,-0.41186797618865967
451,1.1473,3.4615,0,0,-0.439239501953125,1.214385986328125,-0.2976837158203125,3.256255865097046,3.4325129985809326,-0.5083604454994202
452,1.1235,3.5598,0,0,-0.2093658447265625,0.9897308349609375,0.12274169921875,2.8377511501312256,1.223933458328247,-0.14471137523651123
453,1.0901,3.5754,0,0,-0.13018798828125,0.896514892578125,0.068695068359375,2.1698946952819824,-0.7761322259902954,0.14264823496341705
454,1.0481,3.5114,0,0,-0.0367431640625,0.8456268310546875,0.1115875244140625,1.469553828239441,-2.5936224460601807,0.4174683392047882
455,0.9994,3.3746,0,0,0.24676513671875,0.9813690185546875,-0.3265228271484375,1.469553828239441,-2.5936224460601807,0.4174683392047882
456,0.9467,3.1745,0,0,0.2424163818359375,1.0474700927734375,-0.274688720703125,1.9802472591400146,-1.6372780799865723,1.2464592456817627
457,0.8935,2.9223,0,0,0.313385009765625,1.0390777587890625,-0.2140045166015625,1.8441002368927002,-1.6297768354415894,1.3219527006149292
458,0.8438,2.631,0,0,0.187164306640625,0.85321044921875,-0.173736572265625,1.49851655960083,-2.4825780391693115,0.9993583559989929
459,0.8017,2.3146,0,0,-0.0216827392578125,0.698089599609375,-0.1533050537109375,0.950182318687439,-2.821690797805786,0.37966209650039673
460,0.7709,1.9887,0,0,-0.1642913818359375,0.6120452880859375,-0.168182373046875,0.950182318687439,-2.821690797805786,0.37966209650039673
461,0.7545,1.6695,0,0,-0.2818756103515625,0.5636444091796875,-0.2232208251953125,0.031011445447802544,-1.4446407556533813,-0.35795149207115173
462,0.7545,1.3733,0,0,-0.346710205078125,0.5571441650390625,-0.254119873046875,-0.23567350208759308,-0.6374779343605042,-0.30991312861442566
463,0.7716,1.1152,0,0,-0.3101043701171875,0.574737548828125,-0.29376220703125,-0.4851320683956146,0.049728408455848694,-0.02480228617787361
464,0.805,0.908,0,0,-0.30517578125,0.61181640625,-0.403961181640625,-0.606100857257843,0.422152042388916,-0.12664955854415894
465,0.8527,0.7615,0,0,-0.1680145263671875,0.6453094482421875,-0.447784423828125,-0.6707240343093872,0.4869517982006073,-0.2319464087486267
466,0.9114,0.6814,0,0,-0.0582427978515625,0.7423248291015625,-0.49932861328125,-0.6707240343093872,0.4869517982006073,-0.2319464087486267
467,0.9774,0.6693,0,0,0.0219573974609375,0.875335693359375,-0.57269287109375,-0.6139294505119324,0.4974265694618225,-0.235565647482872
468,1.0464,0.7229,0,0,0.0549468994140625,0.9703826904296875,-0.670440673828125,-0.2963493764400482,-0.3209095895290375,-0.13960103690624237
469,1.1144,0.836,0,0,0.18182373046875,0.970184326171875,-0.7415924072265625,-0.47181013226509094,-1.0655797719955444,0.04327210783958435
470,1.1776,0.999,0,0,0.3303375244140625,0.883148193359375,-0.7305450439453125,-0.7454786896705627,-1.1510467529296875,0.42271688580513
471,1.2328,1.1996,0,0,0.322357177734375,0.92608642578125,-0.6091461181640625,-0.8424707651138306,-0.4364028871059418,0.58146071434021
472,1.2776,1.4229,0,0,0.092620849609375,1.1071624755859375,-0.6282501220703125,-0.8424707651138306,-0.4364028871059418,0.58146071434021
473,1.3103,1.6526,0,0,-0.0264434814453125,1.0614471435546875,-0.80078125,-0.06726985424757004,0.7354926466941833,0.3929443657398224
474,1.3298,1.8717,0,0,-0.0914306640625,0.8454437255859375,-0.883819580078125,0.10765482485294342,-1.4026448726654053,0.5629382133483887
475,1.3358,2.064,0,0,-0.206268310546875,0.9862060546875,-0.484283447265625,-0.6592192053794861,-0.7054529786109924,0.11433296650648117
476,1.3284,2.2155,0,0,-0.2985687255859375,1.155364990234375,0.058990478515625,-2.5287716388702393,1.511836051940918,-0.6307316422462463
477,1.3089,2.3162,0,0,-0.5283966064453125,1.3290863037109375,0.36065673828125,-4.156376361846924,1.86458420753479,-1.6833159923553467
478,1.2788,2.3612,0,0,-0.7081146240234375,1.464324951171875,-0.4024658203125,-2.7225019931793213,1.036624550819397,-2.473804473876953
479,1.2407,2.351,0,0,-0.450927734375,1.3617706298828125,-0.80975341796875,0.36817988753318787,-0.6755480766296387,-1.2123245000839233
480,1.1977,2.2907,0,0,-0.2798919677734375,0.8502349853515625,-0.1278533935546875,1.3043601512908936,-0.5760763883590698,-0.01883307658135891
481,1.1532,2.1889,0,0,-0.2028350830078125,0.68359375,0.571014404296875,-0.1559741497039795,0.6033298373222351,0.11437104642391205
482,1.1102,2.0557,0,0,-0.04052734375,0.72625732421875,0.60430908203125,-0.1559741497039795,0.6033298373222351,0.11437104642391205
483,1.0714,1.9013,0,0,0.08270263671875,0.9065399169921875,0.308990478515625,-2.1377816200256348,2.004769802093506,0.4866514205932617
484,1.0387,1.7358,0,0,0.162628173828125,1.080108642578125,0.1267852783203125,-2.1377816200256348,2.004769802093506,0.4866514205932617
485,1.0129,1.5685,0,0,0.1542205810546875,1.085784912109375,0.172454833984375,-0.32386142015457153,2.046231508255005,0.8842690587043762
486,0.994,1.4079,0,0,0.0887298583984375,0.989776611328125,0.2654876708984375,8.468852320220321e-05,1.1762497425079346,0.7794212102890015
487,0.9813,1.2613,0,0,0.0525665283203125,0.9341888427734375,0.259033203125,-0.08789630234241486,0.36186420917510986,0.5309101939201355
488,0.9736,1.1347,0,0,0.052459716796875,0.9067230224609375,0.1477203369140625,-0.24348802864551544,-0.20007850229740143,0.31975749135017395
489,0.9692,1.0322,0,0,0.029998779296875,0.9019775390625,0.05572509765625,-0.4251464903354645,-0.680152952671051,0.2568637430667877
490,0.9667,0.9554,0,0,-0.08294677734375,0.9083404541015625,-0.3646392822265625,-0.47448262572288513,-1.3809880018234253,0.17291691899299622
491,0.965,0.9039,0,0,-0.2234649658203125,0.8839874267578125,-0.7034912109375,-0.5695087313652039,-0.6560021042823792,-0.060686782002449036
492,0.9632,0.8751,0,0,0.0807952880859375,0.9373779296875,-0.0279388427734375,-0.9335977435112,0.28240132331848145,0.019449064508080482
493,0.9613,0.8649,0,0,0.1111907958984375,0.9982147216796875,0.1105194091796875,-0.96124666929245,0.5411455631256104,0.06390921026468277
494,0.9594,0.8679,0,0,0.147735595703125,0.9674224853515625,0.05450439453125,-0.682990312576294,0.48432886600494385,0.058517105877399445
495,0.9587,0.8778,0,0,0.1894073486328125,0.9191436767578125,-0.091400146484375,-0.44184771180152893,0.31909677386283875,0.037157755345106125
496,0.9602,0.8882,0,0,0.210296630859375,0.9296875,-0.2776336669921875,-0.6223778128623962,-0.17230412364006042,0.011808722279965878
497,0.9651,0.8928,0,0,0.10015869140625,0.9636993408203125,-0.16168212890625,-0.6648035645484924,-0.6088236570358276,0.05823640897870064
498,0.9743,0.8862,0,0,0.003265380859375,0.9588165283203125,-0.02825927734375,-0.42935776710510254,-0.8720217347145081,0.02088024839758873
499,0.9883,0.8647,0,0,-0.020355224609375,0.8690185546875,0.019500732421875,-0.5474066138267517,-0.983208954334259,-0.02104962430894375
500,1.0067,0.8266,0,0,-0.04058837890625,0.85113525390625,-0.018035888671875,-0.7665868997573853,-0.6687698364257812,-0.09150328487157822
501,1.0285,0.7728,0,0,-0.01214599609375,0.9390411376953125,-0.077789306640625,-0.6036206483840942,0.04687429964542389,-0.1844308227300644
502,1.0521,0.7072,0,0,0.08544921875,1.01617431640625,0.0078582763671875,-0.4024702310562134,0.3992645740509033,-0.23729483783245087
503,1.0755,0.6361,0,0,0.206268310546875,1.10809326171875,0.0389404296875,-0.4770134389400482,0.4411936402320862,-0.2053060233592987
504,1.0966,0.5687,0,0,0.2274627685546875,1.2218475341796875,0.0060882568359375,-0.5739967226982117,0.42539843916893005,-0.15197329223155975
505,1.1139,0.5156,0,0,0.1559600830078125,1.205596923828125,0.0074615478515625,-0.4027152359485626,0.1775452196598053,0.044374123215675354
506,1.1262,0.4888,0,0,0.0462188720703125,1.1468353271484375,-0.1258697509765625,-0.37619414925575256,0.39388152956962585,0.14849813282489777
507,1.1334,0.5002,0,0,-0.0115203857421875,1.102325439453125,-0.2438812255859375,-0.25469887256622314,0.695988118648529,0.13047198951244354
508,1.1364,0.5608,0,0,0.1122894287109375,1.2566680908203125,-0.117950439453125,0.0665297582745552,0.3893120586872101,0.305747389793396
509,1.1364,0.679,0,0,0.1062164306640625,1.17181396484375,-0.10235595703125,0.38691282272338867,0.5055001974105835,0.27418628334999084
510,1.1353,0.8599,0,0,0.17822265625,1.1860504150390625,-0.033905029296875,0.6766695380210876,0.4659349322319031,0.3398672938346863
511,1.1348,1.1039,0,0,0.1938629150390625,1.0963134765625,0.041961669921875,0.9320996999740601,0.11535082757472992,0.3604535162448883
512,1.1363,1.4059,0,0,0.123504638671875,0.936187744140625,0.067718505859375,1.1417254209518433,-0.36935168504714966,0.09562292695045471
513,1.14,1.755,0,0,0.0751953125,0.863433837890625,0.087646484375,1.3268941640853882,-0.5983683466911316,-0.06132514402270317
514,1.1453,2.1349,0,0,-0.0575714111328125,0.98284912109375,0.0076751708984375,1.6995686292648315,-0.8964013457298279,-0.0835351049900055
515,1.1504,2.5246,0,0,-0.0023651123046875,1.0805816650390625,-0.0244598388671875,1.6995686292648315,-0.8964013457298279,-0.0835351049900055
516,1.153,2.9003,0,0,-0.064605712890625,1.134735107421875,0.084320068359375,1.9852744340896606,0.8178309202194214,0.451031357049942
517,1.1501,3.2373,0,0,-0.1947784423828125,1.3191986083984375,0.1094512939453125,1.8394743204116821,2.9327034950256348,0.32945218682289124
518,1.1395,3.5129,0,0,-0.3199615478515625,1.486480712890625,-0.135467529296875,2.31832218170166,4.4288010597229,-0.09597127139568329
519,1.1194,3.7087,0,0,-0.307037353515625,1.2285919189453125,-0.2773284912109375,2.9777448177337646,3.2718422412872314,-0.2548208236694336
520,1.0895,3.8126,0,0,-0.112030029296875,0.9850921630859375,0.03924560546875,2.9777448177337646,3.2718422412872314,-0.2548208236694336
521,1.0506,3.8197,0,0,-0.058990478515625,0.8940582275390625,0.2012786865234375,1.6974575519561768,-2.0562634468078613,0.26120683550834656
522,1.0048,3.7323,0,0,0.165985107421875,0.8981170654296875,-0.0945892333984375,1.465193748474121,-3.9639768600463867,0.6740007996559143
523,0.9551,3.5592,0,0,0.207977294921875,0.919952392578125,-0.2405853271484375,1.6984258890151978,-3.233201742172241,0.9362263083457947
524,0.9052,3.3142,0,0,0.19097900390625,0.89117431640625,-0.1869354248046875,1.688910722732544,-1.5051451921463013,0.9381658434867859
525,0.8587,3.0145,0,0,0.2018890380859375,0.863067626953125,-0.094207763671875,1.346985101699829,-1.57847261428833,0.8567423820495605
526,0.8195,2.6789,0,0,0.0908966064453125,0.7685699462890625,-0.093048095703125,0.9500811100006104,-2.7032787799835205,0.5963510274887085
527,0.7905,2.3263,0,0,-0.0169677734375,0.702239990234375,-0.1417236328125,0.9500811100006104,-2.7032787799835205,0.5963510274887085
528,0.7744,1.975,0,0,-0.154632568359375,0.703033447265625,-0.1879425048828125,0.1618054062128067,-2.4038166999816895,-0.02056732587516308
529,0.7726,1.6413,0,0,-0.3031768798828125,0.6904144287109375,-0.2218170166015625,-0.19977010786533356,-1.35576331615448,-0.24526089429855347
530,0.7856,1.3392,0,0,-0.3958740234375,0.6479339599609375,-0.315155029296875,-0.3183518648147583,-0.4802020192146301,-0.3089064359664917
531,0.813,1.0796,0,0,-0.339935302734375,0.5855712890625,-0.337005615234375,-0.434927761554718,0.24067039787769318,-0.06294301152229309
532,0.8532,0.8705,0,0,-0.34710693359375,0.64178466796875,-0.418365478515625,-0.5817323923110962,0.7924107909202576,-0.08864012360572815
533,0.904,0.7168,0,0,-0.2562408447265625,0.7587890625,-0.4743804931640625,-0.6663335561752319,1.0676116943359375,-0.30685049295425415
534,0.9626,0.6211,0,0,-0.1002655029296875,0.8323822021484375,-0.5209503173828125,-0.6112639307975769,0.9913153648376465,-0.2510921359062195
535,1.0257,0.5838,0,0,0.009246826171875,0.862213134765625,-0.576202392578125,-0.39012059569358826,0.3035779893398285,-0.05269863083958626
536,1.0899,0.6035,0,0,0.1590118408203125,0.89031982421875,-0.6349029541015625,-0.18061025440692902,-0.5995633006095886,0.1472027599811554
537,1.1517,0.677,0,0,0.330169677734375,0.91790771484375,-0.6701812744140625,-0.20330758392810822,-0.941670835018158,0.3747381865978241
538,1.208,0.799,0,0,0.3376312255859375,0.9604034423828125,-0.67303466796875,-0.5306204557418823,-0.43875977396965027,0.34445270895957947
539,1.256,0.9618,0,0,0.2496185302734375,0.979217529296875,-0.6661529541015625,-0.6962749361991882,0.005830991081893444,0.3054174482822418
540,1.2933,1.1552,0,0,0.16925048828125,1.03350830078125,-0.7238616943359375,-0.4662798345088959,0.23708471655845642,0.47508716583251953
541,1.3183,1.3664,0,0,0.1103057861328125,0.9903564453125,-0.884613037109375,-0.11067351698875427,-0.26349103450775146,0.6991838812828064
542,1.3298,1.5803,0,0,0.0083160400390625,0.8975982666015625,-0.948211669921875,-0.11067351698875427,-0.26349103450775146,0.6991838812828064
543,1.3275,1.7813,0,0,-0.11846923828125,1.00457763671875,-0.5400390625,-0.9154120683670044,-0.5837827324867249,0.0223830696195364
544,1.3121,1.9544,0,0,-0.25286865234375,1.204132080078125,-0.03070068359375,-2.323880672454834,0.8217567205429077,-0.7310989499092102
545,1.285,2.0872,0,0,-0.45562744140625,1.4402008056640625,0.3098297119140625,-3.7953290939331055,1.5011248588562012,-1.5835504531860352
546,1.2485,2.1718,0,0,-0.62530517578125,1.487518310546875,-0.0503692626953125,-3.0881621837615967,0.9131377339363098,-2.171579599380493
547,1.2057,2.2052,0,0,-0.556732177734375,1.2318572998046875,-0.583038330078125,0.014974421821534634,-0.8859476447105408,-1.0139505863189697
548,1.1602,2.1893,0,0,-0.3817901611328125,0.7224884033203125,-0.0915069580078125,1.4471803903579712,-1.1192249059677124,0.020050939172506332
549,1.1155,2.13,0,0,-0.28924560546875,0.61920166015625,0.53131103515625,0.38955387473106384,-0.035596877336502075,0.025351962074637413
550,1.0746,2.0354,0,0,0.0035858154296875,0.6857757568359375,0.6092529296875,-1.1765598058700562,0.7784212231636047,0.3136146366596222
551,1.0398,1.9144,0,0,0.0860443115234375,0.848968505859375,0.3469085693359375,-1.1765598058700562,0.7784212231636047,0.3136146366596222
552,1.0122,1.7762,0,0,0.134552001953125,1.0418243408203125,0.1562957763671875,-1.232384443283081,2.3337490558624268,0.8065004944801331
553,0.9921,1.6298,0,0,0.091522216796875,1.0867462158203125,0.1662139892578125,-0.6822821497917175,2.496321439743042,0.7531411647796631
554,0.9787,1.4836,0,0,0.0444488525390625,1.01177978515625,0.1888885498046875,-0.3372246325016022,1.9843183755874634,0.5494234561920166
555,0.9706,1.3456,0,0,0.05902099609375,0.95819091796875,0.1572723388671875,-0.17863446474075317,1.1806073188781738,0.3664640188217163
556,0.9662,1.2225,0,0,0.052001953125,0.95599365234375,0.0902862548828125,-0.13996562361717224,0.2674524784088135,0.20319759845733643
557,0.964,1.1193,0,0,0.00640869140625,0.98382568359375,-0.0845947265625,-0.13996562361717224,0.2674524784088135,0.20319759845733643
558,0.9627,1.0389,0,0,-0.129791259765625,0.964752197265625,-0.4806671142578125,-0.6697919368743896,-0.5880129337310791,-0.10014630854129791
559,0.9615,0.9813,0,0,0.04095458984375,0.9407958984375,-0.144866943359375,-0.7999675273895264,0.8019904494285583,-0.077874556183815
560,0.96,0.9447,0,0,0.09246826171875,0.9765625,0.0489044189453125,-0.6444895267486572,1.3545305728912354,-0.019229620695114136
561,0.9582,0.925,0,0,0.091461181640625,0.947296142578125,0.0859222412109375,-0.48690280318260193,1.1694401502609253,-0.05359505116939545
562,0.9568,0.9172,0,0,0.1232452392578125,0.8697052001953125,0.04803466796875,-0.5727458000183105,0.4769180715084076,-0.1174701675772667
563,0.9563,0.9154,0,0,0.1719512939453125,0.8576812744140625,-0.106109619140625,-0.8682312369346619,-0.15800774097442627,-0.2098006308078766
564,0.9574,0.9138,0,0,0.1492156982421875,0.970916748046875,-0.21978759765625,-0.8190759420394897,-0.2125178575515747,-0.15305186808109283
565,0.9607,0.9067,0,0,0.054107666015625,0.9878692626953125,-0.1707763671875,-0.5208682417869568,-0.07525373995304108,-0.11730612069368362
566,0.9667,0.8893,0,0,0.05474853515625,0.92462158203125,-0.049102783203125,-0.572036623954773,-0.3797704875469208,-0.1419171839952469
567,0.9755,0.8582,0,0,0.09234619140625,0.9239959716796875,-0.040557861328125,-0.7876136302947998,-0.7600376605987549,-0.1462664008140564
568,0.987,0.8116,0,0,0.089935302734375,0.937774658203125,-0.12091064453125,-0.7344763875007629,-0.5997276306152344,-0.1630842536687851
569,1.0009,0.7501,0,0,0.072906494140625,0.9669189453125,-0.119903564453125,-0.7344763875007629,-0.5997276306152344,-0.1630842536687851
570,1.0167,0.6769,0,0,0.0885009765625,1.0429840087890625,-0.03955078125,-0.35339000821113586,-0.08562835305929184,-0.13541534543037415
571,1.0339,0.598,0,0,0.0894622802734375,1.074951171875,-0.0006103515625,-0.4670984745025635,0.09284498542547226,-0.06668901443481445
572,1.052,0.5218,0,0,0.064910888671875,1.12432861328125,-0.049896240234375,-0.5964607000350952,0.4009980261325836,-0.030489198863506317
573,1.0707,0.459,0,0,0.028228759765625,1.143524169921875,-0.1127777099609375,-0.47826164960861206,0.7879513502120972,-0.05685476213693619
574,1.0896,0.4216,0,0,0.0291748046875,1.0978546142578125,-0.1220550537109375,-0.25472548604011536,0.7898813486099243,-0.0683194026350975
575,1.1085,0.4217,0,0,0.077667236328125,1.0244598388671875,-0.110198974609375,-0.20885388553142548,0.437616229057312,0.0022474415600299835
576,1.1273,0.4702,0,0,0.15655517578125,0.98687744140625,-0.08721923828125,-0.1615055352449417,0.13013136386871338,0.049553703516721725
577,1.1456,0.5753,0,0,0.2606048583984375,1.044677734375,-0.0900726318359375,-0.08441368490457535,0.150573268532753,0.07045259326696396
578,1.1629,0.7409,0,0,0.3064117431640625,1.1775054931640625,-0.0753631591796875,0.10749450325965881,0.11016751825809479,0.23199941217899323
579,1.1784,0.9655,0,0,0.262481689453125,1.3193511962890625,0.029266357421875,0.4134671986103058,-0.3545258641242981,0.5218152403831482
580,1.1912,1.2423,0,0,0.1774139404296875,1.22637939453125,0.0777587890625,0.786258339881897,-0.8282076716423035,0.5694613456726074
581,1.2002,1.559,0,0,0.0748138427734375,1.090545654296875,0.09112548828125,1.1710766553878784,-1.0011906623840332,0.37309953570365906
582,1.2043,1.899,0,0,-0.0318450927734375,1.0110626220703125,0.1417388916015625,1.407005786895752,-0.8799249529838562,0.17425808310508728
583,1.2023,2.243,0,0,-0.182952880859375,1.072479248046875,0.05133056640625,1.8031163215637207,-0.545508623123169,-0.08183414489030838
584,1.1931,2.5709,0,0,-0.2437744140625,1.1676483154296875,-0.009613037109375,2.221557378768921,0.4732905924320221,-0.2657669484615326
585,1.1762,2.8638,0,0,-0.3307037353515625,1.2724151611328125,0.08599853515625,2.289614677429199,2.2138607501983643,-0.4673844873905182
586,1.1514,3.1062,0,0,-0.4405517578125,1.3278656005859375,0.0311279296875,2.4926764965057373,3.779944658279419,-0.7002432942390442
587,1.1194,3.2871,0,0,-0.3612213134765625,1.2090301513671875,-0.2227783203125,2.4926764965057373,3.779944658279419,-0.7002432942390442
588,1.0814,3.4008,0,0,-0.1905364990234375,0.9824981689453125,0.035797119140625,2.8788745403289795,1.7075879573822021,-0.05397055670619011
589,1.0395,3.4464,0,0,-0.0775604248046875,0.894744873046875,0.120208740234375,2.1117103099823,-0.5973994731903076,0.3418143391609192
590,0.9959,3.4269,0,0,0.0281829833984375,0.870452880859375,0.033447265625,1.4794349670410156,-2.418682813644409,0.6458376049995422
591,0.9532,3.3473,0,0,0.1485443115234375,0.878875732421875,-0.098663330078125,1.2821203470230103,-2.894717216491699,0.8992413878440857
592,0.9138,3.2137,0,0,0.1160888671875,0.85467529296875,-0.0986328125,1.2107460498809814,-2.3256566524505615,0.8886310458183289
593,0.8797,3.0324,0,0,0.1959686279296875,0.8759765625,-0.10247802734375,1.084220051765442,-1.8064045906066895,0.9052414894104004
594,0.853,2.81,0,0,0.2810211181640625,0.952056884765625,-0.07305908203125,0.8586145639419556,-2.1388282775878906,1.043880581855774
595,0.8349,2.5532,0,0,0.22564697265625,0.9344329833984375,-0.0772247314453125,0.5965323448181152,-2.8735811710357666,1.046938180923462
596,0.8265,2.2706,0,0,0.033477783203125,0.7988433837890625,-0.07257080078125,0.30445072054862976,-3.1218245029449463,0.6740077137947083
597,0.8285,1.9728,0,0,-0.1107330322265625,0.670379638671875,-0.0900726318359375,-0.03983796015381813,-2.6102826595306396,0.263455867767334
598,0.841,1.6732,0,0,-0.28204345703125,0.6343841552734375,-0.22039794921875,-0.308133602142334,-1.6743594408035278,-0.04662928730249405
599,0.8636,1.388,0,0,-0.4018707275390625,0.642120361328125,-0.3010406494140625,-0.6161603927612305,-0.8753376603126526,-0.17629779875278473
600,0.8958,1.1351,0,0,-0.453765869140625,0.675750732421875,-0.4298553466796875,-0.7679195404052734,0.1266184002161026,-0.16096732020378113
601,0.9363,0.9329,0,0,-0.4983978271484375,0.7673187255859375,-0.5063018798828125,-0.6233623623847961,1.1396851539611816,-0.23137331008911133
602,0.9839,0.7985,0,0,-0.495452880859375,0.8794708251953125,-0.5023651123046875,-0.2744869589805603,1.0769431591033936,-0.39481043815612793
603,1.0372,0.7458,0,0,-0.3419342041015625,0.899169921875,-0.6737823486328125,0.2852106988430023,0.14795644581317902,-0.2915396988391876
604,1.0946,0.7833,0,0,-0.0529327392578125,0.808197021484375,-0.707916259765625,0.6425864100456238,-0.6626951694488525,-0.011403122916817665
605,1.1544,0.9133,0,0,0.115447998046875,0.796661376953125,-0.5272369384765625,0.3941241502761841,-0.4116458594799042,0.1564607173204422
606,1.2146,1.13,0,0,0.2770538330078125,0.847198486328125,-0.4455718994140625,-0.2812902629375458,-0.029685724526643753,0.3435017168521881
607,1.2728,1.4195,0,0,0.4392547607421875,0.997833251953125,-0.5552520751953125,-0.6840592622756958,0.46219292283058167,0.6851423978805542
608,1.3266,1.7608,0,0,0.5592041015625,1.1401519775390625,-0.871734619140625,-0.24355539679527283,0.9644070267677307,1.1057380437850952
609,1.3731,2.1271,0,0,0.6902923583984375,1.0124053955078125,-1.2071380615234375,0.3771994709968567,0.018390724435448647,1.480384349822998
610,1.4097,2.4885,0,0,0.53515625,0.667236328125,-0.93951416015625,-0.1973130702972412,-1.7731800079345703,1.3772622346878052
611,1.4339,2.8161,0,0,0.093658447265625,0.6938323974609375,-0.381561279296875,-0.1973130702972412,-1.7731800079345703,1.3772622346878052
612,1.4436,3.0844,0,0,-0.277618408203125,1.1750946044921875,0.2080535888671875,-3.682896614074707,0.3290548622608185,-0.8734172582626343
613,1.4376,3.2757,0,0,-0.475006103515625,1.48760986328125,0.6693878173828125,-5.542274475097656,1.87234365940094,-2.0851645469665527
614,1.4158,3.3814,0,0,-0.8776092529296875,1.7061309814453125,-0.0440521240234375,-5.542274475097656,1.87234365940094,-2.0851645469665527
615,1.3796,3.4027,0,0,-1.0331878662109375,1.5358123779296875,-0.8556060791015625,1.9944250583648682,-0.3049761652946472,-0.77617347240448
616,1.3315,3.3488,0,0,-0.9268035888671875,0.7818756103515625,-0.1129150390625,1.9944250583648682,-0.3049761652946472,-0.77617347240448
617,1.2755,3.2346,0,0,-0.34783935546875,0.57415771484375,0.5235748291015625,1.9719003438949585,-1.3336535692214966,-0.5434326529502869
618,1.2158,3.0767,0,0,0.0892486572265625,0.672088623046875,0.6703643798828125,-0.3303355574607849,0.28148147463798523,0.10808199644088745
619,1.1569,2.8906,0,0,0.1785125732421875,0.9188079833984375,0.3604278564453125,-1.5457279682159424,1.7389349937438965,0.7839605808258057
620,1.1026,2.6893,0,0,0.2048187255859375,1.1189117431640625,0.1702423095703125,-1.5457279682159424,1.7389349937438965,0.7839605808258057
621,1.0557,2.482,0,0,0.185150146484375,1.1195526123046875,0.1740875244140625,-1.9317164421081543,3.3533477783203125,1.3493901491165161
622,1.0179,2.2758,0,0,0.1202239990234375,1.047637939453125,0.1255340576171875,-1.9317164421081543,3.3533477783203125,1.3493901491165161
623,0.9896,2.0754,0,0,0.1206817626953125,0.961090087890625,0.066864013671875,-0.7095667719841003,1.7695890665054321,0.5125042796134949
624,0.9702,1.8849,0,0,0.141326904296875,0.879608154296875,0.0714569091796875,-0.7095667719841003,1.7695890665054321,0.5125042796134949
625,0.9586,1.7076,0,0,0.175537109375,0.850830078125,0.122955322265625,-0.13134177029132843,0.9240534901618958,0.09943976998329163
626,0.9528,1.5461,0,0,0.0935211181640625,0.875701904296875,0.0731658935546875,-0.1473364531993866,0.20497632026672363,0.043167710304260254
627,0.951,1.4021,0,0,-0.0976409912109375,0.9718017578125,-0.5259857177734375,-1.8383212089538574,-0.5950010418891907,0.18620476126670837
628,0.9514,1.276,0,0,-0.0038909912109375,0.9834747314453125,-0.586395263671875,-1.8383212089538574,-0.5950010418891907,0.18620476126670837
629,0.953,1.1673,0,0,0.1122894287109375,0.9904022216796875,-0.029998779296875,0.1975383758544922,1.230968713760376,-0.06876388192176819
630,0.9551,1.0744,0,0,0.164215087890625,0.9547882080078125,0.185760498046875,0.1975383758544922,1.230968713760376,-0.06876388192176819
631,0.9581,0.995,0,0,0.170379638671875,0.923553466796875,0.0175323486328125,-0.46230238676071167,0.22277981042861938,-0.0755394995212555
632,0.9626,0.926,0,0,0.0623779296875,0.929412841796875,-0.1728363037109375,-0.6812973022460938,-0.5424201488494873,-0.05313112959265709
633,0.9695,0.8638,0,0,-0.032989501953125,0.932708740234375,-0.1558074951171875,-0.5112624764442444,-0.5454537272453308,-0.07312960177659988
634,0.9797,0.8046,0,0,-0.0281219482421875,0.9243316650390625,-0.094879150390625,-0.5468444228172302,-0.4510907530784607,-0.0900004655122757
635,0.9937,0.7453,0,0,0.0332489013671875,0.9137420654296875,-0.02349853515625,-0.579511284828186,-0.425963819026947,-0.08776846528053284
636,1.0117,0.6833,0,0,0.035308837890625,0.93402099609375,-0.011566162109375,-0.5575756430625916,-0.15933452546596527,-0.1464911699295044
637,1.0329,0.6182,0,0,0.0648956298828125,0.9683990478515625,-0.037017822265625,-0.45259889960289,0.2849512994289398,-0.1906072348356247
638,1.0561,0.5518,0,0,0.1120452880859375,1.0211639404296875,0.0194549560546875,-0.4840660095214844,0.338318407535553,-0.17209772765636444
639,1.0797,0.4889,0,0,0.12109375,1.10198974609375,-0.027679443359375,-0.5364759564399719,0.498628169298172,-0.15702930092811584
640,1.102,0.4375,0,0,0.131134033203125,1.1414947509765625,-0.0319671630859375,-0.42039409279823303,0.6625087261199951,-0.19857487082481384
641,1.1214,0.4087,0,0,0.2167205810546875,1.156341552734375,-0.004638671875,-0.37987250089645386,0.6378111243247986,-0.20684053003787994
642,1.1368,0.4155,0,0,0.272705078125,1.1360626220703125,-0.035614013671875,-0.37987250089645386,0.6378111243247986,-0.20684053003787994
643,1.1476,0.4715,0,0,0.2559814453125,1.18359375,-0.05767822265625,-0.3260025978088379,0.2597671151161194,0.06847625970840454
644,1.1543,0.5892,0,0,0.1903076171875,1.226043701171875,-0.148406982421875,-0.2297074943780899,0.32221320271492004,0.15370114147663116
645,1.1578,0.7777,0,0,0.1535797119140625,1.2087249755859375,-0.2091217041015625,0.17551909387111664,0.3372238278388977,0.12763172388076782
646,1.1595,1.0408,0,0,0.1667327880859375,1.184326171875,-0.123199462890625,0.7037211656570435,-0.20785972476005554,0.14340536296367645
647,1.161,1.3752,0,0,0.1804656982421875,1.1651458740234375,-0.05084228515625,1.079382061958313,-0.7224684357643127,0.19021467864513397
648,1.1633,1.7701,0,0,0.0922698974609375,1.0601654052734375,0.03607177734375,1.2549712657928467,-0.9710639119148254,0.08550611138343811
649,1.1672,2.2072,0,0,-0.1028289794921875,0.89154052734375,0.07476806640625,1.4468296766281128,-0.7742506861686707,-0.26515495777130127
650,1.1721,2.6613,0,0,-0.2103424072265625,0.9977264404296875,-0.1055450439453125,2.1403026580810547,-0.37875795364379883,-0.5289080739021301
651,1.1765,3.1033,0,0,-0.03009033203125,1.07611083984375,0.060089111328125,2.3789496421813965,0.5527846217155457,-0.09487111866474152
652,1.178,3.5023,0,0,-0.139312744140625,1.1052703857421875,0.157745361328125,2.165771484375,2.114386558532715,0.264760285615921
653,1.1737,3.8296,0,0,-0.338897705078125,1.2711181640625,0.0526123046875,2.1675710678100586,4.1761627197265625,0.1792653650045395
654,1.1608,4.0616,0,0,-0.4293365478515625,1.392333984375,-0.2292022705078125,2.8575000762939453,5.513087272644043,0.035049330443143845
655,1.1371,4.1832,0,0,-0.3256072998046875,1.1768951416015625,-0.1397247314453125,2.8575000762939453,5.513087272644043,0.035049330443143845
656,1.1014,4.1887,0,0,-0.2714996337890625,0.883636474609375,0.1032867431640625,2.3848657608032227,0.14556145668029785,0.20466765761375427
657,1.0538,4.0826,0,0,0.0223846435546875,0.8323516845703125,0.1421051025390625,1.5876957178115845,-3.1053483486175537,0.5686131119728088
658,0.9964,3.8776,0,0,0.3045654296875,1.0169677734375,-0.3603973388671875,2.007741689682007,-3.427682399749756,1.2859225273132324
659,0.9325,3.5929,0,0,0.192626953125,1.0584716796875,-0.26220703125,2.2310080528259277,-1.7693551778793335,1.3793272972106934
660,0.8669,3.2518,0,0,0.226959228515625,1.053802490234375,-0.2206573486328125,2.1106646060943604,-1.0669547319412231,1.244340419769287
661,0.8054,2.8793,0,0,0.0814666748046875,0.8513946533203125,-0.2862396240234375,1.8503080606460571,-1.855614185333252,0.7934656739234924
662,0.7544,2.4994,0,0,-0.0051116943359375,0.665374755859375,-0.20556640625,1.0484963655471802,-2.801513433456421,0.5111445188522339
663,0.7196,2.1342,0,0,-0.1300811767578125,0.5238800048828125,-0.2663421630859375,0.351249635219574,-2.4418630599975586,0.2511283755302429
664,0.7059,1.802,0,0,-0.23724365234375,0.4390716552734375,-0.1945037841796875,-0.12476563453674316,-1.5020442008972168,-0.14585520327091217
665,0.7162,1.5166,0,0,-0.362701416015625,0.42303466796875,-0.1656646728515625,-0.4070308804512024,-0.6528071165084839,-0.5558549761772156
666,0.7512,1.287,0,0,-0.313629150390625,0.4704742431640625,-0.21844482421875,-0.4070308804512024,-0.6528071165084839,-0.5558549761772156
667,0.809,1.1174,0,0,-0.242706298828125,0.5215606689453125,-0.4088897705078125,-0.5845540165901184,0.11784034967422485,-0.602884829044342
668,0.8855,1.0078,0,0,-0.1538238525390625,0.60528564453125,-0.54644775390625,-0.921782910823822,0.1529996693134308,-0.5878419280052185
669,0.9744,0.955,0,0,-0.044769287109375,0.7290191650390625,-0.7010040283203125,-1.2388132810592651,0.4710649847984314,-0.7923761606216431
670,1.0687,0.9538,0,0,0.0787811279296875,0.8725128173828125,-0.8332366943359375,-1.2180062532424927,0.9745979309082031,-0.8062488436698914
671,1.1605,0.9979,0,0,0.2377471923828125,1.0336151123046875,-0.8609619140625,-0.8861783146858215,0.9612666368484497,-0.32566118240356445
672,1.2428,1.0806,0,0,0.3536529541015625,1.087554931640625,-0.8296661376953125,-0.46466487646102905,0.1433531641960144,0.26700347661972046
673,1.3093,1.1949,0,0,0.4135284423828125,1.035430908203125,-0.6942901611328125,-0.25001809000968933,-1.1427805423736572,0.6178778409957886
674,1.3555,1.3332,0,0,0.34429931640625,1.010040283203125,-0.520050048828125,-0.25001809000968933,-1.1427805423736572,0.6178778409957886
675,1.3788,1.487,0,0,0.10693359375,1.0187835693359375,-0.589111328125,-0.2796801030635834,-1.626598596572876,0.2036561816930771
676,1.3785,1.6467,0,0,-0.1472930908203125,1.0703582763671875,-0.8170318603515625,0.13519057631492615,-1.0623767375946045,-0.04138259217143059
677,1.3562,1.8012,0,0,-0.406494140625,1.235809326171875,-0.9145355224609375,-0.1418447494506836,-0.5896832346916199,-0.13976162672042847
678,1.3149,1.9388,0,0,-0.522125244140625,1.275848388671875,-0.7662506103515625,-0.9848822355270386,0.6205146908760071,-0.23800110816955566
679,1.2597,2.0479,0,0,-0.58135986328125,1.083343505859375,-0.3051605224609375,-1.9809726476669312,1.6097029447555542,-0.7109649181365967
680,1.1962,2.1183,0,0,-0.511383056640625,1.0200958251953125,0.1519012451171875,-3.05590558052063,0.8251716494560242,-1.0924276113510132
681,1.1308,2.1429,0,0,-0.382720947265625,1.0200958251953125,-0.0614776611328125,-2.6632542610168457,-0.4879366457462311,-0.9971106648445129
682,1.0695,2.1188,0,0,-0.284088134765625,0.9391937255859375,-0.0713348388671875,-2.6632542610168457,-0.4879366457462311,-0.9971106648445129
683,1.0174,2.0478,0,0,-0.1101226806640625,0.880218505859375,0.1285400390625,-0.8954668641090393,0.5115463733673096,0.05621666833758354
684,0.9781,1.9357,0,0,-0.0330963134765625,0.807891845703125,0.263153076171875,-0.7900125980377197,1.1357638835906982,0.32550060749053955
685,0.9532,1.7922,0,0,0.0868682861328125,0.8000640869140625,0.255279541015625,-0.6526156067848206,1.581924319267273,0.6485487222671509
686,0.9426,1.6287,0,0,0.076934814453125,0.86346435546875,0.219268798828125,-0.35637223720550537,1.8699175119400024,0.7116184830665588
687,0.9443,1.4577,0,0,0.021209716796875,0.921356201171875,0.288299560546875,-0.28887122869491577,1.59707772731781,0.5019211769104004
688,0.9553,1.2912,0,0,0.0112152099609375,0.9705963134765625,0.3450775146484375,-0.45316988229751587,0.6248812079429626,0.2412451058626175
689,0.9716,1.1396,0,0,0.039581298828125,1.035858154296875,0.2486724853515625,-0.5089132785797119,-0.2542370855808258,0.1019202396273613
690,0.9891,1.011,0,0,0.0554962158203125,1.0331878662109375,0.17340087890625,-0.5089132785797119,-0.2542370855808258,0.1019202396273613
691,1.0042,0.9106,0,0,0.0585784912109375,0.9979248046875,0.121612548828125,-0.7577159404754639,-1.078162670135498,0.19607417285442352
692,1.0144,0.8406,0,0,-0.0045166015625,0.96051025390625,0.0052337646484375,-0.7699108123779297,-1.3322396278381348,0.1987120360136032
693,1.0182,0.8006,0,0,-0.30523681640625,0.8749542236328125,-0.9339141845703125,-0.10792966187000275,-0.7997451424598694,-0.041067540645599365
694,1.0154,0.7877,0,0,-0.1180419921875,0.901702880859375,-0.3269500732421875,-0.40361377596855164,0.37111735343933105,-0.0569186769425869
695,1.0071,0.7973,0,0,0.0847930908203125,0.96923828125,0.0652008056640625,-0.40361377596855164,0.37111735343933105,-0.0569186769425869
696,0.9955,0.8232,0,0,0.121368408203125,1.0224761962890625,0.170806884765625,-0.9696891903877258,0.6466559767723083,0.18702208995819092
697,0.983,0.858,0,0,0.0975189208984375,0.9352874755859375,0.0958709716796875,-0.748962938785553,0.01990792714059353,0.10543321818113327
698,0.9726,0.8937,0,0,0.0994720458984375,0.8511810302734375,-0.0444488525390625,-0.4847775995731354,-0.41187888383865356,-0.048049818724393845
699,0.9666,0.9227,0,0,0.11773681640625,0.8688812255859375,-0.21942138671875,-0.6480381488800049,-0.5064789056777954,-0.05488215759396553
700,0.967,0.9378,0,0,0.021697998046875,0.9390411376953125,-0.146759033203125,-0.8021275997161865,-0.45705464482307434,-0.0029891319572925568
701,0.9747,0.9335,0,0,-0.0082244873046875,0.9415435791015625,-0.009674072265625,-0.8021275997161865,-0.45705464482307434,-0.0029891319572925568
702,0.9895,0.9068,0,0,0.003814697265625,0.9345855712890625,0.0510406494140625,-0.6904338002204895,-0.5004657506942749,-0.03136218339204788
703,1.0105,0.8574,0,0,-0.0190887451171875,0.9656982421875,-0.0378265380859375,-0.9400455355644226,-0.2572301924228668,-0.0226171612739563
704,1.0359,0.789,0,0,-0.009796142578125,1.030731201171875,-0.14349365234375,-0.9099528789520264,0.331633597612381,-0.05036303773522377
705,1.0636,0.709,0,0,0.031707763671875,1.0985107421875,-0.1529083251953125,-0.9099528789520264,0.331633597612381,-0.05036303773522377
706,1.0915,0.6281,0,0,0.152801513671875,1.148529052734375,-0.1149444580078125,-0.28615427017211914,0.9547786712646484,-0.21508966386318207
707,1.1175,0.56,0,0,0.2499847412109375,1.169219970703125,-0.0395660400390625,-0.2595825791358948,0.7550674080848694,-0.19566909968852997
708,1.1401,0.5196,0,0,0.2752227783203125,1.1459197998046875,-0.0168609619140625,-0.25232917070388794,0.34201937913894653,-0.08434177935123444
709,1.1587,0.5215,0,0,0.2243499755859375,1.1465301513671875,-0.0786285400390625,-0.24659299850463867,0.0680147334933281,0.1589030921459198
710,1.173,0.5782,0,0,0.1824798583984375,1.1689300537109375,-0.1615447998046875,-0.10177696496248245,0.07464014738798141,0.3410113751888275
711,1.1834,0.6978,0,0,0.1619873046875,1.22589111328125,-0.1599273681640625,0.13427019119262695,0.01380928885191679,0.4395536780357361
712,1.1906,0.8831,0,0,0.12445068359375,1.2937469482421875,-0.0435943603515625,0.4167064130306244,-0.4598994255065918,0.4820726215839386
713,1.1955,1.1302,0,0,0.046356201171875,1.1548309326171875,0.02978515625,0.7526189088821411,-0.6922064423561096,0.36283251643180847
714,1.1983,1.4285,0,0,0.0344696044921875,0.9945068359375,0.108856201171875,0.7526189088821411,-0.6922064423561096,0.36283251643180847
715,1.199,1.7616,0,0,-0.0605010986328125,0.8962554931640625,0.1501617431640625,1.269013524055481,-0.48440369963645935,0.14217178523540497
716,1.1968,2.1084,0,0,-0.1484527587890625,0.998260498046875,0.0844879150390625,1.269013524055481,-0.48440369963645935,0.14217178523540497
717,1.1904,2.4453,0,0,-0.159576416015625,1.1979217529296875,0.0444488525390625,2.2442493438720703,1.1237733364105225,0.11561155319213867
718,1.1783,2.7489,0,0,-0.307159423828125,1.3420867919921875,0.1119384765625,2.2442493438720703,1.1237733364105225,0.11561155319213867
719,1.1591,2.999,0,0,-0.46624755859375,1.4226226806640625,-0.0894927978515625,2.8503201007843018,4.178063869476318,-0.3747789263725281
720,1.1319,3.1802,0,0,-0.463226318359375,1.2707366943359375,-0.1797332763671875,3.327139139175415,3.5105948448181152,-0.5975449085235596
721,1.0966,3.2841,0,0,-0.213958740234375,0.9702606201171875,0.1358489990234375,2.7862541675567627,1.2715795040130615,-0.2207408994436264
722,1.0541,3.3089,0,0,-0.06207275390625,0.850372314453125,-0.0449676513671875,2.3422000408172607,-0.23714889585971832,0.2648654878139496
723,1.0061,3.259,0,0,-0.0677337646484375,0.8188018798828125,0.0674591064453125,1.632112979888916,-1.8933045864105225,0.42595475912094116
724,0.9548,3.1431,0,0,0.1541290283203125,0.844329833984375,-0.18017578125,1.4748224020004272,-2.3990538120269775,0.8144060969352722
725,0.9032,2.9726,0,0,0.1669921875,0.929351806640625,-0.2467498779296875,1.6245511770248413,-1.9052797555923462,0.9972467422485352
726,0.8543,2.7602,0,0,0.1396942138671875,0.9632568359375,-0.1674041748046875,1.5635799169540405,-1.4908990859985352,0.8948801755905151
727,0.8115,2.5188,0,0,0.211944580078125,0.9366912841796875,-0.13580322265625,1.3624242544174194,-1.8572193384170532,0.8726124167442322
728,0.7781,2.2609,0,0,0.08111572265625,0.8035430908203125,-0.09698486328125,1.0412651300430298,-2.478569269180298,0.6320719718933105
729,0.7573,1.9986,0,0,-0.108245849609375,0.6561279296875,-0.112762451171875,0.7019072771072388,-2.5074875354766846,0.12346441298723221
730,0.7516,1.7431,0,0,-0.2655487060546875,0.574127197265625,-0.1592864990234375,0.3741389811038971,-1.9210113286972046,-0.3201769292354584
731,0.7624,1.5051,0,0,-0.393707275390625,0.5787811279296875,-0.2490692138671875,0.032343026250600815,-1.2619620561599731,-0.4725811183452606
732,0.7905,1.2942,0,0,-0.3852081298828125,0.593658447265625,-0.3160552978515625,-0.37881043553352356,-0.7233536839485168,-0.2308606505393982
733,0.8349,1.1182,0,0,-0.30889892578125,0.5911407470703125,-0.41796875,-0.7369829416275024,0.014483335427939892,0.17592522501945496
734,0.8935,0.9835,0,0,-0.267578125,0.641510009765625,-0.539031982421875,-0.8914252519607544,0.6605398654937744,0.04506654292345047
735,0.9631,0.8943,0,0,-0.1529693603515625,0.7305145263671875,-0.5542755126953125,-1.0047214031219482,0.8497492074966431,-0.10242650657892227
736,1.0392,0.8524,0,0,-0.0574493408203125,0.84393310546875,-0.6122894287109375,-0.782362163066864,0.723422646522522,-0.09437310695648193
737,1.1169,0.8577,0,0,0.0764312744140625,0.931243896484375,-0.665557861328125,-0.32203102111816406,-0.10128853470087051,0.045582931488752365
738,1.1909,0.9075,0,0,0.15533447265625,0.9557647705078125,-0.6802978515625,-0.1706300675868988,-1.0047744512557983,0.11120801419019699
739,1.256,0.997,0,0,0.2797698974609375,0.9463958740234375,-0.7245025634765625,-0.5048817992210388,-1.1712480783462524,0.24516580998897552
740,1.308,1.1193,0,0,0.3114013671875,1.0104827880859375,-0.6841583251953125,-0.5048817992210388,-1.1712480783462524,0.24516580998897552
741,1.3433,1.2655,0,0,0.1400299072265625,1.172698974609375,-0.66998291015625,-0.42761579155921936,0.10000276565551758,0.4909886419773102
742,1.36,1.4254,0,0,-0.0169677734375,1.1556396484375,-1.0574493408203125,0.3609533905982971,-0.5443155169487,0.5323347449302673
743,1.3578,1.5881,0,0,-0.088409423828125,1.0826873779296875,-0.995086669921875,0.3303358256816864,-1.2310155630111694,0.5347691178321838
744,1.338,1.7426,0,0,-0.283355712890625,1.12615966796875,-0.3472442626953125,-0.995614767074585,-0.14454546570777893,-0.10396181792020798
745,1.3034,1.8794,0,0,-0.40411376953125,1.18267822265625,0.342437744140625,-3.336876153945923,0.9923334717750549,-0.9080870747566223
746,1.258,1.9908,0,0,-0.564453125,1.24859619140625,0.39453125,-3.336876153945923,0.9923334717750549,-0.9080870747566223
747,1.2068,2.0719,0,0,-0.670623779296875,1.132171630859375,-0.386016845703125,-2.3706727027893066,0.5893822908401489,-1.5860708951950073
748,1.1546,2.1203,0,0,-0.5513916015625,0.9306488037109375,-0.3562469482421875,0.2855159044265747,-0.20007210969924927,-0.285531610250473
749,1.106,2.1353,0,0,-0.4152984619140625,0.6380157470703125,-0.01885986328125,1.0816175937652588,0.007260309532284737,0.04824822396039963
750,1.0646,2.1174,0,0,-0.2511749267578125,0.699737548828125,0.4047698974609375,0.15094637870788574,0.7083600759506226,-0.045391183346509933
751,1.0326,2.0671,0,0,-0.044647216796875,0.81634521484375,0.39312744140625,-0.9373778104782104,1.494070053100586,0.1279587596654892
752,1.0106,1.9859,0,0,0.0662841796875,0.9958038330078125,0.263824462890625,-1.5232287645339966,2.220266103744507,0.4605361819267273
753,0.9979,1.8761,0,0,0.1179656982421875,1.1010589599609375,0.2234954833984375,-1.587219476699829,2.586653232574463,0.7394948601722717
754,0.9926,1.742,0,0,0.1197509765625,1.10321044921875,0.17913818359375,-1.2558543682098389,2.353684902191162,0.8059239387512207
755,0.9922,1.5903,0,0,0.0815887451171875,1.0220184326171875,0.1412200927734375,-0.7109143137931824,1.5869814157485962,0.6453608870506287
756,0.9941,1.4302,0,0,0.1193389892578125,0.95941162109375,0.101654052734375,-0.23387214541435242,0.6600729823112488,0.475837379693985
757,0.9956,1.2719,0,0,0.14495849609375,0.9459228515625,0.083770751953125,-0.06506102532148361,-0.40950337052345276,0.3093740940093994
758,0.995,1.126,0,0,0.134429931640625,0.9519195556640625,0.0277099609375,-0.14383786916732788,-1.2034928798675537,0.17504452168941498
759,0.9912,1.0017,0,0,-0.0487518310546875,0.91497802734375,-0.78363037109375,-0.40714940428733826,-0.773028552532196,0.04982561245560646
760,0.9841,0.9055,0,0,0.0057830810546875,0.9148101806640625,-0.31396484375,-0.670963704586029,0.21865271031856537,0.05386296659708023
761,0.9743,0.841,0,0,0.0938873291015625,0.98492431640625,0.1123504638671875,-0.8790404796600342,0.41651999950408936,0.08341126888990402
762,0.9634,0.8078,0,0,0.1134490966796875,0.9863128662109375,0.0959014892578125,-0.6898641586303711,0.3468988239765167,0.049125466495752335
763,0.9533,0.802,0,0,0.078338623046875,0.862060546875,0.0223236083984375,-0.4236750900745392,-0.0007534082396887243,-0.020736170932650566
764,0.946,0.8167,0,0,0.1099395751953125,0.8393402099609375,-0.13555908203125,-0.48259595036506653,-0.3587126135826111,-0.033189110457897186
765,0.9434,0.8431,0,0,0.0403289794921875,0.9410247802734375,-0.1756591796875,-0.8788692355155945,-0.6825820207595825,-0.1429307907819748
766,0.947,0.8714,0,0,0.0646209716796875,0.951080322265625,-0.1112823486328125,-0.8119685053825378,-0.6249373555183411,-0.08238169550895691
767,0.9575,0.8922,0,0,0.059478759765625,0.9587249755859375,-0.0490570068359375,-0.8119685053825378,-0.6249373555183411,-0.08238169550895691
768,0.9749,0.8983,0,0,0.0600128173828125,0.931304931640625,-0.0383453369140625,-0.703541100025177,-0.6774112582206726,-0.03387274593114853
769,0.9982,0.8849,0,0,0.0417938232421875,0.921661376953125,-0.031768798828125,-0.9119084477424622,-0.5932345986366272,-0.0344352051615715
770,1.0259,0.8511,0,0,0.0255889892578125,0.967987060546875,-0.03192138671875,-0.7120466828346252,-0.3150729835033417,-0.13459402322769165
771,1.0558,0.7999,0,0,0.0270233154296875,1.0339508056640625,-0.0539093017578125,-0.422639936208725,0.11629252135753632,-0.16741962730884552
772,1.0856,0.7379,0,0,0.026611328125,1.12933349609375,-0.0928802490234375,-0.4711557924747467,0.6984752416610718,-0.10386674106121063
773,1.1128,0.6755,0,0,0.0294189453125,1.17626953125,-0.049530029296875,-0.4842492341995239,0.9395565390586853,-0.12699389457702637
774,1.1355,0.6253,0,0,0.0828399658203125,1.191375732421875,-0.0264129638671875,-0.317771852016449,0.8768793344497681,-0.20504049956798553
775,1.1526,0.6016,0,0,0.174957275390625,1.1456298828125,-0.083282470703125,-0.1892372965812683,0.7510076761245728,-0.16872216761112213
776,1.1634,0.6183,0,0,0.2677764892578125,1.18328857421875,-0.0775604248046875,-0.14033687114715576,0.43637731671333313,0.05273538455367088
777,1.1684,0.6876,0,0,0.2787933349609375,1.17510986328125,-0.1048431396484375,-0.028424717485904694,0.09268999099731445,0.20554544031620026
778,1.1687,0.818,0,0,0.248016357421875,1.200531005859375,-0.1044158935546875,0.21303556859493256,-0.33909016847610474,0.3341582715511322
779,1.1657,1.0134,0,0,0.1827545166015625,1.2303466796875,-0.061553955078125,0.5521790385246277,-0.743518590927124,0.39029479026794434
780,1.1614,1.2713,0,0,0.133636474609375,1.1558074951171875,0.012451171875,0.8747624158859253,-1.0611631870269775,0.3127738833427429
781,1.1571,1.5836,0,0,0.048065185546875,1.0467987060546875,0.064239501953125,1.1670717000961304,-1.1236881017684937,0.19622063636779785
782,1.1537,1.9357,0,0,-0.1070404052734375,0.9290008544921875,0.0652008056640625,1.4514936208724976,-0.6462743282318115,-0.1439627707004547
783,1.1513,2.3086,0,0,-0.2201385498046875,0.9486236572265625,0.043426513671875,1.4514936208724976,-0.6462743282318115,-0.1439627707004547
784,1.1489,2.6795,0,0,-0.11578369140625,1.06280517578125,0.0335845947265625,2.1424784660339355,0.5923778414726257,-0.16745930910110474
785,1.1449,3.0247,0,0,-0.1707000732421875,1.1273651123046875,0.1494140625,2.02851939201355,2.1116533279418945,0.15665698051452637
786,1.1371,3.3213,0,0,-0.3398284912109375,1.231201171875,0.1500244140625,1.8908417224884033,3.917221784591675,0.11002423614263535
787,1.1235,3.5502,0,0,-0.42034912109375,1.2911834716796875,-0.2905731201171875,2.8167104721069336,4.19327974319458,-0.039507996290922165
788,1.1024,3.6975,0,0,-0.2841796875,1.1324310302734375,-0.0325927734375,2.9278557300567627,2.448199987411499,0.15482766926288605
789,1.0729,3.756,0,0,-0.1691741943359375,0.9895782470703125,0.07720947265625,2.9278557300567627,2.448199987411499,0.15482766926288605
790,1.0354,3.7246,0,0,-0.1038970947265625,0.871429443359375,0.1419677734375,1.6173750162124634,-2.413614273071289,0.34742188453674316
791,0.9911,3.6084,0,0,0.249725341796875,0.9181365966796875,-0.23583984375,1.6838935613632202,-2.995112657546997,0.9588085412979126
792,0.9425,3.4169,0,0,0.2343902587890625,0.95635986328125,-0.26214599609375,1.904829978942871,-2.0425028800964355,1.288201928138733
793,0.8929,3.1628,0,0,0.227691650390625,0.99334716796875,-0.1746826171875,1.8016811609268188,-1.435996651649475,1.2720484733581543
794,0.8464,2.861,0,0,0.20166015625,0.91558837890625,-0.1523895263671875,1.4821242094039917,-1.9862658977508545,1.039989709854126
795,0.8071,2.5276,0,0,0.031829833984375,0.7920074462890625,-0.1157989501953125,1.4821242094039917,-1.9862658977508545,1.039989709854126
796,0.7791,2.1793,0,0,-0.062042236328125,0.6646728515625,-0.092803955078125,0.38017210364341736,-2.9620847702026367,0.26344361901283264
797,0.7656,1.8328,0,0,-0.2096099853515625,0.5508270263671875,-0.144683837890625,-0.049016546458005905,-2.14210844039917,-0.10528700798749924
798,0.7691,1.5047,0,0,-0.3581085205078125,0.533355712890625,-0.204254150390625,-0.3009886145591736,-1.1672166585922241,-0.39299601316452026
799,0.7903,1.2101,0,0,-0.4187469482421875,0.5555419921875,-0.2602996826171875,-0.5165512561798096,-0.2644042372703552,-0.437766432762146
800,0.8287,0.9628,0,0,-0.37921142578125,0.60760498046875,-0.376434326171875,-0.6568233966827393,0.31761178374290466,-0.21997497975826263
801,0.8822,0.7738,0,0,-0.3592681884765625,0.7139129638671875,-0.521453857421875,-0.6723480224609375,0.6325084567070007,-0.20495767891407013
802,0.9476,0.6514,0,0,-0.2586212158203125,0.7853851318359375,-0.5648345947265625,-0.6298514604568481,0.8231106400489807,-0.34376242756843567
803,1.0208,0.6002,0,0,-0.13079833984375,0.8769989013671875,-0.6127471923828125,-0.4802374541759491,0.6677932143211365,-0.32665348052978516
804,1.0972,0.6206,0,0,0.0406646728515625,0.8927154541015625,-0.6837615966796875,-0.24854882061481476,0.09428149461746216,-0.10582656413316727
805,1.172,0.7091,0,0,0.17578125,0.8643646240234375,-0.7260894775390625,-0.20502585172653198,-0.5229292511940002,0.042934682220220566
806,1.2406,0.8575,0,0,0.376983642578125,0.8659820556640625,-0.7302703857421875,-0.45054107904434204,-0.43668437004089355,0.3607073128223419
807,1.2991,1.0537,0,0,0.4517059326171875,1.01483154296875,-0.6237030029296875,-0.8148391246795654,0.08979566395282745,0.6934109926223755
808,1.3439,1.2816,0,0,0.3334503173828125,1.156158447265625,-0.623077392578125,-0.8085730075836182,0.2440406233072281,0.6392601132392883
809,1.3729,1.523,0,0,0.3040008544921875,1.041656494140625,-0.9242706298828125,0.1173468679189682,-0.44620516896247864,0.6651234030723572
810,1.3849,1.7582,0,0,0.208343505859375,0.97845458984375,-1.0299835205078125,0.34328439831733704,-1.1580300331115723,0.6521559357643127
811,1.3798,1.9689,0,0,-0.0931243896484375,1.1414337158203125,-0.498321533203125,-0.9624754786491394,-0.5642141103744507,0.06118346378207207
812,1.3591,2.1395,0,0,-0.3812255859375,1.2458648681640625,0.1440887451171875,-3.076064109802246,0.5031661987304688,-0.9171292781829834
813,1.3252,2.2594,0,0,-0.6265106201171875,1.3526458740234375,0.398590087890625,-4.612583160400391,1.1128220558166504,-2.017533779144287
814,1.2814,2.3241,0,0,-0.8259429931640625,1.3224639892578125,-0.3149566650390625,-2.752403497695923,0.7113263010978699,-2.2848472595214844
815,1.2317,2.335,0,0,-0.634124755859375,1.0570526123046875,-0.5297088623046875,0.601548433303833,-0.3604221045970917,-0.4581771492958069
816,1.1803,2.2984,0,0,-0.6016845703125,0.5853424072265625,-0.0887298583984375,1.7754818201065063,-0.7424054145812988,-0.03267299011349678
817,1.1308,2.2232,0,0,-0.34124755859375,0.62255859375,0.4124908447265625,0.790669858455658,-0.029158417135477066,-0.16041550040245056
818,1.0864,2.119,0,0,-0.0828094482421875,0.7772216796875,0.508544921875,0.790669858455658,-0.029158417135477066,-0.16041550040245056
819,1.0489,1.9944,0,0,0.0720977783203125,0.9883270263671875,0.309417724609375,-0.7364250421524048,0.7961357831954956,0.014137922786176205
820,1.019,1.8563,0,0,0.130767822265625,1.1416168212890625,0.2006683349609375,-1.795006275177002,2.282335042953491,0.808294415473938
821,0.9966,1.7102,0,0,0.114501953125,1.129669189453125,0.1528778076171875,-1.4644038677215576,2.4147286415100098,0.874268114566803
822,0.9807,1.5607,0,0,0.0979156494140625,1.019012451171875,0.114837646484375,-0.8669585585594177,1.903363823890686,0.7061081528663635
823,0.9699,1.4127,0,0,0.0855712890625,0.9557952880859375,0.08123779296875,-0.8669585585594177,1.903363823890686,0.7061081528663635
824,0.9627,1.2712,0,0,0.090057373046875,0.920166015625,0.077789306640625,-0.03816309943795204,0.27251940965652466,0.11693727225065231
825,0.9577,1.1414,0,0,0.1341400146484375,0.9100189208984375,0.0820159912109375,-0.17424583435058594,-0.4134941101074219,0.049961432814598083
826,0.9538,1.0279,0,0,0.0298919677734375,0.89947509765625,-0.2871551513671875,-0.6181260943412781,-0.8846203684806824,0.12283644080162048
827,0.9502,0.9343,0,0,-0.124237060546875,0.8947601318359375,-0.4620819091796875,-0.9117827415466309,-0.20367270708084106,0.022411832585930824
828,0.9469,0.8625,0,0,0.028289794921875,0.9372711181640625,-0.1204681396484375,-0.8101218938827515,0.6844635605812073,-0.020000340417027473
829,0.9439,0.8126,0,0,0.0726165771484375,1.017303466796875,0.0902862548828125,-0.6561296582221985,0.5428696870803833,-0.04627908021211624
830,0.942,0.7824,0,0,0.061981201171875,0.9164276123046875,-0.0058441162109375,-0.46966683864593506,0.2797730565071106,-0.07948923110961914
831,0.9421,0.7683,0,0,0.1111907958984375,0.8828887939453125,-0.13299560546875,-0.6572631001472473,-0.08113560080528259,-0.11744247376918793
832,0.9453,0.7649,0,0,0.13726806640625,0.923187255859375,-0.1662139892578125,-0.6572631001472473,-0.08113560080528259,-0.11744247376918793
833,0.9526,0.7662,0,0,0.06756591796875,0.982086181640625,-0.1597442626953125,-0.867464005947113,-0.4194902181625366,-0.10721460729837418
834,0.9647,0.7659,0,0,0.0709686279296875,0.9654998779296875,-0.072113037109375,-0.4841080904006958,-0.4571952521800995,-0.07851158827543259
835,0.9818,0.7584,0,0,0.06878662109375,0.9445648193359375,-0.0361785888671875,-0.4841080904006958,-0.4571952521800995,-0.07851158827543259
836,1.0037,0.7397,0,0,0.0222625732421875,0.9263763427734375,-0.0379180908203125,-0.7439287304878235,-0.5548086166381836,-0.0550006665289402
837,1.0292,0.7081,0,0,-0.0214691162109375,0.938507080078125,-0.090911865234375,-0.5528927445411682,-0.14352627098560333,-0.11898577213287354
838,1.0569,0.6647,0,0,-0.018310546875,0.9963531494140625,-0.0771026611328125,-0.39125537872314453,0.39260825514793396,-0.13190050423145294
839,1.0849,0.6141,0,0,0.0222625732421875,1.0946197509765625,0.027740478515625,-0.4748149812221527,0.6556369662284851,-0.08618548512458801
840,1.1109,0.5637,0,0,0.064910888671875,1.1311187744140625,0.036407470703125,-0.5232685208320618,0.7351599931716919,-0.17757637798786163
841,1.1331,0.5242,0,0,0.1141815185546875,1.1826324462890625,0.0047760009765625,-0.4492736756801605,0.7463692426681519,-0.25798600912094116
842,1.1499,0.508,0,0,0.18304443359375,1.1756439208984375,-0.0560455322265625,-0.3696717917919159,0.6311824917793274,-0.18312907218933105
843,1.1605,0.5282,0,0,0.222930908203125,1.1806488037109375,-0.1211090087890625,-0.3059476613998413,0.40832412242889404,0.02143178880214691
844,1.165,0.5966,0,0,0.25274658203125,1.2440948486328125,-0.1182098388671875,-0.13081873953342438,0.09347375482320786,0.20180928707122803
845,1.1642,0.7222,0,0,0.2303619384765625,1.216583251953125,-0.133087158203125,0.11280830949544907,-0.13767877221107483,0.3212035894393921
846,1.1596,0.9094,0,0,0.170745849609375,1.2205963134765625,-0.061431884765625,0.3983069062232971,-0.43840983510017395,0.3967239260673523
847,1.1531,1.1567,0,0,0.110137939453125,1.1444244384765625,-0.0183258056640625,0.7324252128601074,-0.6495673656463623,0.3284367322921753
848,1.1466,1.4563,0,0,0.1035919189453125,1.0805816650390625,0.063568115234375,1.0170689821243286,-0.9396122097969055,0.31660059094429016
849,1.1414,1.7944,0,0,0.0240325927734375,0.9296417236328125,0.1728515625,1.1060981750488281,-1.0671981573104858,0.2543089687824249
850,1.1381,2.1518,0,0,-0.1859588623046875,0.8494873046875,0.132659912109375,1.3270920515060425,-0.7337440252304077,-0.15409024059772491
851,1.1362,2.5064,0,0,-0.2934112548828125,0.991943359375,-0.0364532470703125,1.9593946933746338,0.0190754234790802,-0.4981602430343628
852,1.1344,2.8349,0,0,-0.19989013671875,1.1147613525390625,0.0613250732421875,2.2804110050201416,1.3522343635559082,-0.2863079309463501
853,1.1307,3.1158,0,0,-0.2740936279296875,1.1954498291015625,0.13958740234375,2.175834894180298,3.197535514831543,-0.03949121758341789
854,1.1228,3.3319,0,0,-0.3950042724609375,1.30560302734375,-0.11541748046875,2.6058831214904785,4.488500118255615,0.013309413567185402
855,1.1089,3.472,0,0,-0.432708740234375,1.2033538818359375,-0.2576751708984375,3.1539769172668457,3.7979190349578857,0.06462906301021576
856,1.0874,3.5317,0,0,-0.2895355224609375,1.052032470703125,0.04522705078125,2.685720920562744,1.6054635047912598,0.3170788884162903
857,1.058,3.5132,0,0,-0.2400054931640625,0.90240478515625,-0.03253173828125,2.047293186187744,-0.17194326221942902,0.3208579123020172
858,1.0212,3.4238,0,0,-0.0711212158203125,0.7852020263671875,0.1473846435546875,1.076308012008667,-2.518562078475952,0.4417305290699005
859,0.9784,3.2736,0,0,0.2561798095703125,0.8990325927734375,-0.2920989990234375,1.220349907875061,-2.970268964767456,1.08573317527771
860,0.9322,3.0746,0,0,0.1512451171875,0.98162841796875,-0.3297119140625,1.646018385887146,-1.7329192161560059,1.2010164260864258
861,0.8856,2.8383,0,0,0.1519317626953125,0.9840087890625,-0.1514129638671875,1.6225523948669434,-1.1637611389160156,1.0336982011795044
862,0.8423,2.5762,0,0,0.2298431396484375,0.9669952392578125,-0.1795654296875,1.5528205633163452,-1.8523625135421753,0.9216611981391907
863,0.8062,2.2986,0,0,0.0533294677734375,0.769989013671875,-0.1815948486328125,1.347464919090271,-2.4536755084991455,0.5341054797172546
864,0.781,2.0156,0,0,-0.10272216796875,0.620635986328125,-0.1921539306640625,0.8817632794380188,-2.3183836936950684,0.06823684275150299
865,0.7698,1.737,0,0,-0.241790771484375,0.55816650390625,-0.218109130859375,0.8817632794380188,-2.3183836936950684,0.06823684275150299
866,0.7748,1.4727,0,0,-0.3256378173828125,0.5413665771484375,-0.2766571044921875,-0.40376317501068115,-1.0074330568313599,-0.3309835195541382
867,0.7968,1.2326,0,0,-0.352203369140625,0.5330810546875,-0.32568359375,-0.8416885733604431,-0.3091277480125427,-0.22370952367782593
868,0.8352,1.0259,0,0,-0.3501739501953125,0.61236572265625,-0.45257568359375,-0.9016400575637817,0.03591911867260933,-0.17416833341121674
869,0.8882,0.8611,0,0,-0.2248687744140625,0.70831298828125,-0.561798095703125,-0.7263185977935791,0.23807008564472198,-0.259456604719162
870,0.9526,0.7445,0,0,-0.0986480712890625,0.798919677734375,-0.61956787109375,-0.4877355694770813,0.4621697664260864,-0.2778635621070862
871,1.0244,0.6803,0,0,-0.0361175537109375,0.891571044921875,-0.650970458984375,-0.3263237774372101,0.6265946626663208,-0.28246816992759705
872,1.099,0.6702,0,0,0.039276123046875,0.888427734375,-0.6871490478515625,-0.3263237774372101,0.6265946626663208,-0.28246816992759705
873,1.1718,0.7124,0,0,0.0996246337890625,0.8224945068359375,-0.7583770751953125,-0.5100196003913879,-0.6154102087020874,-0.16700443625450134
874,1.2381,0.8022,0,0,0.223358154296875,0.8369903564453125,-0.7639007568359375,-0.5663030743598938,-0.6267070174217224,0.08890403807163239
875,1.2936,0.9317,0,0,0.2508087158203125,0.9768218994140625,-0.689117431640625,-0.6861831545829773,-0.02666143886744976,0.3341849148273468
876,1.335,1.0903,0,0,0.136444091796875,1.1822967529296875,-0.678314208984375,-0.645031750202179,-0.029573338106274605,0.3229503631591797
877,1.3596,1.2649,0,0,0.109375,1.075775146484375,-0.9698944091796875,0.07885060459375381,-0.6084132790565491,0.47473934292793274
878,1.3663,1.4414,0,0,0.071197509765625,1.1043853759765625,-0.912353515625,0.12584607303142548,-0.49594396352767944,0.42446234822273254
879,1.3553,1.6059,0,0,-0.08612060546875,1.1706695556640625,-0.2987060546875,-1.195637822151184,0.49182459712028503,0.14362454414367676
880,1.3282,1.7462,0,0,-0.4215850830078125,1.24822998046875,0.33843994140625,-3.3684566020965576,1.0241308212280273,-0.802393913269043
881,1.2877,1.8535,0,0,-0.6821746826171875,1.3033599853515625,0.4000091552734375,-3.3684566020965576,1.0241308212280273,-0.802393913269043
882,1.238,1.9226,0,0,-0.7034149169921875,1.256561279296875,-0.6576385498046875,-1.576900601387024,-0.3170093894004822,-1.6057831048965454
883,1.1835,1.9528,0,0,-0.475982666015625,0.925140380859375,-0.1982269287109375,0.626497209072113,-0.6647984981536865,0.022660039365291595
884,1.1288,1.9464,0,0,-0.3856658935546875,0.71600341796875,0.188323974609375,0.8066318035125732,-0.13162407279014587,0.1752581000328064
885,1.0782,1.9079,0,0,-0.2028961181640625,0.703887939453125,0.3868865966796875,-0.039636094123125076,0.6030781269073486,0.11149350553750992
886,1.0347,1.8427,0,0,-0.0330657958984375,0.839324951171875,0.33447265625,-0.8021600842475891,1.6224669218063354,0.30127596855163574
887,1.0004,1.7564,0,0,0.0384674072265625,1.014739990234375,0.235931396484375,-1.025935411453247,2.169029474258423,0.5559066534042358
888,0.9758,1.6548,0,0,0.03216552734375,1.0859527587890625,0.2398223876953125,-1.025935411453247,2.169029474258423,0.5559066534042358
889,0.9603,1.5438,0,0,0.0323028564453125,1.0057220458984375,0.23040771484375,-0.886222779750824,1.7806867361068726,0.6498661637306213
890,0.9525,1.4295,0,0,0.0093841552734375,0.929168701171875,0.1685638427734375,-0.6527935266494751,0.9771894216537476,0.5372788906097412
891,0.9501,1.3178,0,0,0.0403594970703125,0.9037322998046875,0.086669921875,-0.4145013093948364,-0.03385809808969498,0.44434070587158203
892,0.9511,1.2145,0,0,0.0466156005859375,0.9069976806640625,0.0411376953125,-0.3405200242996216,-1.0291240215301514,0.31257814168930054
893,0.9533,1.1242,0,0,0.0344085693359375,0.9264678955078125,-0.228118896484375,-0.259793758392334,-1.6123716831207275,0.1477697491645813
894,0.9552,1.0502,0,0,-0.080810546875,0.9282989501953125,-0.710418701171875,-0.46160438656806946,-0.5440965890884399,-0.08564406633377075
895,0.9558,0.9941,0,0,0.112945556640625,0.9453887939453125,-0.1177520751953125,-0.46160438656806946,-0.5440965890884399,-0.08564406633377075
896,0.955,0.9554,0,0,0.09783935546875,1.010894775390625,0.1431884765625,-1.125002384185791,0.5677840709686279,0.14634841680526733
897,0.9532,0.9318,0,0,0.0584716796875,0.9490814208984375,0.0594024658203125,-0.7736749053001404,0.45115360617637634,0.03223676607012749
898,0.9515,0.9194,0,0,0.0539703369140625,0.83673095703125,-0.019439697265625,-0.4499290883541107,0.03832155466079712,-0.13304805755615234
899,0.9512,0.913,0,0,0.11279296875,0.879791259765625,-0.1772003173828125,-0.8208504319190979,-0.6307971477508545,-0.21859651803970337
900,0.9537,0.9068,0,0,0.1137847900390625,0.9318695068359375,-0.1917572021484375,-1.0391387939453125,-0.5678567886352539,-0.12296773493289948
901,0.9599,0.8954,0,0,0.046966552734375,0.946136474609375,-0.09356689453125,-0.6713876724243164,-0.39066043496131897,-0.0878603458404541
902,0.9706,0.874,0,0,0.011962890625,0.9450225830078125,0.0137481689453125,-0.6280905604362488,-0.5650982856750488,-0.08004903048276901
903,0.9859,0.8396,0,0,-0.015899658203125,0.937652587890625,0.0200347900390625,-0.6280905604362488,-0.5650982856750488,-0.08004903048276901
904,1.0052,0.7914,0,0,-0.0123748779296875,0.9703216552734375,-0.104949951171875,-0.8350610733032227,0.11799561232328415,-0.057085923850536346
905,1.0276,0.731,0,0,0.02593994140625,1.0056610107421875,-0.0923614501953125,-0.40916380286216736,0.5333669781684875,-0.12585273385047913
906,1.0518,0.663,0,0,0.080657958984375,1.0626220703125,-0.01873779296875,-0.2503747045993805,0.643680989742279,-0.18420365452766418
907,1.0764,0.5947,0,0,0.10955810546875,1.1122589111328125,0.0168304443359375,-0.42761310935020447,0.6084840893745422,-0.18366676568984985
908,1.0999,0.5357,0,0,0.1345672607421875,1.159576416015625,0.023712158203125,-0.5055734515190125,0.5470066070556641,-0.11729786545038223
909,1.1213,0.4973,0,0,0.1269073486328125,1.1709747314453125,-0.019012451171875,-0.44195103645324707,0.45347481966018677,-0.02629951387643814
910,1.1396,0.4914,0,0,0.0874481201171875,1.1090087890625,-0.1297760009765625,-0.44195103645324707,0.45347481966018677,-0.02629951387643814
911,1.1545,0.5291,0,0,0.061859130859375,1.0871124267578125,-0.18414306640625,-0.1998603790998459,0.4859699010848999,0.133894681930542
912,1.1659,0.6195,0,0,0.1338348388671875,1.20745849609375,-0.1514739990234375,0.09952312707901001,0.23008993268013,0.19628934562206268
913,1.174,0.7678,0,0,0.14794921875,1.2009735107421875,-0.1119232177734375,0.39023858308792114,0.059960007667541504,0.18138976395130157
914,1.1793,0.975,0,0,0.188934326171875,1.2630767822265625,0.0210723876953125,0.6422774791717529,-0.39077308773994446,0.3189209997653961
915,1.1821,1.2364,0,0,0.1405181884765625,1.1368408203125,0.0579681396484375,0.9293763637542725,-0.8039036393165588,0.26829537749290466
916,1.1825,1.542,0,0,0.0643463134765625,0.989166259765625,0.0823211669921875,1.2205485105514526,-0.9081738591194153,0.1527610421180725
917,1.1802,1.877,0,0,-0.05487060546875,0.991485595703125,0.1012115478515625,1.5158566236495972,-0.64495849609375,0.023932762444019318
918,1.1747,2.2225,0,0,-0.128082275390625,1.11187744140625,0.018524169921875,1.9538049697875977,-0.26193174719810486,-0.004445614758878946
919,1.1651,2.5575,0,0,-0.1288909912109375,1.174652099609375,0.05804443359375,1.9538049697875977,-0.26193174719810486,-0.004445614758878946
920,1.1506,2.861,0,0,-0.2409515380859375,1.2299957275390625,0.1236419677734375,2.1340558528900146,0.8907613158226013,0.163442462682724
921,1.1305,3.1135,0,0,-0.369659423828125,1.3154296875,-0.0169830322265625,2.197596311569214,4.510117530822754,-0.14936178922653198
922,1.1044,3.2996,0,0,-0.4068603515625,1.205474853515625,-0.31158447265625,2.9958250522613525,3.877174139022827,-0.3460668623447418
923,1.0728,3.4091,0,0,-0.16265869140625,0.9796295166015625,0.0829315185546875,2.6042251586914062,1.532251000404358,0.025723738595843315
924,1.0364,3.4374,0,0,-0.0909423828125,0.8710174560546875,0.020904541015625,2.0465524196624756,-0.8942098617553711,0.29291656613349915
925,0.9967,3.3856,0,0,-0.057861328125,0.8050689697265625,0.1303863525390625,1.2955988645553589,-2.9242513179779053,0.3665476441383362
926,0.9554,3.2592,0,0,0.1645355224609375,0.871612548828125,-0.215545654296875,1.2955988645553589,-2.9242513179779053,0.3665476441383362
927,0.9144,3.0675,0,0,0.1399078369140625,0.919036865234375,-0.2230072021484375,1.3611834049224854,-3.178934335708618,0.7509954571723938
928,0.8757,2.8224,0,0,0.131072998046875,0.9370880126953125,-0.126312255859375,1.414849042892456,-1.3344188928604126,0.7730280160903931
929,0.8414,2.5374,0,0,0.18023681640625,0.926910400390625,-0.107940673828125,1.1478067636489868,-1.6964091062545776,0.7584235072135925
930,0.8137,2.2269,0,0,0.0576324462890625,0.83575439453125,-0.1019439697265625,0.7760326266288757,-2.2878470420837402,0.6004381775856018
931,0.7947,1.9058,0,0,-0.077423095703125,0.772735595703125,-0.0838470458984375,0.35734879970550537,-2.440826416015625,0.29680103063583374
932,0.7861,1.5891,0,0,-0.1916656494140625,0.6862640380859375,-0.1529541015625,0.032516397535800934,-1.8497354984283447,-0.001169127761386335
933,0.7896,1.2912,0,0,-0.3033447265625,0.646148681640625,-0.236114501953125,-0.16398707032203674,-1.2033019065856934,-0.14759984612464905
934,0.806,1.0254,0,0,-0.3596954345703125,0.626983642578125,-0.299591064453125,-0.29301297664642334,-0.5666261315345764,-0.10583429038524628
935,0.8355,0.8034,0,0,-0.405059814453125,0.65020751953125,-0.4100341796875,-0.29301297664642334,-0.5666261315345764,-0.10583429038524628
936,0.8776,0.6346,0,0,-0.372314453125,0.7140655517578125,-0.4874267578125,-0.30289942026138306,0.638302743434906,-0.06362265348434448
937,0.9309,0.5257,0,0,-0.2535247802734375,0.7420501708984375,-0.4788360595703125,-0.33824169635772705,0.7019333839416504,-0.14484933018684387
938,0.9929,0.4801,0,0,-0.1247100830078125,0.78570556640625,-0.520050048828125,-0.2553561329841614,0.41586244106292725,-0.1270543485879898
939,1.0605,0.4975,0,0,0.0157012939453125,0.8437957763671875,-0.5794677734375,-0.1668529063463211,-0.13668674230575562,-0.05319850519299507
940,1.1298,0.5745,0,0,0.1596221923828125,0.88201904296875,-0.63140869140625,-0.2316252440214157,-0.6096095442771912,0.005826463922858238
941,1.1967,0.7038,0,0,0.2442779541015625,0.9080657958984375,-0.637054443359375,-0.4873696565628052,-0.5366283059120178,0.054360177367925644
942,1.2564,0.8753,0,0,0.3075408935546875,0.9230194091796875,-0.6221160888671875,-0.8242989778518677,-0.1496230512857437,0.26421859860420227
943,1.3049,1.0763,0,0,0.3436279296875,0.9729461669921875,-0.69281005859375,-0.7830867767333984,0.24925456941127777,0.5996394753456116
944,1.3386,1.2923,0,0,0.343109130859375,1.0975799560546875,-0.86431884765625,-0.276044636964798,0.13316737115383148,0.776308536529541
945,1.355,1.5083,0,0,0.218994140625,1.1508331298828125,-1.0228271484375,-0.276044636964798,0.13316737115383148,0.776308536529541
946,1.3533,1.71,0,0,0.0010223388671875,1.2342376708984375,-0.56536865234375,-0.7581665515899658,-1.0531017780303955,0.21613310277462006
947,1.3342,1.8853,0,0,-0.328399658203125,1.3132171630859375,0.05242919921875,-2.379168748855591,0.023325029760599136,-0.765332043170929
948,1.3002,2.0254,0,0,-0.5802001953125,1.3470916748046875,0.2993316650390625,-3.683152675628662,1.1033724546432495,-1.820059895515442
949,1.2551,2.1262,0,0,-0.770172119140625,1.255706787109375,-0.223724365234375,-2.350799322128296,0.612459123134613,-2.1660125255584717
950,1.2037,2.1873,0,0,-0.6456298828125,1.0454864501953125,-0.446319580078125,0.4194609224796295,-1.1576175689697266,-0.5949206352233887
951,1.1509,2.2119,0,0,-0.5029449462890625,0.577667236328125,0.0411376953125,1.1988639831542969,-1.298748254776001,0.09252487123012543
952,1.1013,2.2049,0,0,-0.3251190185546875,0.551849365234375,0.42596435546875,0.19422593712806702,-0.2909066677093506,-0.08250606060028076
953,1.0583,2.1716,0,0,-0.06732177734375,0.6739959716796875,0.4287109375,-1.0435417890548706,0.8382685780525208,0.039328765124082565
954,1.024,2.1165,0,0,0.0248565673828125,0.9305572509765625,0.266510009765625,-1.0435417890548706,0.8382685780525208,0.039328765124082565
955,0.999,2.0431,0,0,0.092926025390625,1.1474151611328125,0.180450439453125,-1.7532012462615967,2.9669601917266846,0.6530824899673462
956,0.9825,1.9548,0,0,0.1239471435546875,1.22052001953125,0.13580322265625,-1.2201038599014282,3.085505485534668,0.911780595779419
957,0.9728,1.855,0,0,0.083709716796875,1.07080078125,0.1350860595703125,-0.6154903173446655,2.3424148559570312,0.8920662999153137
958,0.9679,1.748,0,0,0.0456085205078125,0.9439544677734375,0.1176605224609375,-0.16518495976924896,1.1563870906829834,0.6348355412483215
959,0.9658,1.639,0,0,0.057830810546875,0.8932037353515625,0.0901336669921875,-0.019636817276477814,-0.13676877319812775,0.3165457248687744
960,0.9645,1.5332,0,0,0.072357177734375,0.9193115234375,0.0857086181640625,-0.24592535197734833,-1.2786102294921875,0.09607353806495667
961,0.9628,1.4359,0,0,-0.039031982421875,0.912322998046875,-0.12957763671875,-0.968773603439331,-2.179593086242676,0.09548763930797577
962,0.9601,1.3511,0,0,-0.1666259765625,0.9189300537109375,-0.53704833984375,-0.8677470684051514,-1.0114922523498535,-0.008023837581276894
963,0.9564,1.2815,0,0,-0.00189208984375,0.9510498046875,-0.2744598388671875,-0.41587764024734497,0.8906023502349854,-0.01455896906554699
964,0.9524,1.2278,0,0,0.0850830078125,1.0029754638671875,0.081390380859375,-0.3904835879802704,1.1470112800598145,0.0413983054459095
965,0.9492,1.1888,0,0,0.11676025390625,0.9879913330078125,0.113067626953125,-0.3904835879802704,1.1470112800598145,0.0413983054459095
966,0.9484,1.1609,0,0,0.13311767578125,0.8802642822265625,0.0364990234375,-0.5409865379333496,0.24782630801200867,-0.00947792362421751
967,0.9513,1.139,0,0,0.133087158203125,0.875823974609375,-0.0562744140625,-0.8504967093467712,-0.811501681804657,-0.0965299978852272
968,0.9591,1.1167,0,0,0.0292816162109375,0.90460205078125,-0.0948944091796875,-0.8504967093467712,-0.811501681804657,-0.0965299978852272
969,0.9723,1.0878,0,0,0.0137939453125,0.939178466796875,-0.0856781005859375,-0.6705656051635742,-0.9525130987167358,-0.12018553167581558
970,0.9907,1.0467,0,0,0.018798828125,0.9327545166015625,-0.00714111328125,-0.6759542226791382,-0.6273139715194702,-0.07502524554729462
971,1.0135,0.9902,0,0,-0.015472412109375,0.9446258544921875,0.0252227783203125,-1.012413501739502,-0.38193270564079285,-0.07451178133487701
972,1.0392,0.918,0,0,-0.0565032958984375,0.9902496337890625,-0.0372772216796875,-0.998964786529541,0.1464698612689972,-0.1960424780845642
973,1.0657,0.8337,0,0,-0.0394439697265625,1.090667724609375,-0.0792236328125,-0.7117953300476074,0.6111874580383301,-0.2581327557563782
974,1.0909,0.745,0,0,0.00579833984375,1.17230224609375,-0.1528778076171875,-0.4621596336364746,0.9812821745872498,-0.26860323548316956
975,1.1131,0.6633,0,0,0.1079254150390625,1.15997314453125,-0.11370849609375,-0.21679595112800598,1.0845047235488892,-0.25289565324783325
976,1.1309,0.6027,0,0,0.1973724365234375,1.163360595703125,-0.004364013671875,-0.08363630622625351,0.7920401096343994,-0.19029617309570312
977,1.1434,0.5787,0,0,0.2423248291015625,1.1188812255859375,-0.050689697265625,0.003108441596850753,0.48505884408950806,-0.07968657463788986
978,1.151,0.6061,0,0,0.2142333984375,1.1319122314453125,-0.0917205810546875,0.11397237330675125,0.15573419630527496,0.12239808589220047
979,1.1543,0.6968,0,0,0.19097900390625,1.235565185546875,-0.11688232421875,0.2028479129076004,-0.0054672034457325935,0.23350197076797485
980,1.1548,0.8581,0,0,0.1327362060546875,1.2371826171875,-0.062744140625,0.39720168709754944,-0.3972584009170532,0.27224215865135193
981,1.1539,1.0909,0,0,0.092529296875,1.209014892578125,-0.0346527099609375,0.7344721555709839,-0.7183797359466553,0.2542266845703125
982,1.1533,1.3893,0,0,0.020538330078125,1.077911376953125,-0.064422607421875,1.231938362121582,-0.6012895703315735,0.11952559649944305
983,1.1537,1.7402,0,0,-0.0388641357421875,0.9302825927734375,0.0771331787109375,1.4624583721160889,-0.40283772349357605,0.020012058317661285
984,1.1553,2.1245,0,0,-0.19219970703125,0.9315948486328125,-0.0233306884765625,1.4624583721160889,-0.40283772349357605,0.020012058317661285
985,1.1572,2.5187,0,0,-0.0608062744140625,1.055084228515625,-0.0172576904296875,2.256845235824585,0.3083074986934662,0.19630612432956696
986,1.1577,2.8967,0,0,-0.091888427734375,1.0689239501953125,0.1532440185546875,2.0218002796173096,1.46514892578125,0.5863969326019287
987,1.1545,3.2333,0,0,-0.239776611328125,1.2028656005859375,0.1255035400390625,1.7750825881958008,3.1443376541137695,0.5867758989334106
988,1.1451,3.5061,0,0,-0.33148193359375,1.3814849853515625,-0.0602569580078125,1.9835822582244873,4.956834316253662,0.35323449969291687
989,1.1276,3.6981,0,0,-0.28125,1.275238037109375,-0.274383544921875,2.615427017211914,4.018429756164551,0.3148474097251892
990,1.1006,3.7993,0,0,-0.2653045654296875,1.012481689453125,-0.0359039306640625,2.4820430278778076,0.9886945486068726,0.13850195705890656
991,1.0642,3.8068,0,0,-0.115692138671875,0.896331787109375,0.1819000244140625,1.7621026039123535,-2.483017921447754,0.1552753448486328
992,1.0194,3.7244,0,0,0.1218109130859375,0.9416046142578125,-0.18695068359375,1.8276935815811157,-3.5709433555603027,0.6271752119064331
993,0.9686,3.5616,0,0,0.21783447265625,1.0296783447265625,-0.2955474853515625,1.8276935815811157,-3.5709433555603027,0.6271752119064331
994,0.9152,3.332,0,0,0.1770172119140625,1.0013885498046875,-0.1348876953125,1.872275710105896,-1.1530640125274658,1.1411229372024536
995,0.8634,3.052,0,0,0.093353271484375,0.888336181640625,-0.145782470703125,1.6107916831970215,-1.8504207134246826,0.8828903436660767
996,0.8176,2.7391,0,0,-0.0363616943359375,0.7590789794921875,-0.14898681640625,1.2448173761367798,-2.7219064235687256,0.47683072090148926
997,0.7822,2.4112,0,0,-0.1488189697265625,0.657562255859375,-0.17578125,0.7136672735214233,-2.794226884841919,0.07801491022109985
998,0.7609,2.0849,0,0,-0.238006591796875,0.5973358154296875,-0.178131103515625,0.15516401827335358,-2.278578042984009,-0.17289294302463531
999,0.7565,1.7754,0,0,-0.373687744140625,0.5777740478515625,-0.1926116943359375,-0.25118881464004517,-1.238732099533081,-0.37403592467308044
1000,0.7702,1.4951,0,0,-0.4374847412109375,0.5684661865234375,-0.1960906982421875,-0.25118881464004517,-1.238732099533081,-0.37403592467308044
1001,0.8022,1.2542,0,0,-0.3802032470703125,0.5755615234375,-0.29400634765625,-0.6701621413230896,0.4557725787162781,-0.2768230736255646
1002,0.8509,1.0596,0,0,-0.3656158447265625,0.659576416015625,-0.4630279541015625,-0.5855702757835388,0.7837243676185608,-0.41848325729370117
1003,0.9133,0.9156,0,0,-0.2141571044921875,0.73858642578125,-0.5384674072265625,-0.5994200110435486,0.9812046885490417,-0.4885145425796509
1004,0.9857,0.824,0,0,-0.0745086669921875,0.8096923828125,-0.600738525390625,-0.590038001537323,1.0539113283157349,-0.3891719877719879
1005,1.0634,0.7846,0,0,-0.0298919677734375,0.872650146484375,-0.6331787109375,-0.4940965473651886,0.8389077186584473,-0.3322354555130005
1006,1.1415,0.7952,0,0,0.1168670654296875,0.914337158203125,-0.637237548828125,-0.4271651804447174,0.13640737533569336,-0.18880586326122284
1007,1.215,0.852,0,0,0.26141357421875,0.9293212890625,-0.7207183837890625,-0.5389881134033203,-0.7159926891326904,0.061464957892894745
1008,1.2793,0.9496,0,0,0.4237060546875,0.9836273193359375,-0.7998504638671875,-0.6344291567802429,-0.553425133228302,0.5175241231918335
1009,1.3307,1.0804,0,0,0.447418212890625,1.1166839599609375,-0.6142425537109375,-0.8241149187088013,0.34680455923080444,0.8793664574623108
1010,1.3663,1.2355,0,0,0.2537078857421875,1.1494140625,-0.6981658935546875,-0.4823080599308014,0.20108623802661896,0.6250202059745789
1011,1.3843,1.4041,0,0,0.184051513671875,0.9803619384765625,-1.087738037109375,0.4025258719921112,-0.6404710412025452,0.510704517364502
1012,1.3842,1.5743,0,0,0.0708770751953125,1.0015716552734375,-0.669769287109375,0.4025258719921112,-0.6404710412025452,0.510704517364502
1013,1.3668,1.7341,0,0,-0.1995086669921875,1.0714569091796875,-0.0337066650390625,-2.014296054840088,0.03377474099397659,-0.42816653847694397
1014,1.3341,1.8719,0,0,-0.6201019287109375,1.3028411865234375,0.4065399169921875,-2.014296054840088,0.03377474099397659,-0.42816653847694397
1015,1.2893,1.978,0,0,-0.8383636474609375,1.4974822998046875,0.081787109375,-4.006900787353516,0.6097240447998047,-1.7020741701126099
1016,1.2365,2.0451,0,0,-0.677886962890625,1.3079986572265625,-0.6449432373046875,-0.3604756295681,-0.21064405143260956,-1.0848804712295532
1017,1.1802,2.0692,0,0,-0.603057861328125,0.7834930419921875,-0.1498565673828125,1.3755751848220825,-0.8309922814369202,0.07722660899162292
1018,1.1252,2.0492,0,0,-0.3800048828125,0.6277008056640625,0.1417388916015625,1.2074003219604492,-0.11546614021062851,0.06922195106744766
1019,1.0756,1.9867,0,0,-0.0736541748046875,0.7210540771484375,0.5053253173828125,-0.3001917898654938,0.9510781764984131,0.2216290682554245
1020,1.0344,1.8862,0,0,0.0524444580078125,0.8227691650390625,0.3699188232421875,-1.4182674884796143,1.7156403064727783,0.501645028591156
1021,1.0033,1.7543,0,0,0.097869873046875,1.00506591796875,0.192138671875,-1.7875078916549683,2.0761849880218506,0.7413172721862793
1022,0.9827,1.6002,0,0,0.0809326171875,1.06634521484375,0.1484527587890625,-1.559268593788147,1.81973397731781,0.7528133392333984
1023,0.9714,1.4349,0,0,0.0689697265625,1.0183258056640625,0.1503448486328125,-1.0694935321807861,1.2128759622573853,0.5715705752372742
1024,0.9677,1.2706,0,0,0.060089111328125,0.951568603515625,0.140228271484375,-0.5904044508934021,0.4416019022464752,0.31753987073898315
1025,0.969,1.1193,0,0,0.06854248046875,0.9318084716796875,0.123748779296875,-0.35398364067077637,-0.268460214138031,0.11633433401584625
1026,0.9726,0.9913,0,0,0.0882720947265625,0.9540863037109375,0.124725341796875,-0.35398364067077637,-0.268460214138031,0.11633433401584625
1027,0.9764,0.894,0,0,0.0829925537109375,0.9700775146484375,0.0977020263671875,-0.7809088826179504,-0.9702340364456177,0.15247130393981934
1028,0.9787,0.831,0,0,-0.186767578125,0.923828125,-0.7554168701171875,-0.2119615226984024,-0.42741498351097107,0.014675881713628769
1029,0.9787,0.8015,0,0,-0.168914794921875,0.917266845703125,-0.4054412841796875,-0.3509598970413208,0.32100945711135864,-0.005058408249169588
1030,0.9764,0.8009,0,0,0.010986328125,0.959503173828125,0.1320037841796875,-1.0338681936264038,0.38605982065200806,0.07008188217878342
1031,0.9727,0.8214,0,0,0.0398101806640625,0.9894561767578125,0.101287841796875,-1.0617636442184448,0.6077805161476135,0.023917583748698235
1032,0.9691,0.853,0,0,0.051910400390625,0.9259490966796875,0.0355377197265625,-0.6905645728111267,0.5732619166374207,-0.08885477483272552
1033,0.9672,0.8846,0,0,0.0859527587890625,0.8954620361328125,-0.07427978515625,-0.31289371848106384,0.3210262358188629,-0.17213182151317596
1034,0.9686,0.9057,0,0,0.0572662353515625,0.901458740234375,-0.1846160888671875,-0.5373377799987793,-0.3049873411655426,-0.3185502886772156
1035,0.9745,0.9071,0,0,0.0649566650390625,0.94342041015625,-0.09326171875,-0.9599185585975647,-0.7239909768104553,-0.26945117115974426
1036,0.9854,0.8827,0,0,0.052154541015625,0.951995849609375,-0.0593109130859375,-0.8322634100914001,-0.6364473104476929,-0.2636004686355591
1037,1.0011,0.8298,0,0,0.0499725341796875,0.938812255859375,-0.0812835693359375,-0.7008063197135925,-0.5116366744041443,-0.2677696645259857
1038,1.0205,0.7503,0,0,0.0424652099609375,0.9532012939453125,-0.11444091796875,-0.6702113747596741,-0.2949134111404419,-0.3084148168563843
1039,1.0421,0.6502,0,0,0.0591278076171875,1.01123046875,-0.06903076171875,-0.47743314504623413,-0.09695371240377426,-0.3263687789440155
1040,1.0641,0.5401,0,0,0.0733795166015625,1.053131103515625,-0.0527496337890625,-0.47743314504623413,-0.09695371240377426,-0.3263687789440155
1041,1.0847,0.4339,0,0,0.0976409912109375,1.125885009765625,-0.0535888671875,-0.3955222964286804,0.5084190368652344,-0.22243547439575195
1042,1.1022,0.3477,0,0,0.1003265380859375,1.1985626220703125,-0.00469970703125,-0.44001466035842896,0.46834295988082886,-0.1305241882801056
1043,1.116,0.2987,0,0,0.1166534423828125,1.2099456787109375,-0.0041961669921875,-0.29457545280456543,0.19636818766593933,-0.05571412667632103
1044,1.1259,0.3029,0,0,0.09368896484375,1.196441650390625,-0.0685882568359375,-0.17259733378887177,-0.024591894820332527,0.012838566675782204
1045,1.1328,0.3732,0,0,0.08563232421875,1.2335662841796875,-0.05047607421875,-0.05032682046294212,-0.2564866542816162,0.08911789208650589
1046,1.1378,0.5182,0,0,0.0643157958984375,1.1859588623046875,-0.0959014892578125,0.13742177188396454,-0.14184768497943878,0.09027663618326187
1047,1.1426,0.7398,0,0,0.07159423828125,1.1403961181640625,-0.091400146484375,0.42295578122138977,-0.018876751884818077,0.28059518337249756
1048,1.1487,1.0331,0,0,0.0310516357421875,1.0561065673828125,0.014678955078125,0.6771944761276245,-0.29976460337638855,0.3628988265991211
1049,1.1567,1.3859,0,0,-0.0454864501953125,0.9164276123046875,-0.0067291259765625,1.1165616512298584,-0.2636643946170807,0.2622060477733612
1050,1.1666,1.7795,0,0,-0.1351165771484375,0.9218292236328125,0.0880126953125,1.5028742551803589,-0.0880531594157219,0.07894781231880188
1051,1.177,2.1903,0,0,-0.0905609130859375,1.076416015625,0.10687255859375,1.9305847883224487,-0.01817207969725132,0.239971324801445
1052,1.1856,2.5919,0,0,-0.0883941650390625,1.20013427734375,0.087799072265625,1.9305847883224487,-0.01817207969725132,0.239971324801445
1053,1.1895,2.9582,0,0,-0.1992034912109375,1.22967529296875,0.1799468994140625,2.019178628921509,2.087972402572632,0.6714282035827637
1054,1.1856,3.2657,0,0,-0.360748291015625,1.3133544921875,0.0820159912109375,2.030195713043213,4.028543472290039,0.35914671421051025
1055,1.1714,3.4966,0,0,-0.402496337890625,1.3441619873046875,-0.2560882568359375,2.8886613845825195,4.788699626922607,0.09474968165159225
1056,1.1451,3.64,0,0,-0.2408905029296875,1.116424560546875,0.01025390625,2.9505510330200195,2.353588104248047,0.19638974964618683
1057,1.1062,3.6926,0,0,-0.2171630859375,1.0017242431640625,0.0364990234375,2.4071784019470215,-0.8491419553756714,0.16317960619926453
1058,1.0557,3.6583,0,0,-0.00201416015625,0.912384033203125,0.0484619140625,1.8770694732666016,-3.1096994876861572,0.41414257884025574
1059,0.9959,3.546,0,0,0.2296600341796875,0.9649200439453125,-0.2864990234375,2.0914411544799805,-2.7142744064331055,0.9669724702835083
1060,0.9305,3.3685,0,0,0.1296844482421875,0.9361419677734375,-0.114044189453125,1.9121744632720947,-1.481797695159912,1.0236445665359497
1061,0.864,3.1399,0,0,0.136199951171875,0.95050048828125,-0.1371307373046875,1.744433879852295,-1.3532499074935913,0.8915547132492065
1062,0.8018,2.8747,0,0,0.068328857421875,0.856597900390625,-0.1884613037109375,1.6777424812316895,-1.893619418144226,0.6666840314865112
1063,0.7492,2.5865,0,0,0.0297698974609375,0.7622222900390625,-0.176666259765625,1.3890526294708252,-2.302293062210083,0.44345465302467346
1064,0.7114,2.2881,0,0,-0.03924560546875,0.6383819580078125,-0.1178131103515625,0.7604645490646362,-2.6217164993286133,0.2841733992099762
1065,0.6928,1.9912,0,0,-0.1692047119140625,0.5537109375,-0.124603271484375,0.053574543446302414,-2.4370925426483154,0.08650746196508408
1066,0.6963,1.7075,0,0,-0.3145294189453125,0.5377960205078125,-0.1717987060546875,0.053574543446302414,-2.4370925426483154,0.08650746196508408
1067,0.7235,1.4478,0,0,-0.3519744873046875,0.5106658935546875,-0.212615966796875,-0.6436079740524292,-0.7916214466094971,-0.1800193041563034
1068,0.7735,1.2226,0,0,-0.3567352294921875,0.493560791015625,-0.2810821533203125,-0.7874152064323425,-0.19362565875053406,-0.1388596147298813
1069,0.8441,1.0415,0,0,-0.4098358154296875,0.59625244140625,-0.44818115234375,-0.8409010767936707,0.21944686770439148,-0.39509299397468567
1070,0.9309,0.9123,0,0,-0.3189849853515625,0.7286529541015625,-0.496368408203125,-0.9977772831916809,0.5916785001754761,-0.533625066280365
1071,1.0284,0.8408,0,0,-0.23675537109375,0.855255126953125,-0.5823822021484375,-0.9977772831916809,0.5916785001754761,-0.533625066280365
1072,1.13,0.8298,0,0,-0.032470703125,0.9344940185546875,-0.734039306640625,-0.6224271059036255,0.18659065663814545,-0.12658563256263733
1073,1.229,0.8784,0,0,0.0935211181640625,0.9449920654296875,-0.8393707275390625,-0.26993268728256226,-0.41906675696372986,0.03062315657734871
1074,1.3187,0.9823,0,0,0.2873382568359375,1.0096435546875,-0.8319549560546875,-0.1572255790233612,0.2305826097726822,0.1856905072927475
1075,1.3931,1.1328,0,0,0.41705322265625,1.1358184814453125,-0.6692047119140625,-0.5177592635154724,1.2553837299346924,0.4666593372821808
1076,1.4476,1.3182,0,0,0.450347900390625,1.045379638671875,-0.66748046875,-0.5914859175682068,0.6190131902694702,0.825103759765625
1077,1.479,1.5241,0,0,0.5107269287109375,0.9203948974609375,-1.1654205322265625,0.377736359834671,-0.5777320265769958,1.0363845825195312
1078,1.4859,1.7351,0,0,0.2939300537109375,1.1255035400390625,-0.6049041748046875,-0.5510173439979553,0.25029534101486206,0.4299508333206177
1079,1.4689,1.9367,0,0,-0.1959228515625,1.40997314453125,0.1582489013671875,-0.5510173439979553,0.25029534101486206,0.4299508333206177
1080,1.4306,2.1167,0,0,-0.7315521240234375,1.6035308837890625,0.6078948974609375,-4.75285530090332,-0.31049156188964844,-2.5385117530822754
1081,1.3755,2.2667,0,0,-0.9107818603515625,1.594696044921875,-0.6194610595703125,-4.75285530090332,-0.31049156188964844,-2.5385117530822754
1082,1.3091,2.3829,0,0,-0.7398223876953125,1.0307159423828125,-0.421722412109375,1.1507998704910278,-0.15151548385620117,-0.4939785599708557
1083,1.2377,2.4652,0,0,-0.685821533203125,0.46051025390625,0.14886474609375,1.5536061525344849,-0.5094696283340454,0.10730168968439102
1084,1.1674,2.5157,0,0,-0.4205169677734375,0.4163665771484375,0.3755645751953125,0.5478785634040833,-0.24377058446407318,-0.11990882456302643
1085,1.1031,2.5373,0,0,-0.1753692626953125,0.5865020751953125,0.3688812255859375,-0.7025141716003418,0.519368052482605,-0.1522824764251709
1086,1.0482,2.5317,0,0,-0.0650482177734375,0.937774658203125,0.2196807861328125,-1.5377105474472046,1.6396920680999756,0.1072915717959404
1087,1.0044,2.4995,0,0,0.031280517578125,1.24578857421875,0.1394500732421875,-1.9090886116027832,2.6524174213409424,0.6139188408851624
1088,0.9717,2.4408,0,0,0.1038055419921875,1.2685089111328125,0.0880889892578125,-1.7681490182876587,2.9393537044525146,1.1393905878067017
1089,0.9489,2.356,0,0,0.0406951904296875,1.061248779296875,0.069671630859375,-1.365598440170288,2.561192035675049,1.2045326232910156
1090,0.9339,2.2469,0,0,0.0330352783203125,0.876190185546875,0.0668182373046875,-1.365598440170288,2.561192035675049,1.2045326232910156
1091,0.9245,2.1175,0,0,0.0729217529296875,0.8336639404296875,0.0402374267578125,-0.4863262474536896,0.11215104162693024,0.6120879054069519
1092,0.9186,1.9736,0,0,0.0496368408203125,0.871307373046875,0.0493011474609375,-0.35585424304008484,-1.6322722434997559,0.1203964501619339
1093,0.9144,1.8226,0,0,-0.0108795166015625,0.892242431640625,-0.197021484375,-0.35585424304008484,-1.6322722434997559,0.1203964501619339
1094,0.9108,1.6721,0,0,0.025848388671875,0.938140869140625,-0.34759521484375,-0.8414947390556335,-3.231102228164673,-0.15817418694496155
1095,0.9076,1.5293,0,0,0.0506439208984375,0.983551025390625,-0.178558349609375,-0.49202993512153625,0.19175611436367035,0.0242502111941576
1096,0.9051,1.3999,0,0,0.0426025390625,0.970062255859375,0.044677734375,-0.4961458444595337,1.0101407766342163,0.03175313398241997
1097,0.9043,1.2873,0,0,-0.0036773681640625,0.9319610595703125,0.062469482421875,-0.666182279586792,0.6428282260894775,0.004093012306839228
1098,0.9067,1.1919,0,0,-0.0180511474609375,0.8569183349609375,-0.0318756103515625,-0.666182279586792,0.6428282260894775,0.004093012306839228
1099,0.9138,1.1114,0,0,0.02691650390625,0.8695831298828125,-0.0346527099609375,-0.7434715032577515,-0.6171278953552246,-0.15917500853538513
1100,0.927,1.0413,0,0,0.028564453125,0.845489501953125,-0.012359619140625,-0.7434715032577515,-0.6171278953552246,-0.15917500853538513
1101,0.9468,0.976,0,0,0.040435791015625,0.8859710693359375,0.0127716064453125,-0.7540301084518433,-0.5316572189331055,-0.22686776518821716
1102,0.9732,0.9102,0,0,0.0352935791015625,0.9045257568359375,0.024169921875,-0.9248039722442627,-0.5060831904411316,-0.19213321805000305
1103,1.0054,0.8405,0,0,0.019683837890625,0.9535675048828125,-0.0237884521484375,-1.0631544589996338,-0.30369651317596436,-0.17472653090953827
1104,1.0416,0.7668,0,0,-0.0106048583984375,1.0226593017578125,-0.1071929931640625,-1.0631544589996338,-0.30369651317596436,-0.17472653090953827
1105,1.0797,0.6927,0,0,-0.00811767578125,1.109710693359375,-0.1029815673828125,-0.8737674355506897,0.1891571432352066,-0.19708217680454254
1106,1.1171,0.6262,0,0,0.0341033935546875,1.183868408203125,-0.10931396484375,-0.4529206156730652,0.8392752408981323,-0.21627956628799438
1107,1.1516,0.5788,0,0,0.139404296875,1.1617584228515625,-0.0793609619140625,-0.3114713430404663,0.917307436466217,-0.2266741544008255
1108,1.181,0.5644,0,0,0.2772674560546875,1.172271728515625,-0.0138397216796875,-0.12510386109352112,0.5934260487556458,-0.1708787977695465
1109,1.2042,0.5971,0,0,0.3532257080078125,1.177703857421875,-0.0235137939453125,-0.10078573226928711,0.2485690712928772,-0.06638488173484802
1110,1.2204,0.6888,0,0,0.3618316650390625,1.2359619140625,-0.0414276123046875,-0.051789429038763046,-0.1365051120519638,0.22001491487026215
1111,1.2299,0.8475,0,0,0.2873992919921875,1.276336669921875,-0.0604400634765625,0.05423181131482124,-0.3680632412433624,0.4387502074241638
1112,1.2335,1.0751,0,0,0.1647796630859375,1.3152618408203125,-0.0662078857421875,0.30015528202056885,-0.5522410869598389,0.5744057297706604
1113,1.2326,1.3662,0,0,0.081634521484375,1.2718048095703125,0.0167236328125,0.30015528202056885,-0.5522410869598389,0.5744057297706604
1114,1.2282,1.7082,0,0,0.00714111328125,1.1243743896484375,0.0433197021484375,1.1579205989837646,-1.2099454402923584,0.4993773102760315
1115,1.2215,2.0823,0,0,-0.104888916015625,0.9593048095703125,0.180450439453125,1.2974156141281128,-1.533120036125183,0.18360738456249237
1116,1.2128,2.4646,0,0,-0.25592041015625,0.8979949951171875,0.18743896484375,1.4261677265167236,-1.5278528928756714,-0.31176668405532837
1117,1.202,2.829,0,0,-0.3325347900390625,1.080718994140625,0.0123291015625,2.045632839202881,-0.6332077980041504,-0.6331694722175598
1118,1.1882,3.1501,0,0,-0.349700927734375,1.2237548828125,0.1585235595703125,2.318117141723633,1.557780146598816,-0.6309356093406677
1119,1.1703,3.406,0,0,-0.48553466796875,1.2640838623046875,0.2232513427734375,2.295586347579956,4.213308334350586,-0.5639821290969849
1120,1.147,3.5807,0,0,-0.6254425048828125,1.27008056640625,-0.18585205078125,3.056670904159546,4.862518787384033,-0.3729703724384308
1121,1.1177,3.666,0,0,-0.4964447021484375,1.0946197509765625,-0.1284332275390625,3.2583980560302734,3.1043365001678467,0.1353953778743744
1122,1.0821,3.6617,0,0,-0.3235321044921875,0.906463623046875,0.0394134521484375,2.6753485202789307,0.5620492100715637,0.4765351116657257
1123,1.0406,3.5746,0,0,-0.31378173828125,0.7520751953125,0.1049041748046875,1.8173112869262695,-1.4099078178405762,0.2727670967578888
1124,0.9944,3.4164,0,0,-0.042236328125,0.7635955810546875,-0.03656005859375,1.4631582498550415,-2.833352565765381,0.5047680735588074
1125,0.9451,3.2016,0,0,0.223785400390625,0.94989013671875,-0.440765380859375,2.0720174312591553,-1.6932071447372437,1.0802433490753174
1126,0.8951,2.9455,0,0,0.13787841796875,0.9996795654296875,-0.1912689208984375,2.0605852603912354,-0.41276225447654724,1.1072736978530884
1127,0.8473,2.6624,0,0,0.1619415283203125,1.022247314453125,-0.1771087646484375,1.9000205993652344,-0.816962718963623,0.9234300851821899
1128,0.8047,2.3657,0,0,0.093719482421875,0.8465576171875,-0.1641693115234375,1.9000205993652344,-0.816962718963623,0.9234300851821899
1129,0.771,2.067,0,0,0.006011962890625,0.691131591796875,-0.167266845703125,0.9784094095230103,-2.411562919616699,0.3868318796157837
1130,0.7493,1.7772,0,0,-0.1142425537109375,0.5927581787109375,-0.205963134765625,0.9784094095230103,-2.411562919616699,0.3868318796157837
1131,0.7424,1.5066,0,0,-0.2527008056640625,0.562255859375,-0.256988525390625,0.31895241141319275,-2.178467035293579,0.23863814771175385
1132,0.7525,1.2655,0,0,-0.308990478515625,0.55035400390625,-0.3070068359375,-0.5039387941360474,-0.8027302622795105,0.05666780471801758
1133,0.7802,1.0635,0,0,-0.3505096435546875,0.5835113525390625,-0.357025146484375,-0.6568732261657715,-0.16402249038219452,0.02316177822649479
1134,0.8253,0.9096,0,0,-0.3317108154296875,0.63104248046875,-0.504486083984375,-0.682166576385498,0.08848938345909119,-0.038782283663749695
1135,0.8861,0.811,0,0,-0.2185211181640625,0.6872100830078125,-0.5818023681640625,-0.682166576385498,0.08848938345909119,-0.038782283663749695
1136,0.9596,0.7726,0,0,-0.1546478271484375,0.7521514892578125,-0.6003875732421875,-0.6774058938026428,0.6212001442909241,-0.25103434920310974
1137,1.0418,0.7961,0,0,-0.0910797119140625,0.7588043212890625,-0.5824127197265625,-0.6046624779701233,0.49005040526390076,-0.2793770432472229
1138,1.1278,0.8799,0,0,-0.0508575439453125,0.7840728759765625,-0.596405029296875,-0.6258170008659363,-0.12225800007581711,-0.28356751799583435
1139,1.2124,1.0186,0,0,-0.0101776123046875,0.8677978515625,-0.70062255859375,-0.786843478679657,-0.9975895285606384,-0.2516671121120453
1140,1.2902,1.2032,0,0,0.213836669921875,1.04803466796875,-0.9219970703125,-0.6645790338516235,-1.101653814315796,0.13894350826740265
1141,1.3562,1.4215,0,0,0.3549041748046875,1.3072662353515625,-0.8772125244140625,-0.6645790338516235,-1.101653814315796,0.13894350826740265
1142,1.4062,1.6585,0,0,0.2357330322265625,1.1905975341796875,-0.8757171630859375,0.23012641072273254,0.20915135741233826,0.7484582662582397
1143,1.4374,1.8976,0,0,0.0618438720703125,0.812255859375,-1.1508026123046875,0.7785122990608215,-0.9428223967552185,0.7340580224990845
1144,1.4481,2.1223,0,0,-0.18304443359375,0.884033203125,-0.5361328125,-0.34832921624183655,-0.6048278212547302,0.2094576209783554
1145,1.4384,2.3175,0,0,-0.3856658935546875,1.1024017333984375,0.358001708984375,-3.0902762413024902,0.9044917821884155,-0.737388551235199
1146,1.4097,2.4713,0,0,-0.6657562255859375,1.4551544189453125,0.80157470703125,-5.595185279846191,1.2621161937713623,-1.9482512474060059
1147,1.3651,2.5767,0,0,-0.77813720703125,1.6548004150390625,-0.321685791015625,-3.208254814147949,0.5367065668106079,-1.603447437286377
1148,1.3089,2.6315,0,0,-0.7007598876953125,1.3314971923828125,-0.6713104248046875,1.0180796384811401,-0.25575241446495056,0.14582112431526184
1149,1.2459,2.6377,0,0,-0.5540008544921875,0.7421722412109375,0.003692626953125,2.0052177906036377,-0.17004257440567017,0.12748977541923523
1150,1.1814,2.6001,0,0,-0.33184814453125,0.5340728759765625,0.4659271240234375,0.8881881833076477,0.30385681986808777,-0.24402491748332977
1151,1.1201,2.5248,0,0,0.0223236083984375,0.5897674560546875,0.5508880615234375,-0.7898024916648865,1.0221656560897827,0.04169631376862526
1152,1.0658,2.4182,0,0,0.0139923095703125,0.8909912109375,0.3254241943359375,-1.7382758855819702,1.8854069709777832,0.21404464542865753
1153,1.0206,2.2864,0,0,0.068603515625,1.1142730712890625,0.2086029052734375,-1.9501910209655762,2.7473156452178955,0.4591907560825348
1154,0.9857,2.1361,0,0,0.12652587890625,1.1611328125,0.1529998779296875,-1.5197288990020752,2.756953001022339,0.744852602481842
1155,0.9607,1.9745,0,0,0.11968994140625,1.0717926025390625,0.1201324462890625,-1.5197288990020752,2.756953001022339,0.744852602481842
1156,0.9445,1.8096,0,0,0.084442138671875,0.942657470703125,0.1142120361328125,-0.43950599431991577,1.0805381536483765,0.834357738494873
1157,0.9354,1.65,0,0,0.0563507080078125,0.856536865234375,0.0971221923828125,-0.33127352595329285,0.04622501879930496,0.5589804649353027
1158,0.9315,1.5037,0,0,0.07183837890625,0.8386077880859375,0.0545806884765625,-0.33127352595329285,0.04622501879930496,0.5589804649353027
1159,0.931,1.3769,0,0,0.0108795166015625,0.86737060546875,-0.1683502197265625,-1.1194794178009033,-1.6307646036148071,0.03514706715941429
1160,0.9325,1.2736,0,0,-0.10406494140625,0.9095306396484375,-0.6076202392578125,-1.2099568843841553,-0.6419115662574768,-0.11905395239591599
1161,0.9349,1.1946,0,0,0.042510986328125,0.9789276123046875,-0.2031707763671875,-0.7772507667541504,0.6831037402153015,-0.09826745092868805
1162,0.938,1.1378,0,0,0.084930419921875,1.0144195556640625,0.06085205078125,-0.4728458523750305,0.930149495601654,-0.07199696451425552
1163,0.9421,1.0981,0,0,0.0861358642578125,0.9637298583984375,0.09600830078125,-0.3580479025840759,0.6308077573776245,-0.091790109872818
1164,0.9479,1.0685,0,0,0.1170806884765625,0.889373779296875,0.0223236083984375,-0.3580479025840759,0.6308077573776245,-0.091790109872818
1165,0.9563,1.041,0,0,0.0866851806640625,0.87689208984375,-0.091461181640625,-1.0766574144363403,-0.7550985813140869,-0.18002410233020782
1166,0.9684,1.0082,0,0,0.0531158447265625,0.9087066650390625,-0.1091461181640625,-0.9498587250709534,-0.8659249544143677,-0.11899510025978088
1167,0.9846,0.9642,0,0,0.00103759765625,0.9340667724609375,-0.0271148681640625,-0.6983458399772644,-0.6288987994194031,-0.18610329926013947
1168,1.0054,0.9065,0,0,-0.025390625,0.950531005859375,-0.0049896240234375,-0.8258289098739624,-0.21503640711307526,-0.2084173858165741
1169,1.0302,0.8368,0,0,-0.035125732421875,1.014678955078125,-0.1072540283203125,-0.9460437893867493,0.35656556487083435,-0.19865663349628448
1170,1.0581,0.761,0,0,0.006317138671875,1.051849365234375,-0.146728515625,-0.6120444536209106,0.8475512862205505,-0.2746105194091797
1171,1.0879,0.6896,0,0,0.1122589111328125,1.0947723388671875,-0.1050567626953125,-0.36328765749931335,1.0072219371795654,-0.30884331464767456
1172,1.1179,0.6366,0,0,0.2230377197265625,1.13531494140625,-0.077972412109375,-0.3890734612941742,0.8349379897117615,-0.2928031086921692
1173,1.1464,0.6176,0,0,0.2452545166015625,1.166778564453125,-0.09820556640625,-0.3890734612941742,0.8349379897117615,-0.2928031086921692
1174,1.172,0.6483,0,0,0.2055206298828125,1.1445159912109375,-0.114349365234375,-0.012497149407863617,0.1667919158935547,-0.0014482269762083888
1175,1.1933,0.7414,0,0,0.223052978515625,1.1819305419921875,-0.09393310546875,0.16590508818626404,-0.19700361788272858,0.23330676555633545
1176,1.2094,0.9047,0,0,0.2065277099609375,1.1998291015625,-0.0751190185546875,0.16590508818626404,-0.19700361788272858,0.23330676555633545
1177,1.2198,1.1393,0,0,0.2091064453125,1.258270263671875,-0.0090179443359375,0.39697399735450745,-0.6825351715087891,0.42477500438690186
1178,1.2244,1.4386,0,0,0.1595001220703125,1.270782470703125,0.0652923583984375,0.7080077528953552,-1.1111533641815186,0.49545660614967346
1179,1.2232,1.7881,0,0,0.055938720703125,1.107635498046875,0.083404541015625,1.0609251260757446,-1.1323223114013672,0.42494702339172363
1180,1.2165,2.1667,0,0,-0.0522308349609375,1.022308349609375,0.165374755859375,1.2584655284881592,-0.877926766872406,0.20780272781848907
1181,1.2048,2.5489,0,0,-0.2442626953125,1.1815643310546875,-0.0330810546875,1.9602599143981934,-0.2566610872745514,-0.1536305695772171
1182,1.1884,2.9073,0,0,-0.2755584716796875,1.27947998046875,0.0214385986328125,2.405458688735962,1.0589580535888672,-0.2953411042690277
1183,1.1677,3.216,0,0,-0.38458251953125,1.2407379150390625,0.17413330078125,2.276832103729248,3.2461681365966797,-0.44793543219566345
1184,1.1433,3.4538,0,0,-0.482391357421875,1.1103515625,-0.1079254150390625,2.6873254776000977,4.8022685050964355,-0.5707415342330933
1185,1.1154,3.6061,0,0,-0.41021728515625,0.95831298828125,-0.221221923828125,3.180101156234741,4.150692939758301,-0.2811927795410156
1186,1.0845,3.6668,0,0,-0.1602630615234375,0.8669586181640625,0.075836181640625,2.6177797317504883,1.7647721767425537,0.39254382252693176
1187,1.0509,3.6375,0,0,-0.12030029296875,0.8840484619140625,-0.0243988037109375,2.0171775817871094,-0.9453758597373962,0.6506824493408203
1188,1.0148,3.5261,0,0,-0.131134033203125,0.9300689697265625,0.0795135498046875,1.2723376750946045,-3.210141181945801,0.5473613739013672
1189,0.9766,3.3449,0,0,0.0734405517578125,1.0030670166015625,-0.2929229736328125,1.3914576768875122,-2.904452085494995,0.7123337984085083
1190,0.9371,3.108,0,0,0.1212158203125,1.019287109375,-0.2217559814453125,1.46004319190979,-1.3067556619644165,0.8455469608306885
1191,0.8975,2.8298,0,0,0.1435546875,1.0443267822265625,-0.186279296875,1.4135971069335938,-0.7881451845169067,0.8761549592018127
1192,0.8597,2.5239,0,0,0.17034912109375,1.0231781005859375,-0.1818695068359375,1.2914799451828003,-1.519993543624878,0.8871932029724121
1193,0.8262,2.2027,0,0,0.1031036376953125,0.8844757080078125,-0.0960235595703125,0.9061341881752014,-2.450793981552124,0.834745466709137
1194,0.7998,1.878,0,0,0.027191162109375,0.7248382568359375,-0.08856201171875,0.4540385901927948,-2.735189437866211,0.6528922915458679
1195,0.7836,1.5618,0,0,-0.14190673828125,0.5883941650390625,-0.1155548095703125,0.1092444658279419,-2.430546283721924,0.2788105905056
1196,0.7801,1.2665,0,0,-0.2967681884765625,0.5382537841796875,-0.1408233642578125,-0.14911039173603058,-1.6437640190124512,-0.09705943614244461
1197,0.791,1.0051,0,0,-0.3825225830078125,0.5359954833984375,-0.211456298828125,-0.30232736468315125,-0.734771728515625,-0.2414613515138626
1198,0.8172,0.7903,0,0,-0.4222564697265625,0.564910888671875,-0.3475494384765625,-0.30070310831069946,-0.14071370661258698,-0.23942163586616516
1199,0.8581,0.6337,0,0,-0.4263763427734375,0.64764404296875,-0.473175048828125,-0.2304353415966034,0.1769244372844696,-0.16860446333885193
1200,0.9124,0.5439,0,0,-0.3361968994140625,0.7825775146484375,-0.499359130859375,-0.29065075516700745,0.2850351929664612,-0.1968265175819397
1201,0.9774,0.5256,0,0,-0.2464752197265625,0.8854522705078125,-0.5881805419921875,-0.23661653697490692,0.3546867072582245,-0.26021188497543335
1202,1.0498,0.5788,0,0,-0.105224609375,0.904388427734375,-0.6629638671875,-0.10812753438949585,0.09053202718496323,-0.214494988322258
1203,1.1256,0.698,0,0,0.0328521728515625,0.8670196533203125,-0.693603515625,-0.11813303083181381,-0.43898987770080566,-0.12241672724485397
1204,1.2006,0.8729,0,0,0.1229400634765625,0.868560791015625,-0.6888275146484375,-0.370113343000412,-0.6028826832771301,-0.045944590121507645
1205,1.2703,1.0888,0,0,0.2521514892578125,0.901153564453125,-0.6558074951171875,-0.8218541741371155,0.4117327034473419,0.1917388141155243
1206,1.3303,1.3284,0,0,0.3783111572265625,0.931060791015625,-0.6919708251953125,-1.1342802047729492,1.4630392789840698,0.6360598206520081
1207,1.3767,1.5731,0,0,0.4976806640625,0.958221435546875,-0.801788330078125,-0.7885108590126038,0.37256956100463867,1.1654703617095947
1208,1.4061,1.8054,0,0,0.378326416015625,1.038360595703125,-0.897674560546875,-0.2559390962123871,-0.9481543302536011,0.9899781942367554
1209,1.4166,2.01,0,0,0.0736236572265625,1.3426055908203125,-0.4645843505859375,-1.0276947021484375,-0.27794745564460754,0.119211345911026
1210,1.4075,2.1761,0,0,-0.2822113037109375,1.43804931640625,0.053985595703125,-2.8221476078033447,0.987607479095459,-0.9387578964233398
1211,1.38,2.2979,0,0,-0.7091827392578125,1.542938232421875,0.398101806640625,-4.189695358276367,1.095661997795105,-2.3086023330688477
1212,1.3369,2.3755,0,0,-0.94598388671875,1.4274444580078125,-0.6490478515625,-1.243517279624939,0.14836923778057098,-2.248528003692627
1213,1.2825,2.4135,0,0,-0.6970977783203125,0.925506591796875,-0.4054107666015625,1.6469088792800903,-0.7103936672210693,-0.3182845115661621
1214,1.2219,2.4202,0,0,-0.6191253662109375,0.525787353515625,0.289031982421875,1.5152363777160645,-0.8118997812271118,-0.24423184990882874
1215,1.1604,2.4053,0,0,-0.272125244140625,0.485260009765625,0.4457550048828125,0.27322566509246826,-0.08997675776481628,-0.41215747594833374
1216,1.1026,2.3777,0,0,-0.0601654052734375,0.7097320556640625,0.3867950439453125,-0.9335857629776001,1.2715060710906982,-0.25235527753829956
1217,1.0523,2.3445,0,0,-0.0408172607421875,1.08660888671875,0.243682861328125,-1.481714129447937,2.5489256381988525,0.011124822311103344
1218,1.0117,2.3105,0,0,0.0644073486328125,1.313201904296875,0.1629638671875,-1.4076529741287231,3.1406655311584473,0.5500032305717468
1219,0.9817,2.2779,0,0,0.0977020263671875,1.1845245361328125,0.1066436767578125,-1.017349362373352,2.8197152614593506,1.0005102157592773
1220,0.9623,2.2473,0,0,0.005126953125,0.9500885009765625,0.095733642578125,-0.6857948899269104,1.8841041326522827,0.9908533096313477
1221,0.952,2.2176,0,0,0.053955078125,0.8250732421875,0.10357666015625,-0.6393259167671204,0.6136093735694885,0.8577165603637695
1222,0.9492,2.1867,0,0,-0.0042724609375,0.8091278076171875,0.066009521484375,-0.6786818504333496,-0.6934253573417664,0.4503410756587982
1223,0.9517,2.1518,0,0,-0.05194091796875,0.835845947265625,0.0237274169921875,-0.9204414486885071,-1.9032386541366577,-0.01068193931132555
1224,0.957,2.11,0,0,-0.0877838134765625,0.879638671875,0.022796630859375,-1.8989254236221313,-3.4542315006256104,-0.08877434581518173
1225,0.9632,2.0584,0,0,-0.0644378662109375,0.950408935546875,-0.657501220703125,-1.5173776149749756,-2.1594057083129883,-0.14851383864879608
1226,0.9689,1.9951,0,0,0.040740966796875,0.9837646484375,-0.8424072265625,0.0005760417552664876,1.540364384651184,-0.13655970990657806
1227,0.9735,1.9189,0,0,0.1502227783203125,0.98443603515625,-0.0859375,0.0005760417552664876,1.540364384651184,-0.13655970990657806
1228,0.9772,1.8292,0,0,0.12518310546875,0.95513916015625,0.218475341796875,-0.7169306874275208,1.1848853826522827,-0.02816186286509037
1229,0.9809,1.7257,0,0,0.155120849609375,0.960052490234375,0.0828857421875,-0.9456144571304321,-0.32609128952026367,-0.043356530368328094
1230,0.986,1.6089,0,0,0.1181640625,0.8605804443359375,-0.0440826416015625,-0.9442634582519531,-1.457744836807251,-0.15751957893371582
1231,0.994,1.4798,0,0,0.09063720703125,0.8826446533203125,-0.101348876953125,-0.9442634582519531,-1.457744836807251,-0.15751957893371582
1232,1.0058,1.3406,0,0,0.021270751953125,0.927490234375,-0.0990447998046875,-0.7073662281036377,-1.6077148914337158,-0.10568488389253616
1233,1.022,1.1954,0,0,-0.020965576171875,0.9485931396484375,-0.031524658203125,-0.692264199256897,-0.9804584383964539,-0.09523570537567139
1234,1.0422,1.0504,0,0,-0.0228271484375,1.0052490234375,0.0040130615234375,-0.692264199256897,-0.9804584383964539,-0.09523570537567139
1235,1.0655,0.9144,0,0,-0.0244598388671875,1.068450927734375,0.01483154296875,-0.6334254145622253,-0.29353708028793335,-0.11308607459068298
1236,1.0903,0.798,0,0,-0.04083251953125,1.1078948974609375,-0.0464935302734375,-0.7789887189865112,0.7229366302490234,-0.08258914947509766
1237,1.1149,0.7134,0,0,0.0014190673828125,1.143218994140625,-0.1269989013671875,-0.652950644493103,0.831226110458374,-0.07339538633823395
1238,1.1374,0.6728,0,0,0.0901031494140625,1.158721923828125,-0.09698486328125,-0.652950644493103,0.831226110458374,-0.07339538633823395
1239,1.1564,0.6874,0,0,0.198089599609375,1.1641387939453125,-0.0809478759765625,0.038003306835889816,0.5878462195396423,-0.09769300371408463
1240,1.171,0.7657,0,0,0.2714691162109375,1.25823974609375,-0.07861328125,0.01902216114103794,0.31813323497772217,0.20153258740901947
1241,1.1811,0.9117,0,0,0.25225830078125,1.2927398681640625,-0.0625152587890625,0.1099102571606636,0.01344576757401228,0.41229942440986633
1242,1.1868,1.1239,0,0,0.18438720703125,1.2377471923828125,0.003326416015625,0.35936376452445984,-0.5767378807067871,0.48130539059638977
1243,1.1891,1.3945,0,0,0.1064300537109375,1.185028076171875,0.040740966796875,0.6917119026184082,-1.092450737953186,0.4652760624885559
1244,1.1888,1.7096,0,0,0.03765869140625,1.0847625732421875,0.0396728515625,1.0449376106262207,-1.3643864393234253,0.3985236883163452
1245,1.1865,2.05,0,0,-0.0616302490234375,0.974090576171875,0.0732574462890625,1.3385868072509766,-1.1750370264053345,0.23984694480895996
1246,1.1825,2.393,0,0,-0.2337188720703125,0.92559814453125,0.09857177734375,1.5750246047973633,-0.7313601970672607,-0.16528403759002686
1247,1.1764,2.7144,0,0,-0.2816925048828125,1.057525634765625,-0.0220184326171875,2.0828981399536133,0.06637023389339447,-0.3989636301994324
1248,1.1672,2.9914,0,0,-0.317413330078125,1.1713409423828125,0.1201019287109375,2.210266590118408,1.915446400642395,-0.4428274929523468
1249,1.1537,3.2052,0,0,-0.4228057861328125,1.2452392578125,0.103179931640625,2.283862829208374,4.089786529541016,-0.4863843023777008
1250,1.1347,3.3432,0,0,-0.4848480224609375,1.2588348388671875,-0.2123260498046875,2.9577550888061523,4.514306545257568,-0.35302090644836426
1251,1.1093,3.4003,0,0,-0.40997314453125,1.11993408203125,-0.09918212890625,2.994371175765991,3.205059289932251,0.02070447988808155
1252,1.0773,3.3789,0,0,-0.2538909912109375,1.0296630859375,0.023223876953125,2.417924165725708,0.7454057335853577,0.33306771516799927
1253,1.039,3.2875,0,0,-0.211151123046875,0.880523681640625,0.0297698974609375,1.7480329275131226,-0.9109345078468323,0.2894049286842346
1254,0.9957,3.1383,0,0,-0.0734710693359375,0.8012542724609375,0.0018463134765625,1.1746684312820435,-2.1203324794769287,0.35408270359039307
1255,0.9493,2.945,0,0,0.1811370849609375,0.8455657958984375,-0.278350830078125,1.3097535371780396,-1.951379656791687,0.8652588725090027
1256,0.9023,2.7209,0,0,0.1763763427734375,0.9245452880859375,-0.2080535888671875,1.3956916332244873,-1.200722098350525,1.1509181261062622
1257,0.8578,2.4773,0,0,0.19818115234375,1.0124969482421875,-0.196136474609375,1.4229885339736938,-1.2157658338546753,1.2184337377548218
1258,0.8191,2.2238,0,0,0.1953277587890625,0.965423583984375,-0.1746368408203125,1.33713698387146,-1.8710414171218872,1.0741822719573975
1259,0.7897,1.9682,0,0,0.056610107421875,0.799041748046875,-0.1463165283203125,1.0705041885375977,-2.4805729389190674,0.7091550230979919
1260,0.773,1.7177,0,0,-0.1082305908203125,0.6465301513671875,-0.147064208984375,0.6477217674255371,-2.2702553272247314,0.18370164930820465
1261,0.7717,1.4795,0,0,-0.282989501953125,0.551116943359375,-0.16180419921875,0.14937430620193481,-1.5668511390686035,-0.32270747423171997
1262,0.7875,1.2613,0,0,-0.3990020751953125,0.5579376220703125,-0.219268798828125,-0.2630433440208435,-0.732383131980896,-0.5602409243583679
1263,0.8209,1.0711,0,0,-0.4106292724609375,0.5856475830078125,-0.3101043701171875,-0.5296680927276611,-0.026999127119779587,-0.4647839367389679
1264,0.871,0.9174,0,0,-0.4027557373046875,0.63519287109375,-0.45867919921875,-0.5915024280548096,0.5889918804168701,-0.25004684925079346
1265,0.935,0.8078,0,0,-0.2701873779296875,0.709686279296875,-0.5121612548828125,-0.696146547794342,0.8032363057136536,-0.21319696307182312
1266,1.0092,0.7491,0,0,-0.15411376953125,0.75592041015625,-0.546722412109375,-0.7686293125152588,0.6370971202850342,-0.27294230461120605
1267,1.0888,0.7458,0,0,-0.0114593505859375,0.8246612548828125,-0.5863494873046875,-0.6337686777114868,0.41179102659225464,-0.2635461390018463
1268,1.1681,0.7999,0,0,0.1163482666015625,0.917022705078125,-0.6351470947265625,-0.5087889432907104,-0.19181178510189056,-0.1562497913837433
1269,1.2417,0.9095,0,0,0.2791595458984375,1,-0.840728759765625,-0.5087889432907104,-0.19181178510189056,-0.1562497913837433
1270,1.3046,1.069,0,0,0.5280303955078125,1.092254638671875,-0.9732208251953125,-0.5593080520629883,-1.3189585208892822,0.09694518893957138
1271,1.3527,1.2685,0,0,0.4520721435546875,1.183135986328125,-0.6947784423828125,-0.4023759365081787,0.4530723989009857,0.915217936038971
1272,1.3832,1.494,0,0,0.0970916748046875,1.1542816162109375,-0.767822265625,0.028676385059952736,-0.09300797432661057,0.48874491453170776
1273,1.395,1.729,0,0,0.0735626220703125,0.9735107421875,-1.024993896484375,0.7083654403686523,-1.1716569662094116,0.5487267374992371
1274,1.3881,1.9551,0,0,-0.0831146240234375,0.95025634765625,-0.5290374755859375,-0.34484925866127014,-1.0195262432098389,0.2395758330821991
1275,1.3644,2.1547,0,0,-0.3194732666015625,1.0084991455078125,0.152587890625,-2.47613263130188,-0.052137237042188644,-0.6459584832191467
1276,1.3265,2.3125,0,0,-0.6580963134765625,1.2839508056640625,0.4482879638671875,-4.3558549880981445,0.7742797136306763,-1.9498075246810913
1277,1.2784,2.4177,0,0,-0.8570556640625,1.5116119384765625,-0.08245849609375,-3.4096407890319824,1.1404308080673218,-2.3515541553497314
1278,1.2245,2.4646,0,0,-0.7454986572265625,1.3159942626953125,-0.7814483642578125,0.2842045724391937,0.07007016241550446,-0.4572083055973053
1279,1.1695,2.4532,0,0,-0.5462799072265625,0.6798553466796875,-0.171356201171875,1.6612838506698608,-0.6888633370399475,0.3891589343547821
1280,1.118,2.3876,0,0,-0.2909698486328125,0.558624267578125,0.4156036376953125,1.6612838506698608,-0.6888633370399475,0.3891589343547821
1281,1.0733,2.276,0,0,-0.0088958740234375,0.580291748046875,0.49658203125,-0.8534467220306396,0.6828984022140503,0.4398828446865082
1282,1.038,2.1287,0,0,0.0591888427734375,0.7971343994140625,0.3113250732421875,-1.7456594705581665,1.4663116931915283,0.5537252426147461
1283,1.0126,1.9577,0,0,0.071075439453125,1.0207366943359375,0.1928558349609375,-2.0088868141174316,2.3905489444732666,0.5372291207313538
1284,0.9965,1.7762,0,0,0.109466552734375,1.1343536376953125,0.14501953125,-1.5365922451019287,2.387024402618408,0.5038689970970154
1285,0.988,1.5978,0,0,0.1546630859375,1.12567138671875,0.146636962890625,-0.8817105889320374,1.5573848485946655,0.5380975604057312
1286,0.9847,1.4351,0,0,0.094696044921875,1.074981689453125,0.101776123046875,-0.23179301619529724,0.47443467378616333,0.39126256108283997
1287,0.9841,1.2988,0,0,0.0936126708984375,0.99658203125,0.08984375,0.027248665690422058,-0.34722772240638733,0.23582451045513153
1288,0.984,1.1965,0,0,0.10467529296875,0.945281982421875,0.120819091796875,-0.2378506362438202,-0.7069587707519531,0.27480998635292053
1289,0.9827,1.1314,0,0,0.0398712158203125,0.9153900146484375,0.10577392578125,-0.7395814061164856,-0.9458072781562805,0.3175728917121887
1290,0.9795,1.1021,0,0,-0.136322021484375,0.8772430419921875,-0.325531005859375,-1.0060415267944336,-1.1742721796035767,0.21473893523216248
1291,0.9744,1.1031,0,0,-0.2188720703125,0.90533447265625,-0.68939208984375,-0.6129611134529114,-0.10833792388439178,-0.011266502551734447
1292,0.9681,1.1252,0,0,-0.02532958984375,0.95001220703125,-0.2195892333984375,-0.382473349571228,1.0891886949539185,-0.043956540524959564
1293,0.9622,1.157,0,0,0.07623291015625,1.0180511474609375,0.0649871826171875,-0.3530201017856598,1.2911473512649536,-0.030910512432456017
1294,0.9583,1.1859,0,0,0.10443115234375,0.9356689453125,0.1219940185546875,-0.3530201017856598,1.2911473512649536,-0.030910512432456017
1295,0.9582,1.2002,0,0,0.09405517578125,0.8651580810546875,0.08233642578125,-0.4290299117565155,0.8772172927856445,-0.01762320287525654
1296,0.9634,1.1901,0,0,0.06488037109375,0.826873779296875,0.002777099609375,-1.1253677606582642,-0.8495542407035828,-0.15323589742183685
1297,0.9748,1.1489,0,0,0.02593994140625,0.9025726318359375,-0.11602783203125,-1.2469836473464966,-1.0353083610534668,-0.16720150411128998
1298,0.9922,1.0737,0,0,-0.00836181640625,0.952239990234375,-0.2200469970703125,-0.8732070922851562,-0.2728528380393982,-0.21618609130382538
1299,1.015,0.9665,0,0,-0.0232696533203125,1.0202484130859375,-0.2393951416015625,-0.5361979007720947,0.48342978954315186,-0.2227795422077179
1300,1.0416,0.8334,0,0,0.013275146484375,1.0206756591796875,-0.119354248046875,-0.39801234006881714,0.6460335850715637,-0.18203690648078918
1301,1.0699,0.6848,0,0,0.0969696044921875,1.0645904541015625,0.0109710693359375,-0.42890846729278564,0.4985634684562683,-0.18874168395996094
1302,1.0975,0.5343,0,0,0.141632080078125,1.09521484375,0.0177154541015625,-0.42890846729278564,0.4985634684562683,-0.18874168395996094
1303,1.1222,0.3982,0,0,0.1446380615234375,1.1287689208984375,-0.0699462890625,-0.4794512987136841,0.4815615713596344,-0.19418971240520477
1304,1.1419,0.2935,0,0,0.1435089111328125,1.17218017578125,-0.086669921875,-0.2883170247077942,0.4187946021556854,-0.18953238427639008
1305,1.1554,0.2369,0,0,0.127655029296875,1.16461181640625,-0.043243408203125,-0.14071664214134216,0.0826306939125061,-0.05120725929737091
1306,1.1622,0.2427,0,0,0.12347412109375,1.2124176025390625,-0.0374298095703125,-0.17096854746341705,-0.11171188205480576,0.03785044327378273
1307,1.1625,0.3213,0,0,0.10626220703125,1.213226318359375,-0.112274169921875,-0.22315718233585358,0.07827936112880707,0.047038350254297256
1308,1.1574,0.4775,0,0,0.0883331298828125,1.207183837890625,-0.12225341796875,-0.014712100848555565,0.1575573980808258,0.07403161376714706
1309,1.1485,0.7091,0,0,0.0881500244140625,1.1781768798828125,-0.03631591796875,0.3038371205329895,-0.08738736808300018,0.1031186655163765
1310,1.1378,1.0071,0,0,0.1163482666015625,1.1164093017578125,0.035125732421875,0.6814062595367432,-0.4096519649028778,0.23846104741096497
1311,1.1271,1.3554,0,0,0.06854248046875,1.064453125,0.1211700439453125,0.6814062595367432,-0.4096519649028778,0.23846104741096497
1312,1.1178,1.7327,0,0,-0.0966796875,0.938018798828125,0.129791259765625,1.3933138847351074,-0.7351975440979004,0.1399288773536682
1313,1.1107,2.1138,0,0,-0.3220977783203125,0.9253082275390625,0.038360595703125,1.9281762838363647,-0.5164862871170044,-0.31753987073898315
1314,1.1055,2.4728,0,0,-0.213104248046875,1.060821533203125,-0.00146484375,2.368326187133789,0.5004066228866577,-0.2900475263595581
1315,1.1014,2.7856,0,0,-0.254913330078125,1.0743408203125,0.1021728515625,2.368326187133789,0.5004066228866577,-0.2900475263595581
1316,1.0968,3.0328,0,0,-0.2925567626953125,1.1253204345703125,0.0367584228515625,2.264843702316284,4.188249588012695,-0.041357025504112244
1317,1.0897,3.2017,0,0,-0.3659210205078125,1.152099609375,-0.2134857177734375,2.703827381134033,4.350927829742432,0.03178615868091583
1318,1.0783,3.2872,0,0,-0.253509521484375,1.085174560546875,-0.041534423828125,2.526947498321533,2.5291409492492676,0.3098164498806
1319,1.0609,3.2914,0,0,-0.2065277099609375,1.013519287109375,-0.0803375244140625,2.1346397399902344,0.3961246907711029,0.39275339245796204
1320,1.0366,3.2223,0,0,-0.1949920654296875,0.877532958984375,0.1375732421875,1.2490746974945068,-1.6444226503372192,0.20653294026851654
1321,1.0053,3.0913,0,0,0.051055908203125,0.898590087890625,-0.0898895263671875,0.9411209225654602,-2.7448818683624268,0.48444363474845886
1322,0.9677,2.9113,0,0,0.193450927734375,0.982421875,-0.2826080322265625,1.244873285293579,-2.0143470764160156,0.9235405921936035
1323,0.9259,2.6949,0,0,0.1407470703125,1.0522308349609375,-0.2005767822265625,1.3754161596298218,-1.0830093622207642,0.9853805303573608
1324,0.8827,2.4531,0,0,0.1831512451171875,1.04913330078125,-0.1960296630859375,1.438218355178833,-1.2850196361541748,0.9635231494903564
1325,0.842,2.1957,0,0,0.0981597900390625,0.9094390869140625,-0.1641387939453125,1.3680567741394043,-2.0509815216064453,0.8035989999771118
1326,0.8079,1.9314,0,0,-0.033660888671875,0.7399749755859375,-0.1530303955078125,1.3680567741394043,-2.0509815216064453,0.8035989999771118
1327,0.7847,1.6687,0,0,-0.15948486328125,0.6216278076171875,-0.1584320068359375,0.780867874622345,-2.3720803260803223,0.08046767860651016
1328,0.7762,1.416,0,0,-0.31866455078125,0.540496826171875,-0.1967926025390625,0.29196688532829285,-1.5700418949127197,-0.22934824228286743
1329,0.785,1.1826,0,0,-0.394927978515625,0.522216796875,-0.2507781982421875,-0.2018393725156784,-0.7321552038192749,-0.3236049711704254
1330,0.8123,0.978,0,0,-0.399200439453125,0.5437774658203125,-0.3301239013671875,-0.5899139046669006,-0.10636132955551147,-0.23959074914455414
1331,0.8577,0.8116,0,0,-0.38641357421875,0.6442108154296875,-0.4652252197265625,-0.669239342212677,0.3035561442375183,-0.3277360498905182
1332,0.9189,0.6915,0,0,-0.2449798583984375,0.6940765380859375,-0.5192413330078125,-0.6104663014411926,0.4053086042404175,-0.41126611828804016
1333,0.9922,0.6238,0,0,-0.163970947265625,0.7933349609375,-0.57037353515625,-0.44480276107788086,0.3617539405822754,-0.4600783884525299
1334,1.0725,0.612,0,0,-0.0563812255859375,0.891998291015625,-0.618927001953125,-0.2625000774860382,0.15962640941143036,-0.4097960293292999
1335,1.1542,0.6561,0,0,0.0660858154296875,0.9336395263671875,-0.71063232421875,-0.26958248019218445,-0.31824907660484314,-0.2701297402381897
1336,1.2311,0.7522,0,0,0.242462158203125,0.8618011474609375,-0.8192138671875,-0.26958248019218445,-0.31824907660484314,-0.2701297402381897
1337,1.2977,0.8925,0,0,0.39459228515625,0.856109619140625,-0.84539794921875,-0.7079984545707703,-0.1864878535270691,0.5238845348358154
1338,1.349,1.0656,0,0,0.33740234375,1.025238037109375,-0.6923980712890625,-0.8099098801612854,0.5979281067848206,0.6873392462730408
1339,1.3815,1.2574,0,0,0.0902862548828125,1.28753662109375,-0.7798919677734375,-0.44059550762176514,-0.004985703621059656,0.3758457899093628
1340,1.3932,1.4523,0,0,0.129058837890625,1.2353668212890625,-1.0529937744140625,0.535266101360321,-1.1113693714141846,0.5493656396865845
1341,1.384,1.6347,0,0,0.0195465087890625,1.199676513671875,-0.665679931640625,0.23554646968841553,-0.881804883480072,0.423051118850708
1342,1.3556,1.7907,0,0,-0.297119140625,1.142608642578125,0.0358734130859375,-1.7258628606796265,0.037644315510988235,-0.3502216637134552
1343,1.3116,1.9099,0,0,-0.67022705078125,1.194488525390625,0.4219207763671875,-3.6412715911865234,0.6857773065567017,-1.6290463209152222
1344,1.2565,1.9863,0,0,-0.8320770263671875,1.1690521240234375,-0.0041046142578125,-3.1137313842773438,0.800829291343689,-2.452521324157715
1345,1.1956,2.019,0,0,-0.7129669189453125,1.0880126953125,-0.5544586181640625,-0.37201988697052,0.010656639002263546,-1.0484678745269775
1346,1.1346,2.0116,0,0,-0.476959228515625,0.745849609375,-0.0505828857421875,0.6367447972297668,-0.48371872305870056,0.23778405785560608
1347,1.0782,1.9708,0,0,-0.2783050537109375,0.650848388671875,0.260894775390625,0.12528228759765625,-0.13930383324623108,0.32959628105163574
1348,1.0304,1.9051,0,0,-0.092132568359375,0.691375732421875,0.2991943359375,-0.7346518635749817,0.7547928690910339,0.3394150733947754
1349,0.9932,1.8234,0,0,0.057891845703125,0.9232025146484375,0.2275238037109375,-1.3285785913467407,1.8984678983688354,0.5797821283340454
1350,0.9676,1.7344,0,0,0.1002349853515625,1.107208251953125,0.203399658203125,-1.579291820526123,2.615234851837158,0.8299722671508789
1351,0.9528,1.6464,0,0,0.111053466796875,1.116790771484375,0.1682586669921875,-1.3147690296173096,2.137885808944702,0.9431436061859131
1352,0.947,1.5668,0,0,0.0791015625,1.037750244140625,0.1054840087890625,-0.7382919192314148,1.2582767009735107,0.777584969997406
1353,0.9478,1.5018,0,0,0.0430908203125,0.915985107421875,0.0901336669921875,-0.2556043267250061,0.37235227227211,0.40288567543029785
1354,0.9526,1.4553,0,0,0.054931640625,0.873077392578125,0.082244873046875,-0.09009367227554321,-0.35493385791778564,0.105697400867939
1355,0.9588,1.4289,0,0,0.0533294677734375,0.9004669189453125,0.095916748046875,-0.33320352435112,-0.8219966292381287,0.06562454998493195
1356,0.9644,1.421,0,0,0.019287109375,0.9051666259765625,0.0961456298828125,-0.7915247678756714,-1.2686870098114014,0.14415425062179565
1357,0.9681,1.4277,0,0,-0.0446319580078125,0.9155731201171875,-0.090728759765625,-1.3924281597137451,-2.317274808883667,0.2587692439556122
1358,0.9692,1.4427,0,0,-0.1540679931640625,0.948974609375,-0.90020751953125,-0.9043567776679993,-1.3079183101654053,0.050332412123680115
1359,0.9682,1.4588,0,0,0.0169525146484375,0.9642486572265625,-0.459228515625,-0.9043567776679993,-1.3079183101654053,0.050332412123680115
1360,0.9664,1.4682,0,0,0.104278564453125,0.9939727783203125,0.042724609375,-0.13970942795276642,1.3385484218597412,0.08240699023008347
1361,0.9653,1.4633,0,0,0.086029052734375,0.91668701171875,0.1987152099609375,-0.5422108173370361,0.5105101466178894,0.08836954087018967
1362,0.9671,1.4375,0,0,0.095489501953125,0.818450927734375,0.086517333984375,-0.7912882566452026,-0.4643056094646454,0.019157182425260544
1363,0.9733,1.3858,0,0,0.0577392578125,0.80877685546875,0.006927490234375,-0.9120338559150696,-1.2594850063323975,-0.0234691072255373
1364,0.985,1.3053,0,0,0.0167083740234375,0.8912506103515625,0.008026123046875,-0.9979221224784851,-1.3781813383102417,0.008511729538440704
1365,1.0023,1.1967,0,0,-0.0305328369140625,0.942352294921875,-0.03790283203125,-1.0502716302871704,-0.8696190118789673,0.02864575944840908
1366,1.0247,1.0644,0,0,-0.1093902587890625,1.003326416015625,-0.13189697265625,-1.0828471183776855,-0.07320710271596909,-0.04862399399280548
1367,1.0505,0.9173,0,0,-0.118377685546875,1.0119171142578125,-0.1590423583984375,-0.8152617812156677,0.6419091820716858,-0.16725210845470428
1368,1.0777,0.7684,0,0,-0.0109100341796875,1.11663818359375,-0.035858154296875,-0.548272430896759,0.8881708979606628,-0.1703789234161377
1369,1.1044,0.634,0,0,0.1205291748046875,1.1947021484375,0.0122222900390625,-0.5185188055038452,0.8034509420394897,-0.20937027037143707
1370,1.1286,0.5327,0,0,0.205963134765625,1.2137451171875,0.0028076171875,-0.4136379063129425,0.6170112490653992,-0.22203359007835388
1371,1.1491,0.4832,0,0,0.20159912109375,1.17724609375,-0.0471038818359375,-0.2509097158908844,0.3102065920829773,-0.10307072848081589
1372,1.1653,0.5023,0,0,0.111572265625,1.1555023193359375,-0.165435791015625,-0.0638977587223053,0.190101757645607,0.08407013863325119
1373,1.1775,0.6026,0,0,0.1184539794921875,1.2364044189453125,-0.2026214599609375,0.19827553629875183,0.35651710629463196,0.1926376223564148
1374,1.1864,0.7903,0,0,0.172454833984375,1.2851104736328125,-0.1098175048828125,0.3928698003292084,0.29610303044319153,0.3238403797149658
1375,1.1929,1.064,0,0,0.1211700439453125,1.2534637451171875,-0.0355377197265625,0.3928698003292084,0.29610303044319153,0.3238403797149658
1376,1.1982,1.4137,0,0,0.04638671875,1.1564788818359375,-0.000457763671875,1.067034125328064,-0.1496821641921997,0.25605547428131104
1377,1.2025,1.8213,0,0,-0.0457611083984375,0.9497528076171875,0.0441741943359375,1.4324842691421509,-0.4964049756526947,0.0272662416100502
1378,1.2056,2.2621,0,0,-0.1558990478515625,0.8018646240234375,0.068939208984375,1.8452779054641724,-0.9023479223251343,-0.17505010962486267
1379,1.206,2.7066,0,0,-0.02520751953125,1.0413055419921875,-0.0113983154296875,2.3637211322784424,-0.6801306009292603,0.2311946004629135
1380,1.2017,3.1239,0,0,-0.0754241943359375,1.1591796875,0.116546630859375,2.3877551555633545,0.8305275440216064,0.5682764649391174
1381,1.1904,3.485,0,0,-0.262115478515625,1.303680419921875,0.15045166015625,2.1634018421173096,3.1120643615722656,0.41264909505844116
1382,1.1699,3.7658,0,0,-0.4027862548828125,1.4951171875,-0.0054168701171875,2.3989951610565186,5.543147087097168,-0.0815097764134407
1383,1.1391,3.9498,0,0,-0.4225006103515625,1.372833251953125,-0.3778839111328125,3.335881233215332,4.5578508377075195,-0.32322120666503906
1384,1.0978,4.0294,0,0,-0.174072265625,1.1120147705078125,0.0050506591796875,3.0174813270568848,1.7027000188827515,0.005028314422816038
1385,1.0476,4.0056,0,0,-0.1110382080078125,0.87774658203125,0.0945587158203125,2.197354316711426,-1.1298668384552002,0.19553035497665405
1386,0.9914,3.8872,0,0,0.108642578125,0.778076171875,-0.0058746337890625,1.5725041627883911,-3.0465824604034424,0.6349732279777527
1387,0.9331,3.6885,0,0,0.34234619140625,0.8447113037109375,-0.3822784423828125,1.8385009765625,-3.027719259262085,1.3374991416931152
1388,0.877,3.4272,0,0,0.221343994140625,0.8896636962890625,-0.200653076171875,1.8385009765625,-3.027719259262085,1.3374991416931152
1389,0.8277,3.1221,0,0,0.1536102294921875,0.8267669677734375,-0.084228515625,1.1696609258651733,-1.8199435472488403,1.0766785144805908
1390,0.7893,2.7922,0,0,0.1352386474609375,0.7615814208984375,-0.0805816650390625,1.1696609258651733,-1.8199435472488403,1.0766785144805908
1391,0.7649,2.4549,0,0,0.0267486572265625,0.6681060791015625,-0.0742950439453125,0.07644550502300262,-2.5760719776153564,0.42070460319519043
1392,0.7567,2.1253,0,0,-0.096588134765625,0.61993408203125,-0.076812744140625,-0.36191028356552124,-2.5718979835510254,0.07085659354925156
1393,0.7652,1.8165,0,0,-0.2055206298828125,0.600799560546875,-0.1268157958984375,-0.6677775382995605,-1.8680460453033447,-0.1786951720714569
1394,0.7897,1.539,0,0,-0.34234619140625,0.639739990234375,-0.1975860595703125,-0.8476311564445496,-0.9377037882804871,-0.3538970947265625
1395,0.8284,1.301,0,0,-0.40234375,0.6852264404296875,-0.2862701416015625,-0.9433326721191406,-0.4423646330833435,-0.3600417971611023
1396,0.8783,1.1088,0,0,-0.43817138671875,0.7582550048828125,-0.3846893310546875,-0.9883475303649902,-0.09927491843700409,-0.23034000396728516
1397,0.9363,0.9666,0,0,-0.4211273193359375,0.8531036376953125,-0.5033416748046875,-0.840194821357727,0.5357310771942139,-0.09176827222108841
1398,0.9989,0.8775,0,0,-0.3460845947265625,0.9005584716796875,-0.538970947265625,-0.5170630812644958,0.9830182790756226,-0.1673695594072342
1399,1.0631,0.8429,0,0,-0.145172119140625,0.9015960693359375,-0.658660888671875,-0.5170630812644958,0.9830182790756226,-0.1673695594072342
1400,1.126,0.8631,0,0,0.1264495849609375,0.9189300537109375,-0.8053131103515625,0.9068401455879211,-0.84541916847229,0.38991475105285645
1401,1.1852,0.9368,0,0,0.291290283203125,0.93927001953125,-0.6898193359375,0.994861900806427,-0.5783264636993408,0.5800979733467102
1402,1.2388,1.0607,0,0,0.35968017578125,0.9103851318359375,-0.490875244140625,-0.15128032863140106,-0.0489310584962368,0.4977506697177887
1403,1.2849,1.2288,0,0,0.2729034423828125,0.853363037109375,-0.4544525146484375,-1.0785586833953857,-0.35089731216430664,0.23352833092212677
1404,1.3217,1.4321,0,0,0.1421661376953125,0.957763671875,-0.6898040771484375,-0.8746998310089111,-0.4421321451663971,0.20103883743286133
1405,1.3477,1.6586,0,0,0.186279296875,1.005859375,-1.01251220703125,-0.8746998310089111,-0.4421321451663971,0.20103883743286133
1406,1.3614,1.8933,0,0,0.1707000732421875,0.9793701171875,-0.949127197265625,-0.18591207265853882,-0.9943755865097046,0.7158592939376831
1407,1.362,2.12,0,0,0.042236328125,1.17047119140625,-0.4264678955078125,-1.1926580667495728,-0.9744700789451599,0.3156586289405823
1408,1.3495,2.3225,0,0,-0.3018951416015625,1.3939208984375,-0.0500335693359375,-2.577414035797119,0.12369983643293381,-0.7085702419281006
1409,1.3247,2.487,0,0,-0.57513427734375,1.541748046875,0.2778167724609375,-3.9001340866088867,1.3695154190063477,-1.772072672843933
1410,1.2897,2.6037,0,0,-0.8266754150390625,1.41162109375,-0.0059356689453125,-2.692732334136963,1.1114535331726074,-1.925919532775879
1411,1.2476,2.668,0,0,-0.851593017578125,1.0261688232421875,-0.652557373046875,-2.692732334136963,1.1114535331726074,-1.925919532775879
1412,1.2021,2.6805,0,0,-0.6943817138671875,0.4281158447265625,-0.0330047607421875,2.018324851989746,-0.9040986895561218,-0.0760289877653122
1413,1.1569,2.6464,0,0,-0.3953704833984375,0.402099609375,0.5925445556640625,0.5802210569381714,-0.4362417757511139,-0.2801206111907959
1414,1.1153,2.5736,0,0,-0.0662689208984375,0.5659942626953125,0.5505828857421875,-1.0505092144012451,0.45266813039779663,-0.11273933202028275
1415,1.0796,2.4719,0,0,0.01531982421875,0.9242706298828125,0.3026885986328125,-1.88229238986969,1.7681254148483276,0.1597401350736618
1416,1.051,2.3515,0,0,0.0967864990234375,1.1960296630859375,0.14117431640625,-1.862560749053955,2.906337261199951,0.5328729748725891
1417,1.0295,2.2224,0,0,0.1884307861328125,1.269317626953125,0.0937347412109375,-1.27842116355896,3.0627501010894775,0.9517495632171631
1418,1.0145,2.094,0,0,0.150787353515625,1.12579345703125,0.069915771484375,-0.6158666610717773,2.40817928314209,1.0507256984710693
1419,1.0048,1.9743,0,0,0.0870513916015625,0.9923095703125,0.0765533447265625,-0.19092388451099396,1.3977148532867432,0.7869776487350464
1420,0.9988,1.8696,0,0,0.1067657470703125,0.928314208984375,0.1011962890625,-0.16621294617652893,0.3787981867790222,0.4168882966041565
1421,0.9951,1.7829,0,0,0.1389617919921875,0.9129486083984375,0.09326171875,-0.4356846213340759,-0.5096731185913086,0.12551477551460266
1422,0.9925,1.7145,0,0,0.1324310302734375,0.8849639892578125,0.0795135498046875,-1.382941484451294,-1.3288862705230713,0.1322198212146759
1423,0.9902,1.6609,0,0,-0.0200958251953125,0.88525390625,-0.4024810791015625,-2.175786018371582,-0.5532421469688416,0.16516391932964325
1424,0.9877,1.6164,0,0,-0.01788330078125,0.942596435546875,-0.79388427734375,-0.6413919925689697,1.9943510293960571,-0.037032052874565125
1425,0.9851,1.5739,0,0,0.091796875,0.9901275634765625,-0.148773193359375,0.266215443611145,2.1513431072235107,-0.07323692739009857
1426,0.9829,1.5255,0,0,0.158416748046875,1.002593994140625,0.1898345947265625,0.024564199149608612,0.8122188448905945,-0.12226998805999756
1427,0.9821,1.4644,0,0,0.145599365234375,0.9304351806640625,0.2322998046875,0.024564199149608612,0.8122188448905945,-0.12226998805999756
1428,0.9836,1.3852,0,0,0.137115478515625,0.922149658203125,0.054840087890625,-1.3289508819580078,-1.355082392692566,-0.14307460188865662
1429,0.9884,1.2847,0,0,0.05499267578125,0.855621337890625,-0.1819915771484375,-1.1697351932525635,-0.8827031254768372,-0.11930801719427109
1430,0.9971,1.1629,0,0,-0.03338623046875,0.91815185546875,-0.2955474853515625,-1.1697351932525635,-0.8827031254768372,-0.11930801719427109
1431,1.0097,1.0232,0,0,0.0052032470703125,0.92913818359375,-0.137298583984375,-0.7300134897232056,-0.14991119503974915,-0.212721049785614
1432,1.0259,0.8723,0,0,0.006134033203125,0.954742431640625,0.0418853759765625,-0.6181564331054688,0.0025031049735844135,-0.20185109972953796
1433,1.0449,0.7202,0,0,0.045135498046875,1.03765869140625,-0.00921630859375,-0.6702460050582886,-0.19158300757408142,-0.2807594835758209
1434,1.0655,0.5796,0,0,0.1099853515625,1.1380157470703125,-0.0965118408203125,-0.5901487469673157,0.41081976890563965,-0.2865912914276123
1435,1.0865,0.465,0,0,0.140380859375,1.175140380859375,-0.102996826171875,-0.4755745232105255,0.7125625610351562,-0.18157406151294708
1436,1.107,0.3914,0,0,0.1168975830078125,1.1880035400390625,-0.0965576171875,-0.2832340896129608,0.5764214992523193,-0.11900921165943146
1437,1.1261,0.3733,0,0,0.1083831787109375,1.1610565185546875,-0.1027984619140625,-0.07306782156229019,0.30508801341056824,-0.07074953615665436
1438,1.1435,0.4226,0,0,0.0973663330078125,1.0926055908203125,-0.1043701171875,-0.07306782156229019,0.30508801341056824,-0.07074953615665436
1439,1.1589,0.5473,0,0,0.133941650390625,1.1290283203125,-0.07489013671875,0.16427069902420044,0.09426365047693253,0.24885615706443787
1440,1.1726,0.7497,0,0,0.115692138671875,1.1259613037109375,-0.096649169921875,0.28002554178237915,0.036857884377241135,0.27920395135879517
1441,1.1844,1.0256,0,0,0.1445465087890625,1.24090576171875,-0.037139892578125,0.5526298880577087,-0.32910412549972534,0.3436204791069031
1442,1.1944,1.364,0,0,0.101043701171875,1.2251129150390625,0.010528564453125,0.9972976446151733,-0.6461220383644104,0.39787253737449646
1443,1.2019,1.7474,0,0,-0.019622802734375,1.0269012451171875,0.052886962890625,1.4322142601013184,-0.46503105759620667,0.2755519449710846
1444,1.2064,2.1531,0,0,-0.12451171875,1.0261688232421875,0.1392059326171875,1.8560123443603516,-0.48700347542762756,0.08773331344127655
1445,1.2066,2.5554,0,0,-0.0554046630859375,1.1938934326171875,0.0233612060546875,2.3819825649261475,0.042935747653245926,0.28827252984046936
1446,1.2011,2.9277,0,0,-0.1429901123046875,1.1689910888671875,0.1507720947265625,2.2998387813568115,1.456395149230957,0.36781105399131775
1447,1.1888,3.2455,0,0,-0.336883544921875,1.217254638671875,0.1008758544921875,2.2998387813568115,1.456395149230957,0.36781105399131775
1448,1.1686,3.489,0,0,-0.4710845947265625,1.3349456787109375,-0.201568603515625,2.848749876022339,5.016622543334961,-0.4655706286430359
1449,1.1403,3.6446,0,0,-0.357269287109375,1.173919677734375,-0.2044830322265625,3.287099599838257,3.9615495204925537,-0.350497305393219
1450,1.104,3.7068,0,0,-0.194976806640625,1.0433349609375,-0.00531005859375,2.85589599609375,1.513317584991455,0.04496321454644203
1451,1.0609,3.6772,0,0,-0.205535888671875,0.8985595703125,0.2513427734375,1.7570284605026245,-1.8771206140518188,0.16552957892417908
1452,1.0127,3.5635,0,0,0.063385009765625,0.8669281005859375,-0.149444580078125,1.5540082454681396,-3.3667654991149902,0.5623461604118347
1453,0.9617,3.3779,0,0,0.10638427734375,0.8826446533203125,-0.3123016357421875,1.9202808141708374,-2.460611343383789,0.7946691513061523
1454,0.9104,3.1349,0,0,0.0689544677734375,0.848876953125,-0.121978759765625,1.803956389427185,-0.9855954051017761,0.7095116376876831
1455,0.8616,2.8495,0,0,0.1505126953125,0.965423583984375,-0.2009735107421875,1.714454174041748,-0.944287121295929,0.6933454871177673
1456,0.8182,2.5365,0,0,0.0767974853515625,0.9087677001953125,-0.190460205078125,1.4165923595428467,-1.8902267217636108,0.5794188976287842
1457,0.7829,2.2095,0,0,0.0218658447265625,0.8070220947265625,-0.1339263916015625,0.7434770464897156,-2.576317071914673,0.45687299966812134
1458,0.7583,1.8813,0,0,-0.073822021484375,0.7084503173828125,-0.111480712890625,0.04131761193275452,-2.768017530441284,0.3626442551612854
1459,0.7464,1.5642,0,0,-0.16278076171875,0.57183837890625,-0.1658172607421875,-0.40711769461631775,-2.089777708053589,0.25551167130470276
1460,0.7487,1.2701,0,0,-0.297454833984375,0.4916839599609375,-0.2335205078125,-0.5764140486717224,-1.0532439947128296,0.08951257169246674
1461,0.7659,1.0106,0,0,-0.3384857177734375,0.55029296875,-0.3021697998046875,-0.61051344871521,-0.38703081011772156,0.012518455274403095
1462,0.7979,0.796,0,0,-0.3612518310546875,0.7450714111328125,-0.4561614990234375,-0.49402302503585815,-0.04513738304376602,-0.11999804526567459
1463,0.8437,0.6352,0,0,-0.2748565673828125,0.8208160400390625,-0.5845947265625,-0.2745998799800873,0.18838483095169067,-0.16680389642715454
1464,0.9016,0.5347,0,0,-0.1954803466796875,0.7538299560546875,-0.5821380615234375,-0.13960875570774078,0.5069707632064819,-0.1899198740720749
1465,0.9691,0.4982,0,0,-0.146881103515625,0.6784820556640625,-0.52239990234375,-0.13960875570774078,0.5069707632064819,-0.1899198740720749
1466,1.0429,0.5259,0,0,-0.10986328125,0.669769287109375,-0.5479278564453125,-0.5001770853996277,0.01312192715704441,-0.36673805117607117
1467,1.1192,0.6148,0,0,-0.008941650390625,0.761566162109375,-0.608184814453125,-0.6789385676383972,-0.24617062509059906,-0.41512662172317505
1468,1.1937,0.7582,0,0,0.1573944091796875,0.957855224609375,-0.5900421142578125,-0.8213452100753784,-0.22532473504543304,-0.15995503962039948
1469,1.262,0.9463,0,0,0.3032379150390625,1.1298828125,-0.6386871337890625,-0.8680384159088135,-0.11602140963077545,0.30281925201416016
1470,1.3197,1.1661,0,0,0.362060546875,1.17333984375,-0.7917633056640625,-0.45377734303474426,-0.06129904463887215,0.6886029243469238
1471,1.3631,1.4024,0,0,0.352142333984375,1.0407867431640625,-0.9490966796875,0.16671787202358246,-0.30728110671043396,0.8161931037902832
1472,1.3894,1.6388,0,0,0.2507171630859375,0.8258056640625,-1.0527191162109375,0.08475989103317261,-0.7797977924346924,0.6353415250778198
1473,1.3973,1.8586,0,0,-0.0515594482421875,1.0143585205078125,-0.613067626953125,-0.8837729096412659,-0.25758999586105347,0.007680556736886501
1474,1.3866,2.0469,0,0,-0.3205108642578125,1.2609710693359375,0.0994110107421875,-2.8093507289886475,0.612529993057251,-0.9080196619033813
1475,1.359,2.1918,0,0,-0.691650390625,1.4301605224609375,0.379119873046875,-4.340216636657715,0.8581874370574951,-2.0606584548950195
1476,1.3175,2.2863,0,0,-0.80303955078125,1.507781982421875,-0.441986083984375,-2.2376980781555176,0.43134286999702454,-1.9407389163970947
1477,1.2662,2.3282,0,0,-0.6688232421875,1.2767486572265625,-0.5854034423828125,1.0061513185501099,-0.6580889225006104,-0.14436569809913635
1478,1.21,2.3196,0,0,-0.6004791259765625,0.6416778564453125,-0.012237548828125,1.825199842453003,-0.9484310150146484,0.10116416960954666
1479,1.1538,2.2661,0,0,-0.252197265625,0.5183563232421875,0.3406219482421875,0.7738584280014038,0.2136843204498291,-0.023244336247444153
1480,1.1018,2.1753,0,0,-0.11041259765625,0.7057647705078125,0.54766845703125,-1.0156702995300293,1.0589165687561035,-0.0635685920715332
1481,1.0569,2.0553,0,0,-0.06549072265625,0.9068756103515625,0.2906036376953125,-1.986819863319397,1.2424054145812988,-0.0033902039285749197
1482,1.0208,1.9146,0,0,0.0282135009765625,1.1097412109375,0.076568603515625,-2.037550926208496,1.3452394008636475,0.3477957844734192
1483,0.9937,1.7616,0,0,0.0955047607421875,1.1927642822265625,0.0940093994140625,-1.704975962638855,1.620558261871338,0.824802815914154
1484,0.9744,1.6046,0,0,0.0871124267578125,1.0945587158203125,0.0613861083984375,-1.0710639953613281,1.6306138038635254,1.0399894714355469
1485,0.9611,1.4516,0,0,0.00408935546875,0.938079833984375,0.0657196044921875,-0.5158071517944336,1.2149790525436401,0.8223641514778137
1486,0.9516,1.3098,0,0,7.62939453125e-05,0.8810272216796875,0.0743865966796875,-0.19457241892814636,0.5456878542900085,0.45736196637153625
1487,0.9436,1.1848,0,0,-0.0134735107421875,0.871734619140625,0.0626678466796875,-0.1548260599374771,-0.2668956220149994,0.10448326915502548
1488,0.9352,1.0802,0,0,-0.013427734375,0.880279541015625,0.0499420166015625,-0.3604964017868042,-1.0048868656158447,0.01372326910495758
1489,0.9252,0.997,0,0,-0.1411285400390625,0.913116455078125,-0.2130584716796875,-0.37365642189979553,-1.3122177124023438,-0.09166280925273895
1490,0.9133,0.9337,0,0,-0.1601715087890625,0.92413330078125,-0.3630523681640625,-0.3089626431465149,-0.6406881213188171,-0.07769772410392761
1491,0.9002,0.8864,0,0,0.0035247802734375,0.988189697265625,-0.1420135498046875,-0.5401114225387573,0.28829145431518555,0.09116879105567932
1492,0.8875,0.8495,0,0,0.0357666015625,0.996978759765625,-0.0259246826171875,-0.7675840258598328,0.9782408475875854,0.09609910100698471
1493,0.8776,0.8166,0,0,0.0966644287109375,0.99200439453125,0.0062103271484375,-0.7942183017730713,0.8991913199424744,0.1097366139292717
1494,0.8733,0.7812,0,0,0.1090850830078125,0.9521484375,0.0186614990234375,-0.6841034889221191,0.4493578374385834,0.09684691578149796
1495,0.8771,0.7373,0,0,0.0619049072265625,0.889678955078125,-0.015167236328125,-0.6297073364257812,-0.25754499435424805,-0.055740226060152054
