id,ASVM,GSVM,walking_nonwalking,normal_abnormal,ax,ay,az,gx,gy,gz
1,1.0928,1.481,0,0,0.372528076171875,0.9294891357421876,-0.437652587890625,0.3012495934963226,1.3663352727890017,-0.485474020242691
2,1.0927,1.4818,0,0,0.379852294921875,0.8330841064453125,0.0925445556640625,-0.039585493505001,2.445080518722534,-0.425551563501358
3,1.0918,1.4883,0,0,0.37249755859375,0.9016876220703124,0.2607421875,-0.6939840912818909,3.461671829223633,-0.452789843082428
4,1.0891,1.5129,0,0,0.5616455078125,0.9474334716796876,0.1755523681640625,-0.6556787490844727,2.704803943634033,-0.1440977901220321
5,1.0839,1.5698,0,0,0.5102996826171875,0.756866455078125,0.107269287109375,-0.2534096240997314,0.5353768467903137,0.0347313471138477
6,1.0761,1.6608,0,0,0.491241455078125,0.746307373046875,0.0865631103515625,-0.7545371651649475,0.2050761878490448,0.0604771934449672
7,1.0657,1.7674,0,0,0.398193359375,0.855621337890625,0.08306884765625,-1.2070168256759644,0.1635609716176986,0.2117729634046554
8,1.0522,1.8609,0,0,0.231689453125,0.9342498779296876,-0.057525634765625,-1.1461187601089478,-0.7905660271644592,0.189555287361145
9,1.0361,1.9177,0,0,0.20538330078125,0.9488677978515624,-0.263763427734375,-0.9982009530067444,-1.052321434020996,0.1533237695693969
10,1.0185,1.9268,0,0,0.2415618896484375,0.9486236572265624,-0.44189453125,-0.8876693844795227,-0.5655145049095154,0.1280373334884643
11,1.0015,1.8877,0,0,0.3249664306640625,0.916412353515625,-0.375091552734375,-0.6812557578086853,0.0474545992910862,0.1417161226272583
12,0.9874,1.8054,0,0,0.4155731201171875,0.8836669921875,-0.21063232421875,-0.5013640522956848,0.5416613817214966,0.1866276711225509
13,0.9781,1.6873,0,0,0.418975830078125,0.846405029296875,-0.06170654296875,-0.5330769419670105,0.6283755302429199,0.2366455644369125
14,0.9737,1.5431,0,0,0.3746490478515625,0.812591552734375,-0.0362548828125,-0.77923184633255,0.4146126210689544,0.2304686307907104
15,0.9731,1.385,0,0,0.32232666015625,0.78021240234375,-0.098663330078125,-0.951469659805298,0.1594929844141006,0.1331553906202316
16,0.974,1.2272,0,0,0.30047607421875,0.8028717041015625,-0.200592041015625,-0.9448232054710388,0.085930086672306,0.0622918717563152
17,0.9738,1.0829,0,0,0.2936859130859375,0.8408050537109375,-0.2726898193359375,-0.8239495158195496,0.3292188942432403,-0.0582963302731514
18,0.9708,0.9624,0,0,0.3060150146484375,0.8724365234375,-0.2316741943359375,-0.6659817695617676,0.4689387083053589,-0.1560109108686447
19,0.9647,0.8714,0,0,0.3238525390625,0.8679351806640625,-0.1792449951171875,-0.5766995549201965,0.526896059513092,-0.2410277873277664
20,0.9563,0.8109,0,0,0.3535614013671875,0.854736328125,-0.218902587890625,-0.5964817404747009,0.6021750569343567,-0.3008040487766266
21,0.9472,0.7781,0,0,0.383331298828125,0.837982177734375,-0.3145751953125,-0.5028280019760132,0.6032983660697937,-0.3595451116561889
22,0.9388,0.7683,0,0,0.4771270751953125,0.8426666259765625,-0.2788238525390625,-0.2972167730331421,0.7124611139297485,-0.3856156170368194
23,0.9328,0.7759,0,0,0.5821075439453125,0.8675994873046875,-0.0644683837890625,-0.1630379259586334,1.003078579902649,-0.3557836711406708
24,0.9304,0.7954,0,0,0.5740966796875,0.8467864990234375,0.1433258056640625,-0.1955620497465133,0.8728275895118713,-0.278504341840744
25,0.9326,0.8222,0,0,0.65362548828125,0.7906494140625,0.0799102783203125,-0.3427818417549133,0.425135850906372,-0.1906431913375854
26,0.9399,0.8511,0,0,0.7526397705078125,0.7842254638671875,-0.09393310546875,-0.6074699759483337,0.1212302893400192,-0.028161596506834
27,0.9518,0.8755,0,0,0.697540283203125,0.891876220703125,-0.2623138427734375,-0.6057961583137512,0.1092428639531135,0.1089911982417106
28,0.9681,0.8892,0,0,0.5826416015625,1.1254119873046875,-0.3003997802734375,-0.3944559693336487,0.2848424017429352,0.2452278733253479
29,0.9891,0.8879,0,0,0.5303955078125,1.20648193359375,-0.199920654296875,0.0088920285925269,0.3055205047130584,0.3118748068809509
30,1.0156,0.8694,0,0,0.5173492431640625,1.223846435546875,-0.0066680908203125,0.3296801745891571,0.1741550266742706,0.3601925373077392
31,1.0482,0.8344,0,0,0.5112762451171875,1.158538818359375,0.081451416015625,0.4846428632736206,-0.3544840514659881,0.3706262707710266
32,1.0864,0.7869,0,0,0.5310211181640625,1.079803466796875,0.1114349365234375,0.7366647124290466,-0.8149214386940002,0.4616158306598663
33,1.1279,0.7358,0,0,0.3938446044921875,1.030670166015625,0.213043212890625,0.8692094087600708,-1.0885995626449585,0.7087126970291138
34,1.1688,0.6942,0,0,0.223297119140625,1.0442047119140625,0.2169647216796875,0.8198847770690918,-0.7827147841453552,0.9396361708641052
35,1.2045,0.6768,0,0,0.1291046142578125,1.0709381103515625,-0.03765869140625,1.1136412620544434,0.0998429730534553,1.1417205333709717
36,1.2306,0.695,0,0,0.03460693359375,1.21734619140625,-0.113067626953125,1.503235936164856,0.3099527955055237,1.09618878364563
37,1.2451,0.7551,0,0,0.1110382080078125,1.447021484375,-0.215576171875,1.924227595329285,-1.4726053476333618,0.7751076817512512
38,1.2492,0.8601,0,0,0.1638946533203125,1.3222503662109375,-0.4277496337890625,1.967236876487732,-2.232914924621582,0.4048707783222198
39,1.2471,1.0115,0,0,0.1805877685546875,1.0217132568359375,-0.5729522705078125,2.071922063827514,-0.81299889087677,-0.1826584935188293
40,1.2431,1.2065,0,0,0.2792816162109375,0.820556640625,-0.324462890625,2.432615280151367,-0.2078346908092498,-0.5218823552131653
41,1.2387,1.4347,0,0,0.2396392822265625,0.70037841796875,0.0055694580078125,2.345071792602539,-0.5490093231201172,-0.6534339785575867
42,1.2311,1.6795,0,0,0.2969512939453125,0.6667938232421875,0.3614044189453125,1.410297155380249,-1.5272938013076782,-0.7409896850585938
43,1.216,1.9213,0,0,0.371063232421875,0.7086181640625,0.1845550537109375,0.4823152422904968,-2.666709899902344,-0.5854632258415222
44,1.1894,2.1428,0,0,0.4610595703125,0.7747802734375,-0.2957611083984375,0.6920034885406494,-2.932535171508789,-0.2131748646497726
45,1.1507,2.3329,0,0,0.4325103759765625,0.763336181640625,-0.32342529296875,0.7014686465263367,-2.3453314304351807,-0.0102435825392603
46,1.1025,2.4856,0,0,0.415008544921875,0.764984130859375,-0.2873077392578125,0.0370054207742214,-1.409409523010254,0.3284905254840851
47,1.0498,2.5945,0,0,0.33563232421875,0.810028076171875,-0.2271728515625,-0.4634081423282623,-0.9288703799247742,0.6055862903594971
48,0.9977,2.6496,0,0,0.0853271484375,0.766357421875,-0.2613983154296875,-0.7695392966270447,-0.9254748225212096,0.5309823751449585
49,0.9504,2.6404,0,0,-0.094757080078125,0.5798492431640625,-0.4481201171875,-0.9405518174171448,-0.4844825267791748,0.2310169786214828
50,0.91,2.5626,0,0,-0.0492095947265625,0.4853515625,-0.5297698974609375,-1.0439561605453491,0.3178195059299469,-0.0421051084995269
51,0.8767,2.4207,0,0,0.029052734375,0.526947021484375,-0.528564453125,-1.0212913751602173,0.8782333135604858,-0.2245686650276184
52,0.8494,2.2282,0,0,0.18780517578125,0.6804351806640625,-0.506744384765625,-1.0382370948791504,1.0186450481414795,-0.4127984941005707
53,0.8275,2.0062,0,0,0.4104461669921875,0.8464813232421875,-0.48291015625,-0.9379760026931764,0.8022266626358032,-0.4168046712875366
54,0.8119,1.7788,0,0,0.5076751708984375,1.0218353271484375,-0.3794403076171875,-0.827492892742157,0.3169926106929779,-0.2208684682846069
55,0.8053,1.5666,0,0,0.5199127197265625,1.01776123046875,-0.4919586181640625,-0.6834177374839783,-0.7295684218406677,0.0026940538082271
56,0.8114,1.3831,0,0,0.4610595703125,0.8785858154296875,-0.67578125,-0.1890231817960739,-1.1659228801727295,0.2737979888916015
57,0.8328,1.2352,0,0,0.4620513916015625,0.805694580078125,-0.7397003173828125,0.209110602736473,-0.902451515197754,0.5823869705200195
58,0.8696,1.1256,0,0,0.384735107421875,0.8680877685546875,-0.5229034423828125,0.2214362472295761,-0.6833575367927551,0.7453636527061462
59,0.9187,1.0528,0,0,0.284912109375,1.0300750732421875,-0.3332061767578125,0.0499670282006263,-0.4829229712486267,0.6606264114379883
60,0.9748,1.0112,0,0,0.0477752685546875,1.072509765625,-0.1922454833984375,-0.2345105111598968,-0.353372722864151,0.4778153002262115
61,1.0315,0.991,0,0,-0.0693359375,1.17718505859375,-0.274658203125,-0.384342610836029,-0.207263708114624,0.0255157463252544
62,1.0837,0.9801,0,0,-0.029144287109375,1.4221649169921875,-0.4470977783203125,0.0048309741541743,0.0242001451551914,-0.4549582004547119
63,1.1289,0.9666,0,0,0.09771728515625,1.3803253173828125,-0.6651458740234375,0.428874671459198,-0.1224561408162117,-0.5825915336608887
64,1.1681,0.9429,0,0,0.128753662109375,0.949188232421875,-0.55682373046875,0.4550239741802215,1.2467490434646606,-0.4707217216491699
65,1.2026,0.9103,0,0,0.144134521484375,0.8399658203125,-0.2528228759765625,0.3756271600723266,2.081536054611206,-0.3534368872642517
66,1.2311,0.8807,0,0,0.2554473876953125,0.8024749755859375,-0.0150909423828125,0.0898151099681854,2.635083675384521,-0.2894203662872314
67,1.2494,0.8753,0,0,0.4468841552734375,0.88525390625,0.1186370849609375,-0.1456815749406814,2.942028284072876,-0.0366187319159507
68,1.2528,0.9168,0,0,0.4544830322265625,0.7906646728515625,0.1300811767578125,-0.1733105331659317,2.349766492843628,0.1181410178542137
69,1.2391,1.0197,0,0,0.4295501708984375,0.6977386474609375,0.0597991943359375,-0.3730606734752655,1.4463105201721191,0.0756367072463035
70,1.2087,1.1806,0,0,0.419677734375,0.7476348876953125,0.011566162109375,-0.5960521697998047,0.6709229946136475,-0.0331313200294971
71,1.1641,1.3764,0,0,0.4187469482421875,0.866058349609375,0.0476226806640625,-0.7408472299575806,-0.1991240233182907,-0.1352014988660812
72,1.11,1.5715,0,0,0.4197845458984375,0.9182586669921876,0.0219573974609375,-0.9335474371910096,-1.1256567239761353,-0.1327234208583831
73,1.0524,1.7318,0,0,0.42620849609375,0.9192962646484376,-0.203704833984375,-1.0644148588180542,-1.1922786235809326,-0.0230885408818721
74,0.9982,1.8359,0,0,0.45977783203125,0.9601898193359376,-0.297088623046875,-1.0173115730285645,-0.7084546685218811,0.1358507722616195
75,0.9538,1.8771,0,0,0.45098876953125,0.989776611328125,-0.2467041015625,-0.8342253565788269,-0.4187999069690704,0.2990801930427551
76,0.924,1.8585,0,0,0.4272003173828125,0.9817352294921876,-0.17266845703125,-0.7326231002807617,-0.085015557706356,0.4408953785896301
77,0.911,1.7881,0,0,0.397857666015625,0.90167236328125,-0.0712432861328125,-0.7977080941200256,-0.0501960590481758,0.4881941676139831
78,0.9142,1.677,0,0,0.35614013671875,0.8658447265625,-0.114837646484375,-0.7679030299186707,-0.0781957358121872,0.5033201575279236
79,0.93,1.5384,0,0,0.2665557861328125,0.84991455078125,-0.1812591552734375,-0.7663866281509399,0.1290668994188308,0.48360475897789
80,0.9527,1.3873,0,0,0.1747894287109375,0.7975311279296875,-0.1881866455078125,-0.6755635142326355,0.4666907489299774,0.2722208797931671
81,0.9761,1.2373,0,0,0.207855224609375,0.8456878662109375,-0.130950927734375,-0.6055018901824951,0.5824618339538574,0.0853101015090942
82,0.9945,1.1,0,0,0.262359619140625,0.8330535888671875,-0.02947998046875,-0.5818336009979248,0.5537241697311401,-0.0716353058815002
83,1.0043,0.9834,0,0,0.276641845703125,0.8426666259765625,0.003997802734375,-0.6924540996551514,0.5005887746810913,-0.1761073917150497
84,1.004,0.892,0,0,0.256927490234375,0.872039794921875,-0.06591796875,-0.7992287278175354,0.4309998750686645,-0.2929746210575104
85,0.9942,0.8275,0,0,0.265960693359375,0.8714752197265625,-0.30810546875,-0.8065396547317505,0.451999694108963,-0.4319069385528564
86,0.9778,0.7899,0,0,0.4187774658203125,0.83740234375,-0.5143585205078125,-0.4215131402015686,0.7410309314727783,-0.518157422542572
87,0.9585,0.7776,0,0,0.566436767578125,0.8323211669921875,-0.278533935546875,-0.0774580389261245,1.2135074138641355,-0.4345104396343231
88,0.941,0.7882,0,0,0.6428070068359375,0.8827667236328125,-0.013336181640625,-0.0546933375298976,1.1382638216018677,-0.3051186203956604
89,0.9294,0.8186,0,0,0.6518402099609375,0.8654937744140625,0.1385955810546875,-0.129183292388916,0.7917807102203369,-0.2404661327600479
90,0.9264,0.8635,0,0,0.699127197265625,0.828125,0.172576904296875,-0.3920988142490387,0.4941284954547882,-0.1692364364862442
91,0.9331,0.914,0,0,0.7265167236328125,0.831756591796875,0.030029296875,-0.706594705581665,-0.0361809059977531,-0.0477302372455596
92,0.949,0.9595,0,0,0.6641693115234375,0.9432220458984376,-0.2830352783203125,-0.7427462935447693,-0.2433428764343261,-0.0014642059104517
93,0.9728,0.9908,0,0,0.5311431884765625,1.0389556884765625,-0.4456634521484375,-0.2885756194591522,0.3278788030147552,0.0493939146399498
94,1.0026,1.0013,0,0,0.5129547119140625,1.0888671875,-0.2736053466796875,0.2634934186935425,0.4603220522403717,0.0742702335119247
95,1.0367,0.9881,0,0,0.5933380126953125,1.112457275390625,-0.07171630859375,0.5109652876853943,0.3164208233356476,0.1657615303993225
96,1.0736,0.9515,0,0,0.6118011474609375,1.110137939453125,0.0612030029296875,0.6253107786178589,0.0288196634501218,0.2949368357658386
97,1.1114,0.8968,0,0,0.6272125244140625,1.0631103515625,0.1719818115234375,0.7113398909568787,-0.4697968065738678,0.4672737121582031
98,1.1482,0.833,0,0,0.541046142578125,1.0205078125,0.243560791015625,0.7217299938201904,-0.9282341599464417,0.6832952499389648
99,1.1818,0.7733,0,0,0.373046875,0.982269287109375,0.2452545166015625,0.6777992844581604,-1.1376478672027588,0.8780388832092285
100,1.2096,0.7324,0,0,0.158843994140625,1.04864501953125,0.0216217041015625,0.9848414659500122,-0.5632199645042419,0.977156937122345
101,1.2287,0.7238,0,0,0.035797119140625,1.137451171875,-0.122589111328125,1.576089859008789,0.1943966448307037,1.1188198328018188
102,1.2375,0.7567,0,0,-0.1029205322265625,1.3456268310546875,-0.1760711669921875,1.9052430391311648,-0.4469487369060516,0.8824698328971863
103,1.2368,0.836,0,0,0.109405517578125,1.4083251953125,-0.380523681640625,2.106671094894409,-1.7392841577529907,0.542151689529419
104,1.2306,0.9631,0,0,0.106719970703125,1.1240081787109375,-0.5517120361328125,2.1535561084747314,-0.93807715177536,0.0509401448071002
105,1.2234,1.1355,0,0,0.1719818115234375,0.9082489013671876,-0.424163818359375,2.54697060585022,0.0017955031944438,-0.5399327278137207
106,1.218,1.3455,0,0,0.245758056640625,0.8460540771484375,-0.144134521484375,2.8111093044281006,0.1542835831642151,-0.7092075347900391
107,1.2133,1.5808,0,0,0.231903076171875,0.82720947265625,0.2615509033203125,2.315063714981079,-0.527347981929779,-0.9047322869300842
108,1.2058,1.8268,0,0,0.4163818359375,0.8775634765625,0.4775848388671875,1.0813461542129517,-2.243805408477783,-0.8667108416557312
109,1.1925,2.068,0,0,0.594085693359375,0.9039459228515624,0.0423583984375,0.8532134294509888,-3.3177077770233154,-0.413822740316391
110,1.1725,2.2926,0,0,0.6334381103515625,0.835540771484375,-0.384063720703125,1.2899407148361206,-3.462106943130493,0.0117080546915531
111,1.1476,2.4948,0,0,0.5550384521484375,0.6923828125,-0.6217193603515625,0.6053565144538879,-1.9161376953125,0.4012590050697326
112,1.1209,2.6694,0,0,0.277984619140625,0.679656982421875,-0.4373626708984375,0.1989224255084991,-0.6113137006759644,0.6323966383934021
113,1.0945,2.8026,0,0,0.121246337890625,0.65264892578125,-0.137603759765625,-0.2193962633609771,-0.8304356932640076,0.505311131477356
114,1.0681,2.8721,0,0,0.082916259765625,0.5276031494140625,-0.2154998779296875,-0.7034196853637695,-0.9941977262496948,0.4142475128173828
115,1.0391,2.8589,0,0,-0.0424957275390625,0.3103790283203125,-0.407867431640625,-1.2326617240905762,-0.1811575442552566,0.2459149658679962
116,1.0038,2.7575,0,0,-0.03851318359375,0.2368316650390625,-0.48876953125,-1.572490096092224,0.5958899855613708,-0.0883458405733108
117,0.9592,2.5796,0,0,0.0311737060546875,0.3457489013671875,-0.6133575439453125,-1.820857048034668,1.029765009880066,-0.2715654671192169
118,0.9057,2.3516,0,0,0.151214599609375,0.5779876708984375,-0.76708984375,-1.7064495086669922,1.2268279790878296,-0.4798656702041626
119,0.8478,2.1085,0,0,0.4499053955078125,0.8542022705078125,-0.92047119140625,-0.9592024683952332,0.7494366765022278,-0.7702453136444092
120,0.7951,1.8816,0,0,0.8976287841796875,1.427978515625,-0.8718719482421875,-0.0862406119704246,0.0111791510134935,-0.3121728003025055
121,0.7611,1.689,0,0,0.777984619140625,1.337646484375,-0.6838531494140625,0.2398469448089599,-1.2628896236419678,0.2867681086063385
122,0.7594,1.5346,0,0,0.584320068359375,0.9295196533203124,-0.7098236083984375,0.3140577971935272,-1.5801149606704712,0.6717736124992371
123,0.7973,1.4172,0,0,0.361358642578125,0.70281982421875,-0.70458984375,0.4421443939208984,-1.3577468395233154,0.8764058351516724
124,0.8713,1.3361,0,0,0.1217498779296875,0.81640625,-0.4186248779296875,0.2964894473552704,-0.5900214910507202,0.6079519987106323
125,0.9681,1.2886,0,0,-0.0733795166015625,0.8473663330078125,-0.1468658447265625,-0.3783441185951233,0.0383535139262676,0.4257539808750152
126,1.0694,1.2653,0,0,-0.3140411376953125,0.8221435546875,-0.2853851318359375,-0.7357339262962341,0.2947402894496918,0.0212895758450031
127,1.1578,1.252,0,0,-0.093505859375,1.0513916015625,-0.366119384765625,-0.6178565621376038,0.2313344180583953,-0.580714225769043
128,1.2214,1.2356,0,0,0.337982177734375,1.4740142822265625,-0.54193115234375,-0.0027790085878223,-0.529004693031311,-0.6764271855354309
129,1.2574,1.2077,0,0,0.36236572265625,1.446807861328125,-0.4952239990234375,0.1782211363315582,-0.0055311191827058,-0.2389518618583679
130,1.2712,1.164,0,0,0.0918731689453125,1.0544891357421875,-0.3570709228515625,0.1391032934188842,0.996571123600006,-0.0257221404463052
131,1.2713,1.1052,0,0,0.0695953369140625,0.80242919921875,-0.2169647216796875,0.0893107056617736,1.8563913106918333,-0.0485494248569011
132,1.2631,1.0402,0,0,0.19940185546875,0.80731201171875,-0.0038604736328125,-0.0388222299516201,2.4676990509033203,-0.1558412611484527
133,1.2475,0.988,0,0,0.3636627197265625,0.9030609130859376,0.13958740234375,-0.2906587421894073,2.6676247119903564,-0.2044231742620468
134,1.2235,0.9728,0,0,0.522186279296875,0.84564208984375,0.1238250732421875,-0.2606691420078277,2.279606819152832,-0.1624206006526947
135,1.1912,1.0134,0,0,0.5853118896484375,0.82012939453125,0.1338043212890625,-0.2098429799079895,1.3803989887237549,-0.1022930815815925
136,1.1527,1.1129,0,0,0.5906219482421875,0.8577117919921875,0.174041748046875,-0.6010972857475281,0.6293603777885437,0.0073378076776862
137,1.1115,1.2551,0,0,0.4896392822265625,0.8930511474609375,0.1511383056640625,-1.20675790309906,-0.2895971834659576,0.1646171808242797
138,1.0719,1.4118,0,0,0.3677215576171875,0.911285400390625,-0.169281005859375,-1.21013081073761,-1.0168864727020264,0.2675049304962158
139,1.0373,1.5546,0,0,0.3155059814453125,0.90936279296875,-0.37799072265625,-1.0147945880889893,-0.604239284992218,0.295129656791687
140,1.0102,1.6632,0,0,0.3314208984375,0.8927459716796875,-0.355010986328125,-0.847811222076416,0.2346966564655304,0.2943882346153259
141,0.9915,1.725,0,0,0.3822021484375,0.884246826171875,-0.174041748046875,-0.6418843865394592,0.3684720396995544,0.3113189935684204
142,0.981,1.7339,0,0,0.3589935302734375,0.8406219482421875,-0.028533935546875,-0.6378369331359863,0.0772553756833076,0.2744371592998504
143,0.9771,1.689,0,0,0.3598175048828125,0.8437042236328125,-0.12969970703125,-0.6115217208862305,0.0683249980211258,0.2428967952728271
144,0.9772,1.5953,0,0,0.3209228515625,0.8395538330078125,-0.196746826171875,-0.6505852341651917,0.18977952003479,0.1834371984004974
145,0.9787,1.4632,0,0,0.270599365234375,0.8262481689453125,-0.26641845703125,-0.5608739852905273,0.4803138673305511,0.0986035391688346
146,0.9793,1.3069,0,0,0.2755889892578125,0.8292388916015625,-0.168609619140625,-0.5911072492599487,0.6959865093231201,-0.0289421696215868
147,0.9775,1.1431,0,0,0.389312744140625,0.8846588134765625,-0.1479034423828125,-0.6489758491516113,0.6462016701698303,-0.1233003661036491
148,0.9727,0.9888,0,0,0.44439697265625,0.8294830322265625,-0.129180908203125,-0.7180473208427429,0.5104592442512512,-0.1958728283643722
149,0.9656,0.8582,0,0,0.41998291015625,0.813995361328125,-0.19970703125,-0.6522741913795471,0.5924156308174133,-0.2438640594482422
150,0.9573,0.761,0,0,0.3290863037109375,0.8182525634765625,-0.2511749267578125,-0.6423667073249817,0.6577075719833374,-0.3670669496059418
151,0.9489,0.7016,0,0,0.3293609619140625,0.799591064453125,-0.43115234375,-0.4928517639636993,0.7853986620903015,-0.5258893370628357
152,0.9414,0.68,0,0,0.5316162109375,0.7718963623046875,-0.3131103515625,-0.1371093839406967,1.235628962516785,-0.6209210753440857
153,0.9358,0.6938,0,0,0.6688385009765625,0.834991455078125,0.01544189453125,-0.1818070858716964,1.2888453006744385,-0.4770046472549438
154,0.9332,0.7389,0,0,0.6640625,0.821014404296875,0.068756103515625,-0.4011263847351074,0.8514144420623779,-0.2974444627761841
155,0.9349,0.8085,0,0,0.700469970703125,0.8264312744140625,0.03070068359375,-0.4772089123725891,0.4378218054771423,-0.1540974229574203
156,0.9417,0.8906,0,0,0.697235107421875,0.854278564453125,-0.035614013671875,-0.5823047161102295,0.2473022043704986,0.0021997711155563
157,0.9539,0.9701,0,0,0.5975494384765625,0.9314727783203124,-0.1636962890625,-0.5533814430236816,-0.0603775903582572,0.1004600301384925
158,0.9713,1.0316,0,0,0.4477691650390625,1.0091400146484375,-0.4208526611328125,-0.2558565437793731,0.2457858026027679,0.1308275163173675
159,0.993,1.0629,0,0,0.5314178466796875,1.0602874755859375,-0.2231597900390625,0.039538886398077,0.3639712929725647,0.0147416619583964
160,1.0186,1.0573,0,0,0.749664306640625,1.15478515625,-0.1779327392578125,0.4158688485622406,0.1443369388580322,0.1022962778806686
161,1.0479,1.0145,0,0,0.9053802490234376,1.34857177734375,-0.1686859130859375,0.9074726700782776,-0.0778023898601532,0.4295204877853393
162,1.0823,0.9423,0,0,0.791107177734375,1.098968505859375,0.2539215087890625,0.8886244297027588,-0.6144202947616577,0.5865079760551453
163,1.123,0.8565,0,0,0.595306396484375,0.9998016357421876,0.305023193359375,0.6097714900970459,-1.14900004863739,0.7614232897758484
164,1.1691,0.7778,0,0,0.3559417724609375,0.9497222900390624,0.111968994140625,0.7135308980941772,-1.448020339012146,0.8803867101669312
165,1.2158,0.7278,0,0,0.1537017822265625,0.9981231689453124,-0.080322265625,1.3502370119094849,-1.2368676662445068,0.9286000728607178
166,1.2562,0.7239,0,0,-0.03314208984375,1.058380126953125,-0.0962066650390625,1.7526990175247192,-0.493247777223587,0.8706856369972229
167,1.2836,0.7769,0,0,-0.1562957763671875,1.23541259765625,-0.173614501953125,1.8935357332229612,-0.139790654182434,0.7100030183792114
168,1.2949,0.8874,0,0,0.04571533203125,1.379638671875,-0.2412109375,1.6450763940811155,-0.7121196985244751,0.5903900265693665
169,1.2913,1.0463,0,0,0.152191162109375,1.134429931640625,-0.4208526611328125,1.584080934524536,-0.9491196870803832,0.2095151394605636
170,1.2774,1.2369,0,0,0.2186431884765625,0.9372711181640624,-0.4065399169921875,2.114027976989746,-0.8132655024528503,-0.4046081900596618
171,1.2578,1.4407,0,0,0.2857818603515625,0.880889892578125,-0.233795166015625,2.34828782081604,-0.6381543874740601,-0.6619476079940796
172,1.2348,1.6417,0,0,0.30181884765625,0.8431396484375,0.1125030517578125,1.983453869819641,-1.0418701171875,-0.7571409344673157
173,1.2087,1.8297,0,0,0.3756256103515625,0.8072357177734375,0.260101318359375,1.171286702156067,-2.3204550743103027,-0.7441253066062927
174,1.1787,1.9986,0,0,0.411224365234375,0.8043670654296875,-0.0881805419921875,0.8927863836288452,-2.5713016986846924,-0.5350823402404785
175,1.1445,2.1466,0,0,0.4824371337890625,0.7638702392578125,-0.317718505859375,0.7593162059783936,-2.3861238956451416,-0.1229035481810569
176,1.107,2.2732,0,0,0.4406280517578125,0.6796722412109375,-0.5107421875,0.3812730610370636,-1.7369788885116575,0.2140049636363983
177,1.0679,2.3747,0,0,0.3770751953125,0.6697998046875,-0.456298828125,0.0953630059957504,-0.7879872918128967,0.4004504680633545
178,1.0295,2.4408,0,0,0.2989349365234375,0.692626953125,-0.1232452392578125,-0.3543697893619537,-0.7007836699485779,0.5019579529762268
179,0.9932,2.4568,0,0,0.161407470703125,0.592498779296875,-0.1243896484375,-0.8500453233718872,-0.9814342260360718,0.4931583106517792
180,0.9587,2.412,0,0,0.0531768798828125,0.44879150390625,-0.3143310546875,-1.301419973373413,-0.4417041838169098,0.426971286535263
181,0.9241,2.3074,0,0,-0.0132598876953125,0.3370819091796875,-0.424652099609375,-1.798585295677185,0.3561634421348572,0.2240309715270996
182,0.887,2.1573,0,0,0.024810791015625,0.3917694091796875,-0.5242462158203125,-2.034521102905273,0.9685080647468568,-0.0882568880915641
183,0.8462,1.9863,0,0,0.212646484375,0.6524505615234375,-0.639251708984375,-1.9046767950057983,1.0637173652648926,-0.4189946055412292
184,0.804,1.8229,0,0,0.486663818359375,0.9758453369140624,-0.760498046875,-1.3057968616485596,0.657880425453186,-0.4248823225498199
185,0.7671,1.6891,0,0,0.719512939453125,1.308319091796875,-0.8258514404296875,-0.4425779581069946,-0.3283661603927612,0.0580409318208694
186,0.7464,1.5928,0,0,0.5476531982421875,1.3225250244140625,-0.9276885986328124,0.3673987686634063,-1.1601531505584717,0.2210689932107925
187,0.7535,1.5286,0,0,0.4609832763671875,1.08197021484375,-0.9327392578125,0.7282227277755737,-1.61866557598114,0.5549476146697998
188,0.7957,1.4876,0,0,0.3468780517578125,0.7885894775390625,-0.76422119140625,1.0553604364395142,-1.406444072723389,0.8535130023956299
189,0.8716,1.4654,0,0,0.2196502685546875,0.70611572265625,-0.390228271484375,1.0563888549804688,-0.9355818033218384,0.722290575504303
190,0.9696,1.4601,0,0,0.002105712890625,0.6823272705078125,0.0355377197265625,0.3483121693134308,-0.1324264854192733,0.4949945509433746
191,1.0718,1.4661,0,0,-0.092681884765625,0.908538818359375,-0.1452484130859375,-0.3576204478740692,0.4706447422504425,0.0941523313522338
192,1.1599,1.471,0,0,0.0849609375,1.4109954833984375,-0.3041534423828125,-0.1013540476560592,0.1889547407627105,-0.5092757344245911
193,1.2227,1.4596,0,0,0.425048828125,1.805328369140625,-0.5660858154296875,0.2819933295249939,0.0600745230913162,-0.5138068795204163
194,1.2603,1.4206,0,0,0.3336334228515625,1.21234130859375,-0.51971435546875,0.3202480375766754,1.1843456029891968,-0.053541786968708
195,1.2801,1.3524,0,0,0.1500244140625,0.869964599609375,-0.216033935546875,0.1843314915895462,2.08181095123291,-0.0257429145276546
196,1.2891,1.2675,0,0,0.0604248046875,0.72369384765625,-0.0313262939453125,-0.0081801656633615,2.957026481628418,-0.298984557390213
197,1.2888,1.1914,0,0,0.1563262939453125,0.8087615966796875,0.1213836669921875,-0.0886441171169281,3.011443614959717,-0.6683588624000549
198,1.2767,1.1559,0,0,0.4046173095703125,0.8686981201171875,0.1679534912109375,-0.064318798482418,2.509451150894165,-0.8383085131645203
199,1.2505,1.1863,0,0,0.65789794921875,0.8954620361328125,0.189361572265625,-0.1309124827384948,2.0853078365325928,-0.5864163637161255
200,1.2115,1.2904,0,0,0.7530975341796875,0.795196533203125,0.2274627685546875,-0.5467301607131958,1.6707713603973389,-0.1160893216729164
201,1.1645,1.4554,0,0,0.629486083984375,0.7198333740234375,0.138946533203125,-1.0517035722732544,0.597801923751831,0.096467949450016
202,1.1157,1.6518,0,0,0.418701171875,0.842803955078125,-0.177520751953125,-1.1971158981323242,-0.6189303398132324,0.2157996743917465
203,1.0702,1.8427,0,0,0.3484954833984375,0.885498046875,-0.3869171142578125,-0.9173569679260254,-0.3288156986236572,0.2201709896326065
204,1.0315,1.9935,0,0,0.3849334716796875,0.883880615234375,-0.315155029296875,-0.6975373029708862,0.3493393659591675,0.1933018118143081
205,1.0015,2.0783,0,0,0.4460906982421875,0.8544464111328125,-0.1481475830078125,-0.5648085474967957,0.4533022344112396,0.1731994748115539
206,0.981,2.083,0,0,0.478302001953125,0.8280181884765625,0.013763427734375,-0.6559096574783325,0.170631393790245,0.160098060965538
207,0.9692,2.0062,0,0,0.41131591796875,0.858123779296875,-0.0970611572265625,-0.7885502576828003,0.0304521806538105,0.1647210419178009
208,0.9644,1.8586,0,0,0.3837890625,0.847320556640625,-0.200653076171875,-0.7691826820373535,0.0610574930906295,0.1783718764781952
209,0.9644,1.6599,0,0,0.353179931640625,0.792449951171875,-0.24591064453125,-0.7005285620689392,0.3975007534027099,0.1268964260816574
210,0.9665,1.435,0,0,0.3680419921875,0.76556396484375,-0.1812591552734375,-0.5457029938697815,0.6395277976989746,0.0832072719931602
211,0.9686,1.209,0,0,0.39508056640625,0.8319854736328125,-0.1019134521484375,-0.5613940954208374,0.6740713715553284,-0.0065210163593292
212,0.9686,1.0038,0,0,0.4048919677734375,0.7786102294921875,-0.0557403564453125,-0.6416993141174316,0.4729675650596618,-0.1069770529866218
213,0.9654,0.8355,0,0,0.3683929443359375,0.7885894775390625,-0.13714599609375,-0.6853333711624146,0.3882577121257782,-0.2345411330461502
214,0.9587,0.7129,0,0,0.3269805908203125,0.792633056640625,-0.280914306640625,-0.6727001070976257,0.465713620185852,-0.3714651763439178
215,0.9492,0.6384,0,0,0.33984375,0.8338623046875,-0.3959197998046875,-0.5613850355148315,0.7920962572097778,-0.5261175632476807
216,0.938,0.6095,0,0,0.4821319580078125,0.808746337890625,-0.3309326171875,-0.3073562085628509,0.9656965732574464,-0.6263922452926636
217,0.9273,0.6214,0,0,0.690093994140625,0.8262481689453125,-0.007568359375,-0.0517665259540081,0.8580982089042664,-0.5948489904403687
218,0.9198,0.6663,0,0,0.766693115234375,0.8833770751953125,0.2390899658203125,-0.2426193058490753,0.635839581489563,-0.3721405267715454
219,0.9183,0.7337,0,0,0.7837982177734375,0.8308258056640625,0.2200164794921875,-0.6229538321495056,0.2088924944400787,-0.1699360460042953
220,0.9253,0.8103,0,0,0.76025390625,0.7570343017578125,-0.0042266845703125,-1.037839412689209,-0.4170845746994018,0.012540559284389
221,0.9416,0.8837,0,0,0.70751953125,0.8786468505859375,-0.3356170654296875,-1.1006897687911987,-0.8390925526618958,0.1781572252511978
222,0.9666,0.9467,0,0,0.6633758544921875,1.06011962890625,-0.50091552734375,-0.5502572655677795,-0.1374268382787704,0.4023711383342743
223,0.9988,0.9962,0,0,0.52081298828125,1.1159210205078125,-0.30889892578125,0.0800724625587463,0.646519660949707,0.5317930579185486
224,1.0367,1.0301,0,0,0.3853607177734375,1.160369873046875,-0.16583251953125,0.38535276055336,0.6746500730514526,0.4456597566604614
225,1.0784,1.047,0,0,0.3925323486328125,1.1720733642578125,-0.0865325927734375,0.5431932210922241,0.2502663135528564,0.2885654866695404
226,1.1213,1.0463,0,0,0.60699462890625,1.091888427734375,0.0608978271484375,0.7064258456230164,-0.3707969784736633,0.224428579211235
227,1.1625,1.0297,0,0,0.6836700439453125,1.050872802734375,0.227020263671875,0.7985658645629883,-1.1149227619171145,0.4472858905792236
228,1.1993,1.003,0,0,0.590240478515625,0.9745330810546876,0.28826904296875,0.7222327589988708,-1.5324004888534546,0.5649672746658325
229,1.2295,0.9776,0,0,0.369171142578125,0.9210205078125,0.2350006103515625,0.7557156085968018,-1.69629168510437,0.554329514503479
230,1.2508,0.9688,0,0,0.22198486328125,1.01708984375,-0.09869384765625,1.471852421760559,-1.7764663696289062,0.4619537889957428
231,1.2609,0.9921,0,0,0.12823486328125,1.092620849609375,-0.265289306640625,2.3750250339508057,-1.4863154888153076,0.5040807127952576
232,1.2591,1.061,0,0,0.128936767578125,1.2367095947265625,-0.3368377685546875,2.6123039722442627,-0.9514081478118896,0.439187228679657
233,1.2468,1.183,0,0,0.2628173828125,1.2375640869140625,-0.4522857666015625,2.114091634750366,-0.3212677836418152,0.4526295363903045
234,1.2284,1.356,0,0,0.2050628662109375,1.061248779296875,-0.471405029296875,2.2686662673950195,-0.1814630031585693,0.0739330798387527
235,1.2088,1.5669,0,0,0.223785400390625,0.955413818359375,-0.3172607421875,2.7125048637390137,-0.1007380634546279,-0.3727770447731018
236,1.1911,1.7955,0,0,0.222412109375,0.8302154541015625,0.146881103515625,2.2872061729431152,-0.5603967308998108,-0.6332589387893677
237,1.1754,2.0219,0,0,0.38067626953125,0.77276611328125,0.476531982421875,1.1667615175247192,-2.513000011444092,-0.8021885752677917
238,1.1597,2.2308,0,0,0.5585174560546875,0.812347412109375,0.0313568115234375,0.6096324324607849,-3.5035619735717773,-0.6717997193336487
239,1.142,2.4152,0,0,0.7259674072265625,0.7762603759765625,-0.4088897705078125,0.6228500008583069,-3.39099383354187,-0.2175251245498657
240,1.122,2.5755,0,0,0.6862030029296875,0.6799163818359375,-0.6616668701171875,0.4483825862407684,-2.1888203620910645,0.264763206243515
241,1.1012,2.7121,0,0,0.49371337890625,0.6803131103515625,-0.3741302490234375,0.1274293214082718,-1.2899188995361328,0.615369975566864
242,1.0813,2.8171,0,0,0.24627685546875,0.7022857666015625,-0.1001739501953125,-0.3008003234863281,-1.414644479751587,0.6898295283317566
243,1.0626,2.875,0,0,0.052001953125,0.6153411865234375,-0.1842803955078125,-0.6980839967727661,-1.5135551691055298,0.6324927806854248
244,1.0425,2.8724,0,0,-0.0160064697265625,0.5144805908203125,-0.3149871826171875,-0.8667675852775574,-0.9115382432937622,0.4935897290706634
245,1.0172,2.8037,0,0,-0.0427398681640625,0.4211273193359375,-0.3307342529296875,-1.243013858795166,-0.0557508803904056,0.3747208714485168
246,0.9833,2.6726,0,0,-0.0373992919921875,0.3581390380859375,-0.418701171875,-1.7446783781051636,0.9235416650772096,0.1462392359972
247,0.9389,2.4932,0,0,-0.002471923828125,0.3982086181640625,-0.472900390625,-2.0323071479797363,1.5042314529418943,-0.1839325577020645
248,0.885,2.29,0,0,0.0901336669921875,0.6120452880859375,-0.6270751953125,-2.0451323986053467,1.876088261604309,-0.6171915531158447
249,0.8262,2.0951,0,0,0.545013427734375,0.9876708984375,-0.7823028564453125,-1.4670313596725464,1.659164309501648,-0.862909197807312
250,0.7723,1.9375,0,0,1.01617431640625,1.554443359375,-0.8374786376953125,-0.4598735868930816,0.5497264862060547,0.0550150498747825
251,0.7373,1.8308,0,0,0.6764678955078125,1.384368896484375,-0.8195037841796875,0.2556067407131195,-0.6627622246742249,0.2979715168476105
252,0.7368,1.7681,0,0,0.5546722412109375,1.1377105712890625,-0.904296875,0.8126260638237,-1.2557355165481567,0.7070721983909607
253,0.7798,1.7321,0,0,0.3655853271484375,0.849700927734375,-0.8180389404296875,1.14117169380188,-1.1974613666534424,1.0824253559112549
254,0.8645,1.7084,0,0,0.1598052978515625,0.6220245361328125,-0.5870819091796875,1.226701259613037,-0.4393211901187897,0.9189234375953674
255,0.9772,1.6893,0,0,0.0520477294921875,0.6296539306640625,-0.03924560546875,0.4054202139377594,-0.0366240590810775,0.5144097805023193
256,1.0966,1.6683,0,0,-0.06353759765625,0.8474578857421875,-0.2339935302734375,-0.3541034758090973,0.2959110140800476,0.0675556063652038
257,1.2004,1.6355,0,0,0.1173095703125,1.019744873046875,-0.2978057861328125,-0.4673722386360168,0.3968014121055603,-0.3133286237716675
258,1.2728,1.5802,0,0,0.2990570068359375,1.3243255615234375,-0.5905303955078125,-0.0799600780010223,0.2377670258283615,-0.5155962109565735
259,1.309,1.4958,0,0,0.4734039306640625,1.4566192626953125,-0.6615447998046875,0.3782141506671905,0.6238153576850891,-0.187057763338089
260,1.3148,1.3838,0,0,0.177337646484375,1.027252197265625,-0.4215545654296875,0.3817452192306518,1.48872172832489,-0.0272907428443431
261,1.301,1.2558,0,0,-0.006439208984375,0.739288330078125,-0.0806427001953125,0.2509281039237976,2.590008020401001,-0.2158321589231491
262,1.276,1.135,0,0,0.0658721923828125,0.7546844482421875,0.14727783203125,0.0700190290808677,3.077135801315308,-0.5501201152801514
263,1.2431,1.0532,0,0,0.28656005859375,0.8664703369140625,0.1889190673828125,0.0342415943741798,2.876131772994995,-0.744184136390686
264,1.203,1.0409,0,0,0.4631500244140625,0.8448333740234375,0.178955078125,0.0350261591374874,2.275824069976806,-0.6739102602005005
265,1.157,1.1142,0,0,0.6310882568359375,0.8257598876953125,0.192779541015625,-0.2314619868993759,2.002026081085205,-0.5483176708221436
266,1.1082,1.2682,0,0,0.7604827880859375,0.807952880859375,0.2753753662109375,-0.7253883481025696,1.318653583526611,-0.2584001123905182
267,1.0617,1.4779,0,0,0.7460784912109375,0.798980712890625,0.180877685546875,-1.3476604223251345,0.0249812491238117,-0.040772195905447
268,1.0226,1.706,0,0,0.47552490234375,0.8975830078125,-0.1891632080078125,-1.342623591423035,-0.9958137273788452,0.0875658020377159
269,0.9947,1.9141,0,0,0.4168243408203125,0.9427337646484376,-0.36016845703125,-1.0054527521133425,-0.7248533368110657,0.2011080682277679
270,0.9797,2.0715,0,0,0.3887481689453125,0.896209716796875,-0.2784271240234375,-0.8026756644248962,-0.0285978224128484,0.213725596666336
271,0.9766,2.1572,0,0,0.40045166015625,0.8447113037109375,-0.1609954833984375,-0.7135029435157776,0.0791659280657768,0.2244432270526886
272,0.9828,2.1607,0,0,0.3647918701171875,0.815704345703125,-0.21197509765625,-0.6337037086486816,0.0205393638461828,0.2157368212938308
273,0.9941,2.0816,0,0,0.4165191650390625,0.7799835205078125,-0.20745849609375,-0.5677004456520081,0.2213177382946014,0.116279736161232
274,1.0059,1.9297,0,0,0.437652587890625,0.7825469970703125,-0.145111083984375,-0.5926952958106995,0.4090650081634521,0.0935744270682334
275,1.0142,1.7234,0,0,0.391387939453125,0.7805938720703125,-0.127105712890625,-0.7154672741889954,0.384489893913269,0.0534909218549728
276,1.0164,1.4863,0,0,0.4169464111328125,0.820068359375,-0.156890869140625,-0.7555750012397766,0.1831770092248916,-0.0459254123270511
277,1.0117,1.2441,0,0,0.4678192138671875,0.8264923095703125,-0.1782073974609375,-0.7136496901512146,0.1221927553415298,-0.0997494980692863
278,1.0008,1.0199,0,0,0.407470703125,0.7751312255859375,-0.1122283935546875,-0.7602781653404236,0.3031255304813385,-0.2095934450626373
279,0.9854,0.8314,0,0,0.36004638671875,0.76446533203125,-0.1668548583984375,-0.7940379977226257,0.3931121230125427,-0.301330029964447
280,0.9674,0.6901,0,0,0.3079833984375,0.7808685302734375,-0.3168792724609375,-0.714676558971405,0.4969647526741028,-0.3907783925533294
281,0.9487,0.6013,0,0,0.2867279052734375,0.803375244140625,-0.3751983642578125,-0.5863358974456787,0.7767982482910156,-0.5331994891166687
282,0.9307,0.565,0,0,0.476959228515625,0.8035736083984375,-0.21551513671875,-0.3028975427150726,0.9916335940361024,-0.6601992249488831
283,0.9154,0.5767,0,0,0.7136993408203125,0.836944580078125,0.0572357177734375,-0.2343565821647644,1.0596613883972168,-0.5410057306289673
284,0.9048,0.6289,0,0,0.79876708984375,0.8749237060546875,0.1330108642578125,-0.4590208530426025,0.9107619524002076,-0.3021087348461151
285,0.9018,0.7107,0,0,0.830718994140625,0.8672637939453125,0.1335296630859375,-0.5959291458129883,0.4216684103012085,-0.1097496673464775
286,0.9088,0.8081,0,0,0.8158721923828125,0.877655029296875,-0.0196990966796875,-0.8445203304290771,-0.1568367481231689,0.0902356207370758
287,0.9274,0.9054,0,0,0.7332611083984375,0.9254913330078124,-0.3267669677734375,-0.7537685632705688,-0.3989042341709137,0.2013757228851318
288,0.9572,0.9884,0,0,0.6280517578125,1.073211669921875,-0.503448486328125,-0.1821644753217697,0.1336249113082885,0.300954520702362
289,0.9969,1.0458,0,0,0.5535888671875,1.1393280029296875,-0.285308837890625,0.4257507622241974,0.3657678663730621,0.3370075821876526
290,1.0439,1.0707,0,0,0.6219329833984375,1.126129150390625,-0.0950927734375,0.7020190954208374,0.0494261384010314,0.270626425743103
291,1.0953,1.0615,0,0,0.698699951171875,1.07891845703125,0.007415771484375,0.8255764842033386,-0.5230506658554077,0.3071820437908172
292,1.1475,1.0245,0,0,0.6967926025390625,1.0159454345703125,0.161590576171875,0.9134655594825744,-1.103283405303955,0.4931798875331878
293,1.1963,0.9731,0,0,0.55084228515625,0.8998565673828125,0.2519073486328125,0.8911980986595154,-1.5591723918914795,0.6515881419181824
294,1.2377,0.9266,0,0,0.3377838134765625,0.970672607421875,0.055389404296875,1.164128661155701,-1.5391435623168943,0.6684012413024902
295,1.2675,0.9059,0,0,0.2297515869140625,1.071563720703125,-0.1495361328125,1.9555250406265257,-1.2759997844696045,0.7593181133270264
296,1.2825,0.9289,0,0,0.1174163818359375,1.160003662109375,-0.1615447998046875,2.286128520965576,-0.4699659049510956,0.8387743234634399
297,1.2824,1.007,0,0,0.094482421875,1.360748291015625,-0.2663726806640625,2.218279838562012,-0.2067294716835022,0.7238737940788269
298,1.2702,1.1417,0,0,0.2639312744140625,1.368621826171875,-0.4391326904296875,1.956905961036682,-0.9077075719833374,0.5034458041191101
299,1.2519,1.3239,0,0,0.2078399658203125,1.107086181640625,-0.5206451416015625,2.1221683025360107,-0.6127163767814636,0.0197007339447736
300,1.2339,1.5363,0,0,0.3094329833984375,0.9020233154296876,-0.3148651123046875,2.347280979156494,-0.215461179614067,-0.3737248480319977
301,1.2197,1.7578,0,0,0.3329315185546875,0.8025970458984375,0.0044403076171875,2.199937582015991,-0.6525375843048096,-0.5317997336387634
302,1.2084,1.9689,0,0,0.321014404296875,0.73138427734375,0.336029052734375,1.477034091949463,-1.87453031539917,-0.7268655896186829
303,1.1962,2.1551,0,0,0.3997650146484375,0.7178192138671875,0.25048828125,0.6121131777763367,-2.8977608680725098,-0.6814547181129456
304,1.1787,2.31,0,0,0.529815673828125,0.731658935546875,-0.1933746337890625,0.6692864894866943,-3.274247884750366,-0.2752174437046051
305,1.1532,2.4356,0,0,0.5190887451171875,0.707794189453125,-0.5156097412109375,0.6537178754806519,-2.692656278610229,0.1562308818101883
306,1.1199,2.5377,0,0,0.4329071044921875,0.6918487548828125,-0.561004638671875,0.3132431209087372,-1.3122243881225586,0.5751381516456604
307,1.0815,2.6165,0,0,0.2200775146484375,0.705413818359375,-0.2402191162109375,-0.0046051382087171,-0.7642894387245178,0.7553659677505493
308,1.041,2.6618,0,0,0.105682373046875,0.5676116943359375,-0.1602935791015625,-0.4597865045070648,-0.803215503692627,0.6454125642776489
309,0.9999,2.6575,0,0,0.0292816162109375,0.4243621826171875,-0.296661376953125,-1.013176441192627,-0.4073312878608703,0.4981479942798614
310,0.9573,2.5922,0,0,0.0325469970703125,0.373016357421875,-0.3845062255859375,-1.512478947639465,0.3087943196296692,0.2068112343549728
311,0.9116,2.4662,0,0,0.1462554931640625,0.4314117431640625,-0.4705047607421875,-1.87654447555542,0.7323461174964905,-0.0642527565360069
312,0.8623,2.294,0,0,0.204620361328125,0.5767669677734375,-0.6409454345703125,-1.8863563537597656,1.0255508422851562,-0.2898419499397278
313,0.8117,2.1008,0,0,0.3422393798828125,0.7757568359375,-0.739013671875,-1.5291495323181152,0.933449923992157,-0.4586575925350189
314,0.7661,1.9139,0,0,0.4961700439453125,1.0858612060546875,-0.8859405517578125,-0.7638587951660156,0.4003708362579345,-0.4045200645923614
315,0.735,1.7524,0,0,0.7080230712890625,1.2395172119140625,-0.832672119140625,-0.1845389455556869,-0.4957008361816406,-0.0782913416624069
316,0.729,1.6213,0,0,0.634063720703125,0.8987884521484375,-0.7978363037109375,0.0406358428299427,-1.5534067153930664,0.3551242649555206
317,0.7553,1.5175,0,0,0.5272369384765625,0.6765899658203125,-0.7599334716796875,0.2347581833600998,-1.6806175708770752,0.7563292384147644
318,0.814,1.4377,0,0,0.40936279296875,0.6258697509765625,-0.758209228515625,0.3741032779216766,-0.7350990176200867,0.8178445100784302
319,0.8971,1.3809,0,0,0.416046142578125,0.836212158203125,-0.292388916015625,0.1544351130723953,0.1679525226354599,0.7246456146240234
320,0.9913,1.3429,0,0,0.07684326171875,1.0058746337890625,-0.2292938232421875,-0.3167068362236023,0.1067400276660919,0.5406720042228699
321,1.0822,1.314,0,0,0.0377349853515625,1.31829833984375,-0.1524658203125,-0.3407482504844665,0.2097788006067276,-0.075610339641571
322,1.1594,1.2816,0,0,0.07867431640625,1.6643524169921875,-0.37939453125,0.0592795684933662,0.1063091307878494,-0.5255857706069946
323,1.2191,1.2351,0,0,-0.027862548828125,1.498382568359375,-0.6170196533203125,0.4183788895606994,-0.6826637983322144,-0.4326528906822204
324,1.2638,1.1703,0,0,-0.0660247802734375,0.8450469970703125,-0.74322509765625,0.467693954706192,1.3064594268798828,-0.3886212408542633
325,1.2975,1.0938,0,0,0.086181640625,0.683624267578125,-0.2037506103515625,0.5047739744186401,2.931985855102539,-0.4471375644207001
326,1.3202,1.0259,0,0,0.2087249755859375,0.69927978515625,0.321044921875,0.2349022626876831,3.5220656394958496,-0.6588972210884094
327,1.328,0.9976,0,0,0.4025421142578125,0.8854522705078125,0.4636688232421875,-0.1482070386409759,3.024859666824341,-0.7998234629631042
328,1.3172,1.0395,0,0,0.6711883544921875,0.93902587890625,0.241912841796875,-0.1945082247257232,2.1525626182556152,-0.7290009260177612
329,1.2882,1.1657,0,0,0.8548736572265625,0.8822021484375,0.0729827880859375,-0.3073117434978485,1.8664082288742063,-0.2361326366662979
330,1.2465,1.3663,0,0,0.8399200439453125,0.73577880859375,0.095977783203125,-0.9042648673057556,1.574191331863403,0.0771549716591835
331,1.1993,1.6112,0,0,0.5965118408203125,0.7911376953125,-0.0265045166015625,-1.3042703866958618,0.2803911864757538,0.2336974442005157
332,1.1534,1.8603,0,0,0.3349609375,0.9237518310546876,-0.263641357421875,-1.0240222215652466,-0.6416481733322144,0.3605350255966186
333,1.113,2.0736,0,0,0.2213592529296875,0.9368743896484376,-0.3733673095703125,-0.6693043112754822,-0.0165550075471401,0.2941093742847442
334,1.08,2.2177,0,0,0.2667083740234375,0.8671112060546875,-0.233184814453125,-0.5572454333305359,0.6818190217018127,0.1818917691707611
335,1.0545,2.2716,0,0,0.3555450439453125,0.8253936767578125,-0.0793304443359375,-0.5917780995368958,0.6986965537071228,0.1260902881622314
336,1.0352,2.2293,0,0,0.3800506591796875,0.8363189697265625,-0.0709381103515625,-0.6016001105308533,0.6164165735244751,0.0448545552790164
337,1.0201,2.1,0,0,0.39825439453125,0.7993316650390625,-0.1212921142578125,-0.6399112939834595,0.5871745347976685,-0.0426824837923049
338,1.007,1.9042,0,0,0.4391632080078125,0.7867584228515625,-0.15447998046875,-0.6983468532562256,0.4717392921447754,-0.1145260483026504
339,0.9943,1.6685,0,0,0.4215240478515625,0.7781219482421875,-0.1487884521484375,-0.7052394151687622,0.550224781036377,-0.1865909248590469
340,0.9811,1.4208,0,0,0.4647216796875,0.826995849609375,-0.1109161376953125,-0.7260562777519226,0.4123539924621582,-0.2264903932809829
341,0.9676,1.1864,0,0,0.4916534423828125,0.82159423828125,-0.1788330078125,-0.643100917339325,0.329801082611084,-0.2498897314071655
342,0.9544,0.9845,0,0,0.45843505859375,0.8081207275390625,-0.162628173828125,-0.6667990684509277,0.5120648741722107,-0.2994908392429352
343,0.9429,0.827,0,0,0.40301513671875,0.7803955078125,-0.209686279296875,-0.7192942500114441,0.6439667344093323,-0.3732420206069946
344,0.9337,0.7194,0,0,0.4020538330078125,0.779937744140625,-0.24334716796875,-0.6376398801803589,0.5946955680847168,-0.4377872049808502
345,0.9271,0.6619,0,0,0.4286956787109375,0.7701263427734375,-0.2476806640625,-0.5902161598205566,0.6765393018722534,-0.4680273830890655
346,0.9229,0.65,0,0,0.517791748046875,0.7428131103515625,-0.2010345458984375,-0.4051451086997986,0.7499578595161438,-0.5607232451438904
347,0.9205,0.6752,0,0,0.66925048828125,0.7928619384765625,0.0190277099609375,-0.2156862169504165,0.7165589332580566,-0.5332689881324768
348,0.9202,0.7268,0,0,0.740631103515625,0.8125762939453125,0.1064300537109375,-0.5058136582374573,0.7291468977928162,-0.3758679032325744
349,0.9227,0.7928,0,0,0.809112548828125,0.810791015625,0.0621490478515625,-0.6770192384719849,0.3743831813335418,-0.1860902458429336
350,0.9296,0.8614,0,0,0.8420257568359375,0.902130126953125,-0.0462493896484375,-0.8438047170639038,-0.1363487839698791,0.0831891596317291
351,0.943,0.9225,0,0,0.7769012451171875,1.0229339599609375,-0.2506561279296875,-0.7992196679115295,-0.1526872813701629,0.2926129698753357
352,0.9644,0.9686,0,0,0.6879425048828125,1.0604095458984375,-0.285186767578125,-0.3976959586143493,-0.1945471167564392,0.3893187344074249
353,0.9947,0.9947,0,0,0.6937408447265625,1.0853118896484375,-0.203369140625,0.1086780130863189,-0.288370817899704,0.4699179530143738
354,1.0336,0.9984,0,0,0.707000732421875,1.125457763671875,-0.1302337646484375,0.399626225233078,-0.2863073945045471,0.5300174951553345
355,1.0793,0.9799,0,0,0.6980438232421875,1.1640625,0.05865478515625,0.625230610370636,-0.6383581161499023,0.5699881315231323
356,1.1291,0.9444,0,0,0.6287078857421875,1.1444091796875,0.1184539794921875,0.8143315315246582,-1.0005013942718506,0.7219510078430176
357,1.1798,0.9029,0,0,0.43499755859375,1.0496978759765625,0.1129150390625,1.021171808242798,-1.174999475479126,0.7660596370697021
358,1.2271,0.8708,0,0,0.2333526611328125,1.0115814208984375,0.070770263671875,1.2135167121887207,-1.37940776348114,0.6573333740234375
359,1.266,0.8648,0,0,0.05242919921875,1.02215576171875,0.0246734619140625,1.549421787261963,-1.6107174158096311,0.5086286067962646
360,1.2916,0.899,0,0,0.0593109130859375,1.0506591796875,-0.118804931640625,2.009507417678833,-1.4832686185836792,0.4427694380283355
361,1.3004,0.9827,0,0,0.171417236328125,1.1047210693359375,-0.1927032470703125,2.0934805870056152,-0.6562630534172058,0.4215711951255798
362,1.2922,1.1173,0,0,0.3580474853515625,1.092529296875,-0.2951202392578125,1.9502803087234497,-0.7309381365776062,0.3246353268623352
363,1.2696,1.295,0,0,0.3087158203125,1.0115814208984375,-0.36724853515625,2.139843463897705,-1.5416957139968872,-0.0544280894100666
364,1.2377,1.5015,0,0,0.2357940673828125,0.948394775390625,-0.3642120361328125,2.3448548316955566,-1.0164963006973269,-0.4058995544910431
365,1.2013,1.7207,0,0,0.2532958984375,0.917694091796875,-0.1833038330078125,2.4478702545166016,-0.6667407751083374,-0.4987134039402008
366,1.1644,1.9375,0,0,0.2413787841796875,0.8626861572265625,0.3184967041015625,1.7970536947250366,-1.6789048910140991,-0.6578130125999451
367,1.1289,2.1399,0,0,0.3568572998046875,0.8389434814453125,0.2758941650390625,0.7028833031654358,-3.445122241973877,-0.6819165349006653
368,1.096,2.3215,0,0,0.6301422119140625,0.8071746826171875,-0.352508544921875,0.7092003226280212,-3.633929967880249,-0.2660399377346039
369,1.0666,2.4831,0,0,0.696258544921875,0.6585540771484375,-0.7225341796875,0.5278457403182983,-1.951543092727661,0.2667347490787506
370,1.0422,2.625,0,0,0.515777587890625,0.6428680419921875,-0.304107666015625,0.2306598424911499,-0.8484567403793335,0.5921842455863953
371,1.0239,2.7372,0,0,0.2449951171875,0.5887603759765625,-0.09246826171875,-0.2475088685750961,-1.2226204872131348,0.505322277545929
372,1.0102,2.8003,0,0,0.0985107421875,0.5177154541015625,-0.2251739501953125,-0.6015662550926208,-1.170624613761902,0.4311034679412842
373,0.9965,2.7961,0,0,-0.027923583984375,0.4036865234375,-0.2859649658203125,-0.9951500296592712,-0.4224516451358795,0.3508850634098053
374,0.9768,2.7169,0,0,-0.093292236328125,0.3029632568359375,-0.4167327880859375,-1.6000919342041016,0.586375892162323,0.2273205071687698
375,0.9463,2.5691,0,0,-0.028411865234375,0.323394775390625,-0.5408172607421875,-1.986195683479309,1.2950507402420044,-0.0870337039232254
376,0.9036,2.3741,0,0,0.0743408203125,0.488677978515625,-0.72314453125,-1.999271273612976,1.383613109588623,-0.378034383058548
377,0.8519,2.1637,0,0,0.348724365234375,0.747528076171875,-0.8753204345703125,-1.4036861658096311,0.7549217343330383,-0.7360138297080994
378,0.7996,1.9687,0,0,0.85980224609375,1.2302398681640625,-1.074249267578125,-0.3821564316749573,0.2383326739072799,-0.5236563086509705
379,0.7606,1.8072,0,0,1.0324249267578125,1.535400390625,-0.9126434326171876,0.3130100965499878,-0.6263315677642822,0.3270625472068786
380,0.7508,1.6805,0,0,0.618316650390625,1.1888275146484375,-0.764984130859375,0.5892736315727234,-1.2265154123306274,0.70450758934021
381,0.7825,1.5815,0,0,0.277923583984375,0.81024169921875,-0.68341064453125,0.5250752568244934,-1.181414246559143,1.01235032081604
382,0.8564,1.5038,0,0,0.02520751953125,0.6117706298828125,-0.6802520751953125,0.5295751690864563,-0.7222687005996704,0.7395989894866943
383,0.9606,1.4436,0,0,0.05340576171875,0.729583740234375,-0.2757568359375,0.2258024960756302,-0.0244739167392253,0.3685663044452667
384,1.075,1.3946,0,0,-0.067169189453125,1.0681915283203125,-0.2317657470703125,-0.2872940897941589,0.2657986581325531,0.0430049896240234
385,1.1792,1.3461,0,0,0.0853729248046875,1.4375457763671875,-0.291900634765625,0.0165843032300472,0.3001853823661804,-0.431829422712326
386,1.2601,1.2867,0,0,0.2447967529296875,1.5978240966796875,-0.530914306640625,0.4938491284847259,-0.1014696359634399,-0.4422964453697204
387,1.3142,1.2102,0,0,0.2036590576171875,1.0760650634765625,-0.576385498046875,0.5159466862678528,0.9807178378105164,-0.2122731059789657
388,1.345,1.1199,0,0,0.2223052978515625,0.7855072021484375,-0.3274688720703125,0.549470841884613,2.357036828994751,-0.1642568558454513
389,1.3563,1.0317,0,0,0.213623046875,0.6941070556640625,0.2042236328125,0.2229896783828735,3.5195558071136475,-0.3621664643287658
390,1.3491,0.9745,0,0,0.2432708740234375,0.7744598388671875,0.377349853515625,-0.2077481299638748,3.4192466735839844,-0.6819601655006409
391,1.323,0.9817,0,0,0.3895263671875,0.8800048828125,0.17413330078125,-0.3534739017486572,2.2709081172943115,-0.8937627077102661
392,1.2793,1.075,0,0,0.6683349609375,0.965057373046875,0.0446929931640625,-0.270997405052185,1.5438246726989746,-0.910061240196228
393,1.2231,1.2524,0,0,0.9256744384765624,0.9798583984375,0.0555267333984375,-0.366559088230133,1.9048078060150144,-0.1407227665185928
394,1.1627,1.4885,0,0,0.72845458984375,0.6737213134765625,0.17803955078125,-0.8753509521484375,1.6897876262664795,0.1327625811100006
395,1.1071,1.7461,0,0,0.6121673583984375,0.732635498046875,0.1198883056640625,-1.500499248504639,0.4589324295520782,0.2543449401855469
396,1.0622,1.9871,0,0,0.355926513671875,0.853973388671875,-0.2011260986328125,-1.4346309900283811,-0.6374686360359192,0.3923677802085876
397,1.0299,2.1795,0,0,0.2717437744140625,0.8804931640625,-0.347686767578125,-0.9509738087654114,-0.4860362112522125,0.3544281125068664
398,1.0093,2.3005,0,0,0.315460205078125,0.8448486328125,-0.214385986328125,-0.8380363583564758,0.3689610064029693,0.1997530609369278
399,0.9975,2.3376,0,0,0.3524627685546875,0.847564697265625,-0.0742340087890625,-0.8150069117546082,0.4917636215686798,0.0779608413577079
400,0.9916,2.2884,0,0,0.3739776611328125,0.87213134765625,-0.1124725341796875,-0.7201389670372009,0.1528787612915039,-0.0412787310779094
401,0.9886,2.1607,0,0,0.4031829833984375,0.8379974365234375,-0.119476318359375,-0.6976025104522705,0.0093085467815399,-0.0845875889062881
402,0.9861,1.9702,0,0,0.42987060546875,0.8250732421875,-0.1881866455078125,-0.7722341418266296,0.1048446595668792,-0.0658218935132026
403,0.9829,1.738,0,0,0.4229736328125,0.8126068115234375,-0.2516632080078125,-0.7357698678970337,0.2573737502098083,-0.0417570322751998
404,0.9784,1.4879,0,0,0.41961669921875,0.8041534423828125,-0.2572174072265625,-0.5529950261116028,0.583400309085846,-0.0939930751919746
405,0.9727,1.2435,0,0,0.4432525634765625,0.810516357421875,-0.2181243896484375,-0.4285100698471069,0.986650824546814,-0.1762088537216186
406,0.9662,1.026,0,0,0.41424560546875,0.7978057861328125,-0.1918182373046875,-0.3751067817211151,1.1414601802825928,-0.2790148556232452
407,0.9594,0.8528,0,0,0.3842010498046875,0.77874755859375,-0.20147705078125,-0.2992783188819885,1.0956844091415403,-0.4225110411643982
408,0.9526,0.7358,0,0,0.4185333251953125,0.786651611328125,-0.1986846923828125,-0.3090079128742218,1.097310185432434,-0.5360431671142578
409,0.9458,0.6796,0,0,0.4901580810546875,0.7535247802734375,-0.2056427001953125,-0.335292249917984,1.1361042261123655,-0.6086153984069824
410,0.9392,0.6815,0,0,0.6819610595703125,0.7984619140625,-0.0726776123046875,-0.1287886053323745,0.961844563484192,-0.5603511929512024
411,0.9337,0.7322,0,0,0.756866455078125,0.8175506591796875,0.043548583984375,-0.2408746629953384,0.8720539808273315,-0.3778620660305023
412,0.9309,0.8165,0,0,0.79119873046875,0.80096435546875,0.0623931884765625,-0.5115088224411011,0.7813125848770142,-0.1639271527528762
413,0.9329,0.9162,0,0,0.80120849609375,0.738067626953125,0.0231781005859375,-0.6948118209838867,0.3190573453903198,0.0399103984236717
414,0.9415,1.013,0,0,0.752288818359375,0.7206878662109375,-0.125,-0.8602883815765381,-0.1588583588600158,0.1699725240468979
415,0.9567,1.0914,0,0,0.7215576171875,0.8343048095703125,-0.325714111328125,-0.6305590271949768,-0.1576713919639587,0.2630369663238525
416,0.9776,1.1408,0,0,0.7266693115234375,1.02691650390625,-0.2494354248046875,-0.2003978043794632,0.0398752428591251,0.373133897781372
417,1.0033,1.155,0,0,0.7312774658203125,1.1660308837890625,-0.10601806640625,0.1548865139484405,-0.1803900152444839,0.4343439936637878
418,1.0336,1.1326,0,0,0.753662109375,1.21856689453125,0.0030670166015625,0.4355754256248474,-0.7521232962608337,0.4354113936424255
419,1.0691,1.0786,0,0,0.7766571044921875,1.1342010498046875,0.1565704345703125,0.5254653692245483,-1.4111541509628296,0.510097324848175
420,1.11,1.0068,0,0,0.693878173828125,1.0680389404296875,0.14935302734375,0.6191266179084778,-1.9083170890808103,0.7001594305038452
421,1.1552,0.9394,0,0,0.5056915283203125,1.011077880859375,0.0448760986328125,0.8857641816139221,-2.023642063140869,0.7926928400993347
422,1.201,0.9021,0,0,0.208984375,1.0009002685546875,0.138671875,1.1353793144226074,-1.6731184720993042,0.6450727581977844
423,1.2419,0.9152,0,0,0.1340179443359375,1.1151580810546875,-0.0422515869140625,1.4064481258392334,-0.894748866558075,0.5856954455375671
424,1.2724,0.9875,0,0,0.1035308837890625,1.2659149169921875,-0.18743896484375,2.223569393157959,-1.0524362325668335,0.6574513912200928
425,1.2895,1.1164,0,0,0.1212615966796875,1.3814544677734375,-0.256988525390625,2.617189645767212,-1.920405387878418,0.4885907173156738
426,1.2938,1.2942,0,0,0.1703338623046875,1.20013427734375,-0.410003662109375,1.813642263412476,-1.5316656827926636,0.2416704148054123
427,1.289,1.5101,0,0,0.1356048583984375,0.937957763671875,-0.5684814453125,2.309952735900879,-0.6046294569969177,-0.263408213853836
428,1.2785,1.7484,0,0,0.171417236328125,0.769287109375,-0.2928466796875,2.79279899597168,-0.3638887405395508,-0.6888364553451538
429,1.2633,1.9904,0,0,0.2138671875,0.6824188232421875,0.313446044921875,2.12723159790039,-1.2464048862457275,-0.9356215000152588
430,1.2419,2.2188,0,0,0.36309814453125,0.7451171875,0.3330078125,0.8949438333511353,-2.806392908096313,-0.9813266396522522
431,1.212,2.4216,0,0,0.6437225341796875,0.811676025390625,-0.288665771484375,0.8549681901931763,-2.9301700592041016,-0.6762490272521973
432,1.1735,2.5922,0,0,0.6436920166015625,0.6842041015625,-0.644287109375,0.822938084602356,-1.8782765865325928,-0.3307408988475799
433,1.1297,2.7251,0,0,0.5379486083984375,0.6494140625,-0.411773681640625,0.5508069396018982,-0.8477893471717834,0.0648746043443679
434,1.0852,2.8096,0,0,0.448150634765625,0.6912384033203125,-0.198974609375,0.0998594835400581,-0.5726635456085205,0.3364962637424469
435,1.0437,2.8289,0,0,0.320892333984375,0.65606689453125,-0.13824462890625,-0.3685708343982696,-0.7317205667495728,0.4771284759044647
436,1.0065,2.7682,0,0,0.198272705078125,0.5937347412109375,-0.15972900390625,-0.6804038286209106,-0.6305350661277771,0.5308252573013306
437,0.9723,2.6241,0,0,0.0862579345703125,0.5085601806640625,-0.1956329345703125,-1.0909188985824585,-0.2109569758176803,0.5010692477226257
438,0.9383,2.4086,0,0,0.04541015625,0.413543701171875,-0.3467559814453125,-1.6725575923919678,0.4722780585289001,0.4793950915336609
439,0.9016,2.1482,0,0,0.0026092529296875,0.4240875244140625,-0.58642578125,-2.18552041053772,1.3590246438980105,0.2711947560310364
440,0.8609,1.8806,0,0,0.1650543212890625,0.5506591796875,-0.7684326171875,-2.1884145736694336,1.2891616821289062,-0.1437499821186065
441,0.8187,1.6464,0,0,0.4407196044921875,0.775421142578125,-0.970916748046875,-1.4436628818511963,0.5768654346466064,-0.5092533826828003
442,0.782,1.476,0,0,0.900726318359375,1.2213134765625,-1.0376739501953125,-0.4740477204322815,-0.2492223381996154,-0.1047722175717353
443,0.7622,1.3785,0,0,0.8413848876953125,1.2321624755859375,-1.1178741455078125,0.1722495257854461,-1.0533915758132937,0.4042478799819946
444,0.7717,1.3426,0,0,0.5262451171875,0.947967529296875,-0.9414825439453124,0.4808371961116791,-1.451379895210266,0.5453024506568909
445,0.8184,1.3482,0,0,0.2481689453125,0.8150787353515625,-0.7113494873046875,0.7116477489471436,-1.282677173614502,0.5010766983032227
446,0.8998,1.3768,0,0,0.2136993408203125,0.85186767578125,-0.258331298828125,0.764725923538208,-0.6338339447975159,0.3936082720756531
447,1.0034,1.413,0,0,0.03887939453125,0.98699951171875,-0.032196044921875,-0.0171654038131237,-0.1404756158590316,0.276159405708313
448,1.1115,1.4409,0,0,0.113037109375,1.3498687744140625,-0.2544403076171875,0.0895658358931541,0.3506781160831451,-0.3255322873592376
449,1.2079,1.4445,0,0,0.169525146484375,1.4720458984375,-0.3751678466796875,0.4752818346023559,0.3247698247432709,-0.44695645570755
450,1.2836,1.4126,0,0,0.19183349609375,1.1187286376953125,-0.5191650390625,0.424056738615036,0.6471875309944153,-0.2325192540884018
451,1.3358,1.3441,0,0,0.2737579345703125,0.83746337890625,-0.45306396484375,0.370974600315094,1.828019380569458,-0.2746110558509826
452,1.3645,1.2516,0,0,0.2514190673828125,0.7498779296875,-0.01611328125,0.282879114151001,3.334670305252075,-0.4217150211334228
453,1.3694,1.1632,0,0,0.2088775634765625,0.8278045654296875,0.3071441650390625,0.0647672787308693,3.763866901397705,-0.554770827293396
454,1.3505,1.1179,0,0,0.31463623046875,0.8376617431640625,0.3180694580078125,-0.2534892559051513,3.1697700023651123,-0.6606727242469788
455,1.3098,1.151,0,0,0.715850830078125,0.9919281005859376,0.1776580810546875,-0.2615343928337097,2.489285469055176,-0.5779504179954529
456,1.2532,1.2779,0,0,0.8624420166015625,0.84356689453125,0.1796417236328125,-0.2931088507175445,1.7702090740203855,0.1677493155002594
457,1.1896,1.4861,0,0,0.6960296630859375,0.6072235107421875,0.1637725830078125,-0.8716331720352173,0.3818216621875763,0.1024952158331871
458,1.1281,1.7384,0,0,0.49188232421875,0.8533782958984375,-0.1609344482421875,-1.4179679155349731,-0.090533897280693,0.3182317614555359
459,1.0752,1.9859,0,0,0.3086090087890625,0.895538330078125,-0.34375,-1.1686276197433472,0.0066432552412152,0.3273570835590362
460,1.0339,2.1837,0,0,0.31005859375,0.8743743896484375,-0.400634765625,-0.7164148092269897,-0.002356098499149,0.1989242881536483
461,1.005,2.2993,0,0,0.4105224609375,0.808868408203125,-0.317138671875,-0.374519020318985,0.4420860707759857,0.0521289817988872
462,0.9875,2.3152,0,0,0.507568359375,0.77813720703125,-0.001068115234375,-0.4193309545516968,0.5344889760017395,-0.0461888015270233
463,0.9791,2.2293,0,0,0.5130615234375,0.7518157958984375,-0.119781494140625,-0.4602613449096679,0.547980785369873,-0.1129260212182998
464,0.9765,2.054,0,0,0.533966064453125,0.7095794677734375,-0.0829620361328125,-0.5472476482391357,0.4083629846572876,-0.1510659456253051
465,0.9765,1.8137,0,0,0.569732666015625,0.7205657958984375,0.0311737060546875,-0.8835561275482178,0.2694133520126343,-0.1078353896737098
466,0.9763,1.5393,0,0,0.5399169921875,0.7526092529296875,-0.079254150390625,-1.0716221332550049,0.1993727535009384,-0.0440145954489707
467,0.9742,1.2641,0,0,0.510894775390625,0.7718963623046875,-0.167205810546875,-1.010663986206055,0.1370414793491363,-0.0531212761998176
468,0.9695,1.0178,0,0,0.47705078125,0.799957275390625,-0.2067718505859375,-0.9212995171546936,0.249833807349205,-0.1074151396751403
469,0.9628,0.8224,0,0,0.4195098876953125,0.8198699951171875,-0.2386932373046875,-0.7782763242721558,0.5801451206207275,-0.1877259612083435
470,0.9551,0.6896,0,0,0.38671875,0.8139190673828125,-0.2564849853515625,-0.6302692890167236,0.8091591596603394,-0.2680820524692535
471,0.9474,0.6212,0,0,0.3970794677734375,0.7794647216796875,-0.2124786376953125,-0.5144598484039307,0.7397938966751099,-0.3798645138740539
472,0.9406,0.6108,0,0,0.52850341796875,0.77581787109375,-0.1437835693359375,-0.3132324814796448,0.5781363248825073,-0.4441095292568207
473,0.9351,0.6456,0,0,0.70391845703125,0.7732696533203125,0.01995849609375,-0.2350809574127197,0.5346879363059998,-0.3577887713909149
474,0.9316,0.7087,0,0,0.7657470703125,0.7436981201171875,0.0870819091796875,-0.4435878396034241,0.6500341892242432,-0.2169283181428909
475,0.9313,0.7823,0,0,0.7779541015625,0.749725341796875,0.0624237060546875,-0.5511031150817871,0.3769288957118988,-0.0628178417682647
476,0.9354,0.8507,0,0,0.7305755615234375,0.7968902587890625,-0.0948486328125,-0.6083269715309143,-0.085540197789669,0.1069594696164131
477,0.9448,0.9024,0,0,0.6680908203125,0.870086669921875,-0.2906494140625,-0.5574331879615784,-0.2490521669387817,0.1253587156534195
478,0.9598,0.93,0,0,0.655609130859375,0.99444580078125,-0.390838623046875,-0.1934365779161453,-0.0123528065159916,0.130340963602066
479,0.9805,0.9296,0,0,0.6479644775390625,1.066436767578125,-0.2786102294921875,0.2748462259769439,-0.0322436913847923,0.1517360061407089
480,1.0069,0.9007,0,0,0.7916412353515625,1.133880615234375,-0.026519775390625,0.6673862934112549,-0.6021684408187866,0.2346782833337783
481,1.0395,0.8481,0,0,0.86090087890625,1.12225341796875,0.065887451171875,0.7658500075340271,-1.1547067165374756,0.4038918018341064
482,1.0782,0.7848,0,0,0.804168701171875,1.073822021484375,0.1016693115234375,0.9585294723510742,-1.6207785606384275,0.6335029006004333
483,1.1223,0.7318,0,0,0.5813751220703125,0.9745941162109376,0.1245880126953125,1.037373661994934,-2.0341687202453613,0.6783036589622498
484,1.1689,0.7133,0,0,0.3743133544921875,1.0001983642578125,-0.01043701171875,1.351193904876709,-1.9994398355484009,0.6267174482345581
485,1.2131,0.7505,0,0,0.263336181640625,1.0799102783203125,-0.1277923583984375,1.8617380857467647,-1.2296550273895264,0.7013133764266968
486,1.2492,0.8546,0,0,0.124481201171875,1.11468505859375,-0.1648712158203125,2.0972909927368164,-0.5170910954475403,0.7919050455093384
487,1.2729,1.0236,0,0,0.087677001953125,1.3091278076171875,-0.3020782470703125,1.814664602279663,-1.0622164011001587,0.424090027809143
488,1.283,1.2431,0,0,0.2724151611328125,1.1828460693359375,-0.5221405029296875,1.6766300201416016,-1.3373212814331057,0.0648101568222045
489,1.2816,1.4901,0,0,0.256134033203125,0.92645263671875,-0.4919891357421875,2.107322931289673,-0.8768934607505798,-0.4300560355186462
490,1.2719,1.7396,0,0,0.2875518798828125,0.7866058349609375,-0.326751708984375,2.270595073699951,-0.5072874426841736,-0.7190542817115784
491,1.2558,1.9699,0,0,0.3420257568359375,0.7200927734375,0.1453399658203125,1.7608429193496704,-1.1108486652374268,-0.8202746510505676
492,1.2328,2.1655,0,0,0.4692840576171875,0.7251434326171875,0.238311767578125,0.8999870419502258,-2.2063276767730717,-0.718411386013031
493,1.202,2.3178,0,0,0.6084442138671875,0.732879638671875,-0.1963043212890625,0.6393315196037292,-2.4075818061828613,-0.4581148326396942
494,1.1633,2.4245,0,0,0.5897674560546875,0.64117431640625,-0.5477142333984375,0.6284497976303101,-1.8443690538406368,-0.1129995211958885
495,1.1192,2.487,0,0,0.52056884765625,0.6545257568359375,-0.39276123046875,0.3704656660556793,-1.0480612516403198,0.2156204432249069
496,1.0733,2.5046,0,0,0.4676055908203125,0.6865081787109375,-0.1370086669921875,-0.0554193183779716,-0.7142243981361389,0.4907710552215576
497,1.0291,2.4728,0,0,0.3933563232421875,0.70428466796875,-0.01214599609375,-0.5582758188247681,-0.7448848485946655,0.6392744779586792
498,0.9885,2.3876,0,0,0.253448486328125,0.70440673828125,-0.2418365478515625,-0.7975967526435852,-0.8054392337799072,0.721324622631073
499,0.9521,2.2521,0,0,0.0828094482421875,0.6133880615234375,-0.336517333984375,-1.048366665840149,-0.584135890007019,0.6570987701416016
500,0.9193,2.0782,0,0,-0.0188140869140625,0.4450531005859375,-0.4639739990234375,-1.363983988761902,0.1902700811624527,0.4764006435871124
501,0.8888,1.8848,0,0,-0.00048828125,0.42303466796875,-0.552490234375,-1.4111981391906738,0.9435380101203918,0.0774572417140007
502,0.8593,1.6939,0,0,0.182891845703125,0.5521392822265625,-0.598785400390625,-1.4255903959274292,1.3305810689926147,-0.13852459192276
503,0.8307,1.5275,0,0,0.3046112060546875,0.6552734375,-0.6494140625,-1.3641574382781982,1.2309870719909668,-0.3946873843669891
504,0.805,1.4033,0,0,0.602081298828125,0.88330078125,-0.6405029296875,-1.0670011043548584,0.7812524437904358,-0.4497069716453552
505,0.7871,1.33,0,0,0.959075927734375,1.1618804931640625,-0.6564788818359375,-0.8026831150054932,-0.034738540649414,0.0303062405437231
506,0.7844,1.3036,0,0,0.8707122802734375,1.0668487548828125,-0.7730560302734375,-0.4120887517929077,-1.1015279293060305,0.512328028678894
507,0.8046,1.3107,0,0,0.6156005859375,0.8382568359375,-0.922088623046875,0.0711889564990997,-1.2003628015518188,0.83474200963974
508,0.8519,1.3356,0,0,0.4055633544921875,0.6431427001953125,-0.7982940673828125,0.5507643222808838,-0.5601762533187866,0.9457548260688782
509,0.9236,1.3652,0,0,0.2977447509765625,0.7261810302734375,-0.5135650634765625,0.5177605748176575,-0.104291521012783,0.6571070551872253
510,1.0098,1.3883,0,0,0.1210174560546875,0.964080810546875,-0.1795501708984375,-0.0006817692192271,-0.2270014584064483,0.3369732201099396
511,1.097,1.3935,0,0,0.1629638671875,1.3446502685546875,-0.22003173828125,-0.2102994471788406,-0.0965153574943542,-0.1955742985010147
512,1.1737,1.3702,0,0,0.28839111328125,1.702056884765625,-0.313934326171875,0.2228304147720337,-0.1378683894872665,-0.4603252708911896
513,1.235,1.3118,0,0,0.3787078857421875,1.36956787109375,-0.6649627685546875,0.5893162488937378,-0.5971550345420837,-0.053700778633356
514,1.2821,1.2202,0,0,0.12896728515625,0.70123291015625,-0.5267791748046875,0.4413510262966156,1.0873161554336548,-0.0368272550404071
515,1.3169,1.1077,0,0,0.0817718505859375,0.6191253662109375,-0.243743896484375,0.4119108617305755,2.2864913940429688,-0.2907511293888092
516,1.3371,0.9976,0,0,0.152862548828125,0.6770172119140625,0.22882080078125,0.3327422738075256,2.9302773475646973,-0.508975088596344
517,1.3377,0.9207,0,0,0.2686767578125,0.784576416015625,0.420867919921875,-0.012688098475337,2.673057079315185,-0.6653164625167847
518,1.3146,0.9075,0,0,0.4292449951171875,0.79791259765625,0.3113861083984375,-0.3241160213947296,2.1347222328186035,-0.7127668261528015
519,1.269,0.9758,0,0,0.67852783203125,0.90716552734375,0.0661468505859375,-0.2403111308813095,2.3462750911712646,-0.7684138417243958
520,1.2072,1.1251,0,0,0.9479217529296876,0.9860992431640624,0.123565673828125,-0.2372333258390426,2.4208548069000244,-0.0042112567462027
521,1.1397,1.3385,0,0,0.777099609375,0.7484588623046875,0.17266845703125,-0.6548129916191101,0.946297824382782,0.0109927300363779
522,1.0776,1.5854,0,0,0.4911956787109375,0.914703369140625,-0.0708770751953125,-1.1816240549087524,-0.3326559960842132,0.1827754080295562
523,1.0292,1.8269,0,0,0.373291015625,0.952178955078125,-0.2974853515625,-0.8608625531196594,-0.020822724327445,0.2399569302797317
524,0.9984,2.0231,0,0,0.359954833984375,0.89764404296875,-0.20562744140625,-0.5121804475784302,0.2234527915716171,0.1917933970689773
525,0.9846,2.142,0,0,0.409454345703125,0.8331298828125,-0.161865234375,-0.4846388697624206,0.3189343214035034,0.0880350470542907
526,0.9844,2.1647,0,0,0.4627532958984375,0.7890777587890625,-0.1455535888671875,-0.4254516959190368,0.5247535109519958,0.0184290744364261
527,0.9924,2.0883,0,0,0.482147216796875,0.7541656494140625,-0.1553802490234375,-0.3546329140663147,0.5347904562950134,-0.0111964615061879
528,1.0031,1.9249,0,0,0.5287628173828125,0.708648681640625,-0.10443115234375,-0.4117971360683441,0.4662553071975708,-0.0694443210959434
529,1.0117,1.698,0,0,0.544403076171875,0.719879150390625,-0.0613861083984375,-0.5996354818344116,0.4085589945316314,-0.1096511259675026
530,1.015,1.437,0,0,0.5325469970703125,0.736358642578125,-0.07000732421875,-0.8102180361747742,0.3952642381191253,-0.1273020356893539
531,1.0115,1.1729,0,0,0.5155029296875,0.7992401123046875,-0.14971923828125,-0.8340117931365967,0.3561469316482544,-0.1711134314537048
532,1.0015,0.9336,0,0,0.4889068603515625,0.8012237548828125,-0.1585235595703125,-0.7704412937164307,0.3909280896186828,-0.2302790135145187
533,0.987,0.7407,0,0,0.4580841064453125,0.812957763671875,-0.1772003173828125,-0.7427982091903687,0.4768672287464142,-0.2823643088340759
534,0.9704,0.6066,0,0,0.3938446044921875,0.833099365234375,-0.3068389892578125,-0.648093044757843,0.638090193271637,-0.3797105848789215
535,0.9544,0.5348,0,0,0.37213134765625,0.792816162109375,-0.37225341796875,-0.4603095352649688,0.8166972398757935,-0.5213289856910706
536,0.941,0.5215,0,0,0.6328125,0.7603302001953125,-0.2513885498046875,-0.115836851298809,0.9608048796653748,-0.5230778455734253
537,0.932,0.5574,0,0,0.7858734130859375,0.771453857421875,0.0251007080078125,0.0056578856892883,0.7235981822013855,-0.4021759331226349
538,0.9285,0.6288,0,0,0.8011322021484375,0.733489990234375,0.1202239990234375,-0.2364192008972168,0.5063074231147766,-0.263783186674118
539,0.9318,0.7184,0,0,0.80169677734375,0.7132720947265625,0.1295623779296875,-0.3459416925907135,0.0481414310634136,-0.1024856269359588
540,0.9422,0.8074,0,0,0.7611846923828125,0.699951171875,0.0016632080078125,-0.5525252223014832,-0.4954400956630707,0.0613363273441791
541,0.9587,0.8792,0,0,0.7019500732421875,0.8001251220703125,-0.292755126953125,-0.8070043921470642,-0.3720007240772247,0.134355142712593
542,0.9799,0.9242,0,0,0.6545562744140625,0.92462158203125,-0.45526123046875,-0.4116440117359161,0.0917003601789474,0.1045826002955436
543,1.004,0.9391,0,0,0.6679534912109375,0.981231689453125,-0.3213958740234375,0.2203773707151413,0.1388311237096786,0.211858719587326
544,1.0303,0.9248,0,0,0.7519378662109375,1.024993896484375,-0.0919342041015625,0.5743184089660645,-0.1645980030298233,0.3021856844425201
545,1.0585,0.8852,0,0,0.7756195068359375,1.0697784423828125,0.0128936767578125,0.7651850581169128,-0.6907544732093811,0.3583120703697204
546,1.0886,0.8297,0,0,0.758941650390625,1.0111541748046875,0.1151885986328125,0.8908151388168335,-1.359395146369934,0.4652840793132782
547,1.1205,0.7743,0,0,0.71417236328125,0.9745635986328124,0.13421630859375,0.962822198867798,-2.04066801071167,0.6156190037727356
548,1.1529,0.7412,0,0,0.5014801025390625,0.9435272216796876,0.032440185546875,1.1293883323669434,-2.1528563499450684,0.5762691497802734
549,1.1832,0.7533,0,0,0.3066558837890625,1.0419464111328125,-0.0644683837890625,1.5535968542099,-2.093402862548828,0.4544205069541931
550,1.2082,0.8284,0,0,0.228607177734375,1.165252685546875,-0.287994384765625,2.3236730098724365,-1.8115665912628172,0.5033925771713257
551,1.2253,0.9746,0,0,0.145843505859375,1.29510498046875,-0.4103851318359375,2.4157023429870605,-0.5587043166160583,0.5524303913116455
552,1.2343,1.1874,0,0,0.2026214599609375,1.3537139892578125,-0.5053253173828125,2.0011870861053467,0.4625031948089599,0.300743043422699
553,1.2381,1.4486,0,0,0.333709716796875,1.1954345703125,-0.4615478515625,2.317417860031128,0.4287103414535522,0.0031105722300708
554,1.2403,1.7306,0,0,0.3253021240234375,1.00787353515625,-0.2743988037109375,2.4730658531188965,0.2864088714122772,-0.3194035589694977
555,1.2431,2.0038,0,0,0.372222900390625,0.835601806640625,0.338897705078125,1.757050633430481,-0.7736227512359619,-0.4354617297649383
556,1.2455,2.2432,0,0,0.4378662109375,0.7024383544921875,0.47076416015625,0.6422668099403381,-2.5367355346679688,-0.5978490114212036
557,1.2442,2.4321,0,0,0.556121826171875,0.6460113525390625,-0.0612030029296875,0.2701414823532104,-3.3381543159484863,-0.4653051197528839
558,1.2351,2.5665,0,0,0.7054901123046875,0.635986328125,-0.5804595947265625,0.3337667882442474,-2.354116916656494,-0.0295709408819675
559,1.2161,2.6513,0,0,0.7094268798828125,0.63995361328125,-0.5240478515625,0.4874093532562256,-1.0922105312347412,0.4971983134746551
560,1.1879,2.6905,0,0,0.494140625,0.694305419921875,-0.2101287841796875,0.1920336186885833,-0.7908357977867126,0.7776939272880554
561,1.153,2.6815,0,0,0.2670745849609375,0.6967620849609375,-0.09759521484375,-0.3240941762924194,-1.2441532611846924,0.7982561588287354
562,1.1134,2.6199,0,0,0.131683349609375,0.634368896484375,-0.1990814208984375,-0.5908007025718689,-1.2667139768600464,0.693463146686554
563,1.0698,2.5069,0,0,-0.0056915283203125,0.5000152587890625,-0.297119140625,-0.8447126150131226,-0.7036390900611877,0.5111202597618103
564,1.0217,2.3508,0,0,-0.0659027099609375,0.405120849609375,-0.3414459228515625,-1.1305241584777832,0.03550685942173,0.2026889324188232
565,0.9684,2.1647,0,0,-0.00030517578125,0.390625,-0.40521240234375,-1.3376892805099487,0.6863946318626404,-0.1705959737300872
566,0.9098,1.9647,0,0,0.10919189453125,0.4949188232421875,-0.4433746337890625,-1.5312947034835815,1.2929670810699463,-0.3570177853107452
567,0.8478,1.7707,0,0,0.28375244140625,0.604461669921875,-0.5769805908203125,-1.598127841949463,1.6249698400497437,-0.565690815448761
568,0.7871,1.6052,0,0,0.466400146484375,0.75140380859375,-0.7359619140625,-1.34924578666687,1.50340473651886,-0.7696309089660645
569,0.7352,1.4881,0,0,0.7678680419921875,1.0988922119140625,-0.8096466064453125,-0.8271796703338623,0.6152815818786621,-0.7351911664009094
570,0.7028,1.4275,0,0,1.1469268798828125,1.3262939453125,-0.8868560791015625,-0.0800279900431633,-0.4948459565639496,-0.1305742561817169
571,0.7016,1.4157,0,0,0.980560302734375,0.96826171875,-0.8966827392578125,0.2889268696308136,-1.4743962287902832,0.5344924330711365
572,0.7406,1.4343,0,0,0.753021240234375,0.653900146484375,-0.77130126953125,0.4012885689735412,-1.1716896295547483,1.0278728008270264
573,0.8202,1.4651,0,0,0.4947357177734375,0.4791259765625,-0.516937255859375,0.42864990234375,-0.1766597181558609,0.9996917843818665
574,0.9296,1.4942,0,0,0.3339996337890625,0.584136962890625,-0.195404052734375,0.178811028599739,-0.1053160354495048,0.7417787909507751
575,1.0493,1.5104,0,0,0.0292816162109375,0.9650115966796876,-0.206390380859375,-0.4063600301742553,-0.4376700222492218,0.3336562514305115
576,1.1583,1.5037,0,0,0.1768646240234375,1.42266845703125,-0.140289306640625,-0.4557576775550842,-0.5604225397109985,-0.2401414960622787
577,1.2422,1.4674,0,0,0.2787017822265625,1.7021331787109375,-0.4702301025390625,0.0639273151755333,-0.8826115131378174,-0.5153067708015442
578,1.2978,1.4012,0,0,0.22119140625,1.4289398193359375,-0.686492919921875,0.4120586514472961,-0.623445987701416,-0.1655109375715255
579,1.3304,1.3115,0,0,0.0157623291015625,0.704925537109375,-0.523101806640625,0.1444069743156433,1.6533761024475098,-0.1944674849510193
580,1.3466,1.212,0,0,0.0767669677734375,0.696533203125,-0.1763916015625,0.3406974077224731,2.6130118370056152,-0.3666397929191589
581,1.3483,1.1246,0,0,0.166595458984375,0.7726287841796875,0.2111053466796875,0.3228906989097595,2.921302556991577,-0.5110669732093811
582,1.3337,1.0769,0,0,0.345855712890625,0.8419189453125,0.2888336181640625,0.070373497903347,2.6034836769104004,-0.5376642346382141
583,1.301,1.0935,0,0,0.4485015869140625,0.7786865234375,0.154876708984375,-0.1216420158743858,2.6184959411621094,-0.5837926268577576
584,1.2518,1.1867,0,0,0.6484832763671875,0.8170318603515625,0.0198211669921875,-0.0451749339699745,2.9142253398895264,-0.6581475138664246
585,1.191,1.3541,0,0,0.8563232421875,0.849853515625,0.09552001953125,0.0632466152310371,2.330432176589966,-0.1475556343793869
586,1.1262,1.5784,0,0,0.716522216796875,0.6860504150390625,0.22967529296875,-0.4824883639812469,0.6327455043792725,-0.0941528603434562
587,1.0658,1.8273,0,0,0.582000732421875,0.84722900390625,-0.082305908203125,-1.0744917392730713,-0.2404996901750564,0.017321465536952
588,1.0163,2.0583,0,0,0.43389892578125,0.9200439453125,-0.252410888671875,-0.804405927658081,-0.325650542974472,0.0246227886527776
589,0.9814,2.2292,0,0,0.4847259521484375,0.8837432861328125,-0.238006591796875,-0.5421221256256104,-0.3568646609783172,0.0800508931279182
590,0.9618,2.3098,0,0,0.5426177978515625,0.8422088623046875,-0.2030792236328125,-0.5974913835525513,-0.1122756749391555,0.1170816123485565
591,0.9563,2.2864,0,0,0.59381103515625,0.786041259765625,-0.0673828125,-0.7057225108146667,0.1211011260747909,0.1188989579677581
592,0.9618,2.1624,0,0,0.5811614990234375,0.7461090087890625,-0.041046142578125,-0.8364155292510986,-0.0144367301836609,0.1549677401781082
593,0.974,1.9569,0,0,0.5402679443359375,0.7308502197265625,-0.1344757080078125,-0.906688630580902,-0.0049721216782927,0.1328161060810089
594,0.9885,1.6993,0,0,0.461456298828125,0.7862548828125,-0.2421417236328125,-0.8302394151687622,0.318213403224945,0.0924383178353309
595,1.0013,1.4233,0,0,0.3965911865234375,0.8069000244140625,-0.235321044921875,-0.7062900066375732,0.6992955207824707,0.0183790065348148
596,1.0094,1.1608,0,0,0.39453125,0.7952423095703125,-0.114044189453125,-0.6638280749320984,0.6960552334785461,-0.1133199036121368
597,1.0112,0.9369,0,0,0.430633544921875,0.828887939453125,-0.1319122314453125,-0.6797140836715698,0.4659517109394073,-0.1598333418369293
598,1.0067,0.7677,0,0,0.40081787109375,0.7994384765625,-0.1770782470703125,-0.6704851388931274,0.3392726182937622,-0.2567614912986755
599,0.9965,0.6586,0,0,0.39453125,0.78326416015625,-0.2850799560546875,-0.5853945016860962,0.5522416234016418,-0.3101631999015808
600,0.9823,0.6065,0,0,0.384429931640625,0.779693603515625,-0.308837890625,-0.4691368639469147,0.8962770104408264,-0.4265816807746887
601,0.9661,0.6033,0,0,0.45916748046875,0.799652099609375,-0.296417236328125,-0.3413400053977966,1.0787397623062134,-0.5491310358047485
602,0.95,0.6389,0,0,0.6363372802734375,0.743499755859375,-0.205535888671875,-0.1236236691474914,0.871434211730957,-0.6057426333427429
603,0.9363,0.7029,0,0,0.8106536865234375,0.74298095703125,0.0036468505859375,0.0400326363742351,0.3539186716079712,-0.4791045486927032
604,0.9272,0.7821,0,0,0.910369873046875,0.7521209716796875,0.1861724853515625,-0.0840152725577354,0.1099768355488777,-0.2999957799911499
605,0.9254,0.8605,0,0,0.9425201416015624,0.708038330078125,0.2666015625,-0.414012610912323,-0.2746486067771911,-0.0849897265434265
606,0.933,0.9222,0,0,0.865020751953125,0.6756134033203125,0.0233917236328125,-0.9765337705612184,-0.7675933241844177,0.1513991057872772
607,0.9507,0.9585,0,0,0.733123779296875,0.834320068359375,-0.3698577880859375,-0.8596739768981934,-1.0711300373077393,0.2794420421123504
608,0.9775,0.9706,0,0,0.6810760498046875,0.9606781005859376,-0.4811859130859375,-0.0996919721364975,-0.3359551131725311,0.4190268218517303
609,1.0114,0.9655,0,0,0.663330078125,1.0544586181640625,-0.2209930419921875,0.5121343731880188,0.0121048660948872,0.4525733292102813
610,1.0499,0.9495,0,0,0.639068603515625,1.174468994140625,-0.1082763671875,0.8060173988342285,-0.4954981505870819,0.4074846804141998
611,1.0912,0.9275,0,0,0.6775665283203125,1.185150146484375,-0.0501861572265625,1.0517594814300537,-1.140937328338623,0.3760087788105011
612,1.1337,0.9071,0,0,0.652374267578125,1.07476806640625,-0.021331787109375,1.2405749559402466,-1.609864354133606,0.4301431179046631
613,1.1755,0.9009,0,0,0.4720916748046875,1.048553466796875,-0.1089324951171875,1.630244493484497,-1.770487904548645,0.3949697017669678
614,1.214,0.9244,0,0,0.3570098876953125,1.0584869384765625,-0.110260009765625,2.0714657306671143,-1.2866740226745603,0.4100213348865509
615,1.2459,0.9917,0,0,0.245147705078125,1.094146728515625,-0.1837615966796875,2.4229090213775635,-0.4873638153076172,0.4529216587543487
616,1.268,1.1102,0,0,0.1896820068359375,1.24346923828125,-0.352142333984375,2.624112367630005,-0.5450111031532288,0.4150336682796478
617,1.2793,1.2786,0,0,0.3184967041015625,1.340179443359375,-0.5320892333984375,2.219543218612671,-0.5129125714302063,0.3726441562175751
618,1.2814,1.4866,0,0,0.2779388427734375,1.14080810546875,-0.5616912841796875,2.246875762939453,0.0083652548491954,0.1190576776862144
619,1.2782,1.7158,0,0,0.300628662109375,0.983245849609375,0.0841827392578125,2.2418372631073,-0.2724517583847046,-0.273087739944458
620,1.2724,1.9443,0,0,0.3734283447265625,0.8126983642578125,0.4701080322265625,1.3875305652618408,-1.840049147605896,-0.4430916905403137
621,1.2641,2.1518,0,0,0.500640869140625,0.708038330078125,0.04901123046875,0.8222600221633911,-2.8738436698913574,-0.4850934445858001
622,1.2512,2.3254,0,0,0.651458740234375,0.6513214111328125,-0.480194091796875,0.7632611393928528,-2.462888479232788,-0.1558657586574554
623,1.2315,2.4597,0,0,0.680023193359375,0.644775390625,-0.572021484375,0.7803378701210022,-1.2552623748779297,0.3745070397853851
624,1.2045,2.5513,0,0,0.389404296875,0.6532135009765625,-0.26666259765625,0.5070109963417053,-0.8135741353034973,0.5304350852966309
625,1.1708,2.5929,0,0,0.2563018798828125,0.5720062255859375,-0.165374755859375,0.1302818357944488,-1.0271551609039309,0.4389568567276001
626,1.1307,2.5755,0,0,0.1834716796875,0.497528076171875,-0.2332763671875,-0.2286227941513061,-1.0254491567611694,0.4470387399196625
627,1.0834,2.4939,0,0,0.074951171875,0.4256134033203125,-0.2371063232421875,-0.6968307495117188,-0.6422260999679565,0.3045575022697449
628,1.0276,2.3515,0,0,0.00738525390625,0.3688507080078125,-0.2911376953125,-1.163662075996399,0.0001368864759569,0.0473105236887931
629,0.9626,2.1606,0,0,0.0240325927734375,0.312103271484375,-0.35089111328125,-1.60868239402771,0.6765227913856506,-0.1639383435249328
630,0.8895,1.9425,0,0,0.05224609375,0.320343017578125,-0.3847503662109375,-1.9816282987594604,1.2710814476013184,-0.2469621151685714
631,0.8111,1.7266,0,0,0.2431182861328125,0.4939422607421875,-0.5814208984375,-2.219649314880371,1.511676788330078,-0.5832253694534302
632,0.7334,1.5462,0,0,0.43853759765625,0.66497802734375,-0.9087371826171876,-1.9504352807998655,1.426661252975464,-0.7848572731018066
633,0.666,1.4293,0,0,0.841705322265625,1.1328277587890625,-1.197418212890625,-0.8405375480651855,0.4792510271072387,-0.7871023416519165
634,0.6231,1.3881,0,0,1.246185302734375,1.6787567138671875,-1.2198028564453125,0.5096067786216736,-1.036090612411499,0.0170599427074193
635,0.6212,1.414,0,0,0.9934844970703124,1.24102783203125,-0.896484375,0.9128834009170532,-1.7629231214523315,0.7137873768806458
636,0.6733,1.4859,0,0,0.568023681640625,0.7401123046875,-0.4344024658203125,0.2857103049755096,-1.581079602241516,1.0909987688064575
637,0.7793,1.5812,0,0,0.2902984619140625,0.3891754150390625,-0.5432891845703125,0.1493617892265319,-0.6165276169776917,0.7699808478355408
638,0.9223,1.6786,0,0,0.004608154296875,0.4877777099609375,-0.1078948974609375,0.1432274729013443,-0.2457791417837143,0.6232462525367737
639,1.0744,1.7562,0,0,-0.241607666015625,0.9970245361328124,-0.152191162109375,-0.2187832146883011,0.4735353291034698,0.1130804792046547
640,1.2076,1.7928,0,0,-0.01129150390625,1.5502471923828125,-0.374664306640625,0.0819659754633903,0.329169899225235,-0.6302235126495361
641,1.3052,1.7746,0,0,0.464202880859375,1.8918914794921875,-0.779510498046875,0.8021774291992188,-0.7888818383216858,-0.5508854985237122
642,1.365,1.7002,0,0,0.357208251953125,0.963958740234375,-0.4436187744140625,0.3273232579231262,1.3221601247787476,-0.1238652169704437
643,1.3948,1.5832,0,0,0.3229217529296875,0.6820526123046875,-0.1969451904296875,0.2401124686002731,2.5747199058532715,-0.1781108826398849
644,1.4016,1.4504,0,0,0.2024078369140625,0.6796722412109375,0.0607757568359375,0.345822125673294,3.384103775024414,-0.4086961448192596
645,1.3875,1.3395,0,0,0.188568115234375,0.76983642578125,0.24517822265625,0.1948112994432449,3.790139675140381,-0.6399581432342529
646,1.3523,1.291,0,0,0.30767822265625,0.83404541015625,0.237396240234375,-0.0710123926401138,3.473230123519897,-0.6762141585350037
647,1.2974,1.3363,0,0,0.4186553955078125,0.8658447265625,0.183380126953125,-0.2015445679426193,3.088921546936035,-0.7671341896057129
648,1.2281,1.4855,0,0,0.9277191162109376,1.120819091796875,0.2687225341796875,0.1711946576833725,1.850172519683838,-0.6927793025970459
649,1.1535,1.7212,0,0,0.8171234130859375,0.79718017578125,0.347015380859375,-0.2406283169984817,0.2252799868583679,0.0379737466573715
650,1.0848,1.9991,0,0,0.5101776123046875,0.701507568359375,0.0104217529296875,-1.61530864238739,-0.4022552967071533,0.0570038966834545
651,1.0309,2.2621,0,0,0.4204559326171875,0.898468017578125,-0.399444580078125,-1.5630528926849363,-0.6693269610404968,0.0502165667712688
652,0.9953,2.4609,0,0,0.414886474609375,0.881134033203125,-0.4477691650390625,-0.7138757705688477,-0.189311072230339,0.0297573637217283
653,0.9776,2.564,0,0,0.5507049560546875,0.8186492919921875,-0.14093017578125,-0.5269815325737,0.2626987397670746,0.0013307816116139
654,0.975,2.5573,0,0,0.6180419921875,0.7613067626953125,-0.012725830078125,-0.689934492111206,0.1088689565658569,0.0285099390894174
655,0.983,2.4415,0,0,0.587860107421875,0.7359466552734375,-0.0505828857421875,-0.8465155959129333,-0.1769255101680755,0.0639835074543953
656,0.9967,2.2326,0,0,0.510894775390625,0.7567291259765625,-0.186004638671875,-0.8988773226737976,-0.1057304218411445,0.1150102093815803
657,1.0108,1.9587,0,0,0.427032470703125,0.7211151123046875,-0.22064208984375,-0.8467422127723694,0.3057900071144104,0.1082175523042678
658,1.0213,1.6541,0,0,0.4029541015625,0.7226104736328125,-0.1948699951171875,-0.7264312505722046,0.428730845451355,0.0332066901028156
659,1.0248,1.3528,0,0,0.4705047607421875,0.7926177978515625,-0.175750732421875,-0.5550323128700256,0.4372801184654236,-0.0025955168530344
660,1.0201,1.0824,0,0,0.4869537353515625,0.8122100830078125,-0.131744384765625,-0.5813544988632202,0.65422123670578,-0.072941318154335
661,1.0079,0.862,0,0,0.4208831787109375,0.7908172607421875,-0.227264404296875,-0.5538560152053833,0.8466820120811462,-0.2054658085107803
662,0.9904,0.7024,0,0,0.394195556640625,0.7857818603515625,-0.270965576171875,-0.3910881280899048,0.9736071825027466,-0.3619441092014313
663,0.9703,0.6073,0,0,0.388336181640625,0.81256103515625,-0.2568206787109375,-0.2930265367031097,0.9653697609901428,-0.4512702524662018
664,0.9504,0.5743,0,0,0.4713897705078125,0.7373199462890625,-0.13348388671875,-0.3796210885047912,0.9411840438842772,-0.5753940343856812
665,0.9327,0.5952,0,0,0.6839599609375,0.737152099609375,0.0418548583984375,-0.2404608130455017,0.3960272371768951,-0.5938955545425415
666,0.9189,0.6564,0,0,0.8011016845703125,0.775115966796875,0.189910888671875,-0.0368962325155735,0.0283320397138595,-0.453493982553482
667,0.911,0.7392,0,0,0.8628692626953125,0.75042724609375,0.325592041015625,-0.4615857303142547,0.0739242881536483,-0.3869855403900146
668,0.9109,0.8239,0,0,0.8564605712890625,0.7693634033203125,0.1595611572265625,-1.10401451587677,-0.0573977790772914,-0.1143529415130615
669,0.9208,0.8951,0,0,0.6587677001953125,0.9087677001953124,-0.3211669921875,-1.3415716886520386,-0.4951287806034088,0.1587086915969848
670,0.9412,0.9468,0,0,0.59954833984375,1.0175323486328125,-0.6631011962890625,-0.6542486548423767,-0.0797784551978111,0.2912374436855316
671,0.9716,0.98,0,0,0.5794525146484375,1.078704833984375,-0.519744873046875,0.2577356696128845,0.7883524298667908,0.4573931097984314
672,1.0111,0.9979,0,0,0.5253448486328125,1.068817138671875,-0.24945068359375,0.7176108360290527,1.1163665056228638,0.4650361239910126
673,1.0573,1.0051,0,0,0.551849365234375,1.0163116455078125,-0.035125732421875,0.8719013333320618,0.3403826057910919,0.1484272927045822
674,1.1066,1.0068,0,0,0.8368988037109375,1.015289306640625,0.1353302001953125,0.8414515852928162,-0.8254382610321045,0.0424486584961414
675,1.1547,1.0089,0,0,0.9449005126953124,0.94354248046875,0.2230072021484375,0.7343496084213257,-1.9563384056091309,0.1535927504301071
676,1.1984,1.0189,0,0,0.87408447265625,0.931549072265625,0.0693206787109375,0.8088334202766418,-2.475562572479248,0.3688478171825409
677,1.2357,1.049,0,0,0.5961761474609375,0.870086669921875,0.0341949462890625,0.9059951305389404,-2.524932384490967,0.4452552199363708
678,1.2644,1.1141,0,0,0.3171234130859375,0.9021759033203124,-0.15557861328125,1.245162844657898,-2.2784996032714844,0.4180228114128113
679,1.282,1.2247,0,0,0.2498779296875,1.0737457275390625,-0.3217315673828125,2.1042733192443848,-1.3109394311904907,0.4895979166030884
680,1.2866,1.3828,0,0,0.1689605712890625,1.220916748046875,-0.451751708984375,2.6879653930664062,-0.505990207195282,0.6094553470611572
681,1.2787,1.5805,0,0,0.3323211669921875,1.3093414306640625,-0.6337890625,2.2151825428009038,-0.0900417417287826,0.569716215133667
682,1.2628,1.802,0,0,0.2539520263671875,1.0101318359375,-0.4702606201171875,2.2329912185668945,-0.0366765223443508,0.1138946115970611
683,1.2442,2.0266,0,0,0.25640869140625,0.92864990234375,-0.2982635498046875,2.485402584075928,-0.0011875035706907,-0.45024174451828
684,1.2266,2.2334,0,0,0.391326904296875,0.92803955078125,-0.05157470703125,2.3417980670928955,0.0860675051808357,-0.4675847589969635
685,1.2103,2.4053,0,0,0.424224853515625,0.82110595703125,0.5345916748046875,1.4757715463638306,-1.390277624130249,-0.493360161781311
686,1.1941,2.5328,0,0,0.496246337890625,0.755340576171875,0.3486175537109375,0.6375058889389038,-3.6707417964935294,-0.6001611948013306
687,1.1765,2.6169,0,0,0.580047607421875,0.7095184326171875,-0.3475341796875,0.4525499045848846,-3.8705296516418457,-0.3817894458770752
688,1.1565,2.6703,0,0,0.752197265625,0.6423187255859375,-0.7423858642578125,0.4208348393440246,-1.8851803541183472,0.2786670625209808
689,1.1344,2.7076,0,0,0.58135986328125,0.6239776611328125,-0.363555908203125,0.3577605485916137,-0.6851045489311218,0.776691734790802
690,1.1115,2.7304,0,0,0.3370513916015625,0.6597137451171875,-0.00701904296875,-0.2108858674764633,-1.120529055595398,0.6802746653556824
691,1.088,2.7264,0,0,0.2385101318359375,0.6702117919921875,-0.0993804931640625,-0.5007693767547607,-1.549859642982483,0.6452415585517883
692,1.0623,2.6819,0,0,0.0379180908203125,0.552459716796875,-0.165618896484375,-0.6634495854377747,-1.146838665008545,0.5484010577201843
693,1.0315,2.5905,0,0,-0.0705413818359375,0.414581298828125,-0.2302398681640625,-1.20490300655365,-0.444828063249588,0.5121309161186218
694,0.9925,2.4555,0,0,-0.1285552978515625,0.2563934326171875,-0.382659912109375,-1.8035451173782349,0.4854210317134857,0.2841227948665619
695,0.9434,2.2891,0,0,-0.0904083251953125,0.3397979736328125,-0.5869140625,-2.2428979873657227,1.4799177646636963,-0.124339260160923
696,0.8848,2.1128,0,0,0.089385986328125,0.5044708251953125,-0.74578857421875,-2.101245164871216,1.7505165338516235,-0.7446621656417847
697,0.8218,1.9544,0,0,0.5036163330078125,0.877593994140625,-0.843994140625,-1.2763081789016724,1.2462000846862793,-0.8804325461387634
698,0.7644,1.8368,0,0,0.9735260009765624,1.4041900634765625,-0.9873809814453124,-0.4216542840003967,-0.0453293994069099,-0.4054031670093536
699,0.7271,1.7667,0,0,1.0474395751953125,1.4420928955078125,-1.0818023681640625,0.0434526689350605,-0.9787524342536926,0.1779518872499466
700,0.726,1.7326,0,0,0.7481842041015625,0.97747802734375,-0.85052490234375,0.3398417234420776,-1.708207130432129,0.7030186057090759
701,0.7712,1.7168,0,0,0.4124298095703125,0.5699005126953125,-0.7415313720703125,0.4357197880744934,-1.4403074979782104,0.8723743557929993
702,0.8604,1.7059,0,0,0.237396240234375,0.5689239501953125,-0.5092315673828125,0.4950792491436004,-0.471241295337677,0.4380242228507995
703,0.978,1.6907,0,0,0.166290283203125,0.7795257568359375,-0.1138916015625,-0.0822149813175201,-0.0308822821825742,0.3791739344596863
704,1.1009,1.6609,0,0,0.1226959228515625,1.0781402587890625,-0.231964111328125,-0.3984882533550262,0.0733320042490959,0.1913419961929321
705,1.208,1.6052,0,0,0.27130126953125,1.5133056640625,-0.523406982421875,0.1514363884925842,-0.591680645942688,-0.1060651838779449
706,1.2872,1.5166,0,0,0.365570068359375,1.6086273193359375,-0.6739349365234375,0.5153091549873352,-0.601024866104126,0.0499012470245361
707,1.3375,1.3965,0,0,-0.10009765625,0.90545654296875,-0.4912109375,0.0492631532251834,1.235691785812378,0.0360370948910713
708,1.3638,1.2571,0,0,-0.0338592529296875,0.639862060546875,-0.3004608154296875,0.1873147636651992,2.523475408554077,-0.4025327861309051
709,1.3695,1.1226,0,0,0.1708221435546875,0.633819580078125,0.1395721435546875,0.3100638389587402,3.419267416000366,-0.7962646484375
710,1.3546,1.0275,0,0,0.33807373046875,0.849456787109375,0.4367828369140625,0.1017476692795753,3.509461641311645,-0.9033924341201782
711,1.3186,1.0087,0,0,0.4750823974609375,0.954193115234375,0.3665924072265625,-0.2985081374645233,3.006621599197388,-0.6639606952667236
712,1.2648,1.0911,0,0,0.686004638671875,0.9321746826171876,0.138763427734375,-0.3058403432369232,2.484791755676269,-0.6402859687805176
713,1.201,1.2761,0,0,0.9553070068359376,0.9480743408203124,0.034027099609375,0.2647307217121124,1.8259450197219849,-0.3634088337421417
714,1.1375,1.5392,0,0,0.7599639892578125,0.743682861328125,0.085662841796875,-0.2097966372966766,1.297317385673523,0.2048588693141937
715,1.0834,1.8365,0,0,0.5224151611328125,0.79364013671875,-0.002899169921875,-1.279298186302185,1.0316364765167236,0.3313702046871185
716,1.044,2.1175,0,0,0.4178924560546875,0.864593505859375,-0.1782684326171875,-1.1059236526489258,0.0767339244484901,0.262364774942398
717,1.02,2.3373,0,0,0.345703125,0.893341064453125,-0.253448486328125,-0.6028041243553162,-0.3452799022197723,0.1619947552680969
718,1.0088,2.4636,0,0,0.4001007080078125,0.8577117919921875,-0.106781005859375,-0.6746194362640381,0.1005841344594955,-0.0100182797759771
719,1.0064,2.4793,0,0,0.5422821044921875,0.797515869140625,-0.0234222412109375,-0.8133496046066284,-0.1761654466390609,-0.0305195599794387
720,1.0088,2.384,0,0,0.5781097412109375,0.7839508056640625,-0.1154327392578125,-0.764879584312439,-0.3120878636837005,-0.0520051456987857
721,1.0125,2.1935,0,0,0.62359619140625,0.8018798828125,-0.0189666748046875,-0.7957322597503662,-0.0394030660390853,0.0319973491132259
722,1.0152,1.9356,0,0,0.57257080078125,0.7794342041015625,0.0080108642578125,-0.9391539096832277,0.2018707990646362,0.1028113365173339
723,1.0156,1.6442,0,0,0.479644775390625,0.7594451904296875,-0.0231781005859375,-1.2079291343688965,0.2990708649158478,0.1899579465389251
724,1.0133,1.3546,0,0,0.3454132080078125,0.815582275390625,-0.2435302734375,-1.2720719575881958,0.2221505045890808,0.1930815726518631
725,1.0079,1.0986,0,0,0.2564697265625,0.85992431640625,-0.3791046142578125,-0.908260941505432,0.3207804262638092,0.0742031261324882
726,0.9994,0.8994,0,0,0.212799072265625,0.849517822265625,-0.365692138671875,-0.5424158573150635,0.7918150424957275,-0.1111571490764617
727,0.9887,0.7677,0,0,0.2585296630859375,0.7728729248046875,-0.31585693359375,-0.3614993393421173,1.0235848426818848,-0.3579344451427459
728,0.9768,0.7034,0,0,0.5296478271484375,0.7646636962890625,-0.2644500732421875,-0.2041946798563003,1.1387653350830078,-0.5128193497657776
729,0.9646,0.6987,0,0,0.6135101318359375,0.7759857177734375,-0.1029815673828125,-0.2339174151420593,1.0156100988388062,-0.6075131297111511
730,0.9533,0.7416,0,0,0.6784515380859375,0.7197418212890625,-0.0641937255859375,-0.3371577858924866,0.5079804062843323,-0.6289193630218506
731,0.9444,0.8163,0,0,0.7622528076171875,0.75946044921875,0.0908203125,-0.0852491185069084,-0.2037645727396011,-0.5710626840591431
732,0.9395,0.9038,0,0,0.8315582275390625,0.7884521484375,0.2089996337890625,-0.2120169103145599,-0.1867318004369735,-0.3722524046897888
733,0.9403,0.9845,0,0,0.8520660400390625,0.7366180419921875,0.1649322509765625,-0.7754656076431274,0.2472633272409439,-0.1822667419910431
734,0.948,1.0425,0,0,0.698486328125,0.757171630859375,0.005889892578125,-1.136743187904358,0.0075860144570469,0.0257477071136236
735,0.9631,1.0709,0,0,0.59564208984375,0.925628662109375,-0.378082275390625,-1.1587573289871216,-0.1131175011396408,0.152382880449295
736,0.9843,1.0717,0,0,0.55303955078125,1.071929931640625,-0.5065460205078125,-0.3909120857715606,0.3674139678478241,0.1760365515947342
737,1.0107,1.0517,0,0,0.6217041015625,1.13311767578125,-0.2387542724609375,0.1889986842870712,0.707728385925293,0.2427458018064499
738,1.0415,1.0171,0,0,0.701995849609375,1.06378173828125,-0.023345947265625,0.4317212998867035,0.2956068813800812,0.1722228974103927
739,1.0762,0.9723,0,0,0.7998046875,0.968017578125,0.1120452880859375,0.4617415368556976,-0.3565706312656402,0.0930175557732582
740,1.1136,0.9212,0,0,0.8776702880859375,0.9019775390625,0.18511962890625,0.4879145324230194,-1.3127343654632568,0.1491585969924926
741,1.1519,0.8707,0,0,0.863922119140625,0.976165771484375,0.2077178955078125,0.4401531517505646,-2.3914427757263184,0.3439445793628692
742,1.1888,0.8349,0,0,0.6502685546875,0.98431396484375,0.0575714111328125,0.5015403628349304,-2.625037670135498,0.5070088505744934
743,1.2218,0.835,0,0,0.3783416748046875,0.941253662109375,-0.0578460693359375,0.8759341835975647,-2.3609328269958496,0.5165139436721802
744,1.2479,0.8909,0,0,0.1236572265625,0.9589080810546876,-0.1193389892578125,1.3654160499572754,-2.0347516536712646,0.398845911026001
745,1.2636,1.0131,0,0,0.012786865234375,1.1390228271484375,-0.3460693359375,2.287539482116699,-1.6692965030670166,0.2392275035381317
746,1.2668,1.1996,0,0,0.1137847900390625,1.3515167236328125,-0.438568115234375,2.818723201751709,-0.5665749907493591,0.4980329573154449
747,1.2588,1.4383,0,0,0.2773895263671875,1.205535888671875,-0.4351654052734375,2.2512924671173096,0.5242685675621033,0.615367591381073
748,1.2441,1.7092,0,0,0.210784912109375,1.045166015625,-0.308807373046875,2.2512924671173096,0.5242685675621033,0.615367591381073
749,1.2276,1.9869,0,0,0.2296142578125,1.027618408203125,-0.31488037109375,2.5247392654418945,-0.0425344109535217,-0.2277964055538177
750,1.2121,2.2456,0,0,0.3094940185546875,1.0164794921875,-0.093414306640625,2.678614854812622,0.3988930583000183,-0.5624132752418518
751,1.1981,2.465,0,0,0.3936920166015625,0.8533477783203125,0.5293426513671875,2.1615259647369385,-0.2969709634780884,-0.5759046077728271
752,1.185,2.6327,0,0,0.4574432373046875,0.784515380859375,0.29034423828125,1.2570035457611084,-2.457130193710327,-0.7851720452308655
753,1.1714,2.7453,0,0,0.65869140625,0.74053955078125,-0.3917083740234375,0.8085700273513794,-3.62677001953125,-0.754267692565918
754,1.1563,2.8099,0,0,0.8494415283203125,0.6649627685546875,-0.7833251953125,0.671405553817749,-2.43161678314209,-0.2270187735557556
755,1.1403,2.8393,0,0,0.6901092529296875,0.6383056640625,-0.3680267333984375,0.700629711151123,-0.7027115225791931,0.5147117972373962
756,1.1246,2.8398,0,0,0.385406494140625,0.6336669921875,-0.0388946533203125,0.3380550146102905,-0.7032020688056946,0.6456940770149231
757,1.1095,2.8059,0,0,0.1982879638671875,0.59759521484375,-0.15704345703125,-0.1998206973075866,-1.37032949924469,0.5046695470809937
758,1.092,2.7275,0,0,0.0638885498046875,0.510894775390625,-0.2115325927734375,-0.5141762495040894,-1.2680548429489136,0.3206200897693634
759,1.0676,2.6,0,0,-0.036651611328125,0.395416259765625,-0.2802886962890625,-0.8361934423446655,-0.808282196521759,0.1978441029787063
760,1.0317,2.4281,0,0,-0.11676025390625,0.2627716064453125,-0.3979949951171875,-1.2509312629699707,-0.0598928928375244,0.1682153791189193
761,0.9819,2.224,0,0,-0.11041259765625,0.357635498046875,-0.511688232421875,-1.720228910446167,0.9262679219245912,-0.1035269275307655
762,0.9191,2.0069,0,0,0.1348114013671875,0.5739898681640625,-0.602142333984375,-2.0102455615997314,1.4252233505249023,-0.5427857637405396
763,0.8488,1.8025,0,0,0.379486083984375,0.6701507568359375,-0.8022918701171875,-2.004002094268799,1.4974446296691897,-0.6608152389526367
764,0.7806,1.6384,0,0,0.876068115234375,0.965423583984375,-0.8833770751953125,-1.2883923053741455,0.9819918870925904,-0.7214250564575195
765,0.7279,1.5339,0,0,1.2756195068359375,1.31134033203125,-0.8803863525390625,-0.3996347486972809,0.0123157883062958,-0.2004406899213791
766,0.7061,1.4895,0,0,0.9895477294921876,1.112823486328125,-0.9154815673828124,0.0682578831911087,-0.7171179056167603,0.5352881550788879
767,0.7277,1.4876,0,0,0.5814361572265625,0.865264892578125,-0.83160400390625,0.3505710661411285,-1.0474095344543457,1.0547369718551636
768,0.7964,1.5049,0,0,0.3008880615234375,0.8596954345703125,-0.694488525390625,0.4224846661090851,-1.0905964374542236,0.9673205614089966
769,0.9036,1.5231,0,0,-0.0259246826171875,0.8492889404296875,-0.109588623046875,0.50942063331604,-0.5211009979248047,0.5769208669662476
770,1.0312,1.5306,0,0,-0.2444915771484375,1.13836669921875,-0.0569305419921875,-0.0246403645724058,-0.3231982886791229,0.3716686367988586
771,1.1581,1.5182,0,0,-0.115234375,1.4141845703125,-0.3750762939453125,-0.2877489626407623,0.1562628448009491,-0.1101193130016326
772,1.2673,1.4773,0,0,0.15252685546875,1.378631591796875,-0.7416229248046875,0.4285372495651245,-0.5562933087348938,-0.5368754267692566
773,1.3502,1.4042,0,0,0.1832733154296875,0.8789215087890625,-0.494903564453125,0.7718237638473511,0.0291767939925193,-0.4506784975528717
774,1.4041,1.3035,0,0,0.1165924072265625,0.780792236328125,-0.3821563720703125,0.4493098855018616,1.9219697713851929,-0.4880666136741638
775,1.4282,1.1917,0,0,0.2120513916015625,0.7293853759765625,0.0680084228515625,0.3634293377399444,3.1663365364074707,-0.5574526190757751
776,1.4219,1.0979,0,0,0.39990234375,0.8364105224609375,0.3435211181640625,0.2033584415912628,3.711848497390747,-0.7021653056144714
777,1.3866,1.059,0,0,0.537567138671875,0.95269775390625,0.311492919921875,-0.0559993535280227,3.498510360717773,-0.6290943026542664
778,1.3279,1.1075,0,0,0.713897705078125,0.9100494384765624,0.1133880615234375,-0.1754639595746994,2.763951301574707,-0.6104167699813843
779,1.2554,1.2573,0,0,0.8627166748046875,0.8726959228515625,0.1050567626953125,0.1923353523015976,1.993983507156372,-0.6058861613273621
780,1.1805,1.4951,0,0,0.8502960205078125,0.736968994140625,0.1333770751953125,-0.1080276668071746,1.2572208642959597,-0.1987208127975464
781,1.1136,1.7829,0,0,0.6154937744140625,0.7878265380859375,-0.01483154296875,-1.2584445476531982,0.658103346824646,0.0991380363702774
782,1.0617,2.0699,0,0,0.4583282470703125,0.9029998779296876,-0.235260009765625,-1.5872479677200315,-0.6794858574867249,0.251045286655426
783,1.027,2.3086,0,0,0.30303955078125,0.8695526123046875,-0.156494140625,-1.2373619079589844,-1.092126965522766,0.2305381298065185
784,1.0083,2.4672,0,0,0.36590576171875,0.8765411376953125,-0.1152191162109375,-1.2935113906860352,-0.6128029227256775,0.0615405924618244
785,1.0016,2.5316,0,0,0.4325103759765625,0.821197509765625,-0.1537628173828125,-1.203614354133606,-0.2386309504508972,0.0836629420518875
786,1.0024,2.5026,0,0,0.4257049560546875,0.8036346435546875,-0.139892578125,-0.9724798798561096,-0.1181918904185295,0.1484872102737426
787,1.0059,2.391,0,0,0.4008636474609375,0.8157196044921875,-0.1654510498046875,-0.9369211196899414,0.0779943987727165,0.1638094335794448
788,1.0084,2.2139,0,0,0.3726959228515625,0.8234710693359375,-0.212371826171875,-0.913116991519928,0.3177465498447418,0.14683498442173
789,1.0076,1.9927,0,0,0.325836181640625,0.813232421875,-0.2317657470703125,-0.7248384356498718,0.435528039932251,0.0946703180670738
790,1.0024,1.7498,0,0,0.3380279541015625,0.8162994384765625,-0.1987457275390625,-0.5370804667472839,0.7105140686035156,0.036961480975151
791,0.9927,1.507,0,0,0.3733978271484375,0.8257598876953125,-0.10467529296875,-0.4920171499252319,0.9419686198234558,-0.0522791817784309
792,0.9795,1.2831,0,0,0.416778564453125,0.79217529296875,-0.1508026123046875,-0.5608603954315186,0.7679954767227173,-0.1834499835968017
793,0.964,1.0932,0,0,0.4374237060546875,0.7750396728515625,-0.2203216552734375,-0.6104910373687744,0.7146249413490295,-0.3069764375686645
794,0.948,0.947,0,0,0.47076416015625,0.7784271240234375,-0.258270263671875,-0.6225221753120422,0.7426144480705261,-0.4438365697860718
795,0.9329,0.8483,0,0,0.53875732421875,0.7786407470703125,-0.2403411865234375,-0.5924239158630371,0.7510811686515808,-0.5121439695358276
796,0.9206,0.7959,0,0,0.65374755859375,0.7712249755859375,-0.1795654296875,-0.4767612218856811,0.6140351891517639,-0.5505246520042419
797,0.9127,0.7838,0,0,0.7691802978515625,0.789154052734375,-0.0422210693359375,-0.1202358603477478,0.3738225996494293,-0.5417700409889221
798,0.9109,0.8017,0,0,0.8459014892578125,0.8105621337890625,0.063995361328125,-0.134261667728424,0.4841246008872986,-0.4151607155799866
799,0.9166,0.8357,0,0,0.819610595703125,0.7147979736328125,0.0986480712890625,-0.2438563406467437,0.303580641746521,-0.2265934646129608
800,0.9306,0.871,0,0,0.7870330810546875,0.7242584228515625,-0.0097808837890625,-0.5651102662086487,-0.0917983651161193,-0.0540014505386352
801,0.9523,0.8953,0,0,0.727294921875,0.8343505859375,-0.2531890869140625,-0.8067591190338135,-0.4235893487930298,0.1629604250192642
802,0.9797,0.9019,0,0,0.673675537109375,0.978118896484375,-0.412017822265625,-0.5351877808570862,-0.1523197591304779,0.3459190428256988
803,1.0109,0.89,0,0,0.6566925048828125,1.084869384765625,-0.2076568603515625,0.0247080102562904,0.3237991034984588,0.3978837132453918
804,1.0445,0.8625,0,0,0.67333984375,1.164642333984375,0.03167724609375,0.3831630945205688,0.0620716251432895,0.3501518964767456
805,1.0801,0.8231,0,0,0.7453460693359375,1.1673583984375,0.14678955078125,0.4797628819942474,-0.8287187218666077,0.2365022897720337
806,1.1176,0.7786,0,0,0.8151397705078125,1.1039886474609375,0.216796875,0.5657787322998047,-2.047802448272705,0.2025054395198822
807,1.1568,0.742,0,0,0.691802978515625,1.0449676513671875,0.0760345458984375,0.5482500791549683,-2.829052686691284,0.3425940871238708
808,1.1966,0.7349,0,0,0.4447784423828125,0.9588623046875,0.0725250244140625,0.61664879322052,-2.584380388259888,0.5566712617874146
809,1.2338,0.7807,0,0,0.2206878662109375,0.9887542724609376,-0.052276611328125,0.665198802947998,-2.041046619415283,0.6205234527587891
810,1.2638,0.894,0,0,0.085662841796875,1.1068267822265625,-0.3307647705078125,1.4122871160507202,-1.858659267425537,0.4833877086639404
811,1.2822,1.0742,0,0,0.090545654296875,1.2796173095703125,-0.311859130859375,2.769930601119995,-1.119120478630066,0.4370425641536712
812,1.2878,1.3091,0,0,0.2927398681640625,1.3975067138671875,-0.2952880859375,3.107439517974853,-0.2522527575492859,0.6724420189857483
813,1.283,1.5812,0,0,0.13616943359375,1.0228271484375,-0.3430938720703125,1.9483102560043333,0.0309115760028362,0.8136191368103027
814,1.2718,1.8688,0,0,0.0695953369140625,0.8594970703125,-0.36187744140625,1.9142870903015137,-0.5016378164291382,-0.0057641458697617
815,1.2565,2.1451,0,0,0.2570343017578125,0.8329620361328125,-0.2294769287109375,2.3077497482299805,-0.4670313596725464,-0.6371506452560425
816,1.2368,2.3833,0,0,0.312591552734375,0.7478790283203125,0.2423553466796875,2.087160110473633,-0.4466272890567779,-0.6794453859329224
817,1.2111,2.5638,0,0,0.4135894775390625,0.746002197265625,0.2657012939453125,1.2221728563308716,-1.6052623987197876,-0.8593858480453491
818,1.178,2.6776,0,0,0.638031005859375,0.756317138671875,-0.1131134033203125,0.5917208194732666,-2.914827346801758,-0.7871633172035217
819,1.1383,2.728,0,0,0.87249755859375,0.690277099609375,-0.6557159423828125,0.4569116234779358,-2.706859827041626,-0.31639364361763
820,1.0959,2.7277,0,0,0.750946044921875,0.6610870361328125,-0.3730010986328125,0.4563646018505096,-1.2203999757766724,0.4367357790470123
821,1.0562,2.6901,0,0,0.57427978515625,0.6895294189453125,-0.0762786865234375,0.0433032661676406,-0.8138433694839478,0.6744135618209839
822,1.0236,2.6208,0,0,0.3022918701171875,0.6357269287109375,-0.1189422607421875,-0.4826422929763794,-1.244329810142517,0.8032333254814148
823,0.9986,2.52,0,0,0.064544677734375,0.5079345703125,-0.2534027099609375,-0.6651386022567749,-1.320182204246521,0.7638468146324158
824,0.9779,2.3894,0,0,-0.0983123779296875,0.417205810546875,-0.3298492431640625,-0.8063812255859375,-0.7682862877845764,0.6354352831840515
825,0.9562,2.2359,0,0,-0.1470489501953125,0.4152374267578125,-0.4019775390625,-1.109692096710205,0.0034895399585366,0.3467305302619934
826,0.9285,2.0684,0,0,0.0092010498046875,0.5386505126953125,-0.4587860107421875,-1.4114404916763306,0.8222405910491943,-0.0865319594740867
827,0.8929,1.8982,0,0,0.17169189453125,0.68853759765625,-0.594329833984375,-1.5904732942581177,1.417080998420715,-0.3017617166042328
828,0.8515,1.74,0,0,0.2840423583984375,0.8717498779296875,-0.787353515625,-1.5422978401184082,1.5383198261260986,-0.5332884192466736
829,0.8113,1.6108,0,0,0.6694488525390625,1.0129547119140625,-0.8320770263671875,-1.1816312074661257,1.2231895923614502,-0.6993309259414673
830,0.7825,1.5239,0,0,1.052642822265625,1.01434326171875,-0.8637847900390625,-0.6155907511711121,0.1174722984433174,-0.3688832223415375
831,0.7766,1.4809,0,0,1.0987396240234375,0.85546875,-0.7637176513671875,0.0808306634426117,-0.9870558977127076,0.2693816721439361
832,0.8021,1.4707,0,0,0.7880859375,0.71893310546875,-0.620208740234375,0.3965436220169067,-1.02750563621521,0.8608723878860474
833,0.8609,1.4765,0,0,0.4759368896484375,0.5606689453125,-0.6804046630859375,0.3017015159130096,-0.5922889113426208,1.0928246974945068
834,0.9456,1.484,0,0,0.2168731689453125,0.6271209716796875,-0.509979248046875,0.1634480506181717,-0.0563943013548851,1.0015251636505127
835,1.0415,1.483,0,0,0.1142730712890625,0.9012603759765624,-0.246246337890625,-0.2077100574970245,-0.0582068488001823,0.4545451402664184
836,1.132,1.4653,0,0,-0.0684967041015625,1.2317657470703125,-0.3704986572265625,-0.5698365569114685,-0.599531352519989,0.1822081506252288
837,1.2044,1.4248,0,0,0.0359344482421875,1.4927978515625,-0.4794158935546875,-0.7652997970581055,-0.1082780063152313,-0.0691423192620277
838,1.2542,1.3597,0,0,0.3058319091796875,1.719635009765625,-0.788116455078125,0.1255968064069748,-0.40108722448349,-0.5098837614059448
839,1.2857,1.2729,0,0,0.2403564453125,1.2006988525390625,-0.5665435791015625,0.9812262654304504,-0.399810254573822,-0.346498042345047
840,1.3067,1.1728,0,0,0.0116424560546875,0.7125091552734375,-0.3934478759765625,0.4857248961925506,1.486050009727478,-0.2780995368957519
841,1.3214,1.0741,0,0,0.0526275634765625,0.5921630859375,0.0668182373046875,0.2445399761199951,2.956093072891236,-0.537301242351532
842,1.3275,0.9996,0,0,0.2214202880859375,0.6903076171875,0.4432220458984375,0.2041699141263961,3.1871497631073,-0.7874194979667664
843,1.319,0.9777,0,0,0.488189697265625,0.909698486328125,0.47052001953125,0.0132761243730783,2.748769521713257,-0.8379045128822327
844,1.2925,1.0321,0,0,0.6289215087890625,0.9050445556640624,0.2631683349609375,-0.2875390946865082,2.2593252658843994,-0.6731392741203308
845,1.25,1.1699,0,0,0.752532958984375,0.8865814208984375,0.06524658203125,-0.1936980932950973,1.5957880020141602,-0.6370233297348022
846,1.1983,1.3762,0,0,0.787139892578125,0.8133087158203125,0.0549774169921875,0.0802394449710846,1.0771026611328125,-0.574271023273468
847,1.1452,1.6174,0,0,0.668121337890625,0.7760009765625,0.0374908447265625,-0.7983925342559814,1.2335379123687744,-0.1504813879728317
848,1.0977,1.8527,0,0,0.469482421875,0.90643310546875,-0.2898101806640625,-1.664398431777954,1.050524353981018,0.3190307319164276
849,1.0601,2.0463,0,0,0.3314666748046875,0.8850250244140625,-0.385009765625,-0.9073613286018372,-0.1866857260465622,0.4086143970489502
850,1.0339,2.1744,0,0,0.32623291015625,0.8825836181640625,-0.127105712890625,-0.4146504402160644,-0.3366160988807678,0.2249279171228408
851,1.0183,2.2225,0,0,0.4392852783203125,0.90032958984375,-0.0023956298828125,-0.659835696220398,0.1773359030485153,0.0580169633030891
852,1.0111,2.1849,0,0,0.443389892578125,0.8427886962890625,0.0465240478515625,-0.856633186340332,0.0894606411457061,-0.0017166736070066
853,1.0093,2.0662,0,0,0.486846923828125,0.795013427734375,-0.1110382080078125,-0.9430655241012572,-0.3130732178688049,0.0374453775584697
854,1.0096,1.883,0,0,0.444915771484375,0.7245330810546875,-0.246063232421875,-0.9456309676170348,-0.2293525040149688,0.0860419422388076
855,1.0095,1.6598,0,0,0.4539642333984375,0.73681640625,-0.30438232421875,-0.8682709336280823,0.1986710131168365,0.0356203131377697
856,1.0068,1.424,0,0,0.4929962158203125,0.7830352783203125,-0.3022918701171875,-0.5776042342185974,0.4867132008075714,0.0439733155071735
857,1.0006,1.1998,0,0,0.5162353515625,0.807037353515625,-0.1714019775390625,-0.2945496141910553,0.6972326040267944,0.0362506806850433
858,0.9914,1.005,0,0,0.4774932861328125,0.825592041015625,-0.099395751953125,-0.3335539996623993,0.8113450407981873,-0.0305027812719345
859,0.9804,0.8507,0,0,0.4274444580078125,0.8047637939453125,-0.091339111328125,-0.4992052912712097,0.85963374376297,-0.1110189259052276
860,0.9691,0.742,0,0,0.4025726318359375,0.7691497802734375,-0.1688385009765625,-0.5880757570266724,0.6571850776672363,-0.2292486280202865
861,0.9581,0.6795,0,0,0.41973876953125,0.769256591796875,-0.2203826904296875,-0.5652399659156799,0.5812482237815857,-0.3778617978096008
862,0.948,0.6591,0,0,0.5199432373046875,0.7741851806640625,-0.1647186279296875,-0.5219590663909912,0.6030214428901672,-0.5234288573265076
863,0.939,0.6729,0,0,0.66668701171875,0.7802886962890625,-0.0857086181640625,-0.4278011322021484,0.4924890697002411,-0.5793437957763672
864,0.9319,0.7109,0,0,0.748626708984375,0.7938690185546875,0.0098876953125,-0.2952896952629089,0.3471965789794922,-0.5340325236320496
865,0.9281,0.7616,0,0,0.7787933349609375,0.780731201171875,0.089996337890625,-0.3110281825065613,0.2926454544067383,-0.3660717308521271
866,0.9295,0.8131,0,0,0.7830810546875,0.78533935546875,0.104522705078125,-0.4567784667015075,0.1578695178031921,-0.1518151015043258
867,0.9375,0.8542,0,0,0.722137451171875,0.8285675048828125,-0.080810546875,-0.8450763821601868,0.1399789452552795,0.1450384110212326
868,0.9525,0.8781,0,0,0.60516357421875,0.94482421875,-0.4298095703125,-1.0871164798736572,0.0606505647301673,0.3558678328990936
869,0.9741,0.8841,0,0,0.530059814453125,1.1286773681640625,-0.507476806640625,-0.4915838539600372,-0.050966776907444,0.3627007007598877
870,1.002,0.876,0,0,0.5563812255859375,1.2021331787109375,-0.183685302734375,0.2825224995613098,0.280370146036148,0.3653481602668762
871,1.0361,0.8579,0,0,0.7243804931640625,1.185821533203125,0.0707855224609375,0.6684739589691162,-0.1701434999704361,0.2770377397537231
872,1.076,0.8335,0,0,0.843505859375,1.1056671142578125,0.168914794921875,0.7887089848518372,-1.1434537172317505,0.2351131737232208
873,1.1211,0.8089,0,0,0.7379150390625,1.05322265625,0.188873291015625,0.8947552442550659,-2.029111385345459,0.2597399652004242
874,1.1691,0.7968,0,0,0.5262298583984375,1.00958251953125,0.1291961669921875,0.8113645315170288,-2.271767854690552,0.3585054278373718
875,1.2163,0.8148,0,0,0.291107177734375,0.969757080078125,0.055938720703125,0.7982162237167358,-2.1518776416778564,0.4180595576763153
876,1.2573,0.8791,0,0,0.1043243408203125,0.987701416015625,-0.094024658203125,1.0870797634124756,-1.8870922327041624,0.2891519069671631
877,1.2861,0.9972,0,0,0.18658447265625,1.2568206787109375,-0.4354095458984375,2.069400787353516,-1.034615397453308,0.2014822512865066
878,1.2996,1.1662,0,0,0.3441009521484375,1.3052978515625,-0.296173095703125,3.4864442348480225,-0.8377657532691956,0.3762484788894653
879,1.2989,1.3779,0,0,0.2745208740234375,1.0118255615234375,-0.4607086181640625,2.584490776062012,-0.2668788433074951,0.7125553488731384
880,1.2875,1.6212,0,0,0.1205596923828125,0.8121337890625,-0.4423828125,1.922380208969116,0.153938427567482,0.2801983654499054
881,1.2688,1.879,0,0,0.2042388916015625,0.8414459228515625,-0.2576446533203125,2.4653680324554443,0.1550090163946151,-0.3758867979049682
882,1.2439,2.1286,0,0,0.22247314453125,0.7761077880859375,0.3871307373046875,2.3690481185913086,0.1707296669483184,-0.5395566821098328
883,1.2126,2.3474,0,0,0.283416748046875,0.7411956787109375,0.41143798828125,1.2239429950714111,-1.3001294136047363,-0.8009539246559143
884,1.175,2.5185,0,0,0.539581298828125,0.7923126220703125,-0.0069427490234375,0.5179246664047241,-2.831935167312622,-0.8344905972480774
885,1.1323,2.6345,0,0,0.7710723876953125,0.7380523681640625,-0.61572265625,0.4443082213401794,-3.170233249664306,-0.455702006816864
886,1.0883,2.6992,0,0,0.86669921875,0.6968994140625,-0.6491241455078125,0.4561837911605835,-1.7323790788650513,0.2399936914443969
887,1.0488,2.7214,0,0,0.6867828369140625,0.734344482421875,-0.175933837890625,0.3332954049110412,-0.5147081017494202,0.8586896657943726
888,1.0191,2.705,0,0,0.3721466064453125,0.7099609375,-0.0477447509765625,-0.2367377132177353,-0.8363111615180969,0.974165678024292
889,1.0008,2.647,0,0,0.097381591796875,0.6201171875,-0.2416229248046875,-0.5581426620483398,-1.484053134918213,0.8624370098114014
890,0.991,2.5461,0,0,-0.1271209716796875,0.4695587158203125,-0.2935943603515625,-0.6561610698699951,-1.2135361433029177,0.7505112886428833
891,0.983,2.4075,0,0,-0.2159423828125,0.3136444091796875,-0.386138916015625,-1.023922085762024,-0.3486839532852173,0.5543681383132935
892,0.9696,2.2423,0,0,-0.1472320556640625,0.341217041015625,-0.389068603515625,-1.384057879447937,0.6651114225387573,0.1594825983047485
893,0.9456,2.0643,0,0,0.0199127197265625,0.5389404296875,-0.543975830078125,-1.7005507946014404,1.3297693729400637,-0.393161416053772
894,0.9092,1.8909,0,0,0.1936187744140625,0.6344146728515625,-0.693634033203125,-1.8344767093658447,1.933478593826294,-0.8236789703369141
895,0.8644,1.7437,0,0,0.582733154296875,0.9304351806640624,-0.72607421875,-1.5658172369003296,1.9858105182647705,-1.1037527322769165
896,0.8204,1.6444,0,0,1.1498565673828125,1.4121246337890625,-0.9113616943359376,-1.003698229789734,0.868293285369873,-0.9257528781890868
897,0.7914,1.6044,0,0,1.214599609375,1.275421142578125,-1.0007781982421875,-0.1497974842786789,-0.4855509996414184,-0.0483520850539207
898,0.7934,1.6166,0,0,0.8699493408203125,0.9746856689453124,-0.82568359375,0.5242752432823181,-1.3534586429595947,0.7531126737594604
899,0.8371,1.6592,0,0,0.548553466796875,0.6096038818359375,-0.7589569091796875,0.7792758345603943,-1.164402961730957,1.1262420415878296
900,0.921,1.7093,0,0,0.323638916015625,0.6007843017578125,-0.3947296142578125,0.7670100927352905,-0.3514373898506164,0.9632200598716736
901,1.0311,1.7496,0,0,0.120819091796875,0.75384521484375,-0.087677001953125,0.2995907068252563,-0.1586442440748214,0.5311296582221985
902,1.1456,1.7663,0,0,-0.030181884765625,1.188323974609375,-0.0887451171875,-0.2044332921504974,-0.4669629335403442,0.2411641478538513
903,1.2443,1.7475,0,0,0.0183868408203125,1.5893707275390625,-0.452178955078125,-0.3787422478199005,-0.2677054703235626,-0.0994698628783226
904,1.3159,1.685,0,0,0.179901123046875,1.53558349609375,-0.7801513671875,0.2403566837310791,-0.6815468668937683,-0.3820227384567261
905,1.36,1.578,0,0,0.0440216064453125,0.90777587890625,-0.4893341064453125,0.5405263304710388,0.0207675956189632,-0.2740238308906555
906,1.3813,1.4354,0,0,-0.0028076171875,0.781280517578125,-0.3183746337890625,0.1871547102928161,2.118446588516236,-0.4072412550449371
907,1.3837,1.2778,0,0,0.0232391357421875,0.701934814453125,0.177001953125,0.224747359752655,3.298666477203369,-0.650409460067749
908,1.3673,1.1391,0,0,0.204803466796875,0.7850799560546875,0.482391357421875,0.2198668420314788,3.4275331497192383,-1.0074421167373655
909,1.3317,1.0607,0,0,0.3699188232421875,0.9165191650390624,0.42041015625,-0.0721064209938049,3.2603390216827397,-1.0829023122787476
910,1.2795,1.0777,0,0,0.655548095703125,1.065673828125,0.3080291748046875,-0.4213365912437439,2.8410520553588867,-1.002165913581848
911,1.2176,1.2047,0,0,0.867218017578125,1.0102081298828125,0.1863250732421875,-0.1018989309668541,1.5366884469985962,-0.7871478796005249
912,1.1556,1.4276,0,0,0.8337554931640625,0.742919921875,0.107818603515625,-0.0327869765460491,0.3914346098899841,-0.3536129295825958
913,1.103,1.7046,0,0,0.6501617431640625,0.8045806884765625,-0.22479248046875,-1.5980889797210691,0.7008159160614014,0.1084777414798736
914,1.0657,1.9804,0,0,0.4356689453125,0.881256103515625,-0.4849090576171875,-1.5323445796966553,-0.0222251452505588,0.3673907816410064
915,1.045,2.2058,0,0,0.36090087890625,0.8953704833984375,-0.388519287109375,-0.4844260811805725,-0.5378032922744751,0.4080356955528259
916,1.0389,2.3473,0,0,0.42218017578125,0.8533172607421875,-0.1305694580078125,-0.3250161707401275,0.3389793932437897,0.3125160932540893
917,1.043,2.3867,0,0,0.4505157470703125,0.783233642578125,0.04046630859375,-0.4846561551094055,0.7183442711830139,0.216638833284378
918,1.0519,2.3209,0,0,0.4348907470703125,0.760986328125,0.045013427734375,-0.6992241144180298,0.4041293561458587,0.1287313401699066
919,1.0597,2.1616,0,0,0.3755035400390625,0.771209716796875,-0.0399627685546875,-0.9084300994873048,-0.0402930937707424,0.083021380007267
920,1.0618,1.9334,0,0,0.3696441650390625,0.791595458984375,-0.193115234375,-1.0711524486541748,-0.3229980170726776,0.0076105152256786
921,1.0554,1.6681,0,0,0.3835906982421875,0.7820587158203125,-0.2626495361328125,-1.021752119064331,-0.085573486983776,-0.0497425235807895
922,1.0403,1.3987,0,0,0.498626708984375,0.852142333984375,-0.24053955078125,-0.7762435674667358,0.1594282686710357,-0.1651559323072433
923,1.0183,1.1535,0,0,0.509979248046875,0.8468475341796875,-0.1439056396484375,-0.6339228749275208,0.4277382791042328,-0.1072662696242332
924,0.9932,0.9514,0,0,0.4466400146484375,0.8307952880859375,-0.0699462890625,-0.6433233022689819,0.5581815242767334,-0.1805261075496673
925,0.9687,0.8017,0,0,0.402862548828125,0.818756103515625,-0.1461639404296875,-0.6853639483451843,0.5072304606437683,-0.1982041597366333
926,0.9479,0.7059,0,0,0.378662109375,0.771087646484375,-0.2517547607421875,-0.7337008714675903,0.5692322850227356,-0.2393358945846557
927,0.9321,0.6599,0,0,0.412628173828125,0.72283935546875,-0.248779296875,-0.6193894743919373,0.5217790603637695,-0.3521575033664703
928,0.9213,0.6555,0,0,0.574005126953125,0.777008056640625,-0.060211181640625,-0.3473052382469177,0.4176291823387146,-0.4990803897380829
929,0.915,0.6815,0,0,0.7003173828125,0.801788330078125,0.108612060546875,-0.2854676842689514,0.3917142450809479,-0.5079535245895386
930,0.913,0.7251,0,0,0.7491912841796875,0.794677734375,0.1964569091796875,-0.4521983563899994,0.4075560569763183,-0.3943611681461334
931,0.9159,0.7735,0,0,0.77862548828125,0.78912353515625,0.122283935546875,-0.6386153697967529,0.0929581671953201,-0.2674090564250946
932,0.9247,0.8166,0,0,0.729156494140625,0.894683837890625,-0.1826934814453125,-1.0447300672531128,-0.2457884550094604,-0.0369886457920074
933,0.9404,0.8489,0,0,0.624114990234375,0.9646759033203124,-0.5421905517578125,-0.9688540101051332,-0.0980962067842483,0.2125048041343689
934,0.9633,0.8694,0,0,0.5684356689453125,1.01220703125,-0.3858642578125,-0.1500462293624878,0.5611280202865601,0.2578456699848175
935,0.9933,0.8799,0,0,0.5920562744140625,1.0707855224609375,-0.0204925537109375,0.4193967282772064,0.6820626854896545,0.2636231184005737
936,1.0292,0.8817,0,0,0.6730194091796875,1.0885009765625,0.0986175537109375,0.4863307476043701,0.1400023847818374,0.1750351935625076
937,1.0694,0.8755,0,0,0.8719024658203125,1.0515289306640625,0.1247711181640625,0.5475355386734009,-0.7263292670249939,0.1523181647062301
938,1.1117,0.8633,0,0,0.8639373779296875,1.05413818359375,0.185882568359375,0.7117460370063782,-1.7365871667861938,0.2778771519660949
939,1.1546,0.8521,0,0,0.6662139892578125,1.0756683349609375,0.0888214111328125,0.8002806901931763,-2.3442859649658203,0.4389885365962982
940,1.1964,0.8568,0,0,0.3835601806640625,1.00775146484375,0.0352630615234375,0.8700741529464722,-2.142841339111328,0.5686179399490356
941,1.2339,0.8959,0,0,0.1382293701171875,1.0037384033203125,-0.029571533203125,1.068253517150879,-2.0704970359802246,0.492417961359024
942,1.2633,0.9836,0,0,0.0198516845703125,1.236419677734375,-0.43817138671875,1.7104228734970093,-2.0387604236602783,0.3151457011699676
943,1.2815,1.1257,0,0,0.1178131103515625,1.4188079833984375,-0.446746826171875,3.16450572013855,-1.3462973833084106,0.2969648241996765
944,1.2888,1.3205,0,0,0.2392730712890625,1.182220458984375,-0.5042877197265625,2.557645320892334,-0.0546991974115371,0.6424218416213989
945,1.2884,1.5592,0,0,0.1660003662109375,0.929840087890625,-0.37725830078125,2.131619691848755,0.4501376152038574,0.3516089022159576
946,1.2831,1.8241,0,0,0.2333984375,0.93890380859375,-0.25531005859375,2.5768415927886963,0.1315825283527374,-0.329131007194519
947,1.2736,2.0906,0,0,0.310394287109375,0.9479827880859376,-0.02630615234375,2.5209085941314697,0.3604679107666015,-0.5683465600013733
948,1.2585,2.334,0,0,0.3650665283203125,0.7818603515625,0.428375244140625,1.8481518030166624,-0.4014723300933838,-0.5382853150367737
949,1.2367,2.5339,0,0,0.4654998779296875,0.7780303955078125,0.1625823974609375,1.016850233078003,-2.434499740600586,-0.7552692890167236
950,1.2074,2.6784,0,0,0.526031494140625,0.724151611328125,-0.2184906005859375,0.8036088347434998,-3.348907232284546,-0.6341343522071838
951,1.1712,2.7675,0,0,0.63812255859375,0.67486572265625,-0.558074951171875,0.6920189261436462,-2.678978204727173,-0.2893678843975067
952,1.1304,2.8107,0,0,0.644744873046875,0.7313079833984375,-0.3294677734375,0.6463233828544617,-0.9870479106903076,0.3195036947727203
953,1.0885,2.8159,0,0,0.4630126953125,0.7690887451171875,-0.017547607421875,0.2146832793951034,-0.3896020948886871,0.7227709889411926
954,1.0488,2.7807,0,0,0.27313232421875,0.666290283203125,-0.0964813232421875,-0.2981171905994415,-0.9641860127449036,0.8355031609535217
955,1.013,2.6977,0,0,0.0619659423828125,0.512054443359375,-0.1738739013671875,-0.55177903175354,-1.2315937280654907,0.788493275642395
956,0.9794,2.5643,0,0,-0.112060546875,0.3793792724609375,-0.23431396484375,-0.8242672681808472,-0.9478626847267152,0.6550598740577698
957,0.9444,2.3881,0,0,-0.167816162109375,0.3335723876953125,-0.3201751708984375,-1.2205331325531006,-0.2612739503383636,0.364652544260025
958,0.9042,2.1843,0,0,-0.10467529296875,0.4402008056640625,-0.429931640625,-1.7208020687103271,0.5678836703300476,-0.0335302613675594
959,0.857,1.973,0,0,0.0236358642578125,0.5288238525390625,-0.6422576904296875,-2.1767737865448,1.3303024768829346,-0.4379847943782806
960,0.8052,1.7794,0,0,0.2959442138671875,0.750030517578125,-0.7339324951171875,-2.25994086265564,1.9302191734313965,-0.9834406971931458
961,0.7556,1.6309,0,0,0.851837158203125,1.2959136962890625,-0.92529296875,-1.6385186910629272,1.253685474395752,-1.1628623008728027
962,0.7207,1.5494,0,0,1.523834228515625,1.724884033203125,-1.1107635498046875,-0.3495774269104004,-0.6033005118370056,-0.5140398740768433
963,0.7173,1.5396,0,0,1.1569671630859375,1.2226104736328125,-1.0452423095703125,0.7333213686943054,-2.115028142929077,0.6169928908348083
964,0.7605,1.5891,0,0,0.4733123779296875,0.6513519287109375,-0.7820892333984375,0.9917483925819396,-1.817100048065185,1.3584529161453247
965,0.8541,1.6785,0,0,0.14776611328125,0.43621826171875,-0.5285491943359375,0.7235904335975647,-0.6755643486976624,1.3356757164001465
966,0.9848,1.7879,0,0,0.037353515625,0.6304473876953125,-0.0106201171875,0.391895055770874,0.1874833405017852,0.691742479801178
967,1.1264,1.8941,0,0,-0.3054656982421875,0.82196044921875,-0.0114898681640625,-0.195252850651741,0.0064136907458305,0.3931270539760589
968,1.2513,1.9704,0,0,-0.311798095703125,1.238128662109375,-0.2534637451171875,-0.6681429147720337,0.3499345779418945,0.0434034019708633
969,1.3408,1.9926,0,0,0.1240692138671875,1.7495574951171875,-0.7712860107421875,-0.2831270396709442,-0.29300656914711,-0.674176812171936
970,1.3903,1.9484,0,0,0.4302978515625,1.49359130859375,-0.7393646240234375,0.8668320178985596,-1.0391249656677246,-0.820100724697113
971,1.4077,1.8419,0,0,0.2570037841796875,0.8022918701171875,-0.4332122802734375,0.5683899521827698,1.483363151550293,-0.3655667901039123
972,1.4039,1.6945,0,0,0.084869384765625,0.565460205078125,-0.0115509033203125,0.3038837313652038,3.6106886863708496,-0.3008999228477478
973,1.3849,1.5429,0,0,0.0867919921875,0.64752197265625,0.3743896484375,0.2988854944705963,4.099572658538818,-0.6171223521232605
974,1.3509,1.434,0,0,0.2319793701171875,0.8032989501953125,0.353179931640625,0.071280837059021,3.6962521076202393,-0.9197258949279784
975,1.3011,1.4116,0,0,0.41632080078125,0.9500885009765624,0.2442474365234375,-0.2349885404109954,3.1758792400360107,-0.9922589063644408
976,1.2383,1.5002,0,0,0.75750732421875,1.1575469970703125,0.24609375,-0.3204637765884399,2.4076502323150635,-0.8998863697052002
977,1.1699,1.6947,0,0,0.8782806396484375,0.9895782470703124,0.1270751953125,0.1041793972253799,0.9876588582992554,-0.7719257473945618
978,1.1064,1.9594,0,0,0.8209075927734375,0.6843719482421875,-0.0081634521484375,-0.545147716999054,0.4343373477458954,-0.3487936854362488
979,1.057,2.2386,0,0,0.525726318359375,0.8202056884765625,-0.3295745849609375,-1.8066335916519165,0.0499997846782207,0.0576915256679058
980,1.0262,2.4746,0,0,0.4132843017578125,0.8978424072265625,-0.4377288818359375,-1.3114739656448364,-0.613282322883606,0.1219522729516029
981,1.0137,2.6253,0,0,0.4184722900390625,0.852935791015625,-0.1993560791015625,-0.6170171499252319,-0.2460925877094268,0.1859703958034515
982,1.0156,2.6686,0,0,0.42529296875,0.8166656494140625,-0.02484130859375,-0.6848797798156738,0.1631377935409546,0.1877653747797012
983,1.0261,2.5999,0,0,0.44482421875,0.8003997802734375,-0.0274810791015625,-0.9268964529037476,0.1903736740350723,0.1316829323768615
984,1.0389,2.4295,0,0,0.38482666015625,0.7897796630859375,-0.0983123779296875,-1.0528775453567505,-0.2167983502149582,0.213816687464714
985,1.0485,2.1817,0,0,0.3273162841796875,0.8167724609375,-0.1812286376953125,-1.0320338010787964,-0.2983494102954864,0.1988414525985717
986,1.0509,1.8899,0,0,0.2879791259765625,0.792266845703125,-0.2163848876953125,-1.0514016151428225,-0.0173584837466478,0.1279268115758896
987,1.0445,1.5895,0,0,0.356109619140625,0.8123779296875,-0.2919769287109375,-0.9006254076957703,0.1783337891101837,0.0182780735194683
988,1.0293,1.3112,0,0,0.4203338623046875,0.8043365478515625,-0.2045440673828125,-0.6450828313827515,0.3310359716415405,-0.0681172683835029
989,1.0077,1.0764,0,0,0.453399658203125,0.8154754638671875,-0.105743408203125,-0.6201713681221008,0.532585620880127,-0.177585169672966
990,0.9825,0.8959,0,0,0.453887939453125,0.8111572265625,-0.11590576171875,-0.61223304271698,0.4745683670043945,-0.2870213985443115
991,0.9574,0.772,0,0,0.4350738525390625,0.818572998046875,-0.2329559326171875,-0.6321811676025391,0.4227275550365448,-0.3424745202064514
992,0.9351,0.7007,0,0,0.415557861328125,0.7744293212890625,-0.302337646484375,-0.6502104997634888,0.6285672783851624,-0.387290209531784
993,0.9179,0.6742,0,0,0.557952880859375,0.7793731689453125,-0.215362548828125,-0.425735592842102,0.6730670928955078,-0.490250676870346
994,0.907,0.6828,0,0,0.6941680908203125,0.7867279052734375,0.0118255615234375,-0.1600581109523773,0.6344243288040161,-0.4351075291633606
995,0.9031,0.7156,0,0,0.7766571044921875,0.8080291748046875,0.1663665771484375,-0.3430681526660919,0.5363587737083435,-0.2600478231906891
996,0.907,0.7607,0,0,0.8265838623046875,0.821075439453125,0.0709991455078125,-0.4695019721984863,0.1155817210674285,-0.0615515112876892
997,0.9191,0.806,0,0,0.84283447265625,0.8971099853515625,-0.13287353515625,-0.7391893863677979,0.064068466424942,0.1230750605463981
998,0.94,0.8414,0,0,0.784637451171875,1.041473388671875,-0.3691558837890625,-0.7351672053337097,-0.1957798898220062,0.2866309583187103
999,0.9701,0.861,0,0,0.6719207763671875,1.1772613525390625,-0.3673095703125,-0.0952519476413726,-0.2365076094865799,0.3819990158081054
1000,1.0094,0.8632,0,0,0.6727447509765625,1.242889404296875,-0.1580047607421875,0.507249653339386,-0.4615606963634491,0.4161956310272217
1001,1.0573,0.8502,0,0,0.716583251953125,1.16387939453125,-0.0879669189453125,0.9725179672241212,-1.6688555479049685,0.3540675342082977
1002,1.112,0.8314,0,0,0.64288330078125,1.032867431640625,-0.034271240234375,1.330263614654541,-2.3287174701690674,0.3973998129367828
1003,1.1697,0.8259,0,0,0.4275054931640625,0.932891845703125,0.05438232421875,1.4226081371307373,-2.036355495452881,0.4937900006771087
1004,1.2244,0.8569,0,0,0.3056182861328125,1.0309295654296875,-0.166839599609375,1.482239842414856,-1.6144298315048218,0.4450685381889343
1005,1.269,0.9421,0,0,0.219696044921875,1.0858154296875,-0.21612548828125,2.28786301612854,-1.390556812286377,0.5259511470794678
1006,1.2982,1.0874,0,0,0.252532958984375,1.2491607666015625,-0.284881591796875,2.9031479358673096,-0.506506621837616,0.5589583516120911
1007,1.3105,1.2888,0,0,0.3893890380859375,1.448638916015625,-0.3825531005859375,2.958945035934448,0.5845561027526855,0.7597638964653015
1008,1.3087,1.5353,0,0,0.2155303955078125,1.2701568603515625,-0.453521728515625,2.267112493515014,0.5784599184989929,1.0446821451187134
1009,1.2989,1.8095,0,0,0.1268157958984375,1.043701171875,-0.2772674560546875,2.243461847305298,0.4247547388076782,0.5035731196403503
1010,1.2863,2.0878,0,0,0.2879180908203125,0.815887451171875,0.4501800537109375,2.185719966888428,-0.3819351196289062,-0.0021760689560323
1011,1.2727,2.344,0,0,0.2972412109375,0.68548583984375,0.2004241943359375,1.2834290266036987,-2.507697105407715,-0.3531138598918915
1012,1.256,2.5569,0,0,0.4543304443359375,0.6155548095703125,-0.1431121826171875,0.8437163233757019,-3.417083263397217,-0.5427029728889465
1013,1.2323,2.718,0,0,0.5169677734375,0.5784912109375,-0.4059906005859375,0.6500421762466431,-3.0999879837036133,-0.3215977251529693
1014,1.1987,2.8306,0,0,0.6325531005859375,0.6416015625,-0.474395751953125,0.5161328911781311,-1.8511161804199217,0.0612013041973114
1015,1.1551,2.9,0,0,0.6053314208984375,0.743377685546875,-0.168609619140625,0.3243354558944702,-0.7611141204833984,0.6424087882041931
1016,1.1047,2.9239,0,0,0.2996063232421875,0.6826019287109375,-0.04949951171875,-0.174908697605133,-1.0074259042739868,0.8740524053573608
1017,1.0516,2.8935,0,0,0.1302337646484375,0.571929931640625,-0.1947174072265625,-0.585418701171875,-1.5893298387527466,0.8056027889251709
1018,0.9986,2.8039,0,0,-0.06475830078125,0.4528961181640625,-0.2874298095703125,-0.8682488203048706,-1.288796305656433,0.7010073661804199
1019,0.946,2.6604,0,0,-0.1406402587890625,0.3875732421875,-0.3111419677734375,-1.1300548315048218,-0.5390014052391052,0.4435361623764038
1020,0.893,2.4764,0,0,-0.0867156982421875,0.339691162109375,-0.3903961181640625,-1.4781638383865356,0.1863211393356323,0.1656440943479538
1021,0.8388,2.2698,0,0,-0.020751953125,0.393096923828125,-0.5436553955078125,-1.9069359302520752,0.9607609510421752,-0.0279096625745296
1022,0.7844,2.0614,0,0,0.1480865478515625,0.62176513671875,-0.826629638671875,-2.1566593647003174,1.5664879083633425,-0.5588555335998535
1023,0.734,1.8757,0,0,0.4841461181640625,0.85784912109375,-1.04840087890625,-1.88190758228302,1.7585798501968384,-0.949284851551056
1024,0.6964,1.737,0,0,1.02130126953125,1.3293609619140625,-1.1417999267578125,-0.8729251027107239,0.7500348687171936,-0.8140998482704163
1025,0.6844,1.6584,0,0,1.2357940673828125,1.3712615966796875,-0.9590606689453124,0.2453320026397705,-0.3186440169811249,-0.1312597543001175
1026,0.7113,1.634,0,0,0.8589935302734375,0.9868011474609376,-0.6873779296875,0.582193911075592,-1.1247740983963013,0.7099044919013977
1027,0.7839,1.6427,0,0,0.5455169677734375,0.7387847900390625,-0.5885009765625,0.5971730947494507,-1.2568186521530151,1.0583404302597046
1028,0.8966,1.6625,0,0,0.2642059326171875,0.629638671875,-0.2835693359375,0.6255861520767212,-0.8373095393180847,0.9583566188812256
1029,1.0316,1.678,0,0,-0.134307861328125,1.114105224609375,-0.1109466552734375,0.2914395630359649,-0.3805840909481048,0.6018704175949097
1030,1.1663,1.6784,0,0,-0.2960357666015625,1.5073089599609375,-0.392303466796875,-0.0618372671306133,0.5042833685874939,0.1372824907302856
1031,1.2822,1.654,0,0,-0.1377410888671875,1.708953857421875,-0.6875457763671875,0.4498398602008819,-0.0208885036408901,-0.5687010288238525
1032,1.3712,1.5973,0,0,0.085174560546875,0.9367523193359376,-0.510101318359375,0.5338692665100098,-0.0149938631802797,-0.5460188388824463
1033,1.4318,1.5083,0,0,0.3521575927734375,0.673065185546875,-0.1305999755859375,-0.011299792677164,2.513887882232666,-0.6928471922874451
1034,1.4635,1.4007,0,0,0.252532958984375,0.7347869873046875,0.3316497802734375,0.0243700537830591,3.7153568267822266,-0.728127658367157
1035,1.4649,1.3053,0,0,0.2926483154296875,0.8188934326171875,0.369384765625,-0.0356392189860343,3.696264982223511,-0.8178898096084595
1036,1.4355,1.2632,0,0,0.427703857421875,0.89593505859375,0.3164215087890625,-0.2828916311264038,3.213045597076416,-0.809558629989624
1037,1.3795,1.3076,0,0,0.677398681640625,0.97308349609375,0.2562408447265625,-0.3651249706745147,2.395794630050659,-0.8633946776390076
1038,1.3054,1.4483,0,0,0.8478240966796875,0.91424560546875,0.2798919677734375,0.1969940215349197,0.8079090714454651,-0.8515486717224121
1039,1.2251,1.6647,0,0,0.6922454833984375,0.6624298095703125,0.2156982421875,-0.2037906795740127,-0.3315047025680542,-0.2401787787675857
1040,1.1495,1.911,0,0,0.533233642578125,0.86212158203125,-0.0370635986328125,-2.079322338104248,0.307686984539032,0.1604514569044113
1041,1.0865,2.1361,0,0,0.2150726318359375,0.9332733154296876,-0.535614013671875,-2.273730754852295,-0.1056984663009643,0.3857950866222381
1042,1.0399,2.3034,0,0,0.1576690673828125,0.9752349853515624,-0.4924163818359375,-1.006744623184204,-1.355624079704285,0.1490664482116699
1043,1.0106,2.3966,0,0,0.37286376953125,0.9037628173828124,-0.216217041015625,-0.4098447859287262,-0.4854221045970917,-0.0286838430911302
1044,0.9973,2.4115,0,0,0.5184326171875,0.805755615234375,-0.0682525634765625,-0.6688603758811951,0.6662003993988037,-0.0534280724823474
1045,0.9964,2.3493,0,0,0.51861572265625,0.7382354736328125,-0.12921142578125,-0.6908692717552185,0.4847965240478515,-0.0518778450787067
1046,1.003,2.2164,0,0,0.5174713134765625,0.7410125732421875,-0.084716796875,-0.6496930718421936,0.1489098519086837,-0.0775075778365135
1047,1.0119,2.0259,0,0,0.5121917724609375,0.7567291259765625,-0.070953369140625,-0.7874171137809753,0.1881438046693802,-0.0359020754694938
1048,1.0185,1.7962,0,0,0.4682159423828125,0.777252197265625,-0.1053619384765625,-0.9655330181121826,0.2924856543540954,0.0091588776558637
1049,1.02,1.5496,0,0,0.4082794189453125,0.8246307373046875,-0.186767578125,-1.0135042667388916,0.2121258378028869,0.0119567941874265
1050,1.0153,1.3096,0,0,0.37677001953125,0.83294677734375,-0.263946533203125,-0.900413453578949,0.3521822690963745,-0.0484974943101406
1051,1.0049,1.0971,0,0,0.3576812744140625,0.8133392333984375,-0.2344207763671875,-0.7006134986877441,0.5414182543754578,-0.1309574842453003
1052,0.9904,0.927,0,0,0.34100341796875,0.82769775390625,-0.182647705078125,-0.5912284255027771,0.6521444916725159,-0.2448422461748123
1053,0.9737,0.8066,0,0,0.330108642578125,0.8247222900390625,-0.2534332275390625,-0.6715850234031677,0.7736544013023376,-0.3479622304439544
1054,0.9569,0.7361,0,0,0.6194915771484375,0.831329345703125,-0.1729736328125,-0.1043743416666984,0.5287903547286987,-0.492349237203598
1055,0.9421,0.7101,0,0,0.731353759765625,0.8499908447265625,0.0482177734375,-0.008438492193818,0.4471700489521026,-0.3228310346603393
1056,0.9318,0.7174,0,0,0.7678375244140625,0.7977142333984375,0.1553802490234375,-0.2412759959697723,0.4380814731121063,-0.2061981707811355
1057,0.9286,0.7436,0,0,0.780975341796875,0.7684173583984375,0.094451904296875,-0.6235141754150391,0.3212059736251831,-0.0405578128993511
1058,0.9342,0.7747,0,0,0.74200439453125,0.844573974609375,-0.2379913330078125,-0.9422524571418762,0.1855717301368713,0.1893539428710937
1059,0.949,0.8011,0,0,0.621246337890625,0.9595489501953124,-0.581268310546875,-0.4781516492366791,0.2723953127861023,0.1657815128564834
1060,0.9724,0.8179,0,0,0.638885498046875,1.0603179931640625,-0.427093505859375,0.2701507806777954,0.4017769992351532,0.110720120370388
1061,1.004,0.8226,0,0,0.792236328125,1.0943756103515625,-0.00177001953125,0.6180225014686584,-0.1118479743599891,0.1250428706407547
1062,1.0427,0.8142,0,0,0.842376708984375,1.1136474609375,0.1151885986328125,0.515548825263977,-0.6580047607421875,0.1964688450098037
1063,1.0875,0.7955,0,0,0.797576904296875,1.04083251953125,0.1801910400390625,0.5044189691543579,-1.6371686458587646,0.3064419627189636
1064,1.1362,0.7757,0,0,0.7033843994140625,0.989410400390625,0.101104736328125,0.686204731464386,-2.610044002532959,0.4302619099617004
1065,1.1857,0.7728,0,0,0.5409698486328125,1.0053558349609375,0.0392608642578125,0.8353624939918518,-2.6175899505615234,0.6233770251274109
1066,1.2313,0.8096,0,0,0.246368408203125,0.99322509765625,0.0486602783203125,0.9532787799835204,-1.8848618268966677,0.5895894765853882
1067,1.2677,0.9036,0,0,0.1389923095703125,1.1501007080078125,-0.28106689453125,1.826924443244934,-1.1383056640625,0.4755881130695343
1068,1.291,1.059,0,0,0.1312713623046875,1.3542022705078125,-0.3654937744140625,3.299191236495972,-0.1607489287853241,0.5241761207580566
1069,1.3005,1.2695,0,0,0.260528564453125,1.5890045166015625,-0.2561798095703125,3.425267219543457,-0.3754308819770813,0.8643097281455994
1070,1.3001,1.524,0,0,0.1567840576171875,1.2401123046875,-0.3732757568359375,1.9520221948623655,-0.5942060947418213,0.7895524501800537
1071,1.2953,1.8067,0,0,0.07464599609375,0.877655029296875,-0.4184722900390625,2.194960355758667,-0.6212811470031738,-0.1063189804553985
1072,1.2897,2.0937,0,0,0.1960906982421875,0.81597900390625,-0.27423095703125,2.5801284313201904,-0.3749962449073791,-0.5720954537391663
1073,1.2823,2.3579,0,0,0.2320556640625,0.7207183837890625,0.25537109375,1.9798368215560915,-0.7317641973495483,-0.7062956094741821
1074,1.2689,2.5762,0,0,0.327667236328125,0.6373138427734375,0.424163818359375,0.8796937465667725,-2.398575782775879,-0.874267578125
1075,1.245,2.7352,0,0,0.5399017333984375,0.687774658203125,-0.067596435546875,0.4683155417442322,-3.375298261642456,-0.5598230957984924
1076,1.2088,2.8339,0,0,0.7139434814453125,0.6811065673828125,-0.63458251953125,0.4950230419635772,-2.3795738220214844,-0.1196675449609756
1077,1.1621,2.8799,0,0,0.83966064453125,0.6887664794921875,-0.432525634765625,0.4107829928398132,-0.8515593409538269,0.7039301991462708
1078,1.1105,2.8793,0,0,0.5984954833984375,0.6442413330078125,-0.01190185546875,-0.2560916841030121,-0.9937548041343688,1.0284925699234009
1079,1.0606,2.8323,0,0,0.21197509765625,0.5172119140625,-0.13458251953125,-0.7117990255355835,-1.4626232385635376,0.8852477669715881
1080,1.0156,2.7382,0,0,-0.023406982421875,0.4783172607421875,-0.21160888671875,-0.9113307595252992,-1.0721287727355957,0.7207016944885254
1081,0.9743,2.6019,0,0,-0.1417694091796875,0.4040679931640625,-0.25555419921875,-1.2250996828079224,-0.5254507064819336,0.5533926486968994
1082,0.933,2.4339,0,0,-0.1196441650390625,0.3493499755859375,-0.3639373779296875,-1.68517804145813,0.2924856543540954,0.37283456325531
1083,0.8883,2.249,0,0,-0.156646728515625,0.428955078125,-0.5229034423828125,-2.18506407737732,1.1574089527130127,-0.1072676032781601
1084,0.839,2.0669,0,0,0.0653533935546875,0.578216552734375,-0.7583770751953125,-2.153071880340576,1.6216731071472168,-0.8956130743026733
1085,0.7887,1.9108,0,0,0.4602813720703125,0.903289794921875,-0.823333740234375,-1.5605783462524414,1.1647547483444214,-0.9902194738388062
1086,0.7455,1.8004,0,0,0.9748992919921876,1.4174957275390625,-0.9819488525390624,-0.6543139219284058,0.0481246523559093,-0.4197189807891845
1087,0.7222,1.7412,0,0,1.11334228515625,1.4136962890625,-0.9188995361328124,0.0656218901276588,-1.1706390380859375,0.3443999886512756
1088,0.733,1.7224,0,0,0.7333221435546875,1.1026763916015625,-0.77972412109375,0.4083965420722961,-1.6710443496704102,0.8897615671157837
1089,0.787,1.7261,0,0,0.432861328125,0.84625244140625,-0.7083587646484375,0.3571259081363678,-0.9859395027160645,1.1711472272872925
1090,0.8822,1.7369,0,0,0.3031463623046875,0.7215728759765625,-0.5665435791015625,0.2732978463172912,0.0489177405834198,0.9539823532104492
1091,1.0043,1.7429,0,0,0.03094482421875,0.825103759765625,-0.30462646484375,-0.1031708568334579,0.3834840059280395,0.7715547680854797
1092,1.1324,1.7325,0,0,-0.09466552734375,1.2734832763671875,-0.1865234375,-0.1048678234219551,0.4388718903064728,0.1667666137218475
1093,1.2468,1.6947,0,0,0.0146636962890625,1.5915069580078125,-0.368927001953125,0.3240766227245331,0.0039044604636728,-0.1879344880580902
1094,1.3353,1.6216,0,0,0.07244873046875,1.3326568603515625,-0.5716094970703125,0.6787329912185669,-0.2630968689918518,-0.1617652028799057
1095,1.3944,1.5118,0,0,0.0311279296875,0.7737579345703125,-0.3246612548828125,0.332348108291626,1.654266119003296,-0.367046982049942
1096,1.4249,1.3767,0,0,0.108123779296875,0.6219482421875,-0.0616607666015625,0.2952545583248138,3.0506491661071777,-0.5452840924263
1097,1.4265,1.2438,0,0,0.1492462158203125,0.721527099609375,0.2415313720703125,0.3348903656005859,3.630984544754028,-0.6837546229362488
1098,1.3986,1.153,0,0,0.2169952392578125,0.8377532958984375,0.389129638671875,0.0526469647884368,3.8308863639831534,-0.8363915681838989
1099,1.3433,1.1449,0,0,0.458526611328125,1.0017547607421875,0.361572265625,-0.2928542494773865,3.415572166442871,-0.974167823791504
1100,1.2678,1.2449,0,0,0.8212890625,1.08233642578125,0.28143310546875,0.1619976907968521,1.805769443511963,-0.8831324577331543
1101,1.1844,1.45,0,0,0.8122100830078125,0.8578033447265625,0.3115692138671875,0.131352961063385,0.170275866985321,-0.3755509853363037
1102,1.1066,1.7244,0,0,0.77264404296875,0.733734130859375,0.202911376953125,-1.6741636991500854,0.3632964491844177,-0.1581243872642517
1103,1.0455,2.0122,0,0,0.6551971435546875,0.8343048095703125,-0.22076416015625,-2.369513988494873,-0.0728837922215461,0.0989268496632576
1104,1.0063,2.2619,0,0,0.38336181640625,0.829864501953125,-0.5665740966796875,-1.1933119297027588,-1.1533911228179932,0.1839799582958221
1105,0.9892,2.4397,0,0,0.33514404296875,0.864166259765625,-0.3822784423828125,-0.4435348212718963,-0.1756541132926941,0.1386188715696334
1106,0.9906,2.5265,0,0,0.4176788330078125,0.842437744140625,0.091278076171875,-0.7309170961380005,0.3801928758621216,0.0783637836575508
1107,1.0042,2.5132,0,0,0.396331787109375,0.8061981201171875,-0.0432586669921875,-0.750460147857666,0.252543032169342,0.0463203601539135
1108,1.0229,2.4017,0,0,0.367828369140625,0.8298492431640625,-0.134307861328125,-0.6576705574989319,0.24237722158432,0.0726923123002052
1109,1.0399,2.2058,0,0,0.3195648193359375,0.790191650390625,-0.1015472412109375,-0.6904913783073425,0.3273791968822479,-0.0460665598511695
1110,1.05,1.9491,0,0,0.3695068359375,0.8302154541015625,-0.1863250732421875,-0.537070095539093,0.4572445154190063,-0.1198041662573814
1111,1.0505,1.6602,0,0,0.396331787109375,0.8277740478515625,-0.124969482421875,-0.4787311553955078,0.616496205329895,-0.2031520456075668
1112,1.041,1.3684,0,0,0.4476470947265625,0.8106689453125,-0.0853118896484375,-0.5022772550582886,0.6229913830757141,-0.2775903344154358
1113,1.0231,1.1,0,0,0.42144775390625,0.8278656005859375,-0.1171722412109375,-0.5512343645095825,0.7126035690307617,-0.3491108417510986
1114,1.0,0.8761,0,0,0.3706512451171875,0.8109283447265625,-0.2079315185546875,-0.608864426612854,1.0002985000610352,-0.4144280850887298
1115,0.9749,0.7115,0,0,0.3488922119140625,0.788116455078125,-0.2403106689453125,-0.5849223136901855,1.1249003410339355,-0.5335456728935242
1116,0.9507,0.6143,0,0,0.4655914306640625,0.7976226806640625,-0.18206787109375,-0.4242692589759826,0.8137565851211548,-0.6531921625137329
1117,0.9297,0.5849,0,0,0.6497344970703125,0.858001708984375,-0.0485687255859375,-0.2946268320083618,0.6132450103759766,-0.6288682222366333
1118,0.9142,0.6147,0,0,0.7610015869140625,0.8693389892578125,0.11920166015625,-0.4536761343479156,0.5617232322692871,-0.4626019895076751
1119,0.9066,0.6875,0,0,0.809967041015625,0.8422393798828125,0.1241912841796875,-0.6668821573257446,0.4019176065921783,-0.2974612414836883
1120,0.9091,0.7827,0,0,0.832244873046875,0.8528594970703125,-0.11065673828125,-0.8517380356788635,0.2587205171585083,-0.1436133533716201
1121,0.9231,0.8807,0,0,0.7771759033203125,0.882965087890625,-0.3604583740234375,-0.696956992149353,0.0259197484701871,-0.0085775088518857
1122,0.9487,0.9649,0,0,0.7429656982421875,0.97174072265625,-0.408477783203125,-0.0879580825567245,0.2041344940662384,0.0680509582161903
1123,0.9846,1.0218,0,0,0.7596893310546875,1.0000457763671875,-0.173980712890625,0.307460069656372,0.141358196735382,0.1996590495109558
1124,1.0285,1.0423,0,0,0.76727294921875,1.0287628173828125,0.0137939453125,0.5322631001472473,-0.3911888003349304,0.2776159048080444
1125,1.0772,1.0244,0,0,0.738922119140625,1.03656005859375,0.100067138671875,0.6065975427627563,-1.2661828994750977,0.382213145494461
1126,1.1272,0.977,0,0,0.69573974609375,1.001861572265625,0.15924072265625,0.6511175632476807,-2.224817991256714,0.5233961343765259
1127,1.1748,0.9219,0,0,0.573150634765625,0.9762115478515624,0.1111602783203125,0.7125257849693298,-2.477455377578736,0.7452419400215149
1128,1.216,0.8887,0,0,0.35601806640625,0.9669647216796876,0.0940399169921875,0.8552219867706299,-2.167465686798096,0.8437650799751282
1129,1.2471,0.9056,0,0,0.164215087890625,1.0391082763671875,0.005401611328125,1.1765919923782349,-2.0504536628723145,0.7750411033630371
1130,1.2649,0.9896,0,0,0.0815582275390625,1.2947540283203125,-0.3425750732421875,2.241719484329224,-1.4218063354492188,0.6974248886108398
1131,1.269,1.1437,0,0,0.1156463623046875,1.4539337158203125,-0.304840087890625,3.167609214782715,-0.0622734948992729,0.7857545018196106
1132,1.2631,1.3601,0,0,0.2398681640625,1.5556793212890625,-0.2997589111328125,2.37092924118042,-0.0425096414983272,1.0981289148330688
1133,1.2538,1.6222,0,0,0.1365814208984375,1.093536376953125,-0.39581298828125,1.7721251249313354,-0.7715741991996765,0.5750015377998352
1134,1.2473,1.9048,0,0,0.1532745361328125,0.9458160400390624,-0.3656005859375,2.1476480960845947,-0.8338072299957275,-0.2341283410787582
1135,1.2455,2.1772,0,0,0.2863616943359375,0.8948822021484375,-0.0386505126953125,1.948262095451355,-0.873896062374115,-0.3910005092620849
1136,1.2459,2.411,0,0,0.30584716796875,0.76153564453125,0.381378173828125,1.0531885623931885,-2.2327098846435547,-0.5505678057670593
1137,1.2432,2.5878,0,0,0.448333740234375,0.787384033203125,0.0767364501953125,0.7454931139945984,-3.4829447269439697,-0.509124755859375
1138,1.2324,2.7046,0,0,0.5030670166015625,0.7170257568359375,-0.3065185546875,0.7608049511909485,-3.362290859222412,-0.2551436126232147
1139,1.2106,2.7726,0,0,0.53753662109375,0.655914306640625,-0.5543975830078125,0.652812123298645,-1.944702744483948,0.1107464879751205
1140,1.1778,2.8059,0,0,0.5491485595703125,0.7080078125,-0.267974853515625,0.4347085654735565,-0.7602277994155884,0.6532971262931824
1141,1.1365,2.8087,0,0,0.23602294921875,0.6670379638671875,0.0198974609375,-0.1448791623115539,-1.044848084449768,0.7275758981704712
1142,1.0895,2.7741,0,0,0.08343505859375,0.577667236328125,-0.1473846435546875,-0.4026566445827484,-1.170590043067932,0.5706682801246643
1143,1.0386,2.6931,0,0,-0.05145263671875,0.48736572265625,-0.2385711669921875,-0.7257276177406311,-0.6253781318664551,0.5282135009765625
1144,0.984,2.562,0,0,-0.12542724609375,0.354339599609375,-0.30926513671875,-1.3029425144195557,0.1865009069442749,0.2875771820545196
1145,0.9253,2.3865,0,0,-0.08599853515625,0.31097412109375,-0.456085205078125,-1.8368916511535645,1.1198573112487793,-0.1343293190002441
1146,0.8631,2.1832,0,0,0.0023956298828125,0.520660400390625,-0.5665740966796875,-2.094466209411621,1.7311532497406006,-0.6387810111045837
1147,0.7999,1.9797,0,0,0.2575836181640625,0.70989990234375,-0.73681640625,-1.7974939346313477,1.6777448654174805,-0.9331614971160888
1148,0.7423,1.8072,0,0,0.7201385498046875,1.1187896728515625,-0.923126220703125,-1.08392071723938,0.9769707918167114,-0.6476179361343384
1149,0.7006,1.6879,0,0,1.122406005859375,1.4190826416015625,-1.021514892578125,-0.2028684318065643,-0.2874946296215057,-0.0884638205170631
1150,0.6888,1.6236,0,0,1.0021820068359375,1.0662078857421875,-0.859619140625,0.3048954606056213,-0.975865602493286,0.5815613865852356
1151,0.7185,1.5984,0,0,0.5289764404296875,0.7439422607421875,-0.7762298583984375,0.5288199186325073,-1.10052227973938,0.9837706089019777
1152,0.7923,1.5914,0,0,0.2163238525390625,0.5755462646484375,-0.59344482421875,0.5237817168235779,-0.0279943495988845,0.8386821746826172
1153,0.9001,1.5856,0,0,0.0830230712890625,0.7487335205078125,-0.1009521484375,0.2228722274303436,0.7228602170944214,0.6473585367202759
1154,1.0221,1.5692,0,0,-0.186798095703125,1.1406707763671875,-0.1365203857421875,-0.047304131090641,0.8088049292564392,0.2779165804386139
1155,1.1373,1.5339,0,0,-0.1040802001953125,1.6066131591796875,-0.447845458984375,0.2097657471895218,0.3671028912067413,-0.4643498361110687
1156,1.2321,1.4759,0,0,0.1766815185546875,1.752655029296875,-0.6334991455078125,0.8141504526138306,-0.4682447016239166,-0.7100844979286194
1157,1.3031,1.3967,0,0,0.2920989990234375,1.012725830078125,-0.449493408203125,0.5286662578582764,1.4751688241958618,-0.4127942323684692
1158,1.3529,1.3068,0,0,0.3031005859375,0.7119140625,-0.1761322021484375,0.3303723335266113,3.2483344078063965,-0.2902800440788269
1159,1.3831,1.2284,0,0,0.23187255859375,0.6622161865234375,0.1191253662109375,0.3774738013744354,3.6257073879241934,-0.3892124593257904
1160,1.3912,1.1936,0,0,0.243927001953125,0.7696380615234375,0.2933807373046875,0.249740332365036,3.5013439655303955,-0.5548735857009888
1161,1.3742,1.2335,0,0,0.445770263671875,0.8973541259765625,0.3091888427734375,-0.0885849893093109,2.992642402648926,-0.6439587473869324
1162,1.3326,1.3641,0,0,0.65576171875,0.933349609375,0.2789764404296875,-0.0233071874827146,1.9562993049621584,-0.7143282294273376
1163,1.2722,1.5765,0,0,0.7904510498046875,0.877410888671875,0.313232421875,0.0476916208863258,0.6388521194458008,-0.5530844926834106
1164,1.203,1.836,0,0,0.770233154296875,0.7740631103515625,0.1796875,-1.1418191194534302,0.4381041228771209,-0.1767875552177429
1165,1.1355,2.0928,0,0,0.589599609375,0.8636016845703125,-0.0298919677734375,-2.131017208099365,0.2941301465034485,0.1559677571058273
1166,1.0782,2.3018,0,0,0.3314666748046875,0.8981781005859375,-0.483367919921875,-1.4349186420440674,-1.0862351655960083,0.1815655380487442
1167,1.0359,2.4348,0,0,0.274505615234375,0.9026336669921876,-0.4813232421875,-0.5110214352607727,-0.6072167158126831,0.0033318807836622
1168,1.0098,2.4802,0,0,0.4617767333984375,0.8819122314453125,-0.0866241455078125,-0.400787889957428,0.6616799235343933,0.0147270141169428
1169,0.9985,2.4359,0,0,0.49273681640625,0.7825469970703125,0.0589599609375,-0.5758097767829895,0.8066978454589844,0.0689907819032669
1170,0.9983,2.3086,0,0,0.4593048095703125,0.7428741455078125,0.033843994140625,-0.6966959834098816,0.4408698081970215,0.0527819879353046
1171,1.0041,2.1138,0,0,0.4525299072265625,0.7704010009765625,-0.0489959716796875,-0.6921188235282898,0.1306608021259308,0.0245860368013381
1172,1.0108,1.8731,0,0,0.43157958984375,0.8296051025390625,-0.130340576171875,-0.6682483553886414,0.279478520154953,0.0129514848813414
1173,1.0143,1.6105,0,0,0.415679931640625,0.84234619140625,-0.153900146484375,-0.5767964720726013,0.3619728684425354,-0.0214072875678539
1174,1.0126,1.3489,0,0,0.404510498046875,0.8431549072265625,-0.2078857421875,-0.4875022768974304,0.3762700259685516,-0.051819521933794
1175,1.0057,1.1076,0,0,0.3563995361328125,0.8079833984375,-0.2039031982421875,-0.4549960196018219,0.436908096075058,-0.1765819638967514
1176,0.9945,0.9007,0,0,0.40704345703125,0.7765045166015625,-0.20001220703125,-0.2262975871562957,0.7368596792221069,-0.2860091030597687
1177,0.9805,0.7378,0,0,0.48046875,0.7841796875,-0.051666259765625,-0.1846737116575241,1.0238066911697388,-0.3575592041015625
1178,0.9651,0.6244,0,0,0.4340057373046875,0.8359527587890625,0.0472869873046875,-0.4199362993240356,0.9250165224075316,-0.4050963521003723
1179,0.9498,0.5629,0,0,0.403167724609375,0.8862457275390625,-0.087127685546875,-0.6781880855560303,0.6567419171333313,-0.497988760471344
1180,0.9363,0.5515,0,0,0.4216461181640625,0.862457275390625,-0.1983489990234375,-0.5152172446250916,0.3816983699798584,-0.61469566822052
1181,0.9262,0.5829,0,0,0.594329833984375,0.8924102783203125,-0.1123504638671875,-0.2323219180107116,0.2236000746488571,-0.5772337913513184
1182,0.9211,0.6445,0,0,0.7188720703125,0.9247894287109376,-0.0544586181640625,-0.2063558399677276,0.4063741564750671,-0.4061344563961029
1183,0.9226,0.7201,0,0,0.701751708984375,0.8712005615234375,-0.059112548828125,-0.3088084459304809,0.6144943237304688,-0.1952877342700958
1184,0.932,0.7937,0,0,0.609222412109375,0.831268310546875,-0.200592041015625,-0.3497787714004516,0.6292895078659058,-0.0251442361623048
1185,0.9491,0.8528,0,0,0.51507568359375,0.8360443115234375,-0.3674163818359375,-0.2711912989616394,0.4735137522220611,0.04325932264328
1186,0.9723,0.8894,0,0,0.5500946044921875,0.9077606201171876,-0.2988128662109375,0.1015002578496933,0.3226670026779175,0.0398848317563533
1187,0.999,0.8996,0,0,0.6290283203125,0.9927825927734376,-0.15802001953125,0.2128400951623916,0.5298100709915161,0.1007945239543914
1188,1.0266,0.8825,0,0,0.711700439453125,1.004425048828125,-0.10107421875,0.3346363008022308,0.2163360267877578,0.2031046450138092
1189,1.0539,0.8415,0,0,0.7410125732421875,0.99530029296875,0.0189056396484375,0.5621392130851746,-0.4930560290813446,0.2377414554357528
1190,1.0805,0.7846,0,0,0.76641845703125,0.9858245849609376,0.184326171875,0.6485870480537415,-1.414327621459961,0.3099927604198456
1191,1.1064,0.7254,0,0,0.7336883544921875,0.9429779052734376,0.1281585693359375,0.6965372562408447,-1.870089292526245,0.5433937907218933
1192,1.1315,0.6839,0,0,0.54193115234375,0.8729248046875,0.0153350830078125,0.8736680746078491,-1.8601293563842771,0.6713016629219055
1193,1.1544,0.6818,0,0,0.288848876953125,0.91217041015625,-0.0082550048828125,1.211760401725769,-2.1405820846557617,0.5450172424316406
1194,1.1724,0.7369,0,0,0.222015380859375,1.1457672119140625,-0.278533935546875,1.862181544303894,-2.1418886184692383,0.4531528353691101
1195,1.1835,0.8593,0,0,0.2166595458984375,1.4152069091796875,-0.4991455078125,2.6160573959350586,-0.9473133087158204,0.4907364249229431
1196,1.1883,1.0497,0,0,0.3220062255859375,1.425811767578125,-0.516876220703125,2.3308558464050293,0.2663595080375671,0.7222735285758972
1197,1.1911,1.2969,0,0,0.285552978515625,1.1256561279296875,-0.41778564453125,2.2403523921966557,0.4588706493377685,0.4477836489677429
1198,1.1967,1.5793,0,0,0.282806396484375,1.0277252197265625,-0.206695556640625,2.3194353580474854,0.2698242962360382,-0.0894854068756103
1199,1.2067,1.8683,0,0,0.37371826171875,0.976104736328125,-0.1192169189453125,2.117318630218506,0.1984164118766784,-0.2261047661304474
1200,1.219,2.1351,0,0,0.4175872802734375,0.868377685546875,0.128936767578125,1.6905890703201294,-0.2577410042285919,-0.2305309474468231
1201,1.2289,2.3542,0,0,0.434600830078125,0.730682373046875,0.3558502197265625,0.8671942353248596,-2.275383234024048,-0.3782985806465149
1202,1.2315,2.51,0,0,0.562652587890625,0.720550537109375,0.0183868408203125,0.5652186274528503,-3.486979961395264,-0.2590259611606598
1203,1.2229,2.6025,0,0,0.59942626953125,0.6580352783203125,-0.4046783447265625,0.3997988104820251,-3.1433980464935303,0.0305773504078388
1204,1.2017,2.6462,0,0,0.693206787109375,0.6542816162109375,-0.530029296875,0.3573648035526275,-1.9586719274520876,0.5204418897628784
1205,1.1696,2.6588,0,0,0.5128021240234375,0.71136474609375,-0.1539764404296875,0.13355353474617,-1.3917855024337769,0.9838507771492004
1206,1.13,2.6499,0,0,0.237213134765625,0.6676483154296875,-0.0461578369140625,-0.3780178725719452,-1.7077349424362185,0.9119063019752502
1207,1.0859,2.6206,0,0,0.0889129638671875,0.5978546142578125,-0.2131805419921875,-0.5646167993545532,-1.4976760149002075,0.727227509021759
1208,1.0387,2.5685,0,0,-0.025787353515625,0.50604248046875,-0.2238922119140625,-0.7483618259429932,-1.0025757551193235,0.4934890866279602
1209,0.9882,2.4912,0,0,-0.043914794921875,0.46893310546875,-0.2375946044921875,-1.0657155513763428,-0.6703418493270874,0.2445519566535949
1210,0.9338,2.3872,0,0,0.006591796875,0.464508056640625,-0.400726318359375,-1.3698943853378296,-0.0548523291945457,-0.0131562817841768
1211,0.8758,2.2577,0,0,0.0680084228515625,0.5831298828125,-0.52618408203125,-1.6219907999038696,0.5605253577232361,-0.2586896121501922
1212,0.8169,2.11,0,0,0.128143310546875,0.702362060546875,-0.6514892578125,-1.7617404460906982,1.0664138793945312,-0.5553556084632874
1213,0.7623,1.9576,0,0,0.3986358642578125,0.801849365234375,-0.6875,-1.5521363019943235,1.1070417165756226,-0.662376344203949
1214,0.7197,1.8177,0,0,0.7623443603515625,1.0203857421875,-0.680816650390625,-1.0326849222183228,0.1295979470014572,-0.4732037782669067
1215,0.698,1.7031,0,0,0.9767913818359376,1.19610595703125,-0.7855224609375,-0.3960583806037903,-1.1442381143569946,0.093525156378746
1216,0.7058,1.6174,0,0,0.818450927734375,0.968292236328125,-0.8898162841796875,0.1215567886829376,-1.4538819789886477,0.7145644426345825
1217,0.7488,1.5577,0,0,0.6587066650390625,0.6659393310546875,-0.9382171630859376,0.5230048894882202,-0.9885818958282472,1.0994224548339844
1218,0.8262,1.5192,0,0,0.3389434814453125,0.526214599609375,-0.6997222900390625,0.5303807854652405,-0.4530873298645019,1.0475538969039917
1219,0.9286,1.4962,0,0,0.137786865234375,0.8848419189453125,-0.3417205810546875,0.0559213235974311,-0.3572238981723785,0.5491337180137634
1220,1.0404,1.4799,0,0,0.0778350830078125,1.1191253662109375,-0.2331085205078125,-0.3635270893573761,-0.2393918186426162,0.3717980682849884
1221,1.1449,1.4584,0,0,-0.008941650390625,1.3209228515625,-0.3643798828125,-0.1754013746976852,-0.7160563468933105,0.058152250945568
1222,1.2305,1.421,0,0,0.1605224609375,1.625030517578125,-0.558074951171875,0.4830665290355682,-1.4233977794647217,-0.2725487053394317
1223,1.2932,1.3639,0,0,0.279144287109375,1.2416229248046875,-0.5799713134765625,0.6022616028785706,-0.4027948677539825,-0.1118277311325073
1224,1.3352,1.2914,0,0,0.060791015625,0.755462646484375,-0.449981689453125,0.0489686094224453,1.519307017326355,-0.227079227566719
1225,1.3592,1.2142,0,0,0.09039306640625,0.6830596923828125,-0.26129150390625,0.0183395929634571,2.625121593475342,-0.3837212920188904
1226,1.3649,1.1502,0,0,0.0927886962890625,0.687744140625,0.1010284423828125,0.0190455969423055,3.4266581535339355,-0.665809154510498
1227,1.3492,1.1247,0,0,0.1787872314453125,0.792022705078125,0.2728424072265625,-0.0790764391422271,3.387988805770874,-0.995156705379486
1228,1.3108,1.1653,0,0,0.42626953125,0.9548492431640624,0.2660369873046875,-0.3853876292705536,2.910540819168091,-0.9969093203544616
1229,1.2525,1.2888,0,0,0.6277923583984375,1.055267333984375,0.0910797119140625,-0.537514865398407,2.395341157913208,-0.7664260864257812
1230,1.1824,1.4927,0,0,0.733978271484375,0.957916259765625,0.032501220703125,-0.0585674382746219,1.6428375244140625,-0.5687090158462524
1231,1.1117,1.7518,0,0,0.7499237060546875,0.881805419921875,0.0497283935546875,0.1041804626584053,1.137359380722046,-0.3072978854179382
1232,1.0507,2.0243,0,0,0.598846435546875,0.686676025390625,0.0720672607421875,-1.0887881517410278,0.9870274066925048,0.0344471894204616
1233,1.0061,2.2639,0,0,0.47137451171875,0.8724822998046875,-0.1319122314453125,-1.5222349166870115,-0.1001782640814781,0.1820736676454544
1234,0.9795,2.433,0,0,0.400909423828125,0.882781982421875,-0.2716522216796875,-0.9202840924263,-0.8380568623542786,0.236312136054039
1235,0.9688,2.5103,0,0,0.3940277099609375,0.854949951171875,-0.1081390380859375,-0.8467999696731567,-0.5486441850662231,0.2153597176074981
1236,0.9702,2.4904,0,0,0.4024505615234375,0.8657684326171875,-0.175628662109375,-0.8807063102722168,0.0050211236812174,0.191387265920639
1237,0.9787,2.3802,0,0,0.3890533447265625,0.836181640625,-0.1636962890625,-0.7028558850288391,0.0898049846291542,0.1558220833539962
1238,0.9898,2.1953,0,0,0.406280517578125,0.7991943359375,-0.0836334228515625,-0.6501402258872986,0.0983340293169021,0.1682760864496231
1239,0.9996,1.957,0,0,0.408050537109375,0.8166046142578125,-0.0941619873046875,-0.7713180184364319,0.1940315216779709,0.1525423973798751
1240,1.0051,1.6898,0,0,0.3721160888671875,0.7949676513671875,-0.1970062255859375,-0.7386229038238525,0.383184939622879,0.0529660135507583
1241,1.0048,1.4188,0,0,0.4277191162109375,0.829010009765625,-0.2028350830078125,-0.6105994582176208,0.4522774517536163,-0.0242704525589942
1242,0.9986,1.1665,0,0,0.452178955078125,0.8699798583984375,-0.138519287109375,-0.5236155390739441,0.4455263316631317,-0.0367902368307113
1243,0.9879,0.9504,0,0,0.406280517578125,0.858367919921875,-0.0949554443359375,-0.6309942007064819,0.4259454607963562,-0.0447280555963516
1244,0.9749,0.7808,0,0,0.334503173828125,0.812042236328125,-0.1403961181640625,-0.7418256402015686,0.4279952943325043,-0.1474184840917587
1245,0.9614,0.6621,0,0,0.3134765625,0.7998504638671875,-0.236297607421875,-0.6825785636901855,0.4153311550617218,-0.2853949964046478
1246,0.9488,0.5935,0,0,0.3521728515625,0.7844390869140625,-0.306182861328125,-0.5649225115776062,0.6576753258705139,-0.4227166175842285
1247,0.9376,0.5705,0,0,0.45513916015625,0.7657623291015625,-0.23504638671875,-0.4292267262935638,0.7765474319458008,-0.5276534557342529
1248,0.9283,0.5858,0,0,0.550689697265625,0.784454345703125,-0.0983123779296875,-0.2098070234060287,0.5747746229171753,-0.5966479778289795
1249,0.9212,0.63,0,0,0.6607208251953125,0.8411407470703125,0.0354156494140625,-0.0826384201645851,0.3411048650741577,-0.5835872888565063
1250,0.9173,0.6914,0,0,0.7245635986328125,0.87945556640625,0.08258056640625,-0.2438470125198364,0.4836992919445038,-0.4566921889781952
1251,0.9182,0.7573,0,0,0.7340545654296875,0.8145599365234375,0.1465606689453125,-0.4607793390750885,0.3618330359458923,-0.3000021576881408
1252,0.9255,0.8162,0,0,0.7496185302734375,0.8068389892578125,0.0109710693359375,-0.8327438235282898,0.2365909665822982,-0.1059376150369644
1253,0.94,0.8603,0,0,0.7144927978515625,0.8929443359375,-0.23687744140625,-0.8812610507011414,0.1410644501447677,0.0135419080033898
1254,0.9615,0.8863,0,0,0.681854248046875,1.044189453125,-0.397674560546875,-0.4735481142997741,0.1766181737184524,0.0321829691529274
1255,0.9895,0.8939,0,0,0.712921142578125,1.093780517578125,-0.2333526611328125,-0.0563010908663272,0.0578566417098045,0.1105997487902641
1256,1.0235,0.8826,0,0,0.8033294677734375,1.1457672119140625,-0.0487823486328125,0.2277934849262237,-0.393944650888443,0.2265543192625045
1257,1.0633,0.8522,0,0,0.81787109375,1.149169921875,0.030548095703125,0.475309282541275,-1.04462468624115,0.3286324739456177
1258,1.1082,0.8078,0,0,0.7386322021484375,1.1105804443359375,0.12701416015625,0.6723759770393372,-1.678681492805481,0.4157181084156036
1259,1.1567,0.763,0,0,0.5214385986328125,1.082977294921875,0.0702972412109375,0.7912896275520325,-1.7468667030334473,0.5094736218452454
1260,1.2055,0.7377,0,0,0.307220458984375,1.043060302734375,0.022491455078125,1.064775466918945,-1.6433128118515017,0.5631970763206482
1261,1.2498,0.7514,0,0,0.0527496337890625,0.9892578125,-0.0114288330078125,1.4709984064102173,-1.6427429914474487,0.4719193279743194
1262,1.2839,0.8176,0,0,-0.069610595703125,1.1632232666015625,-0.27264404296875,2.2618608474731445,-1.1094961166381836,0.3506240546703338
1263,1.3034,0.9412,0,0,0.0851898193359375,1.3498687744140625,-0.3148193359375,2.7612287998199463,-0.7119593620300293,0.4947727024555206
1264,1.3077,1.1197,0,0,0.2288055419921875,1.17681884765625,-0.395233154296875,2.015243530273437,-0.1593643575906753,0.6207565069198608
1265,1.2997,1.3423,0,0,0.1674957275390625,0.92919921875,-0.392669677734375,2.0478429794311523,-0.0898241624236106,0.1306285858154297
1266,1.2831,1.5892,0,0,0.2248382568359375,0.907806396484375,-0.28363037109375,2.326794147491455,-0.0511955432593822,-0.2780553102493286
1267,1.2604,1.8359,0,0,0.2783203125,0.863525390625,-0.0567626953125,2.096412420272827,0.1000072881579399,-0.3722561299800873
1268,1.2323,2.0591,0,0,0.396270751953125,0.82928466796875,0.38421630859375,1.4285414218902588,-0.9452692866325378,-0.3504336476325989
1269,1.199,2.2401,0,0,0.3960418701171875,0.7874603271484375,0.1765594482421875,0.8874267935752869,-2.46003532409668,-0.4670193791389465
1270,1.1612,2.3691,0,0,0.5069580078125,0.75946044921875,-0.113525390625,0.7402014136314392,-2.9848525524139404,-0.2619165778160095
1271,1.1204,2.4479,0,0,0.5586090087890625,0.7239532470703125,-0.379425048828125,0.4104916453361511,-2.3702056407928467,0.0810588970780372
1272,1.0786,2.4868,0,0,0.5649871826171875,0.75067138671875,-0.4315643310546875,0.2276653796434402,-1.417014479637146,0.5070466995239258
1273,1.0386,2.4952,0,0,0.4609375,0.7911376953125,-0.12939453125,-0.121673434972763,-1.271170973777771,0.7251926064491272
1274,1.0033,2.4753,0,0,0.3061676025390625,0.733123779296875,-0.098052978515625,-0.4509676992893219,-1.450856328010559,0.8694421648979187
1275,0.9738,2.4263,0,0,0.12152099609375,0.598358154296875,-0.1941986083984375,-0.6090601682662964,-1.333776831626892,0.8769826889038086
1276,0.9489,2.3489,0,0,-0.0738067626953125,0.4450225830078125,-0.2562408447265625,-0.805008053779602,-0.993132472038269,0.7046332955360413
1277,0.9251,2.2472,0,0,-0.11566162109375,0.3925018310546875,-0.3616180419921875,-1.0939067602157593,-0.3635070919990539,0.3873234987258911
1278,0.8982,2.1271,0,0,0.00439453125,0.5208740234375,-0.421905517578125,-1.457505464553833,0.3139331638813019,0.0337702147662639
1279,0.8656,1.9953,0,0,0.1744232177734375,0.7351531982421875,-0.6071929931640625,-1.602689504623413,0.5931128859519958,-0.1519407927989959
1280,0.8287,1.8608,0,0,0.3309478759765625,0.753936767578125,-0.7555389404296875,-1.4752026796340942,0.6584863066673279,-0.2869731783866882
1281,0.7932,1.7342,0,0,0.552490234375,0.841278076171875,-0.87347412109375,-1.0248054265975952,0.2453037649393081,-0.3378089368343353
1282,0.7678,1.6232,0,0,0.7692108154296875,1.0767669677734375,-0.8715972900390625,-0.6210518479347229,-0.4696598947048187,-0.1695858389139175
1283,0.7625,1.5296,0,0,0.7565155029296875,1.037200927734375,-0.796417236328125,-0.3036392331123352,-1.0973509550094604,0.2875130176544189
1284,0.7847,1.4504,0,0,0.5254669189453125,0.896331787109375,-0.7251434326171875,0.0436092615127563,-1.1864681243896484,0.61469566822052
1285,0.8368,1.3822,0,0,0.3384246826171875,0.8715667724609375,-0.6836700439453125,0.3001472949981689,-0.593101978302002,0.6932154893875122
1286,0.9138,1.3225,0,0,0.25360107421875,0.9621429443359376,-0.4811553955078125,0.1633045077323913,-0.1259020119905471,0.5056772828102112
1287,1.0053,1.2675,0,0,0.1497344970703125,1.23760986328125,-0.3797760009765625,0.0147395310923457,-0.096693255007267,0.2528221309185028
1288,1.0993,1.2105,0,0,0.1401519775390625,1.58056640625,-0.177215576171875,0.5209148526191711,-0.296139508485794,0.0623861476778984
1289,1.1864,1.1448,0,0,-0.120361328125,1.4425811767578125,-0.334747314453125,0.7926928400993347,-0.2331506907939911,-0.0962508991360664
1290,1.2617,1.0677,0,0,-0.2953643798828125,0.81011962890625,-0.5034027099609375,0.5080150365829468,0.5266180038452148,-0.1996942013502121
1291,1.3216,0.984,0,0,-0.10833740234375,0.5773468017578125,-0.4170684814453125,0.2732142210006714,2.2414939403533936,-0.5953723192214966
1292,1.3612,0.908,0,0,0.1863555908203125,0.64208984375,-0.0666961669921875,0.3155579566955566,3.5009355545043945,-0.729087769985199
1293,1.3741,0.8664,0,0,0.26483154296875,0.812896728515625,0.3504638671875,0.1834414601325988,4.141534328460693,-0.9097946882247924
1294,1.3567,0.8944,0,0,0.323486328125,0.9393768310546876,0.404327392578125,-0.1214534640312194,3.774238586425781,-0.9807644486427308
1295,1.3111,1.0221,0,0,0.5541229248046875,1.1085968017578125,0.14862060546875,-0.2905063927173614,3.1433122158050537,-0.9186081290245056
1296,1.246,1.2592,0,0,0.8757476806640625,1.16497802734375,-0.00921630859375,0.1883464753627777,2.0588512420654297,-0.6954925060272217
1297,1.1746,1.5864,0,0,0.785400390625,0.8868865966796875,0.1374969482421875,0.1669855266809463,1.2898781299591064,-0.3228313028812408
1298,1.1102,1.9572,0,0,0.6790771484375,0.7212066650390625,0.1921234130859375,-1.1023385524749756,1.155051350593567,-0.0785278305411338
1299,1.0621,2.3124,0,0,0.5685882568359375,0.849090576171875,-0.0029296875,-1.6235671043395996,0.1161138191819191,0.1511916518211364
1300,1.0332,2.5978,0,0,0.37109375,0.844329833984375,-0.223419189453125,-1.1494964361190796,-0.9370486736297609,0.2464867383241653
1301,1.0213,2.7765,0,0,0.2588348388671875,0.8562774658203125,-0.290283203125,-0.9198164343833924,-0.6175356507301331,0.1720761507749557
1302,1.0215,2.8321,0,0,0.3435821533203125,0.859283447265625,-0.2301483154296875,-0.790519654750824,0.0478394292294979,0.0905719771981239
1303,1.0276,2.7648,0,0,0.3784942626953125,0.82794189453125,-0.150604248046875,-0.5635078549385071,0.2294885814189911,0.0692088976502418
1304,1.0343,2.588,0,0,0.390594482421875,0.814422607421875,-0.05059814453125,-0.5659712553024292,0.1534548103809356,0.0348732955753803
1305,1.0375,2.3244,0,0,0.4128570556640625,0.85113525390625,-0.0897674560546875,-0.6736077070236206,0.0072509888559579,0.0335595570504665
1306,1.035,2.0034,0,0,0.3706512451171875,0.807373046875,-0.1354522705078125,-0.6918405294418335,0.0215218029916286,-0.0657441243529319
1307,1.0262,1.6582,0,0,0.427459716796875,0.793121337890625,-0.1665496826171875,-0.622844934463501,0.2143525034189224,-0.1326954662799835
1308,1.0117,1.3207,0,0,0.497100830078125,0.8132781982421875,-0.1391448974609375,-0.6406822800636292,0.4811631739139557,-0.1318507045507431
1309,0.9935,1.0187,0,0,0.4834136962890625,0.8167572021484375,-0.070068359375,-0.6825330257415771,0.5205180048942566,-0.1075477674603462
1310,0.9738,0.7727,0,0,0.4046478271484375,0.8110504150390625,-0.0837249755859375,-0.7420429587364197,0.2887449860572815,-0.1834406703710556
1311,0.955,0.5949,0,0,0.36737060546875,0.814361572265625,-0.235321044921875,-0.7196897268295288,0.4227959811687469,-0.2474800944328308
1312,0.9387,0.4884,0,0,0.3436737060546875,0.799560546875,-0.24542236328125,-0.5548762679100037,0.6754354238510132,-0.382632851600647
1313,0.9259,0.4485,0,0,0.3809661865234375,0.8229827880859375,-0.1441192626953125,-0.4796297252178192,0.5743998885154724,-0.5041001439094543
1314,0.9168,0.4648,0,0,0.4642486572265625,0.88543701171875,-0.1048583984375,-0.4164747297763824,0.4526582956314087,-0.5747058987617493
1315,0.9117,0.5228,0,0,0.5653076171875,0.8911285400390625,-0.1099395751953125,-0.3409144580364227,0.5145645141601562,-0.5420036315917969
1316,0.911,0.6059,0,0,0.722564697265625,0.88946533203125,-0.06591796875,-0.2192553877830505,0.5461394786834717,-0.4110469222068786
1317,0.916,0.6975,0,0,0.811737060546875,0.8587188720703125,0.033447265625,-0.2162124663591385,0.4000057280063629,-0.2348814904689788
1318,0.9277,0.7821,0,0,0.8269805908203125,0.852386474609375,-0.013275146484375,-0.6080606579780579,0.3252867460250854,-0.0670815631747245
1319,0.9473,0.8477,0,0,0.7906036376953125,0.9011993408203124,-0.2266082763671875,-0.6360081434249878,-0.0861724317073822,0.1031088083982467
1320,0.9746,0.8869,0,0,0.7433624267578125,1.0045318603515625,-0.4013671875,-0.1962091922760009,-0.2350386083126068,0.2316462844610214
1321,1.0091,0.8971,0,0,0.758941650390625,1.1044158935546875,-0.249542236328125,0.3237668871879577,-0.194191575050354,0.4267025887966156
1322,1.0497,0.8798,0,0,0.7241668701171875,1.15814208984375,-0.014739990234375,0.6291739344596863,-0.7175674438476562,0.5101292729377747
1323,1.0952,0.8423,0,0,0.663665771484375,1.1304931640625,0.0960235595703125,0.780208170413971,-1.4957952499389648,0.4822057783603668
1324,1.1433,0.7994,0,0,0.566619873046875,1.0698394775390625,0.071380615234375,0.8781432509422302,-1.8628969192504885,0.5319427251815796
1325,1.1911,0.7716,0,0,0.403167724609375,1.004791259765625,0.093597412109375,0.8788405060768127,-1.5567710399627686,0.5429248213768005
1326,1.2338,0.7793,0,0,0.18597412109375,0.9889068603515624,0.0709228515625,1.1188839673995972,-1.52273690700531,0.4512047469615936
1327,1.2665,0.8353,0,0,0.1279449462890625,1.1986541748046875,-0.250457763671875,1.9671039581298828,-1.3950806856155396,0.3939584791660309
1328,1.2857,0.9443,0,0,0.11077880859375,1.363250732421875,-0.333709716796875,3.0184004306793213,-0.4477788507938385,0.4866119921207428
1329,1.2914,1.1053,0,0,0.29443359375,1.4020843505859375,-0.258209228515625,2.650763273239136,-0.0710757747292518,0.860813558101654
1330,1.2872,1.3126,0,0,0.175323486328125,1.016143798828125,-0.333526611328125,1.731569528579712,-0.0997665375471115,0.7461714148521423
1331,1.2776,1.5524,0,0,0.114837646484375,0.8488006591796875,-0.28045654296875,1.876981496810913,-0.2931005954742431,0.0398842990398407
1332,1.2647,1.8013,0,0,0.2304534912109375,0.8249359130859375,-0.1302947998046875,2.0138659477233887,-0.4361805021762848,-0.2892022430896759
1333,1.2472,2.0317,0,0,0.272735595703125,0.7641143798828125,0.26788330078125,1.473124861717224,-0.8554161190986633,-0.3798743486404419
1334,1.2226,2.22,0,0,0.2900543212890625,0.69305419921875,0.277435302734375,0.6758522391319275,-2.2463250160217285,-0.5514996647834778
1335,1.1887,2.3529,0,0,0.464019775390625,0.7501220703125,-0.040069580078125,0.650495171546936,-3.19189977645874,-0.4235736429691314
1336,1.1454,2.4318,0,0,0.556488037109375,0.77032470703125,-0.3379058837890625,0.4885955154895782,-2.995933055877685,-0.1088151633739471
1337,1.0955,2.4704,0,0,0.5855255126953125,0.75445556640625,-0.5231170654296875,0.2462380081415176,-1.7114917039871216,0.427120178937912
1338,1.0438,2.4837,0,0,0.3982391357421875,0.7762298583984375,-0.2317657470703125,-0.0243165250867605,-1.0004817247390747,0.7127170562744141
1339,0.9958,2.4771,0,0,0.244842529296875,0.69464111328125,-0.0795440673828125,-0.4420200288295746,-1.1732633113861084,0.6562740206718445
1340,0.9551,2.4462,0,0,0.0747833251953125,0.58380126953125,-0.1970367431640625,-0.6400952935218811,-1.150495171546936,0.5812828540802002
1341,0.9214,2.3847,0,0,-0.050994873046875,0.4966888427734375,-0.2496337890625,-0.8816589117050171,-0.8911892771720886,0.4030649065971374
1342,0.8919,2.2897,0,0,-0.0588226318359375,0.4685821533203125,-0.3914947509765625,-1.1956809759140017,-0.2214306592941284,0.0909046083688736
1343,0.8632,2.1643,0,0,0.0757598876953125,0.6012420654296875,-0.4897003173828125,-1.52833354473114,0.4883331954479217,-0.1698308438062667
1344,0.8333,2.0171,0,0,0.2463531494140625,0.75946044921875,-0.6419677734375,-1.6279373168945312,0.7989072799682617,-0.3304418325424194
1345,0.8039,1.8622,0,0,0.4310455322265625,0.8738555908203125,-0.72576904296875,-1.4650017023086548,0.6513391733169556,-0.3215444684028625
1346,0.7802,1.716,0,0,0.5233612060546875,0.906341552734375,-0.825469970703125,-1.0863527059555054,0.3448694944381714,-0.26273974776268
1347,0.7696,1.5903,0,0,0.7173614501953125,0.9694976806640624,-0.83624267578125,-0.5030615329742432,-0.2184551060199737,-0.0214536264538764
1348,0.7795,1.4883,0,0,0.692138671875,0.9924468994140624,-0.7783966064453125,0.0309411380439996,-0.9817431569099426,0.4391158521175384
1349,0.8143,1.4057,0,0,0.577117919921875,0.8796539306640625,-0.633819580078125,0.203251913189888,-1.3001834154129028,0.7396029829978943
1350,0.8735,1.3379,0,0,0.3988494873046875,0.855224609375,-0.5875701904296875,0.2739244997501373,-1.091099739074707,0.9654560685157776
1351,0.9511,1.2841,0,0,0.2221832275390625,0.8594512939453125,-0.5975494384765625,0.1519240140914917,-0.7076743245124817,0.8533830642700195
1352,1.0365,1.2448,0,0,0.0911712646484375,0.9622802734375,-0.5480499267578125,0.1495788395404815,-0.574504017829895,0.5406491160392761
1353,1.1184,1.2178,0,0,-0.124969482421875,1.1781768798828125,-0.4102325439453125,-0.0417162887752056,-0.6231610774993896,0.2225696891546249
1354,1.1877,1.1969,0,0,-0.0485076904296875,1.3423919677734375,-0.3512420654296875,0.2567809224128723,-0.5455282926559448,-0.1516526490449905
1355,1.2399,1.1732,0,0,-0.04681396484375,1.254547119140625,-0.3589019775390625,0.3646826148033142,0.0300002433359622,-0.3589594960212707
1356,1.2747,1.1393,0,0,0.0633087158203125,0.92620849609375,-0.3511962890625,0.2081465423107147,1.1325675249099731,-0.4221533834934234
1357,1.2931,1.0937,0,0,0.1507110595703125,0.88519287109375,-0.33123779296875,0.2214295864105224,2.0235626697540283,-0.4674649238586426
1358,1.2958,1.0454,0,0,0.2633514404296875,0.81591796875,-0.112823486328125,0.3078925907611847,2.8057119846343994,-0.4522457718849182
1359,1.2827,1.0152,0,0,0.3214263916015625,0.8031463623046875,0.2076416015625,0.161015510559082,3.552964925765991,-0.5737197399139404
1360,1.254,1.0313,0,0,0.3461151123046875,0.8546295166015625,0.22271728515625,-0.0576121620833873,3.5166139602661133,-0.6793156862258911
1361,1.2117,1.1199,0,0,0.472686767578125,0.9614410400390624,0.126190185546875,-0.1244796141982078,3.3123552799224854,-0.6463550329208374
1362,1.1604,1.2949,0,0,0.6182403564453125,0.9820556640625,0.1760406494140625,0.0093820504844188,2.7131738662719727,-0.59879070520401
1363,1.1067,1.5496,0,0,0.6868743896484375,0.894561767578125,0.31146240234375,0.0324162617325782,1.6272073984146118,-0.4620488584041595
1364,1.0581,1.8548,0,0,0.6647186279296875,0.80157470703125,0.23681640625,-0.7750778794288635,0.6830113530158997,-0.1358619630336761
1365,1.0205,2.164,0,0,0.5034027099609375,0.846649169921875,-0.0737152099609375,-1.6515966653823853,-0.3154053688049316,0.1455388218164444
1366,0.9968,2.427,0,0,0.325531005859375,0.9002227783203125,-0.4575042724609375,-1.230299949645996,-1.009130597114563,0.150838240981102
1367,0.9868,2.605,0,0,0.2707977294921875,0.8625946044921875,-0.390869140625,-0.7466171979904175,-0.0648181438446044,0.0107162939384579
1368,0.9879,2.6762,0,0,0.3679656982421875,0.8595733642578125,-0.1065216064453125,-0.6256449818611145,0.751579225063324,0.0116579877212643
1369,0.996,2.6351,0,0,0.386566162109375,0.8304443359375,-0.0409088134765625,-0.5220203399658203,0.7887111306190491,0.0115506621077656
1370,1.0067,2.4905,0,0,0.393585205078125,0.823638916015625,-0.0755767822265625,-0.5542083382606506,0.5687832832336426,0.0084225134924054
1371,1.0158,2.2634,0,0,0.3850555419921875,0.8296051025390625,-0.1550140380859375,-0.5471027493476868,0.3274044990539551,-0.0357758402824401
1372,1.0202,1.9816,0,0,0.3405303955078125,0.77691650390625,-0.2214202880859375,-0.4354292452335357,0.3666695952415466,-0.2025440484285354
1373,1.0183,1.6743,0,0,0.469573974609375,0.7966766357421875,-0.200958251953125,-0.3178567886352539,0.5063865184783936,-0.2332574874162674
1374,1.01,1.3692,0,0,0.533447265625,0.81707763671875,-0.1136932373046875,-0.3364797532558441,0.5900601148605347,-0.2477719783782959
1375,0.9966,1.0898,0,0,0.4812774658203125,0.7791748046875,-0.0611724853515625,-0.7112059593200684,0.6456139087677002,-0.2341856062412262
1376,0.9803,0.8553,0,0,0.43377685546875,0.7981414794921875,-0.188690185546875,-0.7112059593200684,0.6456139087677002,-0.2341856062412262
1377,0.9634,0.6791,0,0,0.4345703125,0.8039093017578125,-0.184478759765625,-0.5947222113609314,0.7991717457771301,-0.3202698826789856
1378,0.9477,0.5681,0,0,0.4037933349609375,0.824981689453125,-0.0931854248046875,-0.7207517623901367,0.6915728449821472,-0.4070247411727905
1379,0.9346,0.522,0,0,0.37884521484375,0.82330322265625,-0.128204345703125,-0.7255673408508301,0.3492735624313354,-0.5479680299758911
1380,0.9247,0.5333,0,0,0.456939697265625,0.8271331787109375,-0.188690185546875,-0.3366038501262665,0.2033038586378097,-0.6339260935783386
1381,0.9183,0.5883,0,0,0.6620635986328125,0.8531646728515625,-0.0491790771484375,-0.1866111606359481,0.399254709482193,-0.5378013849258423
1382,0.9162,0.6691,0,0,0.85650634765625,0.9076995849609376,0.0963897705078125,-0.4618059694766998,0.4952685832977295,-0.2672910988330841
1383,0.9199,0.757,0,0,0.928375244140625,0.89447021484375,0.04266357421875,-0.4618059694766998,0.4952685832977295,-0.2672910988330841
1384,0.932,0.8361,0,0,0.88909912109375,0.923431396484375,-0.156524658203125,-0.9307188391685486,-0.0150681650266051,0.1561717540025711
1385,0.9544,0.8963,0,0,0.803009033203125,1.057769775390625,-0.3147735595703125,-0.4889001846313476,-0.295167475938797,0.2538397312164306
1386,0.9884,0.9326,0,0,0.7335968017578125,1.1451263427734375,-0.2392425537109375,-0.4889001846313476,-0.295167475938797,0.2538397312164306
1387,1.0331,0.9441,0,0,0.7254486083984375,1.2194671630859375,-0.07794189453125,0.3996211588382721,-0.6224057674407959,0.3967516124248504
1388,1.0868,0.9338,0,0,0.7034149169921875,1.20257568359375,0.012176513671875,0.7082620859146118,-1.4133994579315186,0.3848240971565246
1389,1.1462,0.9109,0,0,0.6092987060546875,1.1423797607421875,0.0897674560546875,0.8288284540176392,-1.806607007980347,0.4881587624549866
1390,1.2068,0.8912,0,0,0.4158782958984375,1.070709228515625,0.0271453857421875,0.8288284540176392,-1.806607007980347,0.4881587624549866
1391,1.2631,0.8942,0,0,0.178802490234375,0.978363037109375,0.046722412109375,0.9822883009910583,-1.8971773386001587,0.5758606195449829
1392,1.3083,0.9356,0,0,-0.064056396484375,0.9606475830078124,0.018585205078125,1.3912004232406616,-1.0321201086044312,0.3952375948429107
1393,1.3363,1.0226,0,0,-0.102996826171875,1.1316986083984375,-0.208831787109375,2.3531954288482666,-0.8221684098243713,0.3766324818134308
1394,1.3435,1.154,0,0,0.0685272216796875,1.250885009765625,-0.219268798828125,2.811171054840088,-1.1411842107772827,0.4735795557498932
1395,1.3307,1.3249,0,0,0.210906982421875,1.176727294921875,-0.28717041015625,2.811171054840088,-1.1411842107772827,0.4735795557498932
1396,1.303,1.5291,0,0,0.097747802734375,0.987335205078125,-0.3780975341796875,2.1369435787200928,-0.4274693131446838,-0.1075728014111518
1397,1.2667,1.7563,0,0,0.1587982177734375,1.00689697265625,-0.378204345703125,2.52485990524292,-0.0297025013715028,-0.467615395784378
1398,1.2271,1.9899,0,0,0.249755859375,0.9800567626953124,-0.160003662109375,2.397244453430176,-0.0053284526802599,-0.5043089389801025
1399,1.1883,2.2103,0,0,0.3170928955078125,0.87738037109375,0.3418426513671875,1.5683976411819458,-1.2253038883209229,-0.5308915972709656
1400,1.1522,2.399,0,0,0.356353759765625,0.822509765625,0.144378662109375,1.1133302450180054,-2.07529091835022,-0.5724930763244629
1401,1.1194,2.5422,0,0,0.4778289794921875,0.7550048828125,-0.173675537109375,1.1133302450180054,-2.07529091835022,-0.5724930763244629
1402,1.0893,2.6325,0,0,0.50390625,0.653167724609375,-0.3627166748046875,0.596477746963501,-1.3799203634262085,-0.0003672499151434
1403,1.0611,2.6672,0,0,0.619781494140625,0.6915435791015625,-0.298980712890625,0.1455566734075546,-0.917535662651062,0.442253053188324
1404,1.0344,2.6446,0,0,0.6612396240234375,0.7397918701171875,-0.1270904541015625,-0.2429442107677459,-1.0300660133361816,0.8104872703552246
1405,1.0094,2.5642,0,0,0.3207855224609375,0.608184814453125,-0.095428466796875,-0.5087755918502808,-1.37144672870636,0.7576925158500671
1406,0.9861,2.4316,0,0,0.05889892578125,0.4661865234375,-0.2389984130859375,-0.5087755918502808,-1.37144672870636,0.7576925158500671
1407,0.9624,2.2609,0,0,-0.1187591552734375,0.3727264404296875,-0.3177947998046875,-1.096921682357788,-0.4599092602729797,0.4751151204109192
1408,0.9348,2.071,0,0,-0.1339569091796875,0.3938446044921875,-0.4228363037109375,-1.5754693746566772,0.4872809648513794,0.0893972590565681
1409,0.9002,1.8814,0,0,0.0125885009765625,0.5950927734375,-0.506011962890625,-1.8607267141342163,0.9698659777641296,-0.2366282492876052
1410,0.8588,1.7112,0,0,0.233917236328125,0.7476654052734375,-0.7057952880859375,-1.811211109161377,0.9091904163360596,-0.3981971740722656
1411,0.8149,1.5774,0,0,0.4992218017578125,0.8740081787109375,-0.96478271484375,-1.1384673118591309,0.3022536039352417,-0.440046101808548
1412,0.7778,1.4889,0,0,0.827850341796875,1.1607513427734375,-1.0923614501953125,-0.1863280683755874,-0.3560992479324341,-0.0746313631534576
1413,0.7597,1.4412,0,0,0.838226318359375,1.1372222900390625,-0.8703765869140625,0.2599266469478607,-1.022119641304016,0.4448381662368774
1414,0.7721,1.4194,0,0,0.5749664306640625,0.912200927734375,-0.6331024169921875,0.3385988175868988,-1.342672348022461,0.7146155834197998
1415,0.82,1.4088,0,0,0.3489227294921875,0.7904205322265625,-0.5494537353515625,0.3305038809776306,-1.4330145120620728,0.6858491897583008
1416,0.8988,1.4015,0,0,0.279571533203125,0.884735107421875,-0.498809814453125,0.3305038809776306,-1.4330145120620728,0.6858491897583008
1417,0.9956,1.396,0,0,0.1225738525390625,0.9677734375,-0.2605743408203125,-0.2278211861848831,-0.4112711548805237,0.5692171454429626
1418,1.0942,1.3905,0,0,-0.136260986328125,1.2100830078125,-0.2563018798828125,-0.1731957495212555,0.1010533794760704,0.2665534019470215
1419,1.1811,1.3785,0,0,-0.1964263916015625,1.4696502685546875,-0.446441650390625,0.375117152929306,0.2536032497882843,-0.2543137669563293
1420,1.2489,1.3501,0,0,-0.060821533203125,1.4457244873046875,-0.514129638671875,0.7324798107147217,0.1677389293909073,-0.4171458184719085
1421,1.2967,1.2992,0,0,-0.014404296875,0.92236328125,-0.4327545166015625,0.3592172861099243,1.764187574386597,-0.4145559072494507
1422,1.3266,1.2299,0,0,0.119598388671875,0.69036865234375,-0.23095703125,0.3592172861099243,1.764187574386597,-0.4145559072494507
1423,1.3387,1.1594,0,0,0.247039794921875,0.684722900390625,0.1233367919921875,0.1163098290562629,3.734548330307007,-0.6080031394958496
1424,1.3309,1.1154,0,0,0.331451416015625,0.8610687255859375,0.328338623046875,0.1163098290562629,3.734548330307007,-0.6080031394958496
1425,1.302,1.1306,0,0,0.4615478515625,0.9764251708984376,0.2008514404296875,-0.1960816234350204,2.973545551300049,-0.7635040283203125
1426,1.2546,1.2297,0,0,0.639678955078125,1.003143310546875,0.09832763671875,0.042194589972496,2.2876312732696533,-0.8187923431396484
1427,1.1959,1.4153,0,0,0.755645751953125,0.9217071533203124,0.1504364013671875,0.2100922465324401,1.4440349340438845,-0.5947826504707336
1428,1.1355,1.6642,0,0,0.7727813720703125,0.7815093994140625,0.2453765869140625,-0.6867128610610962,0.9228694438934326,-0.1550377905368805
1429,1.0823,1.9337,0,0,0.683380126953125,0.750152587890625,0.1309814453125,-1.6790623664855957,0.1338536739349365,0.1509210765361786
1430,1.0421,2.1767,0,0,0.4455108642578125,0.82147216796875,-0.244354248046875,-1.3712009191513062,-0.976483941078186,0.1944264769554138
1431,1.0167,2.3559,0,0,0.310882568359375,0.874755859375,-0.432342529296875,-0.7457324862480164,-0.7256402969360352,0.120972491800785
1432,1.0046,2.4489,0,0,0.3055877685546875,0.868682861328125,-0.1859893798828125,-0.730501115322113,0.2208855152130127,0.012785037048161
1433,1.0023,2.4469,0,0,0.4038848876953125,0.8588104248046875,0.0052947998046875,-0.8438888788223267,0.1508212089538574,0.0096435723826289
1434,1.0056,2.352,0,0,0.435699462890625,0.81884765625,-0.075653076171875,-0.859480082988739,-0.1408673673868179,0.0568174757063388
1435,1.0106,2.1777,0,0,0.409271240234375,0.833221435546875,-0.146209716796875,-0.9479764103889464,-0.21522256731987,0.0782766938209533
1436,1.0139,1.9464,0,0,0.385284423828125,0.888153076171875,-0.252655029296875,-0.9063080549240112,-0.0573868602514267,0.0484982952475547
1437,1.0139,1.6859,0,0,0.3436279296875,0.886871337890625,-0.2822418212890625,-0.7383750081062317,0.3721405267715454,-0.0226222220808267
1438,1.0103,1.4235,0,0,0.388397216796875,0.8799896240234375,-0.280029296875,-0.5219361782073975,0.6519037485122681,-0.0149246212095022
1439,1.0041,1.1826,0,0,0.42071533203125,0.8499908447265625,-0.238922119140625,-0.4833594858646393,0.9247674942016602,0.0133791882544755
1440,0.9965,0.9808,0,0,0.3863067626953125,0.7878875732421875,-0.1183013916015625,-0.5728187561035156,0.8935824036598206,-0.0590707771480083
1441,0.9883,0.8295,0,0,0.3178558349609375,0.76812744140625,-0.149810791015625,-0.556117057800293,0.7055632472038269,-0.2125207930803299
1442,0.9796,0.733,0,0,0.2818603515625,0.753448486328125,-0.216156005859375,-0.4773117005825043,0.7748810648918152,-0.3512925207614898
1443,0.9697,0.6892,0,0,0.304229736328125,0.8175201416015625,-0.203338623046875,-0.3779678046703338,0.7982516288757324,-0.4948717951774597
1444,0.9579,0.6901,0,0,0.353424072265625,0.8641204833984375,-0.1414337158203125,-0.438927561044693,0.7168548107147217,-0.5834476947784424
1445,0.9446,0.725,0,0,0.4944610595703125,0.8293914794921875,-0.18951416015625,-0.2632441520690918,0.6720572113990784,-0.668048083782196
1446,0.9314,0.7819,0,0,0.675201416015625,0.857177734375,-0.060272216796875,-0.2632441520690918,0.6720572113990784,-0.668048083782196
1447,0.9207,0.8485,0,0,0.7773590087890625,0.8709716796875,0.0886077880859375,-0.1716953217983245,0.3659340441226959,-0.3133693635463714
1448,0.9157,0.9128,0,0,0.8465576171875,0.840301513671875,0.17144775390625,-0.6696544885635376,0.1064510717988014,-0.0627259686589241
1449,0.9195,0.9634,0,0,0.8212432861328125,0.829376220703125,-0.0809173583984375,-0.6696544885635376,0.1064510717988014,-0.0627259686589241
1450,0.934,0.9923,0,0,0.7341461181640625,0.913848876953125,-0.438232421875,-1.102752447128296,0.012419119477272,0.2042551338672638
1451,0.9595,0.9973,0,0,0.668548583984375,1.0438385009765625,-0.4381256103515625,-0.0128092719241976,0.4255065619945526,0.3126417994499206
1452,0.995,0.9808,0,0,0.6834259033203125,1.12689208984375,-0.1240692138671875,0.2433498054742813,0.2463602423667907,0.3245578408241272
1453,1.0387,0.9471,0,0,0.7185516357421875,1.198883056640625,0.0333099365234375,0.3376379609107971,-0.619553804397583,0.2881918549537658
1454,1.0884,0.9011,0,0,0.7280426025390625,1.151397705078125,0.11077880859375,0.480950117111206,-1.5377649068832395,0.2248831838369369
1455,1.1414,0.8526,0,0,0.6754302978515625,1.1023712158203125,0.0971527099609375,0.7177655696868896,-2.215256690979004,0.2866637110710144
1456,1.1943,0.8187,0,0,0.4887542724609375,1.024017333984375,0.0189361572265625,0.8928574919700623,-2.0765154361724854,0.3988222181797027
1457,1.2429,0.8201,0,0,0.278564453125,0.961334228515625,0.0931854248046875,0.9723350405693054,-1.7556931972503662,0.4119878113269806
1458,1.2818,0.8727,0,0,0.1197509765625,1.0222320556640625,-0.058349609375,1.48778235912323,-1.329965591430664,0.3703538179397583
1459,1.3061,0.9817,0,0,0.034759521484375,1.21881103515625,-0.352691650390625,2.7440171241760254,-0.8936423659324646,0.3460865616798401
1460,1.3135,1.1432,0,0,0.17071533203125,1.3609161376953125,-0.2917633056640625,2.7440171241760254,-0.8936423659324646,0.3460865616798401
1461,1.3059,1.3482,0,0,0.2413177490234375,1.2150421142578125,-0.3327178955078125,1.9710066318511963,-0.506649374961853,0.5293818116188049
1462,1.2884,1.5826,0,0,0.09710693359375,0.8892974853515625,-0.3695220947265625,2.1855804920196533,-0.3789768815040588,-0.0973995253443718
1463,1.2658,1.8265,0,0,0.1596221923828125,0.86956787109375,-0.25830078125,2.47808575630188,-0.1257645785808563,-0.4448120892047882
1464,1.2403,2.0577,0,0,0.2024688720703125,0.81304931640625,-0.0074005126953125,2.154582500457764,-0.3203833401203155,-0.5189049243927002
1465,1.2113,2.2577,0,0,0.371246337890625,0.7694854736328125,0.4311676025390625,1.2014793157577517,-2.118896722793579,-0.570020854473114
1466,1.1778,2.415,0,0,0.39581298828125,0.79949951171875,0.1096038818359375,0.8011563420295715,-2.928086042404175,-0.6522984504699707
1467,1.1398,2.5268,0,0,0.5559234619140625,0.8351593017578125,-0.352294921875,0.7340390682220459,-2.116774320602417,-0.2779951393604278
1468,1.099,2.5962,0,0,0.6263885498046875,0.753509521484375,-0.4477386474609375,0.5918095111846924,-1.031084060668945,0.2895742952823639
1469,1.0588,2.6245,0,0,0.5371246337890625,0.72088623046875,-0.260650634765625,0.214269682765007,-0.5819715261459351,0.5949914455413818
1470,1.0226,2.6066,0,0,0.363372802734375,0.6802825927734375,-0.0329742431640625,-0.2628518640995025,-1.0342854261398315,0.7117162346839905
1471,0.992,2.5357,0,0,0.1421356201171875,0.568267822265625,-0.188446044921875,-0.3843817710876465,-1.1476320028305054,0.5950844287872314
1472,0.9657,2.4113,0,0,-0.01605224609375,0.4474334716796875,-0.2122650146484375,-0.3843817710876465,-1.1476320028305054,0.5950844287872314
1473,0.9397,2.2424,0,0,-0.093719482421875,0.347137451171875,-0.26055908203125,-0.6455081701278687,-0.923359751701355,0.5002694725990295
1474,0.9092,2.0453,0,0,-0.038360595703125,0.427581787109375,-0.3659515380859375,-1.683314085006714,0.1986129581928253,0.0847577676177024
1475,0.871,1.8405,0,0,0.016448974609375,0.63092041015625,-0.615814208984375,-2.0594241619110107,0.9258564710617064,-0.3568425476551056
1476,0.8258,1.652,0,0,0.247344970703125,0.7667236328125,-0.7818603515625,-1.9491249322891235,0.8779584765434265,-0.4310629665851593
1477,0.7798,1.5028,0,0,0.5337677001953125,0.912445068359375,-0.9576873779296876,-1.4436439275741575,-0.0584183037281036,-0.3854965567588806
1478,0.7437,1.4085,0,0,0.9485931396484376,1.2117156982421875,-1.1378936767578125,-1.4436439275741575,-0.0584183037281036,-0.3854965567588806
1479,0.7309,1.3706,0,0,1.0028228759765625,1.220489501953125,-0.8556976318359375,-0.4479959011077881,-0.7209299802780151,0.0129251200705766
1480,0.7534,1.3781,0,0,0.5821685791015625,1.0169830322265625,-0.7040557861328125,0.2931844592094421,-1.243078351020813,1.0966415405273438
1481,0.8162,1.413,0,0,0.314178466796875,0.8820953369140625,-0.7022705078125,0.1969570070505142,-0.853272557258606,1.0901743173599243
1482,0.9138,1.458,0,0,0.175628662109375,0.8910980224609375,-0.6037139892578125,0.0777597725391388,-0.3754281997680664,0.7542825937271118
1483,1.0318,1.4976,0,0,-0.08917236328125,1.065032958984375,-0.2575225830078125,-0.180175632238388,-0.3477385342121124,0.3775041401386261
1484,1.152,1.5177,0,0,-0.07470703125,1.362945556640625,-0.1534576416015625,0.2910084128379822,-0.6543208360671997,-0.0142766740173101
1485,1.2583,1.5063,0,0,-0.222259521484375,1.1936492919921875,-0.2508087158203125,0.4782757759094238,-0.2933173775672912,-0.2029238194227218
1486,1.3402,1.4573,0,0,-0.1916046142578125,1.0277252197265625,-0.5429840087890625,0.4530809223651886,0.555069625377655,-0.5166090130805969
1487,1.3928,1.3724,0,0,-0.0349273681640625,0.8560028076171875,-0.4341583251953125,0.4530809223651886,0.555069625377655,-0.5166090130805969
1488,1.4145,1.2631,0,0,0.239410400390625,0.736846923828125,-0.1004180908203125,0.143566220998764,3.463040590286255,-0.6878849267959595
1489,1.4057,1.1542,0,0,0.302154541015625,0.819427490234375,0.395904541015625,-0.1055309548974037,4.052440643310547,-0.8362128734588623
1490,1.3692,1.0854,0,0,0.3138580322265625,0.9441986083984376,0.4259185791015625,-0.3615899085998535,3.6885149478912354,-0.9044699668884276
1491,1.3106,1.0987,0,0,0.5915985107421875,1.141510009765625,0.14013671875,-0.2016638815402984,2.8849098682403564,-0.7669776082038879
1492,1.2399,1.2185,0,0,0.8332061767578125,1.0847930908203125,0.0300750732421875,0.3832145035266876,1.6754108667373655,-0.4673147201538086
1493,1.1689,1.4383,0,0,0.7376251220703125,0.79095458984375,0.174835205078125,0.3832145035266876,1.6754108667373655,-0.4673147201538086
1494,1.1084,1.7218,0,0,0.618072509765625,0.63092041015625,0.2032012939453125,-0.0513984747231006,0.9679841995239258,-0.0759544223546981
1495,1.0644,2.0165,0,0,0.515777587890625,0.82769775390625,-0.0323638916015625,-1.739505410194397,-0.5264467597007751,0.1956193000078201
1496,1.0372,2.2708,0,0,0.30572509765625,0.860992431640625,-0.3139495849609375,-1.22639262676239,-1.1022485494613647,0.2356846928596496
1497,1.0235,2.4473,0,0,0.2237701416015625,0.8838958740234375,-0.39013671875,-0.8071034550666809,-0.1309132725000381,0.1310640126466751
1498,1.0191,2.5258,0,0,0.3220977783203125,0.892120361328125,-0.1624603271484375,-0.707951545715332,0.4385565817356109,0.0539314076304435
1499,1.0195,2.5006,0,0,0.371673583984375,0.8758087158203125,-0.0566253662109375,-0.7371363639831543,0.1885965466499328,0.0306473914533853
