id,ASVM,GSVM,walking_nonwalking,normal_abnormal,ax,ay,az,gx,gy,gz
1,0.7551,1.7185,0,0,0.392578125,0.678131103515625,-0.17388916015625,-0.16674770414829254,-1.763327956199646,-0.6676459312438965
2,0.8904,1.6278,0,0,0.55987548828125,0.7748565673828125,-0.2595672607421875,-0.16674770414829254,-1.763327956199646,-0.6676459312438965
3,1.0187,1.5622,0,0,0.6051788330078125,0.921783447265625,0.0298614501953125,0.0644112154841423,0.43504786491394043,-0.4263654351234436
4,1.1288,1.527,0,0,0.4906768798828125,0.948150634765625,-0.00909423828125,-0.2818511128425598,-0.7143247723579407,-0.7828047871589661
5,1.2116,1.5247,0,0,0.8762969970703125,0.9327545166015625,-0.16082763671875,-0.18709318339824677,-0.7934638261795044,-1.1048107147216797
6,1.2611,1.5537,0,0,1.324005126953125,0.6103057861328125,-0.154327392578125,-0.25277259945869446,-1.1068936586380005,-0.2024545669555664
7,1.2753,1.6083,0,0,1.2105712890625,0.6231536865234375,-0.1937713623046875,-0.18528251349925995,-1.256361961364746,0.6947427988052368
8,1.256,1.6792,0,0,0.8814544677734375,0.677032470703125,-0.0950164794921875,0.038781750947237015,-0.7034239172935486,0.9635873436927795
9,1.2083,1.7548,0,0,1.1735076904296875,0.678802490234375,-0.0048675537109375,0.14672286808490753,-0.008551943115890026,1.2439519166946411
10,1.1404,1.8233,0,0,1.3292236328125,0.79534912109375,0.0489501953125,-0.05241154134273529,1.10581374168396,2.143909454345703
11,1.0622,1.8742,0,0,0.7622833251953125,0.8961944580078125,0.0816192626953125,-0.22291509807109833,1.7932478189468384,2.7546451091766357
12,0.9843,1.9003,0,0,0.2512054443359375,0.6151580810546875,-0.0518798828125,-0.46891021728515625,1.5176873207092285,2.7370104789733887
13,0.9163,1.8984,0,0,-0.264678955078125,0.5672149658203125,-0.190643310546875,-0.7092658281326294,1.336226463317871,1.970967411994934
14,0.8658,1.8692,0,0,-0.3751220703125,0.35699462890625,-0.2415008544921875,-0.5303565263748169,-0.40935370326042175,0.5770018100738525
15,0.8376,1.8166,0,0,0.3725128173828125,0.465484619140625,-0.1991729736328125,-0.4045006036758423,-0.38309943675994873,0.022909309715032578
16,0.8329,1.7459,0,0,0.450592041015625,0.4354400634765625,0.007537841796875,-0.5909456014633179,-0.32139986753463745,-0.6042978763580322
17,0.8496,1.6626,0,0,0.412109375,0.5112152099609375,-0.036041259765625,-0.5934689044952393,-0.0012623383663594723,-1.4361724853515625
18,0.8833,1.5716,0,0,0.45819091796875,0.7882537841796875,-0.164306640625,-0.20043084025382996,0.14635081589221954,-1.9365208148956299
19,0.9279,1.4768,0,0,0.6562957763671875,0.83135986328125,-0.2644195556640625,0.2707928717136383,0.7365179657936096,-2.277859926223755
20,0.9767,1.3808,0,0,1.20367431640625,0.68463134765625,-0.209747314453125,0.5084035992622375,0.9809777736663818,-1.6661646366119385
21,1.0242,1.2856,0,0,1.43133544921875,0.8288726806640625,0.063201904296875,0.2039363533258438,0.43451258540153503,-0.6542816758155823
22,1.0664,1.1922,0,0,0.9895782470703125,0.848297119140625,0.1157684326171875,-0.3356267511844635,-0.06605838239192963,-0.23654410243034363
23,1.1012,1.1009,0,0,0.5030517578125,0.70361328125,0.04119873046875,-0.5866480469703674,-0.32032448053359985,-0.4239238500595093
24,1.1283,1.0117,0,0,0.4163360595703125,0.7481536865234375,0.054229736328125,-0.6225634217262268,-0.4120594561100006,-0.7737098336219788
25,1.1487,0.9248,0,0,0.57476806640625,0.7474517822265625,0.038177490234375,-0.6225634217262268,-0.4120594561100006,-0.7737098336219788
26,1.164,0.8408,0,0,0.8724365234375,0.787078857421875,0.0213165283203125,-0.6866286993026733,0.042577020823955536,-0.7838239669799805
27,1.1759,0.7619,0,0,0.7523345947265625,0.7562408447265625,0.0200653076171875,-0.715644359588623,-0.26562103629112244,-0.6730018258094788
28,1.1856,0.6915,0,0,0.556243896484375,0.7308502197265625,0.0679779052734375,-0.715644359588623,-0.26562103629112244,-0.6730018258094788
29,1.1934,0.6349,0,0,0.6741943359375,0.912139892578125,-0.0166168212890625,-0.7552769780158997,-0.5489349961280823,-0.608342707157135
30,1.1992,0.5986,0,0,0.854949951171875,1.0110931396484375,-0.084686279296875,-0.3886564075946808,-0.1654512733221054,-0.2810756266117096
31,1.2021,0.5891,0,0,0.7842559814453125,0.965606689453125,-0.0145721435546875,-0.09983072429895401,-0.0879727303981781,-0.13038916885852814
32,1.2014,0.6121,0,0,0.7820281982421875,1.026336669921875,0.0757293701171875,0.031492412090301514,-0.4523778557777405,-0.008833439089357853
33,1.1964,0.6714,0,0,0.769744873046875,1.0751190185546875,0.098297119140625,0.0002031991898547858,-0.7563135027885437,0.05863029137253761
34,1.1871,0.7672,0,0,0.7718505859375,1.085357666015625,0.0172119140625,0.0002031991898547858,-0.7563135027885437,0.05863029137253761
35,1.1742,0.8964,0,0,0.76153564453125,1.06915283203125,-0.0680389404296875,0.09105241298675537,-0.270180344581604,0.32194820046424866
36,1.1589,1.0515,0,0,0.6783294677734375,0.93792724609375,-0.1690826416015625,0.2613213360309601,-0.00942199770361185,0.5017270445823669
37,1.1426,1.2218,0,0,0.5668792724609375,0.898345947265625,-0.2619476318359375,0.6964051723480225,0.021560952067375183,0.6971558928489685
38,1.1269,1.3941,0,0,0.3171234130859375,0.7938385009765625,-0.3196563720703125,1.294870138168335,-0.5104507207870483,0.6296604871749878
39,1.1127,1.5544,0,0,0.335296630859375,0.815185546875,-0.3195037841796875,1.294870138168335,-0.5104507207870483,0.6296604871749878
40,1.1003,1.6894,0,0,0.35382080078125,0.915252685546875,-0.1978759765625,2.183262586593628,-0.660210132598877,0.42191848158836365
41,1.0891,1.7886,0,0,0.45220947265625,0.9456939697265625,-0.0773162841796875,2.2175729274749756,-0.26850417256355286,0.44919803738594055
42,1.0778,1.8454,0,0,0.48236083984375,0.99517822265625,0.0278778076171875,1.9845091104507446,-0.03964035212993622,0.41444751620292664
43,1.0645,1.8581,0,0,0.579010009765625,1.0602569580078125,-0.0577850341796875,1.821976900100708,-0.2689552903175354,0.41120779514312744
44,1.0473,1.8296,0,0,0.582061767578125,0.9882965087890625,-0.132110595703125,1.7923977375030518,-0.4958377182483673,0.5278403759002686
45,1.0244,1.7669,0,0,0.5134124755859375,0.9027099609375,-0.1596221923828125,1.6667976379394531,-0.30443233251571655,0.573458731174469
46,0.9947,1.6802,0,0,0.4242401123046875,0.7954864501953125,-0.1276702880859375,1.3311525583267212,-0.18080547451972961,0.44903451204299927
47,0.9582,1.5814,0,0,0.4696197509765625,0.7460479736328125,0.0520172119140625,0.819496214389801,-0.8174687623977661,0.3784620761871338
48,0.9156,1.4821,0,0,0.5982666015625,0.6873626708984375,0.0105438232421875,0.413485050201416,-1.4401283264160156,0.410722553730011
49,0.8691,1.3931,0,0,0.7070770263671875,0.632049560546875,-0.26348876953125,0.35270264744758606,-1.2280693054199219,0.518841564655304
50,0.8219,1.3228,0,0,0.6187591552734375,0.631072998046875,-0.3113555908203125,0.41100645065307617,-0.8764843940734863,0.6467971205711365
51,0.7779,1.2765,0,0,0.5350494384765625,0.609771728515625,-0.1566619873046875,0.1445305496454239,-0.8173872232437134,0.6723810434341431
52,0.7419,1.2563,0,0,0.538055419921875,0.5840911865234375,-0.090301513671875,-0.3412491977214813,-1.0263819694519043,0.656465470790863
53,0.7185,1.2613,0,0,0.48779296875,0.5892486572265625,-0.2068939208984375,-0.6329548358917236,-0.9185538291931152,0.6205263733863831
54,0.7119,1.2881,0,0,0.415740966796875,0.5462493896484375,-0.1646575927734375,-0.839969277381897,-0.8449000716209412,0.46111756563186646
55,0.725,1.331,0,0,0.360595703125,0.5311431884765625,-0.1147308349609375,-1.0005732774734497,-0.8753126263618469,0.304882675409317
56,0.7591,1.3835,0,0,0.3050537109375,0.525543212890625,-0.0838775634765625,-1.2213493585586548,-0.9315561652183533,0.13685478270053864
57,0.8132,1.4392,0,0,0.2692108154296875,0.505859375,-0.2335052490234375,-1.299241542816162,-0.685384213924408,-0.09837903082370758
58,0.884,1.492,0,0,0.2828521728515625,0.5110931396484375,-0.2990875244140625,-1.4170589447021484,-0.4309910833835602,-0.33189857006073
59,0.9663,1.5373,0,0,0.28460693359375,0.49896240234375,-0.36712646484375,-1.6560254096984863,-0.02683960273861885,-0.6842944622039795
60,1.0533,1.5719,0,0,0.4769287109375,0.6561279296875,-0.5358123779296875,-1.639235019683838,0.07491578906774521,-0.7789397239685059
61,1.1376,1.5945,0,0,0.742095947265625,0.790130615234375,-0.7599334716796875,-1.1839327812194824,-0.5234014391899109,-0.5022245049476624
62,1.2122,1.6051,0,0,1.0433197021484375,0.9632720947265625,-0.938446044921875,-0.4153212904930115,-1.3292603492736816,0.04686417803168297
63,1.2717,1.605,0,0,1.1987762451171875,0.88372802734375,-0.9949493408203125,0.2606393098831177,-1.5385582447052002,0.43131518363952637
64,1.3124,1.596,0,0,1.1596221923828125,0.7498626708984375,-0.6957244873046875,0.29249337315559387,-1.3806463479995728,0.7330390810966492
65,1.3331,1.5804,0,0,0.90045166015625,0.700958251953125,-0.458831787109375,-0.0400741808116436,-1.4617723226547241,0.9031687378883362
66,1.3348,1.5603,0,0,0.6068115234375,0.58660888671875,-0.4256439208984375,-0.24234579503536224,-1.3749514818191528,0.6621718406677246
67,1.3198,1.5374,0,0,0.608367919921875,0.6064910888671875,-0.3039093017578125,-0.5416030883789062,-0.466610848903656,0.30682864785194397
68,1.2918,1.5132,0,0,0.67913818359375,0.77862548828125,-0.10430908203125,-1.1274734735488892,0.5364000797271729,-0.0919131487607956
69,1.2547,1.4888,0,0,0.5536041259765625,1.165863037109375,-0.0471038818359375,-1.5026390552520752,1.3680278062820435,-0.5647973418235779
70,1.2128,1.4655,0,0,0.489349365234375,1.5103912353515625,-0.0443267822265625,-1.3652727603912354,1.759523868560791,-0.6250340342521667
71,1.17,1.4444,0,0,0.6839447021484375,1.5575103759765625,-0.1046142578125,-1.21573805809021,0.5540802478790283,0.43027573823928833
72,1.1299,1.4269,0,0,0.2320556640625,0.912322998046875,-0.317352294921875,-0.8401434421539307,-1.2106112241744995,0.8030567765235901
73,1.0957,1.4144,0,0,-0.2100677490234375,0.5200347900390625,-0.5146484375,-0.11389381438493729,-0.5601271986961365,0.01709829270839691
74,1.0695,1.4077,0,0,-0.3110809326171875,0.6494903564453125,-0.463958740234375,0.4633793830871582,0.05694051459431648,-0.4875800609588623
75,1.0525,1.4073,0,0,-0.240814208984375,0.9279632568359375,-0.2540283203125,0.8620492815971375,0.6039769649505615,-0.8099921941757202
76,1.0446,1.4131,0,0,0.133575439453125,1.070098876953125,0.0527801513671875,0.8620492815971375,0.6039769649505615,-0.8099921941757202
77,1.0448,1.4245,0,0,0.34747314453125,1.056365966796875,0.3084869384765625,0.6905643343925476,2.468740701675415,-0.47644296288490295
78,1.0512,1.4409,0,0,0.4298248291015625,1.016387939453125,0.328155517578125,0.3741768002510071,2.3933234214782715,-0.4841589629650116
79,1.0613,1.4614,0,0,0.5255889892578125,0.955291748046875,0.3568267822265625,0.07276235520839691,1.512407898902893,-0.41406190395355225
80,1.0723,1.485,0,0,0.565338134765625,0.850341796875,0.32196044921875,-0.102436363697052,0.34348171949386597,-0.446067214012146
81,1.0816,1.5097,0,0,0.575775146484375,0.757720947265625,0.15545654296875,-0.102436363697052,0.34348171949386597,-0.446067214012146
82,1.0867,1.5322,0,0,0.6463775634765625,0.7129058837890625,0.086944580078125,-0.08378864079713821,-0.33239951729774475,-0.6176410913467407
83,1.0857,1.548,0,0,0.776702880859375,0.5870513916015625,-0.07305908203125,-0.5399055480957031,0.17756706476211548,-0.7141602039337158
84,1.0775,1.552,0,0,0.8944549560546875,0.8055267333984375,-0.020416259765625,-2.0652763843536377,2.900238513946533,-0.515919029712677
85,1.0617,1.5391,0,0,0.617523193359375,0.7843170166015625,-0.8694915771484375,-0.43484732508659363,2.356675863265991,-0.5336215496063232
86,1.0393,1.5052,0,0,0.56060791015625,0.8176116943359375,-0.3859100341796875,0.7734003663063049,0.0032032502349466085,-0.5149440169334412
87,1.0119,1.4481,0,0,0.6076507568359375,0.7953948974609375,-0.0002288818359375,-0.027027621865272522,-0.45213577151298523,-0.5572091937065125
88,0.9822,1.3677,0,0,0.6408538818359375,0.6930389404296875,0.2057952880859375,-0.90812087059021,-1.0083204507827759,-0.5984005928039551
89,0.9536,1.2662,0,0,0.5887908935546875,0.6863861083984375,-0.0084991455078125,-1.0364636182785034,-1.0880573987960815,-0.5737594366073608
90,0.9296,1.1481,0,0,0.5566558837890625,0.6990203857421875,-0.16741943359375,-0.790054976940155,-0.24562974274158478,-0.4964446425437927
91,0.9134,1.0197,0,0,0.5238037109375,0.6959228515625,-0.1233367919921875,-0.5670408010482788,0.3461635410785675,-0.41672053933143616
92,0.908,0.8891,0,0,0.4683685302734375,0.74591064453125,-0.0877685546875,-0.5670408010482788,0.3461635410785675,-0.41672053933143616
93,0.9152,0.7658,0,0,0.3790740966796875,0.7740325927734375,-0.02838134765625,-0.5581338405609131,0.818759024143219,-0.3673194348812103
94,0.9361,0.6604,0,0,0.370513916015625,0.8356781005859375,-0.0702667236328125,-0.43395623564720154,0.7270469665527344,-0.3716649115085602
95,0.9705,0.5838,0,0,0.439971923828125,0.893707275390625,-0.1459503173828125,-0.13137000799179077,0.4341202974319458,-0.41770508885383606
96,1.0171,0.5463,0,0,0.6072235107421875,0.8147430419921875,0.000579833984375,-0.13137000799179077,0.4341202974319458,-0.41770508885383606
97,1.0734,0.5569,0,0,0.7509307861328125,0.7433624267578125,0.093475341796875,-0.35356393456459045,-0.5032812356948853,-0.374484121799469
98,1.1364,0.6223,0,0,0.831298828125,0.712127685546875,0.02734375,-0.35356393456459045,-0.5032812356948853,-0.374484121799469
99,1.2021,0.7453,0,0,0.8571624755859375,0.721923828125,-0.07940673828125,-0.5923109650611877,-0.306418776512146,-0.23940220475196838
100,1.2665,0.9241,0,0,0.9675445556640625,0.9182586669921875,-0.0589752197265625,-0.31348416209220886,0.06847280263900757,0.4017397165298462
101,1.3254,1.152,0,0,1.0305023193359375,1.1039276123046875,-0.0001983642578125,-0.11264532059431076,-0.11482086032629013,0.7399747371673584
102,1.375,1.4169,0,0,0.9251556396484375,1.117340087890625,0.0134124755859375,0.24369202554225922,-0.44793784618377686,0.8644578456878662
103,1.4118,1.7023,0,0,0.8407135009765625,1.1006317138671875,-0.015350341796875,0.5941683053970337,-0.4008009433746338,1.0102053880691528
104,1.4331,1.9886,0,0,0.71661376953125,1.0836639404296875,-0.09423828125,0.9449254870414734,-0.006602242588996887,1.232911229133606
105,1.4367,2.2552,0,0,0.4779815673828125,1.102813720703125,-0.431640625,1.819754719734192,0.602964460849762,1.4147717952728271
106,1.4214,2.4833,0,0,0.2270050048828125,1.2921295166015625,-0.4776458740234375,2.933661460876465,0.38000351190567017,1.5663776397705078
107,1.3868,2.6578,0,0,0.1113128662109375,1.4835205078125,-0.3653564453125,3.512939214706421,0.3663281798362732,1.4885051250457764
108,1.3335,2.7694,0,0,0.1873779296875,1.3838348388671875,-0.0952911376953125,3.2144596576690674,0.7115018367767334,1.2024561166763306
109,1.2632,2.8151,0,0,0.2870941162109375,1.261138916015625,-0.005645751953125,2.7352309226989746,0.9500845670700073,0.704361617565155
110,1.1786,2.7983,0,0,0.3714447021484375,1.094512939453125,-0.0169525146484375,2.370454788208008,0.9912884831428528,0.2990868389606476
111,1.0835,2.7275,0,0,0.5119476318359375,0.90423583984375,0.0071258544921875,1.9663183689117432,0.46313729882240295,0.20532679557800293
112,0.9826,2.6142,0,0,0.641143798828125,0.697967529296875,0.02740478515625,1.5088727474212646,-0.6910207867622375,0.2908906936645508
113,0.8816,2.471,0,0,0.6138153076171875,0.5672607421875,0.0281219482421875,1.0319461822509766,-1.7101086378097534,0.38407257199287415
114,0.7863,2.3105,0,0,0.5892333984375,0.5398712158203125,0.040069580078125,1.0319461822509766,-1.7101086378097534,0.38407257199287415
115,0.7032,2.1439,0,0,0.5443267822265625,0.5493316650390625,-0.0923614501953125,0.4631950855255127,-2.404534339904785,0.5544323325157166
116,0.6384,1.9807,0,0,0.4293670654296875,0.587982177734375,-0.136138916015625,0.09853509813547134,-2.611957550048828,0.7596669793128967
117,0.5975,1.8287,0,0,0.3097076416015625,0.6262359619140625,-0.132965087890625,-0.13794241845607758,-2.4937496185302734,0.8030104637145996
118,0.5854,1.6934,0,0,0.267242431640625,0.651153564453125,-0.1118011474609375,-0.3499273657798767,-1.4300450086593628,0.6675841808319092
119,0.605,1.5788,0,0,0.1948699951171875,0.6295166015625,-0.092926025390625,-0.5222642421722412,-0.920213520526886,0.45901843905448914
120,0.6572,1.4863,0,0,0.17022705078125,0.589447021484375,-0.0984649658203125,-0.7107726335525513,-0.5649123787879944,0.23759257793426514
121,0.7403,1.4151,0,0,0.1234893798828125,0.537689208984375,-0.1264801025390625,-0.9966656565666199,-0.19048312306404114,-0.03389032185077667
122,0.8493,1.3621,0,0,0.0728302001953125,0.4580230712890625,-0.2033233642578125,-0.9966656565666199,-0.19048312306404114,-0.03389032185077667
123,0.9765,1.3226,0,0,0.065887451171875,0.426544189453125,-0.277496337890625,-1.356052041053772,0.1964041292667389,-0.40986794233322144
124,1.1115,1.2913,0,0,0.1704254150390625,0.52154541015625,-0.4112396240234375,-1.6540813446044922,0.49300065636634827,-0.8064142465591431
125,1.2429,1.2627,0,0,0.440643310546875,0.697906494140625,-0.7307586669921875,-1.4023032188415527,1.1851543188095093,-1.1982629299163818
126,1.359,1.2329,0,0,1.0798187255859375,0.94256591796875,-1.1400604248046875,-0.16813628375530243,0.12623383104801178,-0.6522246599197388
127,1.4498,1.1995,0,0,1.754730224609375,1.0777587890625,-1.120849609375,0.8353939652442932,-0.5318676233291626,0.16111086308956146
128,1.5083,1.162,0,0,1.8857574462890625,0.8100738525390625,-0.793701171875,0.6523458361625671,-0.8876960277557373,0.762570858001709
129,1.5312,1.1218,0,0,1.2552337646484375,0.6019287109375,-0.4270477294921875,0.6523458361625671,-0.8876960277557373,0.762570858001709
130,1.5196,1.0817,0,0,0.6314239501953125,0.7540283203125,-0.4751129150390625,-0.2361731231212616,-1.1217918395996094,0.8793315887451172
131,1.478,1.0453,0,0,0.4434661865234375,1.11724853515625,-0.313446044921875,-0.35393622517585754,0.0029585056472569704,0.21791395545005798
132,1.4136,1.016,0,0,0.352447509765625,1.39166259765625,-0.1009979248046875,-0.35393622517585754,0.0029585056472569704,0.21791395545005798
133,1.3353,0.9969,0,0,0.316131591796875,1.5291290283203125,0.2059173583984375,-0.5948167443275452,0.6152431964874268,-0.38088661432266235
134,1.2519,0.9902,0,0,0.2641754150390625,1.32781982421875,0.23309326171875,-1.4387415647506714,0.07433095574378967,0.16309651732444763
135,1.1715,0.9968,0,0,0.10076904296875,0.7493896484375,0.087493896484375,-1.4080761671066284,-0.16980953514575958,0.551335871219635
136,1.1002,1.0161,0,0,0.03570556640625,0.45928955078125,-0.0986175537109375,-0.9331793785095215,-0.10257084667682648,0.42309534549713135
137,1.0417,1.0466,0,0,-0.2482147216796875,0.39208984375,-0.5511016845703125,0.25882863998413086,-0.6559831500053406,-0.4350268244743347
138,0.9972,1.0852,0,0,0.2728729248046875,1.0664215087890625,-0.0470428466796875,0.2886248826980591,-0.3622996211051941,-0.4793919026851654
139,0.9659,1.1278,0,0,0.5378570556640625,1.29473876953125,0.0899658203125,-0.2956377863883972,0.6821335554122925,-0.1725906878709793
140,0.9452,1.1697,0,0,0.513153076171875,1.200225830078125,0.1192626953125,-0.2956377863883972,0.6821335554122925,-0.1725906878709793
141,0.9322,1.2058,0,0,0.631500244140625,0.975189208984375,0.0748443603515625,-0.7940614223480225,1.4084380865097046,-0.39162155985832214
142,0.9238,1.2316,0,0,0.5870513916015625,0.7913055419921875,0.0676116943359375,-0.7940614223480225,1.4084380865097046,-0.39162155985832214
143,0.9174,1.2442,0,0,0.5026092529296875,0.6392974853515625,0.0140228271484375,-0.9696862697601318,1.2698135375976562,-0.31447112560272217
144,0.911,1.2421,0,0,0.40362548828125,0.501922607421875,-0.139739990234375,-1.3629213571548462,1.341623306274414,-0.35903406143188477
145,0.9036,1.2257,0,0,0.3527679443359375,0.494537353515625,-0.356689453125,-0.886891782283783,0.8166372776031494,-0.4067128896713257
146,0.8945,1.1968,0,0,0.3970947265625,0.654937744140625,-0.21466064453125,-0.30863478779792786,-0.2731548249721527,-0.4611210227012634
147,0.8839,1.1579,0,0,0.53485107421875,0.789337158203125,-0.059112548828125,-0.20416538417339325,-0.5372256636619568,-0.4437564015388489
148,0.8728,1.1115,0,0,0.6011962890625,0.8495635986328125,-0.01361083984375,-0.34945279359817505,-0.07642899453639984,-0.45430412888526917
149,0.8627,1.0597,0,0,0.5886993408203125,0.770599365234375,0.0420074462890625,-0.48325294256210327,0.142580047249794,-0.42144575715065
150,0.8562,1.0043,0,0,0.58203125,0.71002197265625,0.01251220703125,-0.5822274684906006,0.41255560517311096,-0.37828364968299866
151,0.8561,0.9472,0,0,0.5643157958984375,0.7051239013671875,-0.0077667236328125,-0.7494145631790161,0.7632755637168884,-0.3776535391807556
152,0.8656,0.8912,0,0,0.5036773681640625,0.7050018310546875,-0.0260162353515625,-0.8442162275314331,0.9371882081031799,-0.4243451654911041
153,0.8878,0.8413,0,0,0.4188232421875,0.7382965087890625,-0.0645751953125,-0.8895389437675476,1.0699318647384644,-0.5008218288421631
154,0.9253,0.8047,0,0,0.397247314453125,0.835906982421875,-0.162353515625,-0.7561510801315308,1.2152466773986816,-0.553878903388977
155,0.9792,0.7907,0,0,0.38934326171875,0.8913726806640625,-0.1650848388671875,-0.35782763361930847,0.7267974019050598,-0.6307952404022217
156,1.0493,0.8103,0,0,0.45367431640625,0.8669281005859375,-0.1414337158203125,-0.07520553469657898,0.35356658697128296,-0.6356821656227112
157,1.1334,0.8745,0,0,0.5992431640625,0.772735595703125,-0.0239715576171875,-0.04035647585988045,0.10434771329164505,-0.6048576831817627
158,1.2274,0.9921,0,0,0.7922515869140625,0.7295989990234375,0.0959014892578125,-0.21808625757694244,-0.1336725801229477,-0.5405293107032776
159,1.3254,1.1682,0,0,0.890228271484375,0.7530517578125,0.158721923828125,-0.5874400734901428,-0.29979708790779114,-0.36916765570640564
160,1.4199,1.4026,0,0,0.9765472412109375,0.8434600830078125,0.1027374267578125,-0.6189676523208618,-0.8641574382781982,-0.09693267196416855
161,1.5031,1.6887,0,0,1.168670654296875,1.018707275390625,0.05474853515625,-0.439710795879364,-1.4994041919708252,0.3433235287666321
162,1.5672,2.0139,0,0,1.320220947265625,1.23272705078125,-0.0825958251953125,0.03051183559000492,-1.3717495203018188,0.9837977886199951
163,1.6056,2.3605,0,0,1.1759796142578125,1.365631103515625,-0.247650146484375,0.8700904250144958,-0.3697434365749359,1.4412263631820679
164,1.6136,2.7071,0,0,0.7810516357421875,1.3786163330078125,-0.4137725830078125,2.1206488609313965,1.0195972919464111,1.7382780313491821
165,1.5893,3.0316,0,0,0.36883544921875,1.469818115234375,-0.518402099609375,2.1206488609313965,1.0195972919464111,1.7382780313491821
166,1.5332,3.3132,0,0,-0.0465850830078125,1.69268798828125,-0.5681610107421875,3.50832200050354,1.7654392719268799,2.024785041809082
167,1.4489,3.5349,0,0,-0.0298004150390625,1.573974609375,-0.278350830078125,4.420469284057617,2.1429786682128906,1.9767158031463623
168,1.3421,3.6852,0,0,-0.0456390380859375,1.229827880859375,-0.0038299560546875,3.2943413257598877,2.257227897644043,0.48673927783966064
169,1.2203,3.759,0,0,0.2266387939453125,0.95166015625,0.100982666015625,2.5541722774505615,0.8910340666770935,-0.05561106279492378
170,1.0919,3.757,0,0,0.46630859375,0.65887451171875,0.3232574462890625,1.6886481046676636,-0.9824880361557007,-0.07945061475038528
171,0.9655,3.6857,0,0,0.4625244140625,0.50732421875,0.42132568359375,0.736423671245575,-2.9096267223358154,-0.14315049350261688
172,0.8492,3.5561,0,0,0.648651123046875,0.4369964599609375,0.240264892578125,0.10552988946437836,-4.330763816833496,0.32053035497665405
173,0.7503,3.3831,0,0,0.7914581298828125,0.3785552978515625,-0.38763427734375,0.65264892578125,-4.27588415145874,0.7821072936058044
174,0.6749,3.1843,0,0,0.5726776123046875,0.3925323486328125,-0.25048828125,0.9764048457145691,-3.7944939136505127,0.8035494685173035
175,0.6277,2.9793,0,0,0.417449951171875,0.464202880859375,-0.0295867919921875,0.635242760181427,-3.164836883544922,0.7875454425811768
176,0.6119,2.7874,0,0,0.3570404052734375,0.595306396484375,0.019256591796875,0.635242760181427,-3.164836883544922,0.7875454425811768
177,0.6291,2.6258,0,0,0.3067779541015625,0.7197265625,-0.0747833251953125,-0.01631585694849491,-2.2961103916168213,0.8071932196617126
178,0.6789,2.5069,0,0,0.1872406005859375,0.801788330078125,-0.195465087890625,-0.7973360419273376,-0.36892610788345337,0.5583945512771606
179,0.7591,2.4362,0,0,0.1401824951171875,0.7891998291015625,-0.1864471435546875,-0.9834545254707336,0.36552339792251587,0.29562073945999146
180,0.8648,2.4118,0,0,0.1079559326171875,0.696685791015625,-0.160247802734375,-1.24089777469635,0.8274268507957458,0.11032890528440475
181,0.9891,2.424,0,0,0.077239990234375,0.585174560546875,-0.196136474609375,-1.6632863283157349,1.458932876586914,-0.1428793966770172
182,1.1227,2.4574,0,0,0.02069091796875,0.4816741943359375,-0.323028564453125,-2.005577564239502,2.2959134578704834,-0.6548124551773071
183,1.2547,2.494,0,0,-0.0287628173828125,0.4583587646484375,-0.6404876708984375,-1.8605625629425049,2.6824114322662354,-1.3419556617736816
184,1.3737,2.5158,0,0,0.471405029296875,0.6476898193359375,-0.9262542724609375,-1.376820683479309,1.8853262662887573,-1.522009015083313
185,1.4688,2.509,0,0,1.4087677001953125,1.018463134765625,-0.837005615234375,-1.376820683479309,1.8853262662887573,-1.522009015083313
186,1.5315,2.4651,0,0,2.3994598388671875,1.0438385009765625,-1.0236053466796875,0.6697155237197876,-3.1253504753112793,0.567561686038971
187,1.5568,2.3832,0,0,1.15625,0.9765472412109375,-0.871002197265625,0.22538305819034576,-3.2501823902130127,1.475691318511963
188,1.5437,2.2689,0,0,0.4390869140625,1.2640228271484375,-0.373687744140625,-0.1606551855802536,-1.695563793182373,1.1638879776000977
189,1.4957,2.1335,0,0,0.1134796142578125,1.31158447265625,-0.308013916015625,-0.20219944417476654,0.2975406050682068,0.14660674333572388
190,1.4198,1.9917,0,0,0.119659423828125,1.450836181640625,0.0341644287109375,0.021753232926130295,1.836466908454895,-0.7423495054244995
191,1.3256,1.8588,0,0,0.3250579833984375,1.5228424072265625,0.3511505126953125,-0.34326547384262085,1.9471709728240967,-0.5141056776046753
192,1.2237,1.7489,0,0,0.1109619140625,0.7796630859375,0.7090606689453125,-1.179633617401123,0.6829434037208557,0.17737744748592377
193,1.1244,1.6724,0,0,0.0210418701171875,0.5091400146484375,0.195770263671875,-1.794777750968933,-1.1541428565979004,0.12341887503862381
194,1.0363,1.635,0,0,0.1480560302734375,0.4655914306640625,0.0950775146484375,-1.2058353424072266,-0.9668926000595093,-0.1783798635005951
195,0.9651,1.6369,0,0,0.3276519775390625,0.7716217041015625,0.126129150390625,-0.5861122012138367,-1.3107929229736328,-0.21649634838104248
196,0.9139,1.6725,0,0,0.4660186767578125,1.035430908203125,0.10400390625,-0.31069502234458923,-1.243509292602539,0.024500282481312752
197,0.8826,1.7314,0,0,0.3460540771484375,1.0352325439453125,0.0346832275390625,-0.23128275573253632,-0.19568827748298645,0.42175495624542236
198,0.8689,1.7998,0,0,0.2741241455078125,1.023040771484375,0.0392913818359375,-0.2675696611404419,1.226241111755371,0.3896569609642029
199,0.8691,1.8621,0,0,0.2822113037109375,0.9600982666015625,0.017730712890625,-0.4810233414173126,2.3664369583129883,0.3195987641811371
200,0.8785,1.9039,0,0,0.1814422607421875,0.761993408203125,-0.189300537109375,-0.8670698404312134,3.313499689102173,0.0733884647488594
201,0.8923,1.9139,0,0,0.210784912109375,0.68017578125,-0.53472900390625,-0.892872154712677,3.6586530208587646,-0.42970824241638184
202,0.9064,1.8854,0,0,0.3764801025390625,0.685546875,-0.302154541015625,0.026384469121694565,1.7497644424438477,-0.6743925213813782
203,0.9178,1.8172,0,0,0.4964752197265625,0.6556243896484375,-0.1379241943359375,0.43835657835006714,0.3286284804344177,-0.711159348487854
204,0.9245,1.7124,0,0,0.6454010009765625,0.74676513671875,0.10516357421875,0.048891376703977585,0.19209061563014984,-0.8130071759223938
205,0.9264,1.5781,0,0,0.645721435546875,0.809295654296875,0.1058197021484375,-0.39034244418144226,-0.305294394493103,-0.858566403388977
206,0.9248,1.4236,0,0,0.6618499755859375,0.7785186767578125,0.0307464599609375,-0.5935914516448975,-0.5953054428100586,-0.8808290958404541
207,0.9224,1.2598,0,0,0.69415283203125,0.744049072265625,-0.0101165771484375,-0.8683263063430786,-0.14916950464248657,-0.7635751366615295
208,0.9231,1.0984,0,0,0.6367340087890625,0.68603515625,-0.04339599609375,-1.0174896717071533,0.21636027097702026,-0.6188145279884338
209,0.931,0.9517,0,0,0.596832275390625,0.640289306640625,-0.1151580810546875,-0.9396069049835205,0.6023353934288025,-0.5532152652740479
210,0.9503,0.8325,0,0,0.572723388671875,0.7959747314453125,-0.1826629638671875,-0.7030047178268433,1.0245060920715332,-0.45961445569992065
211,0.9843,0.7537,0,0,0.4248046875,0.8328704833984375,-0.170623779296875,-0.3754228949546814,1.2903274297714233,-0.34213417768478394
212,1.0347,0.7279,0,0,0.3863525390625,0.831451416015625,-0.147125244140625,-0.07623112201690674,0.9512699246406555,-0.4021815359592438
213,1.1012,0.7657,0,0,0.4837646484375,0.8102264404296875,-0.07879638671875,0.0273304246366024,0.7390649914741516,-0.37481409311294556
214,1.1812,0.8744,0,0,0.6642303466796875,0.7564544677734375,0.018707275390625,0.05951951816678047,0.25149694085121155,-0.5731365084648132
215,1.2699,1.0566,0,0,0.8297882080078125,0.7723541259765625,0.099517822265625,-0.1621425598859787,-0.05053268373012543,-0.5030460953712463
216,1.3604,1.3082,0,0,0.8967742919921875,0.8303680419921875,0.1399993896484375,-0.3897842466831207,-0.6908618211746216,-0.22506320476531982
217,1.445,1.6181,0,0,1.08355712890625,0.9959259033203125,0.1008148193359375,-0.5725993514060974,-1.2316895723342896,0.11196594685316086
218,1.5152,1.9677,0,0,1.246185302734375,1.1979827880859375,0.00836181640625,-0.5031225085258484,-1.5199733972549438,0.6963503360748291
219,1.5638,2.3327,0,0,1.2552947998046875,1.3351287841796875,-0.2447662353515625,0.005815810989588499,-1.0949070453643799,1.01063871383667
220,1.5848,2.6845,0,0,0.9013519287109375,1.3501434326171875,-0.4242095947265625,0.8524232506752014,0.473296195268631,1.4051549434661865
221,1.5748,2.9943,0,0,0.375213623046875,1.3366546630859375,-0.5871734619140625,2.2611567974090576,1.7759809494018555,1.6589841842651367
222,1.5329,3.2358,0,0,-0.1981048583984375,1.54180908203125,-0.670745849609375,3.7326033115386963,2.026033401489258,1.6583656072616577
223,1.4611,3.3891,0,0,-0.1271209716796875,1.5688018798828125,-0.3723907470703125,4.224698543548584,2.5756571292877197,1.5226876735687256
224,1.3639,3.4432,0,0,0.0165557861328125,1.267669677734375,-0.0419769287109375,3.5578386783599854,2.6247122287750244,1.3077393770217896
225,1.2478,3.3974,0,0,0.183319091796875,1.0462646484375,0.06341552734375,2.852771759033203,1.1740734577178955,0.3698297142982483
226,1.1206,3.2608,0,0,0.464752197265625,0.870635986328125,0.12664794921875,2.184380531311035,-0.47775352001190186,0.11428263038396835
227,0.9909,3.0503,0,0,0.5726776123046875,0.7042694091796875,0.088043212890625,1.643497109413147,-1.5284265279769897,0.1366281509399414
228,0.867,2.7887,0,0,0.6077728271484375,0.5556793212890625,-0.0061798095703125,1.3183132410049438,-2.162916898727417,0.16375698149204254
229,0.757,2.5012,0,0,0.5550689697265625,0.512481689453125,-0.0619659423828125,1.165076732635498,-2.332312822341919,0.3674195408821106
230,0.6678,2.2132,0,0,0.501251220703125,0.529449462890625,-0.0066375732421875,0.7493272423744202,-2.2160003185272217,0.5400291681289673
231,0.6052,1.9476,0,0,0.406005859375,0.5653228759765625,-0.05877685546875,0.25854793190956116,-1.969631314277649,0.6974408626556396
232,0.5735,1.7232,0,0,0.288116455078125,0.6143341064453125,-0.0699462890625,-0.060994379222393036,-1.6819201707839966,0.7366213202476501
233,0.5752,1.553,0,0,0.2167816162109375,0.6502685546875,-0.1156768798828125,-0.2856277525424957,-1.3828845024108887,0.6234252452850342
234,0.6107,1.4432,0,0,0.146514892578125,0.6767578125,-0.104766845703125,-0.40956273674964905,-0.9271664619445801,0.43071064352989197
235,0.6782,1.3931,0,0,0.1101837158203125,0.67413330078125,-0.1177825927734375,-0.5730875134468079,-0.6418497562408447,0.24366751313209534
236,0.7736,1.3952,0,0,0.07562255859375,0.6314697265625,-0.168670654296875,-0.6871472001075745,-0.21525877714157104,0.01242444571107626
237,0.8899,1.4367,0,0,0.055816650390625,0.5281982421875,-0.1946563720703125,-0.8326375484466553,0.41026556491851807,-0.2681978940963745
238,1.0184,1.5011,0,0,0.119537353515625,0.4921112060546875,-0.1701507568359375,-1.1480660438537598,1.0414677858352661,-0.6477830410003662
239,1.1484,1.5709,0,0,0.1661376953125,0.5841827392578125,-0.28558349609375,-1.5636526346206665,1.4594674110412598,-0.9543192386627197
240,1.2688,1.6301,0,0,0.3190460205078125,0.7166748046875,-0.7907257080078125,-1.7848502397537231,1.8550927639007568,-1.2562037706375122
241,1.3692,1.6666,0,0,1.041046142578125,1.0137786865234375,-1.320068359375,-0.8088023066520691,1.019601821899414,-1.3776735067367554
242,1.4412,1.6734,0,0,2.0524139404296875,1.236419677734375,-1.038787841796875,0.8020676970481873,-0.36214250326156616,-0.1719328761100769
243,1.48,1.6494,0,0,1.80792236328125,0.6566162109375,-0.5403594970703125,0.04806366562843323,-2.0775868892669678,1.535360336303711
244,1.4844,1.5991,0,0,0.642608642578125,0.6446990966796875,-0.6634979248046875,-0.1045631617307663,-1.690099835395813,1.2208918333053589
245,1.4571,1.5308,0,0,0.337371826171875,0.84429931640625,-0.4303436279296875,0.04634539410471916,-0.22507359087467194,0.3236939013004303
246,1.4041,1.4554,0,0,0.3773193359375,1.0994873046875,-0.0746612548828125,-0.18661648035049438,0.8756313920021057,-0.18714486062526703
247,1.3332,1.3846,0,0,0.3797149658203125,1.3590545654296875,0.2590789794921875,-0.9219607710838318,0.8256552815437317,-0.25025883316993713
248,1.2534,1.3289,0,0,0.2427520751953125,1.4968719482421875,0.369110107421875,-0.9219607710838318,0.8256552815437317,-0.25025883316993713
249,1.173,1.2963,0,0,0.1410675048828125,1.155059814453125,0.2257232666015625,-1.7169133424758911,0.4291495084762573,-0.34164974093437195
250,1.0991,1.2919,0,0,0.0792999267578125,0.6399078369140625,0.113494873046875,-1.7770777940750122,-0.42445382475852966,0.0836392343044281
251,1.037,1.3164,0,0,0.0593719482421875,0.5312347412109375,-0.03887939453125,-1.1839474439620972,-0.23964694142341614,0.0843265950679779
252,0.9889,1.3669,0,0,0.0301055908203125,0.7301788330078125,-0.1203460693359375,-0.36558276414871216,-0.5736129283905029,-0.1001172810792923
253,0.9552,1.4363,0,0,0.197998046875,1.056976318359375,-0.078033447265625,0.21051862835884094,-1.0576092004776,-0.10297591984272003
254,0.9339,1.5142,0,0,0.36688232421875,1.258636474609375,-0.0832366943359375,0.36118084192276,-0.5626489520072937,0.05542677268385887
255,0.9219,1.5884,0,0,0.452911376953125,1.1873626708984375,-0.10626220703125,0.12090804427862167,1.0971128940582275,-0.10179134458303452
256,0.9157,1.646,0,0,0.5273590087890625,0.9056549072265625,-0.108154296875,-0.19164666533470154,2.6153223514556885,-0.13637728989124298
257,0.912,1.6758,0,0,0.481536865234375,0.8162994384765625,-0.0078887939453125,-0.2720823884010315,2.7775821685791016,-0.17376859486103058
258,0.9083,1.6701,0,0,0.3914337158203125,0.7024383544921875,0.0344085693359375,-0.3235301375389099,2.236109495162964,-0.3571344316005707
259,0.9029,1.6255,0,0,0.397552490234375,0.6226806640625,-0.084381103515625,-0.41577109694480896,1.9128137826919556,-0.5167736411094666
260,0.8952,1.5433,0,0,0.509246826171875,0.630035400390625,-0.0670928955078125,-0.49291303753852844,1.2066255807876587,-0.4758877158164978
261,0.8854,1.4291,0,0,0.520599365234375,0.6724395751953125,-0.0689697265625,-0.4399041533470154,0.41094970703125,-0.54655522108078
262,0.8745,1.2915,0,0,0.583831787109375,0.7003936767578125,-0.064605712890625,-0.5062373876571655,0.037578266113996506,-0.612388551235199
263,0.8644,1.1408,0,0,0.6033477783203125,0.7134857177734375,-0.072174072265625,-0.5862962603569031,-0.002275138394907117,-0.48403191566467285
264,0.8573,0.9877,0,0,0.54144287109375,0.70849609375,-0.0751800537109375,-0.5576033592224121,0.05973736569285393,-0.39556729793548584
265,0.8556,0.8426,0,0,0.5220184326171875,0.7059326171875,-0.073272705078125,-0.4946872293949127,0.15215304493904114,-0.35887932777404785
266,0.8623,0.7156,0,0,0.4708251953125,0.7069091796875,-0.0626373291015625,-0.4914754629135132,0.3282793462276459,-0.39289215207099915
267,0.8797,0.6159,0,0,0.4214324951171875,0.737640380859375,-0.07012939453125,-0.5772383213043213,0.6139912605285645,-0.4235275685787201
268,0.9099,0.5529,0,0,0.404693603515625,0.8406219482421875,-0.09814453125,-0.5775136947631836,1.0330042839050293,-0.43302199244499207
269,0.954,0.5353,0,0,0.4543304443359375,0.8868865966796875,-0.0651397705078125,-0.5775136947631836,1.0330042839050293,-0.43302199244499207
270,1.0123,0.5716,0,0,0.5254669189453125,0.8679962158203125,-0.0557708740234375,-0.2218991070985794,0.4947974979877472,-0.5907378792762756
271,1.0835,0.6686,0,0,0.68206787109375,0.816253662109375,-0.038177490234375,-0.2995917797088623,0.40232428908348083,-0.6084042191505432
272,1.1647,0.8301,0,0,0.78350830078125,0.776336669921875,0.017333984375,-0.25410550832748413,-0.024531975388526917,-0.5322210192680359
273,1.2519,1.0558,0,0,0.784332275390625,0.7433013916015625,0.003021240234375,-0.19622783362865448,-0.24801886081695557,-0.5376821160316467
274,1.3393,1.3396,0,0,0.893218994140625,0.7783660888671875,0.0540771484375,-0.28426316380500793,-0.5831584930419922,-0.19996584951877594
275,1.4204,1.6691,0,0,1.0709381103515625,0.9604644775390625,-0.0203399658203125,-0.29043689370155334,-0.45729538798332214,0.4610248804092407
276,1.4882,2.0262,0,0,1.11883544921875,1.0942535400390625,-0.1817169189453125,0.28938308358192444,-0.07472297549247742,0.9146914482116699
277,1.5359,2.3884,0,0,1.044830322265625,1.0947265625,-0.2910308837890625,1.325499415397644,0.5897053480148315,1.2246394157409668
278,1.5578,2.7315,0,0,0.873687744140625,1.1255645751953125,-0.4311676025390625,2.5747838020324707,1.2259819507598877,1.7067762613296509
279,1.5499,3.033,0,0,0.5496673583984375,1.4179229736328125,-0.4879150390625,3.803403377532959,1.591119647026062,2.0390262603759766
280,1.5104,3.2752,0,0,0.2039794921875,1.747222900390625,-0.4375457763671875,4.148680686950684,2.305112600326538,1.8921951055526733
281,1.4403,3.4474,0,0,0.1031036376953125,1.6801605224609375,-0.2428131103515625,3.5267510414123535,2.4999096393585205,1.4329782724380493
282,1.3432,3.5466,0,0,0.136932373046875,1.3644256591796875,-0.0475006103515625,2.8949897289276123,1.6741938591003418,0.6525932550430298
283,1.2253,3.5771,0,0,0.3371124267578125,1.0012054443359375,0.123992919921875,2.2595245838165283,0.09755425155162811,0.2794273793697357
284,1.0949,3.5485,0,0,0.5010223388671875,0.734893798828125,0.1110687255859375,1.7533541917800903,-1.2978127002716064,0.06540856510400772
285,0.9612,3.4731,0,0,0.6319732666015625,0.5626220703125,0.135162353515625,1.2138549089431763,-2.61909556388855,0.09855320304632187
286,0.8343,3.3642,0,0,0.73345947265625,0.4593048095703125,0.028167724609375,0.7779309153556824,-3.37046217918396,0.45131978392601013
287,0.7237,3.2339,0,0,0.6652069091796875,0.416015625,-0.1053466796875,0.45827516913414,-3.3226513862609863,0.7877404093742371
288,0.6382,3.0928,0,0,0.5002899169921875,0.450103759765625,-0.0428924560546875,0.09366204589605331,-3.221494436264038,0.9347546100616455
289,0.5848,2.9491,0,0,0.324188232421875,0.538055419921875,0.002410888671875,0.09366204589605331,-3.221494436264038,0.9347546100616455
290,0.5686,2.8089,0,0,0.22735595703125,0.5731353759765625,-0.02703857421875,-0.5198626518249512,-3.064061164855957,0.7613586187362671
291,0.5917,2.6762,0,0,0.1699981689453125,0.6252593994140625,-0.0400848388671875,-0.6443206667900085,-2.5010411739349365,0.5817701816558838
292,0.6535,2.5527,0,0,0.1149444580078125,0.6842498779296875,-0.0791778564453125,-0.6443206667900085,-2.5010411739349365,0.5817701816558838
293,0.7499,2.4382,0,0,0.0666351318359375,0.665618896484375,-0.0711212158203125,-0.753969132900238,-1.546515703201294,0.4050785303115845
294,0.8739,2.3308,0,0,0.144073486328125,0.6320343017578125,-0.03546142578125,-1.0370447635650635,0.3921653926372528,-0.10440390557050705
295,1.0156,2.2272,0,0,0.0935516357421875,0.58526611328125,-0.0962677001953125,-1.3652780055999756,0.8617403507232666,-0.4170025587081909
296,1.1629,2.1241,0,0,0.0430145263671875,0.509735107421875,-0.33636474609375,-2.106560468673706,2.3006958961486816,-0.8860158324241638
297,1.3028,2.0188,0,0,0.090362548828125,0.5873870849609375,-0.9135894775390625,-2.131045341491699,2.924210548400879,-1.4473220109939575
298,1.423,1.9108,0,0,0.8063812255859375,0.96649169921875,-1.4718475341796875,-0.385130912065506,1.2947216033935547,-0.9706124663352966
299,1.513,1.8019,0,0,1.69439697265625,1.1307525634765625,-1.0308074951171875,0.8672387003898621,-0.548496425151825,0.1941756010055542
300,1.5661,1.6963,0,0,2.1974334716796875,0.8933258056640625,-0.8573150634765625,0.7231379747390747,-1.7378510236740112,0.8338887095451355
301,1.5796,1.5996,0,0,1.30877685546875,0.666900634765625,-0.6139984130859375,0.17944085597991943,-1.761307954788208,1.3513885736465454
302,1.5556,1.518,0,0,0.5140380859375,0.7340240478515625,-0.5747528076171875,0.01980406418442726,-0.6518052220344543,1.043641448020935
303,1.4996,1.4569,0,0,0.260589599609375,0.96826171875,-0.113250732421875,-0.4501996636390686,-0.0015813850332051516,0.21672378480434418
304,1.4201,1.4196,0,0,0.2735595703125,1.215576171875,-0.0225677490234375,-0.4501996636390686,-0.0015813850332051516,0.21672378480434418
305,1.3269,1.4067,0,0,0.3482513427734375,1.541015625,0.2283935546875,-1.2123758792877197,0.8255850076675415,-0.5561926960945129
306,1.2301,1.4162,0,0,0.4064483642578125,1.60296630859375,0.387969970703125,-1.8264150619506836,0.28295475244522095,-0.27128955721855164
307,1.1385,1.4433,0,0,0.2811126708984375,0.9508514404296875,0.2195892333984375,-1.9610892534255981,-0.4036795496940613,0.16275109350681305
308,1.0591,1.4816,0,0,0.0845794677734375,0.476837158203125,0.048370361328125,-1.5364364385604858,-0.5090115666389465,0.16070473194122314
309,0.9961,1.5237,0,0,0.115234375,0.3973388671875,-0.0185546875,-1.0617303848266602,-0.776682436466217,0.12298371642827988
310,0.9506,1.5622,0,0,0.0241546630859375,0.63580322265625,-0.1502838134765625,-0.40496745705604553,-1.4782946109771729,-0.1899086833000183
311,0.9214,1.5902,0,0,0.308746337890625,1.1058502197265625,-0.1127166748046875,0.036197684705257416,-1.6076616048812866,-0.13066959381103516
312,0.9051,1.6019,0,0,0.439453125,1.3158721923828125,-0.0435028076171875,-0.08281844854354858,-0.46918532252311707,-0.1834779530763626
313,0.8974,1.5935,0,0,0.501495361328125,1.2042694091796875,-0.0452117919921875,-0.6723749041557312,1.3223849534988403,-0.4551669955253601
314,0.8941,1.5632,0,0,0.5346832275390625,0.9709930419921875,-0.0936737060546875,-1.117546558380127,2.678964376449585,-0.40062013268470764
315,0.8917,1.5118,0,0,0.429840087890625,0.8846282958984375,-0.1033172607421875,-0.9399539232254028,2.3825104236602783,-0.29469528794288635
316,0.888,1.4427,0,0,0.1947021484375,0.6474609375,-0.12994384765625,-0.4911034107208252,1.0857771635055542,-0.5582622289657593
317,0.882,1.3609,0,0,0.329071044921875,0.559051513671875,-0.222930908203125,-0.24793629348278046,0.3849780559539795,-0.48460903763771057
318,0.874,1.2726,0,0,0.370086669921875,0.523834228515625,-0.096343994140625,-0.495934396982193,0.3752143681049347,-0.4877374470233917
319,0.8651,1.1836,0,0,0.4521942138671875,0.646820068359375,-0.0253448486328125,-0.6106002330780029,0.1141878217458725,-0.4971506595611572
320,0.8571,1.0988,0,0,0.4909820556640625,0.75054931640625,0.020538330078125,-0.6106002330780029,0.1141878217458725,-0.4971506595611572
321,0.8524,1.0219,0,0,0.537200927734375,0.8219757080078125,-0.0445556640625,-0.6138282418251038,0.07950548082590103,-0.5312375426292419
322,0.8535,0.9552,0,0,0.5740966796875,0.819610595703125,-0.06927490234375,-0.6138282418251038,0.07950548082590103,-0.5312375426292419
323,0.8633,0.9008,0,0,0.5603485107421875,0.7838897705078125,-0.0658416748046875,-0.4559382498264313,0.921558678150177,-0.3318850100040436
324,0.8844,0.8611,0,0,0.483428955078125,0.7408905029296875,-0.1038360595703125,-0.38987958431243896,1.2679249048233032,-0.3388550281524658
325,0.9189,0.8397,0,0,0.439849853515625,0.7808685302734375,-0.1000213623046875,-0.38987958431243896,1.2679249048233032,-0.3388550281524658
326,0.968,0.8418,0,0,0.4407501220703125,0.817718505859375,-0.11956787109375,-0.36498862504959106,1.5485759973526,-0.42333874106407166
327,1.0317,0.8739,0,0,0.463134765625,0.8031158447265625,-0.123321533203125,-0.25893861055374146,1.1142241954803467,-0.5121767520904541
328,1.1082,0.9432,0,0,0.595001220703125,0.821685791015625,-0.1559906005859375,-0.12118981033563614,0.7296968102455139,-0.4637812376022339
329,1.1942,1.0553,0,0,0.73846435546875,0.80853271484375,-0.0473480224609375,-0.055989231914281845,0.24097080528736115,-0.3495553433895111
330,1.2847,1.2134,0,0,0.8466796875,0.7636871337890625,0.05755615234375,-0.2215832620859146,-0.2079755663871765,-0.29818350076675415
331,1.3731,1.4162,0,0,0.945556640625,0.8599395751953125,0.1107330322265625,-0.2584850788116455,-0.8491462469100952,0.10260813683271408
332,1.4522,1.6572,0,0,1.03350830078125,0.97576904296875,0.0771484375,-0.17305247485637665,-1.3697582483291626,0.5134894251823425
333,1.515,1.9251,0,0,1.1775665283203125,1.127349853515625,-0.0095977783203125,0.012779444456100464,-1.3133823871612549,0.7962419986724854
334,1.5549,2.2045,0,0,1.273193359375,1.23968505859375,-0.1907806396484375,0.45879021286964417,-0.12310142815113068,1.2048920392990112
335,1.5669,2.4783,0,0,0.900543212890625,1.202667236328125,-0.5874481201171875,1.7313708066940308,1.601657509803772,1.5676274299621582
336,1.5484,2.7294,0,0,0.4225921630859375,1.3985137939453125,-0.7013702392578125,3.5261449813842773,1.7355173826217651,1.842149019241333
337,1.499,2.9438,0,0,0.01751708984375,1.672332763671875,-0.5074920654296875,3.5261449813842773,1.7355173826217651,1.842149019241333
338,1.421,3.1116,0,0,-0.0140838623046875,1.505859375,-0.03155517578125,2.8860082626342773,1.7465007305145264,1.399472713470459
339,1.319,3.2278,0,0,0.13641357421875,1.078948974609375,0.1161956787109375,2.8860082626342773,1.7465007305145264,1.399472713470459
340,1.1994,3.2918,0,0,0.336883544921875,0.9083099365234375,0.101806640625,1.7275336980819702,0.001086037140339613,0.32442760467529297
341,1.0699,3.3061,0,0,0.4647369384765625,0.7590484619140625,0.064300537109375,1.41396164894104,-1.0917197465896606,0.1530286967754364
342,0.9392,3.2753,0,0,0.6574554443359375,0.6480255126953125,0.0635833740234375,1.125836730003357,-2.287248134613037,0.3119720220565796
343,0.8157,3.2043,0,0,0.6932373046875,0.5781402587890625,-0.0302734375,0.9320579171180725,-3.2213218212127686,0.5933586955070496
344,0.7081,3.0989,0,0,0.6022796630859375,0.590484619140625,-0.08453369140625,0.6632331013679504,-3.5016980171203613,0.8313528895378113
345,0.624,2.965,0,0,0.44134521484375,0.6175994873046875,-0.0055084228515625,0.16052469611167908,-3.530702590942383,0.942851722240448
346,0.5703,2.8095,0,0,0.2694091796875,0.601806640625,0.023345947265625,-0.28069186210632324,-3.4666988849639893,0.8560765981674194
347,0.552,2.6404,0,0,0.15643310546875,0.6352691650390625,-0.0205841064453125,-0.46531522274017334,-3.0766148567199707,0.6356563568115234
348,0.5721,2.4661,0,0,0.0938262939453125,0.6114349365234375,-0.0373382568359375,-0.6059240102767944,-2.3148033618927,0.43359991908073425
349,0.6309,2.295,0,0,0.0605316162109375,0.599151611328125,-0.04888916015625,-0.7025890350341797,-1.284978985786438,0.23978276550769806
350,0.7253,2.1344,0,0,0.063568115234375,0.579833984375,-0.056884765625,-0.7025890350341797,-1.284978985786438,0.23978276550769806
351,0.8492,1.9896,0,0,0.07830810546875,0.56396484375,-0.0743255615234375,-0.7566767930984497,-0.2873942255973816,0.07021930068731308
352,0.993,1.8637,0,0,0.0382080078125,0.52374267578125,-0.1227569580078125,-1.1324048042297363,1.0188792943954468,-0.3609243631362915
353,1.1446,1.7578,0,0,-0.0127410888671875,0.536224365234375,-0.3177490234375,-1.7687314748764038,1.8805294036865234,-0.8354184627532959
354,1.2903,1.6713,0,0,0.0462493896484375,0.652618408203125,-0.7802886962890625,-1.8048796653747559,2.21807861328125,-1.3002591133117676
355,1.4166,1.6036,0,0,0.670379638671875,1.0029449462890625,-1.203857421875,-0.7439460754394531,1.441072940826416,-1.0307413339614868
356,1.5121,1.5538,0,0,1.65618896484375,1.295440673828125,-1.1432647705078125,0.6519790887832642,-0.23509293794631958,0.12559440732002258
357,1.5686,1.5216,0,0,2.1829833984375,1.0670928955078125,-1.1558685302734375,1.1145579814910889,-0.6763963103294373,0.8445714712142944
358,1.5828,1.5068,0,0,1.0886383056640625,0.7838897705078125,-0.7703094482421875,0.6410402059555054,-1.1839487552642822,1.0372008085250854
359,1.5563,1.5088,0,0,0.6210784912109375,0.9454803466796875,-0.4189300537109375,0.05828727409243584,-1.0666732788085938,0.8293735980987549
360,1.4953,1.5266,0,0,0.577423095703125,1.231353759765625,-0.0620574951171875,-0.4802515506744385,-0.7595918774604797,0.2610137462615967
361,1.4093,1.5579,0,0,0.3989410400390625,1.21893310546875,0.0764923095703125,-0.8721016049385071,0.014484134502708912,-0.30799350142478943
362,1.3094,1.5999,0,0,0.3285369873046875,1.2751922607421875,0.344970703125,-1.5038026571273804,0.821813702583313,-0.4471804201602936
363,1.207,1.6488,0,0,0.2832794189453125,1.1597137451171875,0.237640380859375,-1.983293056488037,1.505418062210083,-0.11775033175945282
364,1.1124,1.7008,0,0,0.173126220703125,0.76507568359375,0.119476318359375,-1.983293056488037,1.505418062210083,-0.11775033175945282
365,1.0331,1.752,0,0,0.0630340576171875,0.47418212890625,-0.0260467529296875,-1.3285410404205322,0.5002841353416443,0.3573189973831177
366,0.9733,1.7988,0,0,-0.29791259765625,0.429931640625,-0.2552032470703125,-0.13034895062446594,-1.159831166267395,-0.5214346647262573
367,0.9342,1.8379,0,0,0.2919921875,1.023956298828125,0.063720703125,0.24001926183700562,-2.0186374187469482,-0.4083869755268097
368,0.9138,1.8663,0,0,0.47320556640625,1.276214599609375,0.13323974609375,-0.02238147146999836,-1.5248775482177734,-0.08856821805238724
369,0.9081,1.8808,0,0,0.4462432861328125,1.152435302734375,0.058380126953125,-0.44194623827934265,-0.24908225238323212,-0.205266073346138
370,0.9121,1.8789,0,0,0.46673583984375,0.9086151123046875,-0.0646514892578125,-0.9415416717529297,1.4462330341339111,-0.2700927257537842
371,0.9204,1.8589,0,0,0.450531005859375,0.6759490966796875,-0.336761474609375,-1.3369941711425781,3.6084022521972656,-0.3227410316467285
372,0.9282,1.8201,0,0,0.3024139404296875,0.6658935546875,-0.4358367919921875,-0.699650228023529,3.1155879497528076,-0.4165303707122803
373,0.9322,1.7635,0,0,0.3580780029296875,0.7256011962890625,-0.2489776611328125,0.16859273612499237,0.7114903926849365,-0.42988425493240356
374,0.9299,1.6913,0,0,0.498779296875,0.830047607421875,-0.0612030029296875,0.16859273612499237,0.7114903926849365,-0.42988425493240356
375,0.9211,1.6062,0,0,0.51470947265625,0.760711669921875,0.0959625244140625,-0.6228827238082886,-0.6946653127670288,-0.4413273334503174
376,0.9067,1.5114,0,0,0.4902496337890625,0.7724456787109375,0.12164306640625,-0.9674012660980225,-0.9119627475738525,-0.4580858051776886
377,0.8893,1.4097,0,0,0.4641571044921875,0.7447967529296875,0.073760986328125,-0.9228244423866272,-1.1861364841461182,-0.5362056493759155
378,0.8726,1.3041,0,0,0.5476531982421875,0.75445556640625,-0.0468597412109375,-0.8895450830459595,-0.4657684862613678,-0.48468706011772156
379,0.8613,1.1976,0,0,0.5941162109375,0.76708984375,-0.085906982421875,-0.8978176712989807,0.6402215361595154,-0.39235207438468933
380,0.8601,1.0944,0,0,0.5606689453125,0.7581787109375,-0.02203369140625,-0.8138417601585388,0.8366557359695435,-0.3721543848514557
381,0.8736,1.0,0,0,0.498046875,0.7133331298828125,-0.0164337158203125,-0.8532821536064148,0.8396422266960144,-0.42181888222694397
382,0.9052,0.9214,0,0,0.4109344482421875,0.743499755859375,-0.0589141845703125,-1.1005430221557617,1.0909959077835083,-0.39924487471580505
383,0.9568,0.8675,0,0,0.3021087646484375,0.761688232421875,-0.12567138671875,-0.9307127594947815,1.0045465230941772,-0.42832523584365845
384,1.0281,0.8476,0,0,0.2846832275390625,0.80572509765625,-0.2630615234375,-0.43183156847953796,0.8495388031005859,-0.37683674693107605
385,1.1166,0.8705,0,0,0.4129638671875,0.8704071044921875,-0.215911865234375,0.06699021905660629,0.5495550036430359,-0.39615824818611145
386,1.2171,0.9427,0,0,0.6626739501953125,0.8866119384765625,-0.055938720703125,0.14796948432922363,0.3986048996448517,-0.43300122022628784
387,1.3226,1.0669,0,0,0.8805389404296875,0.890380859375,0.0629425048828125,-0.1772586703300476,0.31986162066459656,-0.3163049817085266
388,1.4244,1.2402,0,0,1.028900146484375,0.917388916015625,0.128021240234375,-0.1772586703300476,0.31986162066459656,-0.3163049817085266
389,1.5135,1.4542,0,0,1.1790924072265625,1.0510711669921875,-0.088409423828125,-0.043236687779426575,-0.5201228260993958,0.5881441831588745
390,1.5812,1.6949,0,0,1.2713775634765625,1.201507568359375,-0.02410888671875,0.44998234510421753,-0.9463372230529785,1.2028495073318481
391,1.6203,1.9445,0,0,1.1710052490234375,1.3447418212890625,-0.1455078125,1.0455127954483032,-0.4878394305706024,1.56078040599823
392,1.6258,2.1837,0,0,0.79632568359375,1.3896484375,-0.3541717529296875,1.0455127954483032,-0.4878394305706024,1.56078040599823
393,1.5957,2.394,0,0,0.3137359619140625,1.5892333984375,-0.585540771484375,2.7204368114471436,2.2489588260650635,1.7327332496643066
394,1.5307,2.5605,0,0,-0.1876220703125,1.7180633544921875,-0.7090911865234375,2.7204368114471436,2.2489588260650635,1.7327332496643066
395,1.4347,2.6735,0,0,-0.12335205078125,1.422119140625,-0.117156982421875,2.8248116970062256,1.22483491897583,1.0308544635772705
396,1.314,2.729,0,0,0.128204345703125,1.0494232177734375,-0.0330047607421875,2.2732019424438477,0.5021907091140747,0.602891743183136
397,1.1767,2.7287,0,0,0.2762298583984375,0.8519134521484375,0.0814056396484375,1.8709214925765991,-0.1644888073205948,0.19546057283878326
398,1.032,2.6783,0,0,0.419921875,0.739227294921875,0.1630859375,1.3604925870895386,-0.8751274943351746,0.20775745809078217
399,0.8894,2.5864,0,0,0.44921875,0.634857177734375,0.22515869140625,0.7605314254760742,-1.7448599338531494,0.26630517840385437
400,0.7581,2.4631,0,0,0.531951904296875,0.637725830078125,-0.0041656494140625,0.5658010840415955,-2.2705276012420654,0.47158724069595337
401,0.6467,2.3194,0,0,0.5437164306640625,0.6169586181640625,-0.1723785400390625,0.7751913070678711,-2.6196725368499756,0.7362226247787476
402,0.5629,2.1661,0,0,0.355194091796875,0.5785675048828125,-0.070648193359375,0.7751913070678711,-2.6196725368499756,0.7362226247787476
403,0.5129,2.0142,0,0,0.2220458984375,0.58544921875,-0.0196533203125,0.662665069103241,-2.549757480621338,0.6546228528022766
404,0.5012,1.874,0,0,0.115631103515625,0.5802459716796875,-0.004486083984375,0.662665069103241,-2.549757480621338,0.6546228528022766
405,0.5301,1.7545,0,0,0.0916900634765625,0.587249755859375,-0.0631866455078125,0.0520930290222168,-1.43031907081604,0.3294157087802887
406,0.5993,1.6621,0,0,0.0938568115234375,0.6197052001953125,-0.075531005859375,-0.235044464468956,-0.4455777406692505,0.09280450642108917
407,0.7054,1.6,0,0,0.139617919921875,0.6036224365234375,-0.1251678466796875,-0.46421295404434204,0.6159223318099976,-0.09021511673927307
408,0.8419,1.5672,0,0,0.1775665283203125,0.5506744384765625,-0.116912841796875,-0.46421295404434204,0.6159223318099976,-0.09021511673927307
409,0.9987,1.5589,0,0,0.2038726806640625,0.5184326171875,-0.14349365234375,-0.741041362285614,1.1508499383926392,-0.2985784411430359
410,1.1633,1.5671,0,0,0.284332275390625,0.5808563232421875,-0.194305419921875,-1.3251676559448242,1.7522708177566528,-0.7204111814498901
411,1.3213,1.5826,0,0,0.2745513916015625,0.63671875,-0.4176483154296875,-1.5262988805770874,1.8728291988372803,-1.0804362297058105
412,1.4585,1.5962,0,0,0.41265869140625,0.6365509033203125,-1.2828826904296875,-0.9201751351356506,1.0070769786834717,-1.4869352579116821
413,1.5621,1.6009,0,0,1.5973968505859375,1.0925750732421875,-1.369415283203125,0.50075763463974,-0.6774376034736633,-0.36646294593811035
414,1.6232,1.5921,0,0,2.11083984375,1.146759033203125,-0.579833984375,0.38122645020484924,-1.548304796218872,0.4831607937812805
415,1.6376,1.5685,0,0,1.859405517578125,0.9866943359375,-0.6276397705078125,0.047863397747278214,-1.9287909269332886,1.4322890043258667
416,1.6069,1.5319,0,0,0.741424560546875,1.4858245849609375,-0.420562744140625,-0.19476336240768433,-1.1225967407226562,1.3601828813552856
417,1.5379,1.486,0,0,0.3907012939453125,1.7327423095703125,-0.262237548828125,-0.19266052544116974,0.3158501088619232,0.6253032684326172
418,1.4415,1.4362,0,0,-0.10491943359375,1.207672119140625,0.1897125244140625,-0.3594526946544647,0.6698516011238098,-0.12031815201044083
419,1.3306,1.3878,0,0,-0.0021820068359375,0.7825469970703125,0.3095855712890625,-0.9146288633346558,0.48772040009498596,-0.3093874156475067
420,1.2183,1.3456,0,0,-0.150909423828125,0.5222625732421875,0.3014984130859375,-1.5621471405029297,0.2944457530975342,-0.023204388096928596
421,1.1158,1.3132,0,0,-0.159759521484375,0.44293212890625,0.1494598388671875,-1.8927232027053833,0.06994473189115524,-0.0719309151172638
422,1.0309,1.2927,0,0,0.0095367431640625,0.686614990234375,0.0499114990234375,-1.6048709154129028,-0.02552213706076145,-0.12952710688114166
423,0.9678,1.2845,0,0,0.1947479248046875,1.0821990966796875,0.143707275390625,-0.8231439590454102,-0.4047064781188965,-0.337952196598053
424,0.9269,1.2871,0,0,0.414764404296875,1.3619232177734375,0.247222900390625,-0.26742932200431824,-0.9683019518852234,-0.5399758815765381
425,0.9057,1.2977,0,0,0.47955322265625,1.2366180419921875,0.21246337890625,-0.4480150640010834,-0.9636936187744141,-0.24034816026687622
426,0.8999,1.3116,0,0,0.378173828125,0.926605224609375,0.0493927001953125,-0.7267265915870667,-0.2986316978931427,0.10609101504087448
427,0.9042,1.3237,0,0,0.2490997314453125,0.704833984375,-0.2844696044921875,-0.7439489960670471,0.5821717977523804,0.21022087335586548
428,0.9131,1.3282,0,0,0.0848388671875,0.5685272216796875,-0.6055755615234375,-0.3729831576347351,1.808627724647522,-0.15447399020195007
429,0.9222,1.3205,0,0,0.251922607421875,0.7277374267578125,-0.30926513671875,-0.19420570135116577,2.3698604106903076,-0.40167444944381714
430,0.9277,1.2969,0,0,0.3590240478515625,0.8494873046875,0.038604736328125,-0.2034178376197815,1.6583690643310547,-0.4249262511730194
431,0.9276,1.2561,0,0,0.508392333984375,0.86029052734375,0.0901336669921875,-0.3356853127479553,0.30324801802635193,-0.4983370900154114
432,0.9215,1.1984,0,0,0.556671142578125,0.8184967041015625,-0.0006561279296875,-0.3908843994140625,-0.4695914685726166,-0.5384536385536194
433,0.9105,1.1264,0,0,0.6065521240234375,0.7600860595703125,-0.06475830078125,-0.4736788868904114,-0.025125060230493546,-0.6065634489059448
434,0.8974,1.0439,0,0,0.6038055419921875,0.709930419921875,-0.0381622314453125,-0.6132213473320007,0.6060752868652344,-0.6136000156402588
435,0.8859,0.9563,0,0,0.5849151611328125,0.70050048828125,0.02288818359375,-0.5653784275054932,0.4795929789543152,-0.5268744826316833
436,0.8803,0.8701,0,0,0.5517120361328125,0.678863525390625,-0.0553741455078125,-0.5693492293357849,0.26374322175979614,-0.5043523907661438
437,0.8851,0.7931,0,0,0.520721435546875,0.6914825439453125,-0.048370361328125,-0.5889327526092529,0.5634375214576721,-0.5541825294494629
438,0.904,0.7342,0,0,0.45770263671875,0.7346954345703125,-0.01953125,-0.5810194611549377,0.45444127917289734,-0.5846951603889465
439,0.9396,0.703,0,0,0.44683837890625,0.8089599609375,-0.0309906005859375,-0.5989475846290588,0.4017775356769562,-0.6382462382316589
440,0.9929,0.7095,0,0,0.4406280517578125,0.81787109375,-0.0241241455078125,-0.7276784181594849,0.4209592044353485,-0.5713079571723938
441,1.0626,0.7629,0,0,0.429779052734375,0.7994537353515625,-0.0656585693359375,-0.8634631037712097,0.4692250192165375,-0.5235058069229126
442,1.1455,0.8706,0,0,0.573883056640625,0.771392822265625,-0.1282806396484375,-0.6905984282493591,0.5332303643226624,-0.6076406836509705
443,1.2364,1.0362,0,0,0.832244873046875,0.8297119140625,-0.0462493896484375,-0.43433094024658203,0.603127658367157,-0.43602684140205383
444,1.3288,1.2587,0,0,0.931182861328125,0.8957061767578125,0.07586669921875,-0.44244691729545593,0.3014812767505646,-0.27635595202445984
445,1.4153,1.531,0,0,1.11895751953125,1.0807647705078125,0.0926666259765625,-0.46445050835609436,-0.585557222366333,0.0688088908791542
446,1.4886,1.8394,0,0,1.236297607421875,1.2454681396484375,-0.0355987548828125,-0.25976261496543884,-1.2650859355926514,0.7249841094017029
447,1.542,2.1648,0,0,1.022064208984375,1.2467803955078125,-0.1974029541015625,0.22044847905635834,-0.9489482045173645,1.2954691648483276
448,1.5705,2.4836,0,0,0.7042388916015625,1.2256622314453125,-0.322052001953125,1.0552788972854614,-0.26778218150138855,1.5403339862823486
449,1.5708,2.7712,0,0,0.3224334716796875,1.296142578125,-0.6200103759765625,2.22910475730896,0.8113828897476196,1.65341317653656
450,1.5419,3.0044,0,0,-0.0244293212890625,1.7199554443359375,-0.691497802734375,3.455972909927368,2.013878107070923,1.6336114406585693
451,1.4849,3.1647,0,0,-0.1807098388671875,1.7017974853515625,-0.3764801025390625,3.745666980743408,2.574603319168091,1.4042915105819702
452,1.4029,3.2408,0,0,0.0299072265625,1.2527618408203125,0.0146942138671875,3.2509958744049072,2.051992654800415,1.0210248231887817
453,1.3008,3.2298,0,0,0.217559814453125,0.9430999755859375,0.0871734619140625,2.7921454906463623,1.0463753938674927,0.5511840581893921
454,1.1844,3.1368,0,0,0.420440673828125,0.810699462890625,0.1434326171875,2.410675525665283,0.20276004076004028,0.16304831206798553
455,1.0605,2.9741,0,0,0.5360260009765625,0.7808837890625,0.216796875,1.8340373039245605,-0.8478063941001892,0.04388463497161865
456,0.936,2.7588,0,0,0.661376953125,0.7501068115234375,0.147247314453125,1.189647912979126,-1.9746109247207642,0.16226933896541595
457,0.8184,2.5111,0,0,0.7509307861328125,0.6847076416015625,-0.2257843017578125,0.8452974557876587,-2.6158699989318848,0.5138787627220154
458,0.7147,2.252,0,0,0.5223846435546875,0.6414337158203125,-0.28753662109375,0.9629146456718445,-2.3894805908203125,0.7123060822486877
459,0.6321,2.0017,0,0,0.318603515625,0.6219635009765625,-0.1396484375,0.8368890285491943,-2.1159183979034424,0.7406690120697021
460,0.5768,1.7777,0,0,0.155517578125,0.633056640625,-0.0401763916015625,0.4612773358821869,-1.7446397542953491,0.6012248396873474
461,0.5541,1.5939,0,0,0.1823272705078125,0.633544921875,0.0045166015625,-0.019303923472762108,-1.3197989463806152,0.4737324118614197
462,0.5675,1.4591,0,0,0.2171173095703125,0.6087188720703125,-0.019622802734375,-0.37773317098617554,-0.9551576375961304,0.42919957637786865
463,0.6182,1.3764,0,0,0.220947265625,0.5698699951171875,-0.0380401611328125,-0.658103346824646,-0.604612410068512,0.39231106638908386
464,0.7042,1.343,0,0,0.1929168701171875,0.5023040771484375,-0.002777099609375,-0.8126732110977173,-0.18414826691150665,0.234182670712471
465,0.8202,1.3506,0,0,0.176055908203125,0.441131591796875,-0.00506591796875,-0.9579132199287415,0.08409810066223145,0.05019685626029968
466,0.9575,1.3869,0,0,0.11871337890625,0.41876220703125,-0.036346435546875,-1.174924612045288,0.23971059918403625,-0.15776965022087097
467,1.1046,1.4376,0,0,0.0872650146484375,0.5040283203125,-0.1654205322265625,-1.4939804077148438,0.5178133249282837,-0.5034804344177246
468,1.2484,1.4883,0,0,0.0187225341796875,0.6381988525390625,-0.5860748291015625,-2.006136655807495,1.15828275680542,-0.9134080410003662
469,1.3755,1.5272,0,0,0.33319091796875,0.9771575927734375,-1.468841552734375,-1.6344079971313477,0.7389917969703674,-1.4189261198043823
470,1.4746,1.5462,0,0,1.903228759765625,1.6116485595703125,-1.8293304443359375,0.5134859681129456,-0.9685062170028687,-0.5784209966659546
471,1.5373,1.5421,0,0,1.86834716796875,0.729156494140625,-0.690460205078125,0.890931248664856,-1.6103192567825317,1.0059521198272705
472,1.5602,1.5166,0,0,0.8332366943359375,0.6237030029296875,-0.6003570556640625,0.7325442433357239,0.02743428759276867,1.0123229026794434
473,1.5444,1.4754,0,0,0.2272186279296875,0.9721832275390625,-0.339874267578125,0.6341590881347656,1.2314611673355103,0.1597968488931656
474,1.4953,1.427,0,0,0.2545166015625,1.5867767333984375,-0.304443359375,0.2927929759025574,1.2841107845306396,-0.5524218678474426
475,1.4216,1.3807,0,0,0.309661865234375,1.832550048828125,0.2010345458984375,-0.40062037110328674,0.4764445722103119,-0.6073850393295288
476,1.3336,1.3454,0,0,0.2588958740234375,1.2041473388671875,0.364227294921875,-1.2189717292785645,-0.18220096826553345,-0.06389136612415314
477,1.2415,1.3277,0,0,0.11334228515625,0.552276611328125,0.399322509765625,-1.2189717292785645,-0.18220096826553345,-0.06389136612415314
478,1.1544,1.3312,0,0,0.0905914306640625,0.4126739501953125,0.1127166748046875,-1.6711724996566772,-0.2870109975337982,-0.06732204556465149
479,1.0788,1.3556,0,0,0.2740325927734375,0.640350341796875,0.0941162109375,-1.0292664766311646,-0.18550541996955872,-0.04596482962369919
480,1.0183,1.3974,0,0,0.413360595703125,0.9781341552734375,0.1677093505859375,-0.5345818996429443,-0.7098293900489807,0.008251804858446121
481,0.9736,1.4499,0,0,0.500213623046875,1.2325897216796875,0.1768646240234375,-0.41066983342170715,-0.9321526885032654,0.0768793374300003
482,0.9431,1.5043,0,0,0.4705963134765625,1.273712158203125,0.0959014892578125,-0.4874096214771271,-0.4970369338989258,0.0935099795460701
483,0.9241,1.5514,0,0,0.3372039794921875,1.006866455078125,-0.225250244140625,-1.026180386543274,1.9579970836639404,-0.10583961009979248
484,0.913,1.5831,0,0,0.09246826171875,0.766571044921875,-0.6886138916015625,-0.9589646458625793,4.182151794433594,-0.43999576568603516
485,0.9065,1.5937,0,0,0.150634765625,0.8288116455078125,-0.205718994140625,-0.12248969823122025,1.8473272323608398,-0.52630215883255
486,0.9019,1.5801,0,0,0.205810546875,0.7388916015625,-0.000885009765625,0.2538977861404419,-0.17862194776535034,-0.6823436617851257
487,0.8975,1.5422,0,0,0.4004669189453125,0.6407470703125,-0.0465545654296875,-0.197401225566864,0.1031586080789566,-0.7089358568191528
488,0.8923,1.4817,0,0,0.5306396484375,0.648834228515625,0.109954833984375,-0.8098984360694885,0.33770453929901123,-0.5772526860237122
489,0.8864,1.4014,0,0,0.56781005859375,0.682037353515625,-0.008758544921875,-0.7841347455978394,0.2534855306148529,-0.5775887966156006
490,0.881,1.3049,0,0,0.632568359375,0.74102783203125,-0.1316070556640625,-0.49268001317977905,0.6823460459709167,-0.6021543145179749
491,0.8777,1.1958,0,0,0.657806396484375,0.7076263427734375,-0.0416412353515625,-0.4961889982223511,0.9624565839767456,-0.5593152046203613
492,0.879,1.0785,0,0,0.63494873046875,0.698486328125,-0.013641357421875,-0.6697221398353577,0.9966043829917908,-0.5379502773284912
493,0.8875,0.9582,0,0,0.6026153564453125,0.688018798828125,-0.0706634521484375,-0.7571380138397217,0.9167412519454956,-0.5666834115982056
494,0.9059,0.8421,0,0,0.5394439697265625,0.6877899169921875,-0.1201171875,-0.808214008808136,0.7861654162406921,-0.5816628932952881
495,0.9363,0.7388,0,0,0.509124755859375,0.81988525390625,-0.1063385009765625,-0.8446667790412903,0.32495519518852234,-0.4708833694458008
496,0.9799,0.6587,0,0,0.3690643310546875,0.807830810546875,-0.1259765625,-0.839076042175293,0.0771120935678482,-0.37787166237831116
497,1.0364,0.6125,0,0,0.2719268798828125,0.8404388427734375,-0.1961822509765625,-0.6314719915390015,0.19328051805496216,-0.3903171420097351
498,1.1042,0.6107,0,0,0.3959808349609375,0.8949432373046875,-0.1669158935546875,-0.20811298489570618,0.0528874509036541,-0.46559566259384155
499,1.18,0.6611,0,0,0.6076202392578125,0.90643310546875,-0.026519775390625,-0.06226763501763344,-0.06246897205710411,-0.5082941055297852
500,1.2591,0.7678,0,0,0.7596435546875,0.906829833984375,0.0763702392578125,-0.15270060300827026,-0.16143576800823212,-0.3275032937526703
501,1.3356,0.9296,0,0,0.907867431640625,0.9698638916015625,0.10223388671875,-0.273725301027298,-0.2960470914840698,0.08703183382749557
502,1.4035,1.1398,0,0,1.018585205078125,1.0785064697265625,0.0820770263671875,-0.273725301027298,-0.2960470914840698,0.08703183382749557
503,1.4569,1.3856,0,0,1.1038970947265625,1.1742401123046875,0.0088653564453125,0.06594599038362503,-0.7846146821975708,0.7942041754722595
504,1.4906,1.6504,0,0,1.1949615478515625,1.20904541015625,-0.1764068603515625,0.49772191047668457,-0.10073672980070114,1.0543659925460815
505,1.5011,1.9147,0,0,0.87762451171875,1.072967529296875,-0.457916259765625,1.418605923652649,1.1437389850616455,1.4307793378829956
506,1.4866,2.1596,0,0,0.493316650390625,1.1753997802734375,-0.615936279296875,1.418605923652649,1.1437389850616455,1.4307793378829956
507,1.4469,2.3687,0,0,0.1591033935546875,1.4429473876953125,-0.511749267578125,3.615774393081665,1.5842164754867554,1.7079219818115234
508,1.384,2.5303,0,0,-0.0121612548828125,1.5012359619140625,-0.14532470703125,3.0633771419525146,1.4061030149459839,1.4406788349151611
509,1.3013,2.6382,0,0,0.101898193359375,1.186004638671875,0.0813140869140625,2.2572782039642334,0.5534642338752747,0.7825847864151001
510,1.2035,2.6922,0,0,0.2952423095703125,0.96258544921875,0.063812255859375,1.8421021699905396,-0.2109772115945816,0.4008062779903412
511,1.0962,2.6961,0,0,0.39935302734375,0.8680877685546875,0.0879669189453125,1.8421021699905396,-0.2109772115945816,0.4008062779903412
512,0.9856,2.657,0,0,0.5506744384765625,0.7640228271484375,0.0277252197265625,1.2243534326553345,-1.3323498964309692,0.30234575271606445
513,0.8782,2.5834,0,0,0.62841796875,0.7051849365234375,0.0254058837890625,0.9922906160354614,-2.016522169113159,0.542601466178894
514,0.7806,2.4841,0,0,0.61517333984375,0.6600494384765625,-0.0142364501953125,0.7324803471565247,-2.5243959426879883,0.7576562762260437
515,0.6989,2.3679,0,0,0.5090484619140625,0.6246490478515625,-0.0758819580078125,0.47822675108909607,-2.5061068534851074,0.8722358345985413
516,0.6393,2.243,0,0,0.379913330078125,0.630615234375,-0.03900146484375,0.12743571400642395,-2.3759570121765137,0.9075437784194946
517,0.6066,2.1174,0,0,0.314971923828125,0.6166229248046875,0.0399322509765625,0.12743571400642395,-2.3759570121765137,0.9075437784194946
518,0.6048,1.9984,0,0,0.25897216796875,0.661468505859375,-0.03106689453125,-0.5618087649345398,-2.1130189895629883,0.808666467666626
519,0.6357,1.8927,0,0,0.1038818359375,0.646148681640625,-0.1406097412109375,-0.5618087649345398,-2.1130189895629883,0.808666467666626
520,0.6991,1.8054,0,0,0.02923583984375,0.586090087890625,-0.1209716796875,-0.6408718824386597,-0.699428141117096,0.13024215400218964
521,0.7917,1.7398,0,0,0.0363616943359375,0.5499114990234375,-0.0552978515625,-0.8299797177314758,0.009425992146134377,-0.11018030345439911
522,0.9075,1.6968,0,0,0.04730224609375,0.5615081787109375,-0.066741943359375,-1.1437851190567017,0.37533047795295715,-0.32451921701431274
523,1.0377,1.6748,0,0,0.00421142578125,0.5572052001953125,-0.186004638671875,-1.5369030237197876,0.6085501313209534,-0.7439103722572327
524,1.1715,1.6703,0,0,0.049530029296875,0.6305999755859375,-0.511322021484375,-1.714179277420044,1.3811107873916626,-1.2711718082427979
525,1.2972,1.6782,0,0,0.49530029296875,0.879302978515625,-0.9711456298828125,-1.096856713294983,1.9914239645004272,-1.1462684869766235
526,1.4038,1.693,0,0,1.1503753662109375,1.0738677978515625,-1.0644683837890625,0.02786092646420002,0.9076346158981323,-0.37429264187812805
527,1.4823,1.7094,0,0,1.856781005859375,1.1578521728515625,-1.1549835205078125,1.0654202699661255,-0.8503785133361816,0.35357484221458435
528,1.527,1.7226,0,0,1.6147613525390625,0.8579864501953125,-0.7384185791015625,0.5470519065856934,-1.2655344009399414,0.8211063742637634
529,1.5363,1.7291,0,0,0.9463348388671875,0.5925140380859375,-0.49847412109375,0.00010519486386328936,-1.7434914112091064,0.9161055684089661
530,1.5122,1.7264,0,0,0.760650634765625,0.71490478515625,-0.2065582275390625,-0.3853577971458435,-1.680531620979309,0.5981363654136658
531,1.4605,1.7138,0,0,0.7067413330078125,1.0516815185546875,-0.17584228515625,-0.3853577971458435,-1.680531620979309,0.5981363654136658
532,1.3889,1.692,0,0,0.5030975341796875,1.4095458984375,0.196441650390625,-0.941368579864502,0.7723302841186523,-0.5217254757881165
533,1.3064,1.663,0,0,0.3892974853515625,1.67877197265625,0.3795928955078125,-1.6043894290924072,0.912665843963623,-0.4706908166408539
534,1.2219,1.6302,0,0,0.2154693603515625,1.1876068115234375,0.1845245361328125,-1.8848061561584473,0.5418826937675476,0.04571076110005379
535,1.1432,1.5973,0,0,0.064300537109375,0.6430206298828125,0.0513153076171875,-1.7764335870742798,0.09419707208871841,0.49197372794151306
536,1.076,1.568,0,0,-0.057861328125,0.4166107177734375,-0.0040435791015625,-1.4163974523544312,-0.28079384565353394,0.5331587195396423
537,1.0233,1.5453,0,0,-0.5163421630859375,0.5569000244140625,-0.3337249755859375,-0.3100457489490509,-1.3863279819488525,-0.3302817642688751
538,0.9857,1.5305,0,0,0.1638641357421875,1.0117645263671875,0.0045318603515625,0.07072716951370239,-1.4140669107437134,-0.1211506575345993
539,0.9615,1.5228,0,0,0.2654571533203125,1.292510986328125,0.0894317626953125,0.015985891222953796,-0.40760213136672974,-0.036861877888441086
540,0.9475,1.5192,0,0,0.3375091552734375,1.3206939697265625,0.088714599609375,0.015985891222953796,-0.40760213136672974,-0.036861877888441086
541,0.9398,1.5151,0,0,0.425018310546875,1.0813140869140625,0.0453338623046875,-0.4428136348724365,1.9735839366912842,-0.29838404059410095
542,0.9351,1.5049,0,0,0.4182281494140625,0.854400634765625,-0.0111083984375,-0.7543310523033142,2.507660388946533,-0.342879056930542
543,0.9304,1.4837,0,0,0.3968048095703125,0.595855712890625,-0.303924560546875,-0.7543310523033142,2.507660388946533,-0.342879056930542
544,0.924,1.4477,0,0,0.4197235107421875,0.5385894775390625,-0.4571380615234375,-0.24640950560569763,1.9711432456970215,-0.6209482550621033
545,0.9152,1.3952,0,0,0.51153564453125,0.624176025390625,-0.070465087890625,0.015168299898505211,-0.0198016669601202,-0.48541250824928284
546,0.9043,1.3266,0,0,0.54339599609375,0.6890869140625,0.0179290771484375,0.015168299898505211,-0.0198016669601202,-0.48541250824928284
547,0.8927,1.2439,0,0,0.5534515380859375,0.7196807861328125,0.1051483154296875,-0.23560932278633118,-0.6843295693397522,-0.4907929003238678
548,0.8824,1.1503,0,0,0.4914703369140625,0.7620697021484375,0.0400543212890625,-0.7517898678779602,-0.34820377826690674,-0.5510416030883789
549,0.8761,1.0501,0,0,0.536224365234375,0.7902679443359375,-0.03253173828125,-0.6403318047523499,0.2585703134536743,-0.5275564789772034
550,0.8769,0.9492,0,0,0.5246429443359375,0.775634765625,-0.0928955078125,-0.6403318047523499,0.2585703134536743,-0.5275564789772034
551,0.8879,0.8547,0,0,0.5290374755859375,0.7971954345703125,-0.104705810546875,-0.6078020930290222,1.6347007751464844,-0.4900059103965759
552,0.9117,0.7754,0,0,0.527557373046875,0.807403564453125,-0.0779571533203125,-0.5920529365539551,1.3457651138305664,-0.5034692883491516
553,0.9505,0.7216,0,0,0.5182037353515625,0.7675628662109375,-0.0468902587890625,-0.5309967398643494,0.4766666889190674,-0.5084624290466309
554,1.0051,0.7043,0,0,0.4936370849609375,0.7053985595703125,-0.0737457275390625,-0.6190789341926575,0.01152695994824171,-0.4704769551753998
555,1.0746,0.7333,0,0,0.5807037353515625,0.73828125,-0.1351165771484375,-0.53281569480896,0.09810632467269897,-0.4799748659133911
556,1.1565,0.8163,0,0,0.8021392822265625,0.7923431396484375,-0.07275390625,-0.344143271446228,0.1464432328939438,-0.2414429783821106
557,1.2465,0.9564,0,0,0.804931640625,0.7809906005859375,0.0008087158203125,-0.39235740900039673,0.0864131823182106,-0.2675637900829315
558,1.3386,1.1511,0,0,0.9172210693359375,0.84832763671875,0.06549072265625,-0.39235740900039673,0.0864131823182106,-0.2675637900829315
559,1.4257,1.392,0,0,1.1214599609375,1.0196380615234375,-0.010955810546875,-0.5249412655830383,-0.753147542476654,0.40964582562446594
560,1.5002,1.6643,0,0,1.1657562255859375,1.0713653564453125,-0.2439727783203125,0.1390811949968338,-0.518757700920105,0.8830898404121399
561,1.5548,1.949,0,0,1.0029754638671875,1.0787200927734375,-0.171051025390625,0.9762155413627625,-0.7253926396369934,1.2876015901565552
562,1.5831,2.2248,0,0,0.8907318115234375,1.16204833984375,-0.384857177734375,1.919858694076538,0.03750050440430641,1.8020130395889282
563,1.5807,2.4709,0,0,0.49609375,1.4360198974609375,-0.4423980712890625,2.8607089519500732,0.6420508623123169,1.9188144207000732
564,1.5454,2.6693,0,0,0.16522216796875,1.841217041015625,-0.429107666015625,3.2705132961273193,1.099406361579895,1.6771703958511353
565,1.4776,2.8073,0,0,-0.12457275390625,1.75189208984375,-0.1540069580078125,2.851161479949951,1.1624815464019775,1.1874539852142334
566,1.3808,2.8781,0,0,0.102081298828125,1.4040985107421875,0.017974853515625,2.3870456218719482,0.8063423037528992,0.9235935807228088
567,1.2609,2.8813,0,0,0.1184539794921875,1.011138916015625,0.019287109375,2.128298044204712,0.1631428450345993,0.41358038783073425
568,1.1257,2.8221,0,0,0.340484619140625,0.8331451416015625,0.0366363525390625,1.86134934425354,-0.7630622386932373,0.1746985763311386
569,0.9849,2.7098,0,0,0.6263427734375,0.72845458984375,0.10174560546875,1.86134934425354,-0.7630622386932373,0.1746985763311386
570,0.8483,2.5567,0,0,0.6199493408203125,0.6025238037109375,-0.035552978515625,1.355165719985962,-2.8820929527282715,0.41061389446258545
571,0.7262,2.3773,0,0,0.53692626953125,0.5428466796875,-0.0710906982421875,1.0337235927581787,-2.7173080444335938,0.5730366110801697
572,0.6277,2.1866,0,0,0.4007568359375,0.5447235107421875,-0.06536865234375,0.5727546215057373,-2.2427868843078613,0.7861984372138977
573,0.5609,1.9996,0,0,0.244873046875,0.555023193359375,-0.022552490234375,0.15613394975662231,-2.003927707672119,0.7500039339065552
574,0.5318,1.8297,0,0,0.1677398681640625,0.609832763671875,-0.0467071533203125,-0.07268352806568146,-1.770356297492981,0.5878986716270447
575,0.5438,1.6878,0,0,0.1541290283203125,0.6328125,-0.066162109375,-0.23905332386493683,-1.488276720046997,0.4726082980632782
576,0.5975,1.5813,0,0,0.1151123046875,0.6086883544921875,-0.10345458984375,-0.35966044664382935,-0.9844158887863159,0.25561580061912537
577,0.6901,1.513,0,0,0.1099090576171875,0.5988006591796875,-0.1059112548828125,-0.5264001488685608,-0.21443720161914825,0.02640683948993683
578,0.8152,1.4815,0,0,0.122467041015625,0.57281494140625,-0.08953857421875,-0.7960391044616699,0.41184186935424805,-0.21299909055233002
579,0.9633,1.4816,0,0,0.08477783203125,0.497314453125,-0.1208648681640625,-0.7960391044616699,0.41184186935424805,-0.21299909055233002
580,1.1221,1.5056,0,0,0.0894775390625,0.5125274658203125,-0.237060546875,-1.8187613487243652,1.5898610353469849,-1.0483157634735107
581,1.2778,1.5451,0,0,0.13006591796875,0.6817169189453125,-0.5496826171875,-2.059216022491455,1.9954540729522705,-1.4503276348114014
582,1.4163,1.5928,0,0,0.59881591796875,0.9207305908203125,-1.3197479248046875,-0.9299098253250122,0.9901619553565979,-1.307403564453125
583,1.5254,1.643,0,0,1.613006591796875,1.2120208740234375,-1.383697509765625,0.8878920674324036,-0.4188784956932068,0.026165025308728218
584,1.5963,1.6928,0,0,2.14361572265625,1.0830078125,-0.757110595703125,0.9381405711174011,-1.4813129901885986,0.8509441614151001
585,1.6245,1.7409,0,0,1.5834197998046875,0.656341552734375,-0.6570892333984375,0.32316553592681885,-1.6177231073379517,1.3322184085845947
586,1.6104,1.7873,0,0,0.6757354736328125,0.7870330810546875,-0.619598388671875,0.182852640748024,-0.122836172580719,1.0836373567581177
587,1.5591,1.8322,0,0,0.4901275634765625,1.1810455322265625,-0.2581634521484375,0.05866650864481926,0.7015288472175598,0.47294652462005615
588,1.479,1.8748,0,0,0.3314971923828125,1.404937744140625,-0.0548248291015625,-0.24470588564872742,1.4050939083099365,-0.20793375372886658
589,1.3807,1.9137,0,0,0.1114654541015625,1.4992218017578125,0.4471588134765625,-1.325630784034729,1.440032958984375,-0.8028913736343384
590,1.2752,1.9462,0,0,0.1393280029296875,1.1729583740234375,0.3712921142578125,-2.126394033432007,0.7232996225357056,-0.5166873335838318
591,1.1727,1.9694,0,0,0.08587646484375,0.6795806884765625,0.2230987548828125,-2.1267590522766113,-0.719296395778656,0.009108809754252434
592,1.0811,1.9803,0,0,-0.0399017333984375,0.4654083251953125,0.1703643798828125,-1.5609670877456665,-1.9043625593185425,-0.14220161736011505
593,1.0056,1.9771,0,0,0.1188812255859375,0.68072509765625,0.0859832763671875,-0.8003286123275757,-2.3189024925231934,-0.352853387594223
594,0.9484,1.9589,0,0,0.34527587890625,1.061767578125,0.0933380126953125,-0.4073413908481598,-1.8969608545303345,-0.32922741770744324
595,0.9092,1.9258,0,0,0.46002197265625,1.298583984375,0.10003662109375,-0.4318099915981293,-0.9348055124282837,-0.04220178350806236
596,0.8856,1.8787,0,0,0.408538818359375,1.1656036376953125,0.058441162109375,-0.6516379714012146,0.17018185555934906,0.09463782608509064
597,0.8744,1.819,0,0,0.27728271484375,0.84979248046875,-0.2760162353515625,-1.1814013719558716,2.348182201385498,-0.13777810335159302
598,0.8721,1.7486,0,0,0.146392822265625,0.740142822265625,-0.588623046875,-1.1814013719558716,2.348182201385498,-0.13777810335159302
599,0.8752,1.6695,0,0,0.2141571044921875,0.7693634033203125,-0.3488311767578125,-0.0986594632267952,1.9088470935821533,-0.4481208026409149
600,0.8813,1.5838,0,0,0.259185791015625,0.6490936279296875,-0.122711181640625,-0.0986594632267952,1.9088470935821533,-0.4481208026409149
601,0.8881,1.4932,0,0,0.31121826171875,0.602203369140625,-0.0087738037109375,-0.08624034374952316,0.09807330369949341,-0.6590639352798462
602,0.8947,1.3992,0,0,0.4249114990234375,0.681182861328125,0.040374755859375,-0.3719799518585205,0.22222374379634857,-0.6249126195907593
603,0.9006,1.3023,0,0,0.512298583984375,0.7603302001953125,0.0509796142578125,-0.4320712387561798,0.22058376669883728,-0.5048533082008362
604,0.9061,1.2029,0,0,0.5839385986328125,0.8256378173828125,-0.00823974609375,-0.4647013545036316,0.48879072070121765,-0.5076403021812439
605,0.9126,1.1012,0,0,0.64013671875,0.8619537353515625,-0.0423583984375,-0.6431451439857483,1.0255458354949951,-0.6374635696411133
606,0.922,0.9989,0,0,0.6386566162109375,0.801666259765625,-0.0200042724609375,-0.6779268383979797,1.0255188941955566,-0.7218689918518066
607,0.9367,0.9002,0,0,0.6258087158203125,0.738555908203125,-0.0381622314453125,-0.8171350359916687,1.1229807138442993,-0.7322800755500793
608,0.9594,0.8121,0,0,0.6389617919921875,0.7463226318359375,-0.060516357421875,-0.8809047341346741,0.987911581993103,-0.642417311668396
609,0.9927,0.7447,0,0,0.581512451171875,0.74713134765625,-0.1138763427734375,-0.8809047341346741,0.987911581993103,-0.642417311668396
610,1.0382,0.7102,0,0,0.5379180908203125,0.818634033203125,-0.265533447265625,-0.7943090796470642,0.5037872791290283,-0.48770150542259216
611,1.0963,0.7213,0,0,0.558258056640625,0.82440185546875,-0.2165069580078125,0.07607213407754898,0.20369666814804077,-0.2557651996612549
612,1.1658,0.7885,0,0,0.6898193359375,0.8262481689453125,0.0036468505859375,0.1293201744556427,-0.02226828783750534,-0.1041109561920166
613,1.2437,0.9178,0,0,0.7534942626953125,0.8030548095703125,0.071685791015625,-0.11262428015470505,-0.045274537056684494,-0.0028762139845639467
614,1.325,1.109,0,0,0.8150787353515625,0.796478271484375,0.0959625244140625,-0.32813021540641785,-0.14958177506923676,0.20001192390918732
615,1.4034,1.3543,0,0,0.9478302001953125,0.899200439453125,0.069061279296875,-0.41944199800491333,-0.5358160138130188,0.5850543975830078
616,1.4717,1.6389,0,0,1.0783233642578125,1.0526275634765625,-0.056060791015625,-0.19225093722343445,-0.7314472794532776,1.0613000392913818
617,1.5226,1.9425,0,0,1.0650482177734375,1.1912384033203125,-0.2688446044921875,0.5692781209945679,-0.3409237563610077,1.296425223350525
618,1.5496,2.2417,0,0,0.928558349609375,1.352294921875,-0.5155792236328125,1.7518627643585205,0.8320343494415283,1.5824081897735596
619,1.548,2.5136,0,0,0.5103302001953125,1.4362335205078125,-0.49346923828125,3.0008416175842285,1.2683240175247192,1.7013700008392334
620,1.5154,2.7387,0,0,0.1205902099609375,1.6839141845703125,-0.5505523681640625,3.6148664951324463,1.57982337474823,1.637805461883545
621,1.452,2.9033,0,0,-0.198516845703125,1.65570068359375,-0.25543212890625,3.1087403297424316,1.636692762374878,1.2787418365478516
622,1.3612,3.0008,0,0,0.0643157958984375,1.3009490966796875,0.0217437744140625,2.474663496017456,0.8467110395431519,0.9034728407859802
623,1.2485,3.0319,0,0,0.1173858642578125,0.9778900146484375,0.053924560546875,2.474663496017456,0.8467110395431519,0.9034728407859802
624,1.1215,3.0029,0,0,0.3699798583984375,0.8389434814453125,0.0986785888671875,1.6918737888336182,-0.8894140124320984,0.005981726106256247
625,0.9891,2.9243,0,0,0.6083221435546875,0.7098236083984375,0.006011962890625,1.475676417350769,-1.7475029230117798,0.11206528544425964
626,0.8609,2.8088,0,0,0.69635009765625,0.6235504150390625,-0.0677337646484375,1.475676417350769,-1.7475029230117798,0.11206528544425964
627,0.7463,2.6699,0,0,0.6465911865234375,0.5774383544921875,-0.0378570556640625,1.095513939857483,-2.7352023124694824,0.6195372939109802
628,0.6539,2.5204,0,0,0.4795379638671875,0.5309600830078125,0.015716552734375,0.4788685739040375,-2.7250916957855225,0.8128918409347534
629,0.5913,2.3718,0,0,0.334259033203125,0.51025390625,0.0225372314453125,-0.039692819118499756,-2.7590341567993164,0.9274160265922546
630,0.5639,2.2341,0,0,0.2433013916015625,0.536163330078125,0.0413055419921875,-0.459180623292923,-2.5386221408843994,0.9080662727355957
631,0.5747,2.1151,0,0,0.1640625,0.5946807861328125,0.0054473876953125,-0.745980978012085,-1.8898957967758179,0.7482824921607971
632,0.6241,2.0197,0,0,0.1027374267578125,0.606353759765625,-0.0691680908203125,-0.8857090473175049,-1.1890069246292114,0.4584117829799652
633,0.7091,1.9498,0,0,0.0839080810546875,0.635528564453125,-0.08453369140625,-0.8857090473175049,-1.1890069246292114,0.4584117829799652
634,0.8237,1.9039,0,0,0.0980682373046875,0.6423492431640625,-0.129058837890625,-0.9815000295639038,0.29801544547080994,-0.10584041476249695
635,0.959,1.8777,0,0,0.075164794921875,0.6065673828125,-0.1394805908203125,-0.9815000295639038,0.29801544547080994,-0.10584041476249695
636,1.1037,1.8645,0,0,0.0207977294921875,0.575836181640625,-0.2190399169921875,-1.789719581604004,1.1699210405349731,-0.7112946510314941
637,1.2454,1.8573,0,0,-0.051177978515625,0.615692138671875,-0.676116943359375,-2.048788070678711,1.7637969255447388,-1.4392579793930054
638,1.3718,1.8498,0,0,0.5228118896484375,0.9760589599609375,-1.2333984375,-0.9820531606674194,1.7785532474517822,-1.3196051120758057
639,1.4723,1.8379,0,0,1.3018798828125,1.27581787109375,-1.2012786865234375,-0.9820531606674194,1.7785532474517822,-1.3196051120758057
640,1.5393,1.8205,0,0,2.0424957275390625,1.2511749267578125,-1.0352020263671875,1.2060540914535522,-0.599540650844574,0.46583348512649536
641,1.5693,1.7996,0,0,1.500823974609375,0.7195587158203125,-0.63812255859375,0.5441988706588745,-1.312416911125183,0.926948070526123
642,1.5629,1.7791,0,0,0.7737884521484375,0.5457916259765625,-0.5652313232421875,0.18401165306568146,-1.8767836093902588,0.952578067779541
643,1.5245,1.7644,0,0,0.5929718017578125,0.837646484375,-0.2411041259765625,-0.09715531021356583,-1.657156229019165,0.48848047852516174
644,1.4613,1.7604,0,0,0.5666656494140625,1.1503143310546875,-0.150634765625,-0.17504851520061493,-0.03826030343770981,-0.043408460915088654
645,1.3819,1.771,0,0,0.3261566162109375,1.2970428466796875,0.3325958251953125,-0.9095249176025391,0.8219385743141174,-0.41001787781715393
646,1.2953,1.798,0,0,0.2515716552734375,1.4964141845703125,0.51422119140625,-2.0127601623535156,0.8915384411811829,-0.42864030599594116
647,1.2094,1.8412,0,0,0.1757965087890625,1.08721923828125,0.2423553466796875,-2.5766634941101074,0.6420964002609253,0.06148945912718773
648,1.1307,1.8983,0,0,0.1024932861328125,0.7133331298828125,0.00555419921875,-2.5766634941101074,0.6420964002609253,0.06148945912718773
649,1.0635,1.9651,0,0,0.0065155029296875,0.6345062255859375,-0.1502532958984375,-2.3636398315429688,0.2802947759628296,0.6309004426002502
650,1.0097,2.0358,0,0,-0.420318603515625,0.7788543701171875,-0.33880615234375,0.2749199867248535,-1.1211063861846924,-0.5505297183990479
651,0.9692,2.103,0,0,0.2100677490234375,1.1551513671875,0.028411865234375,0.6486719846725464,-1.5014257431030273,-0.5208812952041626
652,0.9402,2.1577,0,0,0.3868255615234375,1.316925048828125,0.1040191650390625,0.36001092195510864,-0.5055566430091858,-0.205119326710701
653,0.9204,2.1902,0,0,0.430206298828125,1.099609375,0.0137939453125,-0.13352210819721222,1.4219242334365845,-0.2487885057926178
654,0.907,2.1908,0,0,0.4451751708984375,0.8257904052734375,-0.0777130126953125,-0.6062699556350708,3.1977484226226807,-0.3636631667613983
655,0.8976,2.1517,0,0,0.409881591796875,0.7389068603515625,0.0126800537109375,-0.6062699556350708,3.1977484226226807,-0.3636631667613983
656,0.8903,2.0682,0,0,0.4116363525390625,0.6036224365234375,-0.0026092529296875,-0.6431344747543335,2.6665337085723877,-0.5421625971794128
657,0.8839,1.94,0,0,0.4471588134765625,0.500946044921875,-0.22039794921875,-0.6431344747543335,2.6665337085723877,-0.5421625971794128
658,0.8779,1.7716,0,0,0.462554931640625,0.5698394775390625,-0.1432037353515625,-0.32462868094444275,0.5352879166603088,-0.5562549829483032
659,0.8724,1.5715,0,0,0.528350830078125,0.6960906982421875,-0.028228759765625,-0.32462868094444275,0.5352879166603088,-0.5562549829483032
660,0.8684,1.352,0,0,0.58380126953125,0.82635498046875,0.0258941650390625,-0.5957747101783752,-0.7376782894134521,-0.4932917356491089
661,0.8673,1.1275,0,0,0.5777130126953125,0.830657958984375,-0.0337677001953125,-0.5722041130065918,-0.36631354689598083,-0.4726431667804718
662,0.8715,0.9136,0,0,0.5757904052734375,0.795745849609375,-0.055816650390625,-0.6094644069671631,0.2834452986717224,-0.5310476422309875
663,0.8836,0.7264,0,0,0.562286376953125,0.7465972900390625,-0.0570831298828125,-0.6094644069671631,0.2834452986717224,-0.5310476422309875
664,0.9064,0.5816,0,0,0.4959564208984375,0.761383056640625,-0.0791473388671875,-0.9281483888626099,0.8375231623649597,-0.4642518162727356
665,0.9425,0.4935,0,0,0.440155029296875,0.8359527587890625,-0.130584716796875,-0.7897822260856628,0.558659553527832,-0.46193113923072815
666,0.9936,0.4746,0,0,0.344207763671875,0.824249267578125,-0.235076904296875,-0.3491646647453308,0.31696969270706177,-0.47714099287986755
667,1.0598,0.5339,0,0,0.4191741943359375,0.8394775390625,-0.2171630859375,0.05275322496891022,0.29221534729003906,-0.45325323939323425
668,1.1398,0.6754,0,0,0.653472900390625,0.8334808349609375,-0.07098388671875,0.24104803800582886,0.19991044700145721,-0.342578649520874
669,1.23,0.8971,0,0,0.787506103515625,0.795745849609375,0.0541534423828125,0.06446101516485214,0.18598584830760956,-0.20201940834522247
670,1.3251,1.1898,0,0,0.7874298095703125,0.79412841796875,0.14532470703125,-0.22359953820705414,-0.32384198904037476,-0.22295638918876648
671,1.418,1.537,0,0,0.93060302734375,0.905914306640625,0.1829376220703125,-0.5101279616355896,-1.008533000946045,0.11190736293792725
672,1.5008,1.9155,0,0,1.05242919921875,1.039642333984375,0.095855712890625,-0.5215598344802856,-1.523777723312378,0.6447649002075195
673,1.5653,2.298,0,0,1.18902587890625,1.154541015625,-0.181427001953125,0.0059934440068900585,-1.0767080783843994,1.000691294670105
674,1.6042,2.6556,0,0,1.27410888671875,1.2815399169921875,-0.6300201416015625,1.3940207958221436,0.9236500263214111,1.5550727844238281
675,1.6119,2.9611,0,0,0.6471710205078125,1.3769378662109375,-0.5344696044921875,2.9479236602783203,1.8500792980194092,1.9106297492980957
676,1.5855,3.1928,0,0,0.1951904296875,1.5961761474609375,-0.560455322265625,3.943187713623047,2.439929246902466,1.9722793102264404
677,1.5245,3.337,0,0,-0.26556396484375,1.7644195556640625,-0.3529815673828125,3.6997478008270264,2.9146931171417236,1.603960394859314
678,1.432,3.3896,0,0,-0.0886077880859375,1.4586944580078125,-0.0499420166015625,2.841137170791626,1.9232563972473145,1.2366905212402344
679,1.3135,3.356,0,0,-0.0082550048828125,1.10736083984375,0.0252227783203125,2.241431951522827,0.2675086557865143,0.5280625224113464
680,1.1768,3.249,0,0,0.2244720458984375,0.8884124755859375,0.026611328125,1.9396343231201172,-0.9747276306152344,0.21307259798049927
681,1.0314,3.0871,0,0,0.4435272216796875,0.7633819580078125,0.07086181640625,1.555019736289978,-1.7564386129379272,0.22779081761837006
682,0.8876,2.891,0,0,0.5811004638671875,0.6543426513671875,0.045867919921875,1.173510193824768,-2.3652448654174805,0.3942921757698059
683,0.7561,2.6816,0,0,0.640350341796875,0.600555419921875,-0.053680419921875,0.9662989377975464,-2.5994925498962402,0.6198558211326599
684,0.6469,2.4779,0,0,0.597259521484375,0.5637664794921875,-0.1695556640625,0.8191518783569336,-2.490169048309326,0.7756797671318054
685,0.5691,2.2956,0,0,0.4699249267578125,0.5660552978515625,-0.087310791015625,0.47932106256484985,-2.4441328048706055,0.8845663070678711
686,0.5301,2.1463,0,0,0.3019256591796875,0.555450439453125,-0.0380706787109375,0.47932106256484985,-2.4441328048706055,0.8845663070678711
687,0.5346,2.0368,0,0,0.137298583984375,0.5516815185546875,-0.0509033203125,0.1016043871641159,-2.311075448989868,0.8532520532608032
688,0.5844,1.9685,0,0,0.0697174072265625,0.55126953125,-0.02581787109375,-0.38035720586776733,-1.1881184577941895,0.3590385913848877
689,0.6774,1.938,0,0,-0.0017852783203125,0.5237884521484375,-0.047576904296875,-0.5937213897705078,-0.27461639046669006,0.025012675672769547
690,0.8074,1.9369,0,0,0.0272216796875,0.50811767578125,-0.0592803955078125,-0.8627091646194458,0.37087154388427734,-0.23544368147850037
691,0.9643,1.9533,0,0,-0.0071563720703125,0.5020751953125,-0.1304168701171875,-1.2139025926589966,0.8694299459457397,-0.5648532509803772
692,1.1348,1.9741,0,0,0.0089874267578125,0.5507659912109375,-0.2169952392578125,-1.8667315244674683,1.8338106870651245,-1.1708824634552002
693,1.3032,1.9865,0,0,0.0998992919921875,0.7737579345703125,-0.4909820556640625,-2.4427850246429443,2.9382145404815674,-1.7369709014892578
694,1.4537,1.9807,0,0,0.4129791259765625,0.9002227783203125,-1.3347930908203125,-1.3099061250686646,2.144364833831787,-1.7906482219696045
695,1.5722,1.9513,0,0,1.68341064453125,1.31707763671875,-1.158721923828125,0.4800683259963989,-0.1844651848077774,-0.24252821505069733
696,1.6481,1.8972,0,0,2.348663330078125,1.2260284423828125,-0.842864990234375,0.8471400737762451,-1.323033332824707,0.568376898765564
697,1.676,1.8218,0,0,1.868896484375,0.656585693359375,-0.74139404296875,0.26035115122795105,-1.4467295408248901,1.2564303874969482
698,1.6562,1.7312,0,0,0.9004669189453125,0.730377197265625,-0.4794769287109375,-0.19637377560138702,-0.8665052652359009,1.170585036277771
699,1.5941,1.6335,0,0,0.61407470703125,1.0106201171875,-0.141571044921875,-0.19637377560138702,-0.8665052652359009,1.170585036277771
700,1.4996,1.5371,0,0,0.330596923828125,1.3135986328125,-0.1304779052734375,-0.2878054082393646,1.0432624816894531,-0.19025570154190063
701,1.3851,1.45,0,0,0.126739501953125,1.610076904296875,0.254974365234375,-0.2878054082393646,1.0432624816894531,-0.19025570154190063
702,1.2637,1.3791,0,0,0.0791778564453125,1.2400360107421875,0.28033447265625,-0.8834051489830017,0.8603413701057434,-0.5938625335693359
703,1.1477,1.3294,0,0,0.004547119140625,0.6532745361328125,0.19830322265625,-1.789344310760498,-0.9228550791740417,-0.02171754650771618
704,1.047,1.3045,0,0,-0.0727996826171875,0.42706298828125,0.174407958984375,-1.640502691268921,-1.0926542282104492,0.040553018450737
705,0.9683,1.3059,0,0,-0.0135345458984375,0.671783447265625,0.06402587890625,-1.640502691268921,-1.0926542282104492,0.040553018450737
706,0.9145,1.3333,0,0,0.1346435546875,1.0955963134765625,0.097564697265625,-0.17741446197032928,-0.6089485287666321,-0.09306016564369202
707,0.8853,1.3838,0,0,0.144683837890625,1.25823974609375,0.2487335205078125,-0.29541778564453125,0.1642395406961441,-0.0536336675286293
708,0.8774,1.4519,0,0,0.1576080322265625,1.07171630859375,0.1818389892578125,-0.5963922739028931,0.953167736530304,0.07269897311925888
709,0.8858,1.5299,0,0,0.1788177490234375,0.867706298828125,0.082794189453125,-0.6626064777374268,1.4462884664535522,-0.03711194917559624
710,0.9047,1.608,0,0,0.22821044921875,0.830047607421875,0.0245819091796875,-0.5182799100875854,1.6000943183898926,-0.20447111129760742
711,0.9279,1.6756,0,0,0.3467254638671875,0.792022705078125,-0.13165283203125,-0.2959142029285431,1.8010462522506714,-0.20535396039485931
712,0.9501,1.7229,0,0,0.4432525634765625,0.669036865234375,-0.630157470703125,-0.2959142029285431,1.8010462522506714,-0.20535396039485931
713,0.9671,1.7416,0,0,0.5623931884765625,0.722686767578125,-0.421295166015625,0.4202689230442047,2.3655917644500732,-0.4988335072994232
714,0.9763,1.7262,0,0,0.5809326171875,0.752655029296875,0.0224456787109375,0.4202689230442047,2.3655917644500732,-0.4988335072994232
715,0.9769,1.6749,0,0,0.5166015625,0.81610107421875,0.14959716796875,0.4732338786125183,-0.1481391340494156,-0.6299585103988647
716,0.9698,1.5894,0,0,0.5831756591796875,0.788177490234375,0.1626129150390625,-0.349301815032959,-0.25651222467422485,-0.9575645923614502
717,0.9576,1.4749,0,0,0.6873626708984375,0.82427978515625,0.137115478515625,-0.9713552594184875,-0.3955569267272949,-0.85716712474823
718,0.9442,1.3397,0,0,0.6436767578125,0.7696990966796875,0.0362701416015625,-1.0750480890274048,-0.7020800709724426,-0.7447985410690308
719,0.9342,1.1948,0,0,0.5999908447265625,0.6755218505859375,-0.0450439453125,-1.1829359531402588,-0.3018248379230499,-0.7800774574279785
720,0.9323,1.0533,0,0,0.557037353515625,0.7003173828125,-0.1162567138671875,-1.1039530038833618,0.3430367112159729,-0.6300674080848694
721,0.943,0.9297,0,0,0.484039306640625,0.79278564453125,-0.119720458984375,-0.8078637719154358,0.4931221008300781,-0.4522412419319153
722,0.9694,0.8387,0,0,0.3570556640625,0.844390869140625,-0.147308349609375,-0.8078637719154358,0.4931221008300781,-0.4522412419319153
723,1.013,0.7942,0,0,0.29803466796875,0.9017486572265625,-0.187469482421875,-0.44822385907173157,0.48907169699668884,-0.3823194205760956
724,1.0733,0.8074,0,0,0.4049835205078125,0.811614990234375,-0.122650146484375,0.11961081624031067,0.8435118198394775,-0.5292015075683594
725,1.1476,0.8857,0,0,0.6670379638671875,0.7871551513671875,0.0371551513671875,-0.013824203051626682,0.6720191240310669,-0.48594221472740173
726,1.231,1.0308,0,0,0.7787628173828125,0.798095703125,0.0915069580078125,-0.31810179352760315,0.38938769698143005,-0.3352850675582886
727,1.3171,1.2383,0,0,0.8871002197265625,0.89593505859375,0.1421661376953125,-0.634958028793335,-0.21435490250587463,-0.11304879188537598
728,1.3984,1.4971,0,0,1.049652099609375,1.0721282958984375,0.10443115234375,-0.7670543193817139,-1.0340410470962524,0.2696447968482971
729,1.467,1.7899,0,0,1.1378173828125,1.13275146484375,-0.1381072998046875,-0.7670543193817139,-1.0340410470962524,0.2696447968482971
730,1.516,2.0948,0,0,1.1078033447265625,1.1995086669921875,-0.231964111328125,-0.3105940818786621,-1.2023820877075195,0.6540049910545349
731,1.5396,2.3878,0,0,0.875396728515625,1.196929931640625,-0.397003173828125,1.5778284072875977,0.18853981792926788,1.5213550329208374
732,1.5342,2.6452,0,0,0.4222412109375,1.3095245361328125,-0.4605255126953125,2.7200164794921875,1.0056610107421875,1.666630744934082
733,1.4985,2.8471,0,0,0.0037384033203125,1.5154266357421875,-0.5488433837890625,3.371549367904663,1.7698726654052734,1.5538135766983032
734,1.434,2.9799,0,0,-0.1831207275390625,1.6483612060546875,-0.3051910400390625,3.371549367904663,1.7698726654052734,1.5538135766983032
735,1.3443,3.0374,0,0,0.054595947265625,1.396484375,-0.0001983642578125,2.8773341178894043,1.2679296731948853,1.081244707107544
736,1.2355,3.0216,0,0,0.1045379638671875,1.10693359375,0.073333740234375,2.8773341178894043,1.2679296731948853,1.081244707107544
737,1.1148,2.9415,0,0,0.2635040283203125,0.8983612060546875,0.0896148681640625,2.0662841796875,0.15387184917926788,0.08642356842756271
738,0.9906,2.8111,0,0,0.492279052734375,0.74237060546875,0.0645751953125,2.0662841796875,0.15387184917926788,0.08642356842756271
739,0.8714,2.6471,0,0,0.4955291748046875,0.627166748046875,-0.04949951171875,1.3308281898498535,-1.2191932201385498,0.3582593500614166
740,0.7652,2.4666,0,0,0.520416259765625,0.5853424072265625,-0.046478271484375,1.1339126825332642,-1.8666272163391113,0.5467099547386169
741,0.6792,2.2853,0,0,0.45001220703125,0.550445556640625,-0.0345001220703125,0.8719367980957031,-2.1238880157470703,0.7290976047515869
742,0.6191,2.1165,0,0,0.345184326171875,0.54071044921875,0.070465087890625,0.32555919885635376,-2.3983054161071777,0.7512239217758179
743,0.5894,1.9705,0,0,0.3460693359375,0.5910491943359375,0.00665283203125,-0.12600719928741455,-2.4522273540496826,0.8130812048912048
744,0.5923,1.8541,0,0,0.2659149169921875,0.672882080078125,-0.1103668212890625,-0.3118223249912262,-1.9964061975479126,0.7207962870597839
745,0.6281,1.7709,0,0,0.2047119140625,0.69683837890625,-0.101470947265625,-0.5045472979545593,-1.194885492324829,0.5391220450401306
746,0.695,1.7212,0,0,0.1380462646484375,0.6867828369140625,-0.1049346923828125,-0.5045472979545593,-1.194885492324829,0.5391220450401306
747,0.7884,1.7021,0,0,0.1226959228515625,0.6348876953125,-0.1228485107421875,-0.6893869638442993,-0.5012985467910767,0.25940918922424316
748,0.9019,1.7083,0,0,0.0792999267578125,0.54119873046875,-0.168609619140625,-1.3275692462921143,0.2418014407157898,-0.3296191692352295
749,1.0267,1.7325,0,0,0.066986083984375,0.5175018310546875,-0.2590789794921875,-1.8027474880218506,0.7294499278068542,-0.7873188257217407
750,1.1529,1.7668,0,0,0.1104278564453125,0.5767059326171875,-0.4501800537109375,-2.07737398147583,1.3700640201568604,-1.2438125610351562
751,1.2698,1.8038,0,0,0.3406982421875,0.7921600341796875,-0.894378662109375,-1.5103318691253662,1.5020407438278198,-1.5510692596435547
752,1.3681,1.8372,0,0,1.0408782958984375,1.102630615234375,-1.2462921142578125,0.07337860763072968,0.6301398873329163,-0.8242377042770386
753,1.44,1.8624,0,0,1.8495941162109375,1.248779296875,-1.156097412109375,1.4485955238342285,-0.9198699593544006,0.3704531490802765
754,1.481,1.8764,0,0,1.658935546875,0.6384429931640625,-0.5355072021484375,0.7914933562278748,-1.5212769508361816,1.1206501722335815
755,1.4902,1.8778,0,0,0.6665191650390625,0.621612548828125,-0.6055145263671875,0.24990704655647278,-1.4559823274612427,1.4157845973968506
756,1.4698,1.8659,0,0,0.432769775390625,0.927276611328125,-0.172698974609375,0.021078919991850853,-0.30917808413505554,1.0906933546066284
757,1.4248,1.8412,0,0,0.2874603271484375,1.2120361328125,-0.0528564453125,-0.16059713065624237,1.0681483745574951,0.4336632788181305
758,1.3618,1.8042,0,0,0.0904693603515625,1.4050750732421875,0.3238372802734375,-0.6093330979347229,2.04045033454895,-0.19374363124370575
759,1.2881,1.7563,0,0,0.1645660400390625,1.53472900390625,0.3182373046875,-1.4944208860397339,1.6053098440170288,-0.525871217250824
760,1.2109,1.6997,0,0,0.093353271484375,0.95574951171875,0.1292877197265625,-1.9879347085952759,0.3579743802547455,-0.2697979211807251
761,1.1361,1.637,0,0,0.093353271484375,0.512054443359375,-0.318267822265625,-1.486883521080017,-0.9356129765510559,0.19422513246536255
762,1.0685,1.5719,0,0,0.154052734375,0.87225341796875,-0.0186767578125,-0.47094088792800903,-1.7988829612731934,0.21626652777194977
763,1.011,1.5082,0,0,0.290069580078125,1.1086273193359375,0.0898895263671875,0.03273291140794754,-1.4907851219177246,-0.2269633710384369
764,0.9649,1.4494,0,0,0.445709228515625,1.207794189453125,0.1907958984375,-0.12848393619060516,-0.7601383328437805,-0.44077977538108826
765,0.9303,1.3981,0,0,0.4216461181640625,1.1321868896484375,0.17205810546875,-0.5805100202560425,-0.014407701790332794,-0.3416537344455719
766,0.9066,1.3558,0,0,0.343658447265625,0.9394378662109375,0.1422576904296875,-0.9269307851791382,0.48266226053237915,-0.44232043623924255
767,0.8924,1.3223,0,0,0.3771820068359375,0.806549072265625,0.0922393798828125,-1.214310646057129,0.5026335716247559,-0.4757137894630432
768,0.8859,1.2963,0,0,0.260528564453125,0.5654296875,-0.1213836669921875,-1.6201167106628418,0.8585644960403442,-0.5183675289154053
769,0.8852,1.2757,0,0,0.1106109619140625,0.538970947265625,-0.42242431640625,-1.8286371231079102,1.280339241027832,-0.6127890944480896
770,0.8883,1.258,0,0,0.1879730224609375,0.598968505859375,-0.387420654296875,-0.9773420095443726,0.5879915952682495,-0.6859530806541443
771,0.8931,1.2404,0,0,0.3494720458984375,0.7449951171875,-0.199371337890625,-0.07800478488206863,-0.42490440607070923,-0.5740968585014343
772,0.8981,1.2202,0,0,0.5101318359375,0.8632659912109375,-0.0547332763671875,0.17046786844730377,-0.27682894468307495,-0.4474251866340637
773,0.9024,1.1946,0,0,0.565032958984375,0.8911895751953125,0.042266845703125,-0.01570093259215355,0.4742370843887329,-0.28804829716682434
774,0.9059,1.1612,0,0,0.5931396484375,0.887054443359375,0.0699462890625,-0.15616430342197418,0.7930576801300049,-0.2731953263282776
775,0.91,1.1187,0,0,0.6566925048828125,0.8573760986328125,0.0427398681640625,-0.3981838524341583,1.0122959613800049,-0.2139650136232376
776,0.9169,1.0676,0,0,0.6002655029296875,0.7562103271484375,-0.0272979736328125,-0.8540264964103699,1.291477084159851,-0.2983534038066864
777,0.9298,1.0115,0,0,0.534820556640625,0.6881561279296875,-0.183929443359375,-1.0324153900146484,1.58533775806427,-0.4677506983280182
778,0.9521,0.9575,0,0,0.4611358642578125,0.7119293212890625,-0.315338134765625,-0.7082040309906006,1.6435717344284058,-0.5720206499099731
779,0.9867,0.9158,0,0,0.5363311767578125,0.7855377197265625,-0.1669769287109375,-0.109955795109272,0.738437831401825,-0.5839042067527771
780,1.0357,0.8992,0,0,0.5623321533203125,0.7869415283203125,-0.0263519287109375,-0.035708196461200714,-0.1726122498512268,-0.5410025119781494
781,1.0993,0.9213,0,0,0.595947265625,0.801483154296875,0.03704833984375,-0.2072802186012268,-0.6497961282730103,-0.48511022329330444
782,1.176,0.9936,0,0,0.6819305419921875,0.8129425048828125,0.0431976318359375,-0.28254222869873047,-0.874120831489563,-0.43650010228157043
783,1.2617,1.1243,0,0,0.766510009765625,0.835693359375,0.05194091796875,-0.36041250824928284,-0.620300829410553,-0.3089405298233032
784,1.3507,1.3155,0,0,0.861907958984375,0.8865966796875,0.1124267578125,-0.491897314786911,-0.5113181471824646,0.08179926127195358
785,1.4356,1.5625,0,0,0.9542999267578125,0.96649169921875,0.0313873291015625,-0.5234384536743164,-0.6622474789619446,0.5533851385116577
786,1.5082,1.8536,0,0,1.0430450439453125,1.09918212890625,-0.17193603515625,-0.23812681436538696,-0.37931695580482483,0.9706793427467346
787,1.5605,2.1712,0,0,1.079498291015625,1.22650146484375,-0.3109588623046875,0.5681976675987244,0.05095798894762993,1.2571885585784912
788,1.5856,2.4938,0,0,0.8299560546875,1.3062286376953125,-0.5034637451171875,1.783800721168518,0.787146806716919,1.72261381149292
789,1.5789,2.7988,0,0,0.3841552734375,1.58782958984375,-0.61773681640625,3.156646251678467,1.5051600933074951,1.9114223718643188
790,1.5383,3.0657,0,0,-0.1036224365234375,1.9129638671875,-0.5185546875,3.9417784214019775,2.3370351791381836,1.7970904111862183
791,1.4652,3.2789,0,0,-0.0679473876953125,1.59954833984375,-0.090728759765625,3.5722458362579346,2.397367477416992,1.4264193773269653
792,1.3637,3.4285,0,0,0.1128692626953125,1.2450714111328125,0.003448486328125,2.9253385066986084,1.5807785987854004,1.0379537343978882
793,1.2409,3.5109,0,0,0.2492828369140625,0.9618072509765625,0.072265625,2.4812047481536865,0.6523679494857788,0.23149767518043518
794,1.1057,3.528,0,0,0.5330047607421875,0.750701904296875,0.1228485107421875,1.93197500705719,-0.44302910566329956,0.03536544740200043
795,0.9683,3.4854,0,0,0.5751953125,0.5974578857421875,0.1990203857421875,1.4027631282806396,-1.7324800491333008,-0.009996441192924976
796,0.8389,3.3913,0,0,0.7977752685546875,0.5120391845703125,0.03265380859375,0.8068057298660278,-3.4665772914886475,0.24856001138687134
797,0.7275,3.2554,0,0,0.7030029296875,0.3805389404296875,-0.2628631591796875,0.742018461227417,-3.82184100151062,0.6905509829521179
798,0.6426,3.0888,0,0,0.4744873046875,0.377685546875,0.0221405029296875,0.5573785901069641,-3.3414697647094727,0.9358571767807007
799,0.5911,2.9035,0,0,0.2872772216796875,0.473602294921875,0.0810089111328125,-0.11518624424934387,-3.4881534576416016,1.0206053256988525
800,0.5774,2.7122,0,0,0.200714111328125,0.568023681640625,-0.0070037841796875,-0.6034438014030457,-3.4073238372802734,0.9770040512084961
801,0.6035,2.5275,0,0,0.11761474609375,0.6628875732421875,-0.032989501953125,-0.8061585426330566,-2.6380114555358887,0.7573268413543701
802,0.6681,2.3605,0,0,0.0861053466796875,0.7487945556640625,-0.05364990234375,-0.9063498973846436,-1.2644933462142944,0.5068261623382568
803,0.7673,2.2199,0,0,0.0606689453125,0.7408294677734375,-0.0665435791015625,-0.9373818039894104,-0.13499189913272858,0.10387606173753738
804,0.894,2.1101,0,0,0.080841064453125,0.7339630126953125,-0.07275390625,-0.9990537166595459,0.5445895195007324,-0.16566619277000427
805,1.0384,2.0313,0,0,0.06805419921875,0.7527923583984375,-0.127471923828125,-1.169491171836853,0.8824866414070129,-0.24666836857795715
806,1.189,1.9795,0,0,-0.0794219970703125,0.67578125,-0.3952789306640625,-1.4072606563568115,1.1373668909072876,-0.3741733431816101
807,1.3331,1.9477,0,0,-0.087371826171875,0.59783935546875,-0.8001708984375,-1.9339990615844727,2.5555825233459473,-0.9825791120529175
808,1.4584,1.9278,0,0,0.4744415283203125,0.8697052001953125,-1.1453094482421875,-1.4470003843307495,2.700061798095703,-1.3456870317459106
809,1.5543,1.9122,0,0,1.2975006103515625,1.1128997802734375,-1.3321533203125,0.11282268911600113,1.5826598405838013,-0.9383789300918579
810,1.6132,1.8952,0,0,1.971221923828125,1.0152435302734375,-0.9600982666015625,1.5465484857559204,-0.4873744547367096,0.001133707701228559
811,1.6316,1.8732,0,0,1.82275390625,0.8096160888671875,-0.449554443359375,0.7157977819442749,-1.2213746309280396,0.6315692067146301
812,1.6103,1.8449,0,0,0.84686279296875,0.8317108154296875,-0.491607666015625,0.06352172046899796,-1.8709683418273926,1.1371545791625977
813,1.5542,1.8107,0,0,0.534698486328125,1.14727783203125,-0.36083984375,-0.0024346618447452784,-0.7653467059135437,0.8935656547546387
814,1.4716,1.7722,0,0,0.29852294921875,1.2994384765625,-0.1441192626953125,0.2768417298793793,1.0032236576080322,0.3666107654571533
815,1.3727,1.7316,0,0,0.1640777587890625,1.44378662109375,0.3129119873046875,0.017770208418369293,2.0365703105926514,-0.26718616485595703
816,1.2679,1.6911,0,0,0.1636810302734375,1.398193359375,0.404296875,-0.8622764348983765,1.661171793937683,-0.36851170659065247
817,1.1673,1.6531,0,0,0.0664825439453125,0.7652435302734375,0.34027099609375,-1.7505005598068237,0.28892022371292114,-0.17780381441116333
818,1.0787,1.6197,0,0,0.042877197265625,0.5230865478515625,0.13726806640625,-1.9052573442459106,-0.872466504573822,0.12426229566335678
819,1.0073,1.5926,0,0,0.03533935546875,0.613037109375,0.1023101806640625,-1.3767621517181396,-1.232688546180725,-0.05959382280707359
820,0.9555,1.5729,0,0,0.276763916015625,0.972869873046875,0.095062255859375,-0.6813199520111084,-1.3441240787506104,-0.24831686913967133
821,0.9228,1.5605,0,0,0.3558502197265625,1.14251708984375,0.1077423095703125,-0.3504384458065033,-0.9595252275466919,0.013658554293215275
822,0.9066,1.554,0,0,0.2881011962890625,1.1539154052734375,0.0819549560546875,-0.37969937920570374,-0.07910573482513428,0.13118065893650055
823,0.903,1.5507,0,0,0.3056793212890625,1.0346832275390625,0.00970458984375,-0.5595855116844177,0.8027473092079163,0.02136574313044548
824,0.9075,1.5468,0,0,0.2795867919921875,0.8051300048828125,-0.395111083984375,-0.7968052625656128,1.9492818117141724,-0.10736693441867828
825,0.9162,1.5385,0,0,0.208587646484375,0.7719573974609375,-0.60260009765625,-0.7625991106033325,3.1566829681396484,-0.5287253856658936
826,0.9255,1.5225,0,0,0.3393402099609375,0.8082733154296875,-0.2909088134765625,0.1282767504453659,1.965590476989746,-0.62344890832901
827,0.9331,1.4966,0,0,0.38470458984375,0.7613372802734375,-0.0593414306640625,0.6158072352409363,0.6786149740219116,-0.6021308898925781
828,0.9376,1.46,0,0,0.365264892578125,0.66278076171875,0.043365478515625,0.4958004355430603,0.39888107776641846,-0.7783223986625671
829,0.9386,1.4126,0,0,0.51043701171875,0.7306365966796875,0.0902252197265625,0.16292953491210938,0.34261754155158997,-0.8507912755012512
830,0.9369,1.3552,0,0,0.512786865234375,0.7331390380859375,0.127197265625,-0.1583355814218521,0.14569994807243347,-0.7724048495292664
831,0.9337,1.2891,0,0,0.618377685546875,0.7769317626953125,0.0497589111328125,-0.5098864436149597,0.07135460525751114,-0.8402504920959473
832,0.9313,1.2161,0,0,0.6652374267578125,0.8089447021484375,0.0078125,-0.7560299038887024,0.3296564519405365,-0.828021228313446
833,0.9324,1.1394,0,0,0.664398193359375,0.798126220703125,-0.0234832763671875,-0.978508472442627,0.7073491811752319,-0.7572240233421326
834,0.9397,1.0635,0,0,0.6348876953125,0.769287109375,-0.0550537109375,-1.133017897605896,0.9324158430099487,-0.7698072195053101
835,0.9562,0.9956,0,0,0.595977783203125,0.768096923828125,-0.14385986328125,-1.177930474281311,1.033438801765442,-0.7202668190002441
836,0.984,0.9447,0,0,0.490753173828125,0.756195068359375,-0.2577667236328125,-0.9711909294128418,1.0518711805343628,-0.6116189360618591
837,1.0246,0.9213,0,0,0.453704833984375,0.7474822998046875,-0.2708740234375,-0.46276605129241943,0.6560097932815552,-0.4864407479763031
838,1.078,0.936,0,0,0.5716552734375,0.7895965576171875,-0.1136932373046875,-0.1700444370508194,0.14198216795921326,-0.43904340267181396
839,1.1424,0.9977,0,0,0.71112060546875,0.7937164306640625,0.0405426025390625,-0.15600398182868958,-0.40221455693244934,-0.3293640613555908
840,1.2147,1.1114,0,0,0.760162353515625,0.777557373046875,0.0955810546875,-0.4192521274089813,-0.6229394674301147,-0.2247854471206665
841,1.2901,1.2774,0,0,0.85693359375,0.8517913818359375,0.09490966796875,-0.7213590145111084,-0.8006902933120728,-0.1739526242017746
842,1.3627,1.4896,0,0,1.0087432861328125,1.031829833984375,-0.0011138916015625,-0.7358130216598511,-0.9379967451095581,0.241581991314888
843,1.4262,1.7363,0,0,0.978759765625,1.1116790771484375,-0.1221466064453125,-0.3150887191295624,-0.9677852988243103,0.8879207968711853
844,1.4743,2.0006,0,0,0.9102783203125,1.210418701171875,-0.0794219970703125,0.315422385931015,-0.9799556732177734,1.1635782718658447
845,1.5017,2.2624,0,0,0.762786865234375,1.2681732177734375,-0.30755615234375,0.935242235660553,-0.3443760275840759,1.4032392501831055
846,1.5046,2.501,0,0,0.514556884765625,1.331268310546875,-0.4748382568359375,1.812262773513794,1.347507357597351,1.6944570541381836
847,1.4808,2.6977,0,0,0.1313934326171875,1.5870361328125,-0.614166259765625,2.82369065284729,2.1366937160491943,1.8610936403274536
848,1.4305,2.8381,0,0,-0.117950439453125,1.66119384765625,-0.3855133056640625,3.474128484725952,2.0344078540802,1.5506020784378052
849,1.356,2.9141,0,0,0.1136474609375,1.339019775390625,0.0651702880859375,3.052759885787964,1.057529330253601,1.3171265125274658
850,1.2614,2.9241,0,0,0.2091217041015625,1.026641845703125,0.1194000244140625,2.3863439559936523,0.18879415094852448,0.6921923160552979
851,1.1525,2.8728,0,0,0.3600921630859375,0.8640594482421875,0.1380767822265625,1.9496365785598755,-0.4074662923812866,0.32839733362197876
852,1.0357,2.7696,0,0,0.39569091796875,0.7110595703125,0.1776885986328125,1.4828507900238037,-1.0084978342056274,0.21371068060398102
853,0.9181,2.627,0,0,0.5188446044921875,0.6640167236328125,0.1050567626953125,0.9179468750953674,-1.9052118062973022,0.25344690680503845
854,0.8071,2.4589,0,0,0.6439361572265625,0.614166259765625,-0.1935882568359375,0.7669094204902649,-2.434018611907959,0.5988399982452393
855,0.7097,2.2794,0,0,0.534576416015625,0.58599853515625,-0.2071533203125,1.0643563270568848,-2.4036483764648438,0.8616854548454285
856,0.6325,2.102,0,0,0.3985748291015625,0.6371612548828125,-0.0420989990234375,0.8865066766738892,-2.252697467803955,0.8709300756454468
857,0.5816,1.9386,0,0,0.35186767578125,0.6905364990234375,-0.0080718994140625,0.36029931902885437,-2.1187047958374023,0.9585414528846741
858,0.5619,1.7993,0,0,0.24652099609375,0.6970977783203125,-0.0392303466796875,-0.09579496830701828,-1.8441426753997803,0.8943201303482056
859,0.5769,1.6912,0,0,0.2056732177734375,0.650238037109375,-0.118316650390625,-0.37025636434555054,-1.2953364849090576,0.7143239974975586
860,0.6279,1.6182,0,0,0.0994873046875,0.549530029296875,-0.11566162109375,-0.48935797810554504,-0.6887035965919495,0.4408642053604126
861,0.7135,1.58,0,0,0.0654449462890625,0.4979248046875,-0.0800628662109375,-0.611042857170105,-0.15982668101787567,0.13400840759277344
862,0.829,1.5727,0,0,0.019989013671875,0.4863433837890625,-0.1044464111328125,-0.8701684474945068,0.19590798020362854,-0.15207742154598236
863,0.9669,1.5895,0,0,0.0109100341796875,0.48101806640625,-0.17578125,-1.240449070930481,0.4968627691268921,-0.5916768908500671
864,1.1164,1.6217,0,0,0.0399932861328125,0.5441436767578125,-0.298126220703125,-1.7042217254638672,0.8970916867256165,-1.0851696729660034
865,1.2651,1.661,0,0,0.1878509521484375,0.75738525390625,-0.6541900634765625,-2.00933575630188,1.5158259868621826,-1.5348374843597412
866,1.4002,1.7009,0,0,0.6140289306640625,0.9809722900390625,-1.31427001953125,-1.3829766511917114,1.5011037588119507,-1.7485231161117554
867,1.5099,1.7377,0,0,1.54974365234375,1.250518798828125,-1.102813720703125,0.01938674785196781,0.3913421928882599,-1.104254961013794
868,1.5855,1.7712,0,0,2.207489013671875,1.1081695556640625,-0.7380218505859375,1.0601519346237183,-1.375611662864685,0.4256969690322876
869,1.622,1.8035,0,0,1.5714111328125,0.761871337890625,-0.6070404052734375,0.8783313035964966,-1.5802241563796997,1.1128910779953003
870,1.6188,1.8386,0,0,0.7420806884765625,0.9822998046875,-0.356201171875,0.29962533712387085,-1.3681780099868774,1.442415475845337
871,1.5794,1.88,0,0,0.365203857421875,1.1108856201171875,-0.2467041015625,-0.07028748095035553,-0.20131047070026398,0.8851305842399597
872,1.5104,1.93,0,0,0.1660308837890625,1.0982818603515625,0.2592315673828125,-0.09825146943330765,0.8370653390884399,0.11979430913925171
873,1.4202,1.9883,0,0,0.0878753662109375,1.3790130615234375,0.4598388671875,-1.0216519832611084,1.3172266483306885,-0.5067138075828552
874,1.3182,2.0518,0,0,0.1773834228515625,1.2885589599609375,0.334259033203125,-2.108978748321533,1.2975330352783203,-0.6083248257637024
875,1.2133,2.1147,0,0,0.1194000244140625,1.009735107421875,0.10888671875,-2.4460556507110596,0.22763581573963165,-0.04713768512010574
876,1.1134,2.1698,0,0,-0.016571044921875,0.9763946533203125,-0.117645263671875,-1.5554336309432983,-1.3328250646591187,-0.04215650632977486
877,1.0247,2.2093,0,0,0.2490234375,1.097625732421875,0.09210205078125,-0.2715492248535156,-2.4957616329193115,-0.6940773129463196
878,0.9516,2.2261,0,0,0.4043121337890625,1.071380615234375,0.1063995361328125,0.019839484244585037,-2.6802518367767334,-0.520264208316803
879,0.8966,2.2152,0,0,0.3412933349609375,0.9403533935546875,0.0289306640625,-0.1712748110294342,-1.8127261400222778,-0.06331559270620346
880,0.8601,2.1735,0,0,0.1029510498046875,0.6953582763671875,-0.227447509765625,-0.7576003670692444,0.22940975427627563,0.06399282813072205
881,0.8411,2.1012,0,0,0.23089599609375,0.7365875244140625,-0.230743408203125,-1.3196625709533691,2.9697749614715576,-0.19491569697856903
882,0.8371,2.001,0,0,0.1595458984375,0.7600860595703125,-0.1004486083984375,-1.1708518266677856,3.2941765785217285,-0.2530466318130493
883,0.8446,1.8784,0,0,0.1341705322265625,0.6993255615234375,-0.23101806640625,-0.379382461309433,1.9340137243270874,-0.38023442029953003
884,0.8593,1.7405,0,0,0.2190093994140625,0.7179718017578125,-0.1490936279296875,0.39417794346809387,0.6647199392318726,-0.47792983055114746
885,0.8772,1.595,0,0,0.3815460205078125,0.7788848876953125,-0.0690765380859375,0.3665798604488373,0.6703138947486877,-0.4846343398094177
886,0.8945,1.4491,0,0,0.52490234375,0.830657958984375,0.0625152587890625,-0.06839903444051743,1.0495182275772095,-0.39207351207733154
887,0.9087,1.3084,0,0,0.6431427001953125,0.8876190185546875,0.0211639404296875,-0.30815890431404114,0.8494653105735779,-0.22233960032463074
888,0.9185,1.1769,0,0,0.648223876953125,0.8637847900390625,-0.0447845458984375,-0.3415839672088623,0.6600330471992493,-0.25019705295562744
889,0.9244,1.0568,0,0,0.6703643798828125,0.7943572998046875,-0.065826416015625,-0.46207255125045776,0.9829522371292114,-0.5086589455604553
890,0.9283,0.9499,0,0,0.6937103271484375,0.7397613525390625,0.0039520263671875,-0.6823742985725403,1.0878424644470215,-0.6002687811851501
891,0.9331,0.8582,0,0,0.621734619140625,0.6636962890625,-0.030914306640625,-0.9550287127494812,0.6959835886955261,-0.5408720374107361
892,0.9427,0.785,0,0,0.4716949462890625,0.6183929443359375,-0.1412506103515625,-1.016666293144226,0.1879776269197464,-0.5754331946372986
893,0.9603,0.7354,0,0,0.4101104736328125,0.7147979736328125,-0.1990814208984375,-0.8379250168800354,-0.05649922788143158,-0.5619648098945618
894,0.9888,0.7164,0,0,0.384368896484375,0.78717041015625,-0.1277923583984375,-0.5825587511062622,-0.28431907296180725,-0.4866887032985687
895,1.0294,0.7357,0,0,0.4236907958984375,0.8729705810546875,-0.0480499267578125,-0.3837420642375946,-0.5721353888511658,-0.4200577437877655
896,1.0818,0.8011,0,0,0.4945220947265625,0.902099609375,0.011505126953125,-0.27948489785194397,-0.6670366525650024,-0.41104158759117126
897,1.1439,0.9182,0,0,0.5902252197265625,0.86199951171875,0.0656280517578125,-0.27242007851600647,-0.674998939037323,-0.43133968114852905
898,1.2119,1.0891,0,0,0.74383544921875,0.8792877197265625,0.0814361572265625,-0.43154555559158325,-0.3468482196331024,-0.3692973554134369
899,1.2811,1.3109,0,0,0.854339599609375,0.9884185791015625,0.1781768798828125,-0.5963350534439087,-0.42978599667549133,-0.021684255450963974
900,1.346,1.575,0,0,0.8779296875,1.06671142578125,0.1697998046875,-0.7313098907470703,-1.251977801322937,0.30115053057670593
901,1.4011,1.867,0,0,1.0113067626953125,1.2196044921875,-0.0149993896484375,-0.7996945381164551,-1.569223165512085,0.3913200795650482
902,1.4415,2.1676,0,0,1.061004638671875,1.259002685546875,-0.350616455078125,-0.4279731810092926,-0.29539570212364197,0.8847615122795105
903,1.4635,2.4545,0,0,0.5813140869140625,1.1608428955078125,-0.5556488037109375,0.726111650466919,1.165732741355896,1.2429488897323608
904,1.4648,2.7051,0,0,0.20281982421875,1.1930084228515625,-0.6346435546875,2.2933294773101807,1.863547444343567,1.4627013206481934
905,1.4444,2.8992,0,0,-0.14886474609375,1.436309814453125,-0.487152099609375,3.5166842937469482,2.0476837158203125,1.5421415567398071
906,1.4027,3.0217,0,0,-0.0033416748046875,1.45751953125,-0.2004241943359375,3.5405755043029785,2.1878879070281982,1.4622365236282349
907,1.3417,3.0646,0,0,0.14691162109375,1.1944580078125,0.08770751953125,3.015803337097168,1.70319402217865,1.29889714717865
908,1.2639,3.0275,0,0,0.2256927490234375,1.0313568115234375,0.125823974609375,2.486379623413086,0.8123903870582581,0.6871371269226074
909,1.173,2.9173,0,0,0.3403778076171875,0.966766357421875,0.1699066162109375,1.9922069311141968,0.2624145746231079,0.3842001259326935
910,1.0732,2.7469,0,0,0.4586029052734375,0.89605712890625,0.2068939208984375,1.3950300216674805,-0.3757946491241455,0.26903706789016724
911,0.9695,2.5325,0,0,0.67889404296875,0.8538818359375,-0.0944061279296875,0.9111095070838928,-1.7054574489593506,0.39636731147766113
912,0.8672,2.2929,0,0,0.614715576171875,0.786529541015625,-0.2827301025390625,1.2210521697998047,-2.598360061645508,0.6561205983161926
913,0.7726,2.0469,0,0,0.4765167236328125,0.7189788818359375,-0.158782958984375,1.333558201789856,-2.4962615966796875,0.677157461643219
914,0.6919,1.8127,0,0,0.336334228515625,0.6728363037109375,-0.1164398193359375,0.8936330080032349,-1.8883037567138672,0.7250096201896667
915,0.6316,1.6063,0,0,0.30426025390625,0.656280517578125,-0.0541534423828125,0.4630132019519806,-1.2294394969940186,0.6676731109619141
916,0.5975,1.4407,0,0,0.257537841796875,0.672943115234375,-0.0789031982421875,0.21078386902809143,-0.8977816700935364,0.6411986351013184
917,0.5943,1.3245,0,0,0.1764373779296875,0.6312103271484375,-0.0758209228515625,0.05440917983651161,-0.8941193222999573,0.5463597178459167
918,0.6247,1.2615,0,0,0.1048431396484375,0.5674896240234375,-0.0987548828125,-0.12225906550884247,-1.0948641300201416,0.3087077736854553
919,0.6885,1.2498,0,0,0.0930023193359375,0.5115203857421875,-0.144927978515625,-0.26817286014556885,-0.8456817269325256,0.026565831154584885
920,0.7825,1.2827,0,0,0.1424102783203125,0.4525146484375,-0.1521453857421875,-0.5396565794944763,-0.12160605937242508,-0.26419490575790405
921,0.9,1.3492,0,0,0.165313720703125,0.424285888671875,-0.17071533203125,-1.0005208253860474,0.4250127971172333,-0.5607578754425049
922,1.0312,1.4358,0,0,0.1770782470703125,0.4533538818359375,-0.2099609375,-1.3740904331207275,0.6828832626342773,-0.9057554602622986
923,1.1645,1.5282,0,0,0.22747802734375,0.6106719970703125,-0.4176483154296875,-1.728007197380066,0.8916548490524292,-1.2137905359268188
924,1.2874,1.6133,0,0,0.53326416015625,0.8090057373046875,-1.0674591064453125,-1.8170274496078491,1.1864004135131836,-1.4357178211212158
925,1.3885,1.6808,0,0,1.4130096435546875,1.188507080078125,-1.2529296875,-0.7322702407836914,0.24287550151348114,-0.8336964249610901
926,1.4593,1.7241,0,0,1.829071044921875,1.2080535888671875,-0.7166748046875,0.6323928833007812,-1.0033339262008667,0.5699425935745239
927,1.4952,1.7409,0,0,1.6685791015625,0.884765625,-0.8179779052734375,0.9220327138900757,-1.3932353258132935,0.9650928378105164
928,1.4964,1.7325,0,0,0.811065673828125,0.84600830078125,-0.6989288330078125,1.0637065172195435,-1.0623877048492432,1.6543372869491577
929,1.4671,1.7037,0,0,0.450286865234375,1.0779266357421875,-0.3447113037109375,0.6295004487037659,-0.47873514890670776,1.6322681903839111
930,1.415,1.6616,0,0,0.489349365234375,1.1279449462890625,-0.2192230224609375,0.02978532575070858,-0.5073806643486023,0.7845496535301208
931,1.3493,1.6145,0,0,0.390167236328125,0.9565277099609375,0.457916259765625,-0.6236444115638733,-1.1765257120132446,0.14852581918239594
932,1.2791,1.5704,0,0,0.1998748779296875,1.020751953125,0.270294189453125,-1.7112889289855957,-0.5959595441818237,-0.34656593203544617
933,1.2124,1.5365,0,0,0.0756683349609375,0.784393310546875,-0.1700592041015625,-1.9978983402252197,0.5095303654670715,-0.5958540439605713
934,1.1545,1.5179,0,0,-0.1070404052734375,0.662628173828125,-0.578155517578125,-0.9156211614608765,-0.2925514280796051,-0.4467463493347168
935,1.1082,1.5173,0,0,-0.032470703125,0.863616943359375,0.1363067626953125,-0.2277468740940094,-0.8719229102134705,-0.42708420753479004
936,1.0733,1.5346,0,0,0.1137237548828125,1.187835693359375,0.2724609375,-0.732832670211792,-0.2424376755952835,-0.35867586731910706
937,1.0477,1.5671,0,0,0.250946044921875,1.388275146484375,0.205413818359375,-1.3209701776504517,1.219596266746521,-0.668043851852417
938,1.0281,1.61,0,0,0.4832305908203125,1.3056640625,0.1159515380859375,-1.5441396236419678,1.9946449995040894,-0.48240604996681213
939,1.011,1.657,0,0,0.5377960205078125,1.03009033203125,0.0715179443359375,-1.3293967247009277,1.8568882942199707,-0.028972262516617775
940,0.9934,1.7009,0,0,0.4862060546875,0.86968994140625,-0.1249847412109375,-0.6720255017280579,0.9914887547492981,-0.03448047861456871
941,0.9732,1.7347,0,0,0.4818572998046875,0.7283477783203125,-0.309478759765625,0.34220820665359497,0.45353153347969055,-0.1618267148733139
942,0.9498,1.7516,0,0,0.4323272705078125,0.648956298828125,-0.3076019287109375,0.7223014831542969,1.3819313049316406,-0.32388779520988464
943,0.9234,1.7459,0,0,0.4588775634765625,0.724212646484375,0.0985870361328125,-0.33157074451446533,2.7915050983428955,-0.6166663765907288
944,0.8955,1.7137,0,0,0.429351806640625,0.748138427734375,0.199920654296875,-0.9167330265045166,1.6237881183624268,-0.506962776184082
945,0.868,1.653,0,0,0.36383056640625,0.707427978515625,0.094635009765625,-0.8710781931877136,-0.4746434688568115,-0.47966858744621277
946,0.8435,1.5644,0,0,0.3869781494140625,0.69110107421875,-0.0223388671875,-0.889514148235321,-1.2989730834960938,-0.5387675762176514
947,0.8246,1.4511,0,0,0.398468017578125,0.7444610595703125,-0.0571441650390625,-1.2215688228607178,-0.8338940739631653,-0.47306156158447266
948,0.8138,1.3188,0,0,0.390716552734375,0.751373291015625,-0.098541259765625,-1.137278437614441,-0.6282525062561035,-0.45264309644699097
949,0.8137,1.1757,0,0,0.373992919921875,0.74456787109375,-0.1386260986328125,-0.8224693536758423,-0.35965991020202637,-0.4222348630428314
950,0.826,1.0316,0,0,0.3714752197265625,0.7744140625,-0.124420166015625,-0.6037958860397339,0.34794119000434875,-0.44036805629730225
951,0.8522,0.8981,0,0,0.384063720703125,0.79156494140625,-0.023406982421875,-0.4824971556663513,0.6870105862617493,-0.4652518332004547
952,0.8929,0.7873,0,0,0.386688232421875,0.8327484130859375,-0.0107421875,-0.6089820861816406,0.6472647786140442,-0.4651959240436554
953,0.9479,0.7115,0,0,0.39422607421875,0.8664398193359375,-0.062896728515625,-0.692922830581665,0.5450308322906494,-0.4631418287754059
954,1.0159,0.6821,0,0,0.41552734375,0.8928375244140625,-0.0889129638671875,-0.4554133117198944,0.5207667946815491,-0.4430738389492035
955,1.0942,0.7084,0,0,0.4797210693359375,0.86029052734375,-0.0576324462890625,-0.29249924421310425,0.6807100772857666,-0.47563204169273376
956,1.1793,0.7966,0,0,0.6306915283203125,0.8589019775390625,0.0058441162109375,-0.2872437536716461,0.881808876991272,-0.47399765253067017
957,1.2664,0.9482,0,0,0.7465362548828125,0.882171630859375,0.0711822509765625,-0.3695801794528961,0.8234174251556396,-0.24041447043418884
958,1.3502,1.1593,0,0,0.8401031494140625,0.94525146484375,0.136474609375,-0.39089345932006836,0.2488524317741394,0.02756531536579132
959,1.4251,1.4196,0,0,1.0044403076171875,1.113372802734375,0.107757568359375,-0.33927926421165466,-0.8135983943939209,0.08012812584638596
960,1.4854,1.7128,0,0,1.300750732421875,1.267181396484375,-0.092041015625,-0.2972780168056488,-1.1735658645629883,0.03640088438987732
961,1.5265,2.0173,0,0,1.1947784423828125,1.1395263671875,-0.4336090087890625,0.21717731654644012,-0.31112539768218994,0.8581533432006836
962,1.5448,2.3087,0,0,0.6162567138671875,1.1096038818359375,-0.516265869140625,1.437192440032959,0.5615735650062561,1.340205430984497
963,1.5379,2.5622,0,0,0.219635009765625,1.291839599609375,-0.475494384765625,2.693420648574829,0.9475662708282471,1.7323468923568726
964,1.5051,2.7562,0,0,-0.1353759765625,1.5533447265625,-0.4315643310546875,3.3624422550201416,1.5954595804214478,1.6990818977355957
965,1.4472,2.875,0,0,0.030487060546875,1.42218017578125,-0.07733154296875,3.373342990875244,1.766239047050476,1.5256855487823486
966,1.3666,2.9111,0,0,0.098236083984375,1.25140380859375,0.1194610595703125,2.9653677940368652,0.9395579099655151,1.3184932470321655
967,1.267,2.8656,0,0,0.17132568359375,1.198760986328125,0.0030670166015625,2.5471627712249756,0.15279246866703033,0.6796879768371582
968,1.1533,2.7483,0,0,0.40087890625,1.108673095703125,-0.098358154296875,2.317974805831909,-0.15352803468704224,0.2798806428909302
969,1.0317,2.5748,0,0,0.505706787109375,0.932373046875,-0.0996246337890625,2.141986131668091,-0.23683011531829834,0.3009862005710602
970,0.9093,2.3653,0,0,0.5774078369140625,0.768402099609375,-0.0589599609375,1.8118853569030762,-0.6314615607261658,0.3718947172164917
971,0.794,2.1409,0,0,0.5111541748046875,0.6677093505859375,-0.15972900390625,1.5243669748306274,-1.0128523111343384,0.49472397565841675
972,0.6936,1.922,0,0,0.40753173828125,0.63250732421875,-0.0830841064453125,1.1954498291015625,-1.0585085153579712,0.5262632369995117
973,0.616,1.7257,0,0,0.3658294677734375,0.6127777099609375,0.0120697021484375,0.6647529602050781,-1.2531861066818237,0.5370469093322754
974,0.5681,1.5651,0,0,0.2581634521484375,0.5894775390625,-0.001312255859375,0.159202441573143,-1.7412439584732056,0.5607876777648926
975,0.5553,1.4485,0,0,0.1990203857421875,0.6068267822265625,-0.0164642333984375,-0.11415427178144455,-1.9053900241851807,0.4523887634277344
976,0.5806,1.3789,0,0,0.12384033203125,0.581451416015625,-0.04205322265625,-0.24506248533725739,-1.4872835874557495,0.32323718070983887
977,0.644,1.3544,0,0,0.11328125,0.5615692138671875,-0.0136566162109375,-0.40113356709480286,-0.989702582359314,0.1768871545791626
978,0.7421,1.3686,0,0,0.1168975830078125,0.5009307861328125,-0.04339599609375,-0.5532525181770325,-0.6211008429527283,-0.0017630126094445586
979,0.8677,1.4117,0,0,0.1009521484375,0.45086669921875,-0.0889129638671875,-0.7130795121192932,-0.4567193388938904,-0.142093226313591
980,1.0105,1.4714,0,0,0.1002197265625,0.449005126953125,-0.123321533203125,-1.0518085956573486,-0.15277409553527832,-0.4305308759212494
981,1.1579,1.5347,0,0,0.1450958251953125,0.59124755859375,-0.2179718017578125,-1.7207757234573364,0.5851643681526184,-0.7884743809700012
982,1.2961,1.5892,0,0,0.2036285400390625,0.74981689453125,-0.9216461181640625,-2.4901936054229736,1.3440020084381104,-1.2054604291915894
983,1.4124,1.6253,0,0,0.9272003173828125,1.0659637451171875,-1.750152587890625,-1.258921504020691,0.6781846284866333,-1.3642349243164062
984,1.4968,1.6363,0,0,1.8845672607421875,1.42626953125,-1.02667236328125,0.7505152821540833,0.17842885851860046,0.2048540711402893
985,1.5434,1.62,0,0,1.9992828369140625,0.9145355224609375,-0.7697601318359375,0.8955579400062561,-0.4968979060649872,0.9426975250244141
986,1.5513,1.5773,0,0,1.1989593505859375,0.6303253173828125,-0.558380126953125,0.5190751552581787,-1.6740630865097046,1.4912008047103882
987,1.5244,1.5126,0,0,0.610107421875,0.6974639892578125,-0.3806304931640625,0.3356855809688568,-0.9604293704032898,1.3845231533050537
988,1.4699,1.4323,0,0,0.4008026123046875,1.0304107666015625,-0.1902923583984375,0.038235802203416824,-0.17651325464248657,0.6675328016281128
989,1.3975,1.3443,0,0,0.200347900390625,1.239288330078125,-0.1804046630859375,-0.27469202876091003,0.22178564965724945,-0.07795684784650803
990,1.3173,1.2565,0,0,0.0443878173828125,1.367889404296875,0.3365325927734375,-0.8077402114868164,0.5543886423110962,-0.7449620366096497
991,1.2382,1.1765,0,0,0.0481414794921875,1.0612030029296875,0.18927001953125,-1.5852991342544556,0.8280937075614929,-0.962505578994751
992,1.1671,1.111,0,0,0.1149444580078125,0.6648406982421875,-0.05303955078125,-1.730163335800171,0.5755732655525208,-0.4152009189128876
993,1.1081,1.0656,0,0,0.0119476318359375,0.6119842529296875,-0.1168212890625,-0.9364582300186157,-0.3496440052986145,0.21447208523750305
994,1.0623,1.0439,0,0,0.1444854736328125,1.035919189453125,0.1572113037109375,-0.6175532341003418,-0.5596502423286438,0.3706033527851105
995,1.0285,1.0473,0,0,0.1849212646484375,1.3035736083984375,0.1586151123046875,-0.5103625655174255,-0.10211997479200363,-0.037640318274497986
996,1.0042,1.0747,0,0,0.3304901123046875,1.4511871337890625,0.235137939453125,-0.47891679406166077,0.5177696347236633,-0.5139371156692505
997,0.9861,1.1219,0,0,0.4147491455078125,1.2732391357421875,0.1892852783203125,-0.6191940307617188,0.43807482719421387,-0.45199328660964966
998,0.9714,1.1826,0,0,0.409912109375,1.0245513916015625,0.08636474609375,-0.6446205377578735,0.3578510880470276,-0.25305435061454773
999,0.9581,1.2482,0,0,0.33990478515625,0.8735809326171875,-0.01885986328125,-0.5485259294509888,0.3578217923641205,-0.2642766535282135
1000,0.9453,1.3099,0,0,0.068756103515625,0.5359954833984375,-0.631927490234375,-0.6233648061752319,1.518938660621643,-0.5937277674674988
1001,0.9331,1.3592,0,0,0.23968505859375,0.6527557373046875,-0.413604736328125,-0.5513625144958496,2.8195908069610596,-0.9681565165519714
1002,0.922,1.3897,0,0,0.3140106201171875,0.6856842041015625,-0.0569305419921875,-0.09906799346208572,1.8929048776626587,-0.7972146272659302
1003,0.9131,1.3976,0,0,0.3606414794921875,0.65234375,0.0380706787109375,0.19122429192066193,0.4182928502559662,-0.714897632598877
1004,0.907,1.3817,0,0,0.4466400146484375,0.6681671142578125,0.070892333984375,0.08585205674171448,-0.28885897994041443,-0.6550151109695435
1005,0.9043,1.3436,0,0,0.516845703125,0.7118988037109375,0.0543365478515625,-0.3231136202812195,-0.04842399060726166,-0.6623942255973816
1006,0.9056,1.2867,0,0,0.6104736328125,0.7682342529296875,0.0458221435546875,-0.6590503454208374,0.28989946842193604,-0.6781236529350281
1007,0.911,1.2163,0,0,0.686248779296875,0.804473876953125,-0.0627899169921875,-0.920600175857544,0.6378057599067688,-0.6221983432769775
1008,0.9212,1.1389,0,0,0.7403717041015625,0.7543792724609375,-0.118621826171875,-0.894143283367157,1.0257703065872192,-0.5717511177062988
1009,0.9368,1.0625,0,0,0.72265625,0.70281982421875,-0.137359619140625,-0.7263641357421875,1.1697540283203125,-0.717444658279419
1010,0.9587,0.9962,0,0,0.715240478515625,0.7271728515625,-0.0613555908203125,-0.6873804926872253,0.7921487092971802,-0.6378515958786011
1011,0.9878,0.9498,0,0,0.6105194091796875,0.713470458984375,-0.06158447265625,-0.8401157259941101,0.08240512758493423,-0.4172539710998535
1012,1.025,0.9332,0,0,0.535430908203125,0.77142333984375,-0.1551361083984375,-0.8776998519897461,-0.480623334646225,-0.27882230281829834
1013,1.0706,0.9554,0,0,0.5311126708984375,0.8065948486328125,-0.162811279296875,-0.7633503675460815,-0.6014336347579956,-0.2345121055841446
1014,1.1241,1.0231,0,0,0.637176513671875,0.83819580078125,-0.1021728515625,-0.6049317121505737,-0.6716154217720032,-0.2273884117603302
1015,1.184,1.1396,0,0,0.708160400390625,0.8792572021484375,-0.071807861328125,-0.5576531291007996,-0.588181734085083,-0.14712606370449066
1016,1.2478,1.3042,0,0,0.748748779296875,0.9281463623046875,-0.0265960693359375,-0.3892098069190979,-0.8215599060058594,0.10375808924436569
1017,1.3119,1.5112,0,0,0.87921142578125,1.0576324462890625,0.0325164794921875,-0.15024329721927643,-1.3017845153808594,0.5335366129875183
1018,1.372,1.7503,0,0,0.90234375,1.1622772216796875,-0.0072021484375,0.04073198512196541,-1.4700478315353394,1.0269404649734497
1019,1.4234,2.0073,0,0,0.8246612548828125,1.1935577392578125,-0.0926666259765625,0.27900126576423645,-1.078978419303894,1.112851619720459
1020,1.461,2.2651,0,0,0.7047271728515625,1.108245849609375,-0.30328369140625,0.7924779057502747,-0.09884268790483475,1.1677907705307007
1021,1.4805,2.5061,0,0,0.522308349609375,1.0306854248046875,-0.5326995849609375,1.7313556671142578,1.3793717622756958,1.3702067136764526
1022,1.4781,2.7136,0,0,0.3095550537109375,1.3587799072265625,-0.586517333984375,2.9139645099639893,2.122694253921509,1.6331079006195068
1023,1.4512,2.8743,0,0,0.1376495361328125,1.6792144775390625,-0.37420654296875,3.565643072128296,2.1262567043304443,1.5283458232879639
1024,1.399,2.9791,0,0,0.155426025390625,1.432861328125,0.0630950927734375,2.9974355697631836,1.406996726989746,1.155787706375122
1025,1.3225,3.0241,0,0,0.2869873046875,1.251068115234375,0.0628204345703125,2.247887372970581,0.38692507147789,0.6411190032958984
1026,1.2249,3.0102,0,0,0.409332275390625,1.0779571533203125,0.1719970703125,1.6335198879241943,-0.5656940340995789,0.3274814486503601
1027,1.1113,2.9419,0,0,0.6149139404296875,0.9453277587890625,0.0658111572265625,1.0472662448883057,-1.7098056077957153,0.33286798000335693
1028,0.9886,2.827,0,0,0.7471466064453125,0.7790374755859375,-0.1699676513671875,0.918867290019989,-2.563601493835449,0.48571130633354187
1029,0.8652,2.6749,0,0,0.627105712890625,0.68499755859375,-0.1744384765625,1.1137629747390747,-2.9557673931121826,0.6282759308815002
1030,0.7503,2.4968,0,0,0.4120330810546875,0.648834228515625,-0.0496673583984375,0.9304330945014954,-2.8575167655944824,0.6694489121437073
1031,0.6532,2.3049,0,0,0.256683349609375,0.5797271728515625,0.0010986328125,0.5133285522460938,-2.600287914276123,0.6948240399360657
1032,0.5824,2.1119,0,0,0.123291015625,0.5417633056640625,0.0311126708984375,0.08912614732980728,-2.3113553524017334,0.6129400730133057
1033,0.5452,1.93,0,0,0.0701446533203125,0.5640106201171875,0.092010498046875,-0.28196218609809875,-1.8258185386657715,0.4328504800796509
1034,0.5462,1.7702,0,0,0.1305694580078125,0.5868377685546875,-0.0112762451171875,-0.5890728235244751,-1.5181448459625244,0.3903706669807434
1035,0.5873,1.6406,0,0,0.092315673828125,0.5956268310546875,-0.0296173095703125,-0.6636911630630493,-1.1231186389923096,0.40089523792266846
1036,0.6667,1.5457,0,0,0.054656982421875,0.57403564453125,-0.048736572265625,-0.6773419976234436,-0.5999497175216675,0.20944564044475555
1037,0.7793,1.4858,0,0,0.079833984375,0.5494537353515625,-0.0505828857421875,-0.723122775554657,0.04975956678390503,-0.02810407243669033
1038,0.9162,1.4569,0,0,0.07012939453125,0.5425262451171875,-0.072845458984375,-0.9058793187141418,0.40124940872192383,-0.21144087612628937
1039,1.066,1.452,0,0,0.0528717041015625,0.5595245361328125,-0.1579132080078125,-1.1557793617248535,0.4705454111099243,-0.49041393399238586
1040,1.2155,1.4624,0,0,0.0325927734375,0.6474761962890625,-0.49774169921875,-1.512640118598938,0.5723764300346375,-0.8852096796035767
1041,1.3516,1.4797,0,0,0.3673858642578125,0.845916748046875,-1.391021728515625,-1.9189865589141846,1.7279694080352783,-1.5156896114349365
1042,1.4625,1.4977,0,0,1.3423919677734375,1.2386474609375,-1.393524169921875,-0.7242967486381531,1.5145000219345093,-0.9370505213737488
1043,1.5401,1.5136,0,0,1.76593017578125,1.3672332763671875,-1.0058135986328125,1.0979437828063965,-0.20268546044826508,0.6918010711669922
1044,1.5803,1.5281,0,0,1.5609588623046875,0.7847747802734375,-0.496978759765625,1.3301594257354736,-1.036476492881775,0.6005931496620178
1045,1.5838,1.5453,0,0,0.9302978515625,0.7069854736328125,-0.516693115234375,0.4127119481563568,-1.5488680601119995,1.0593730211257935
1046,1.5556,1.5709,0,0,0.70947265625,1.09600830078125,-0.3439483642578125,0.1925864964723587,-1.0619088411331177,0.9992516040802002
1047,1.5034,1.6112,0,0,0.612701416015625,1.3940277099609375,-0.2431640625,0.04974651709198952,0.03135605901479721,0.5075761079788208
1048,1.437,1.6709,0,0,0.4326629638671875,1.27410888671875,0.2090301513671875,-0.40652328729629517,0.6863341331481934,0.06216324120759964
1049,1.3658,1.7524,0,0,0.1772613525390625,1.1485137939453125,0.4931793212890625,-1.307943344116211,0.6348195672035217,-0.06456514447927475
1050,1.2977,1.8547,0,0,-0.00421142578125,0.7638397216796875,0.187713623046875,-2.082125186920166,0.7135234475135803,-0.21404145658016205
1051,1.2382,1.9736,0,0,-0.178680419921875,0.441680908203125,-0.3890838623046875,-2.0416195392608643,0.37992867827415466,-0.029286516830325127
1052,1.1899,2.1027,0,0,-0.6500091552734375,0.547332763671875,-0.9476776123046875,1.0391685962677002,-2.4886672496795654,-1.0705686807632446
1053,1.1525,2.2336,0,0,0.1568756103515625,1.0123291015625,0.2623443603515625,1.5479098558425903,-2.9617726802825928,-1.392292857170105
1054,1.1235,2.3572,0,0,0.3946075439453125,1.323944091796875,0.2830810546875,-0.20246203243732452,-0.18213677406311035,-0.6046707034111023
1055,1.0992,2.4642,0,0,0.5565185546875,1.5042266845703125,0.24169921875,-1.55306077003479,2.0180766582489014,0.0302636306732893
1056,1.0759,2.5453,0,0,0.508544921875,1.291656494140625,0.120819091796875,-1.8729181289672852,2.4163262844085693,-0.018734805285930634
1057,1.0507,2.5917,0,0,0.55743408203125,1.077606201171875,0.0343170166015625,-1.4466602802276611,1.7227709293365479,-0.43062782287597656
1058,1.0219,2.5959,0,0,0.574737548828125,0.82806396484375,-0.01141357421875,-0.7601727247238159,0.6233804821968079,-0.5342023968696594
1059,0.9892,2.5522,0,0,0.344696044921875,0.3813629150390625,-0.5749053955078125,-0.5539318919181824,1.214594841003418,-0.5564845204353333
1060,0.9538,2.4578,0,0,0.3281402587890625,0.5482330322265625,-0.241180419921875,-1.201098918914795,4.986361026763916,-0.7486990094184875
1061,0.9174,2.3136,0,0,0.3440704345703125,0.6904449462890625,-0.174560546875,-0.8219151496887207,3.9802792072296143,-0.5574139952659607
1062,0.8827,2.1248,0,0,0.2625732421875,0.6952972412109375,-0.0107879638671875,0.08883612602949142,0.7303231954574585,-0.6015191078186035
1063,0.8523,1.901,0,0,0.4874267578125,0.7706451416015625,-0.0034637451171875,-0.1774592101573944,-0.84259033203125,-0.6522158980369568
1064,0.8292,1.6555,0,0,0.5018157958984375,0.790924072265625,0.0585479736328125,-1.0085945129394531,-0.7812276482582092,-0.6168690919876099
1065,0.8163,1.4037,0,0,0.511138916015625,0.8378448486328125,-0.0634613037109375,-0.9925255179405212,-1.0493967533111572,-0.6263456344604492
1066,0.8163,1.1627,0,0,0.5013580322265625,0.7871246337890625,-0.1044464111328125,-0.6625095009803772,-0.7160723209381104,-0.5705697536468506
1067,0.8318,0.9491,0,0,0.4964752197265625,0.733062744140625,-0.040985107421875,-0.5498604774475098,0.20314858853816986,-0.577276885509491
1068,0.8646,0.7787,0,0,0.5000457763671875,0.72174072265625,-0.030731201171875,-0.5957307815551758,0.5193377137184143,-0.5441303849220276
1069,0.9157,0.665,0,0,0.463104248046875,0.720245361328125,-0.0328521728515625,-0.6475321650505066,0.46555569767951965,-0.411583811044693
1070,0.9849,0.6183,0,0,0.4250946044921875,0.78338623046875,-0.068267822265625,-0.7535371780395508,0.4501972496509552,-0.2718227207660675
1071,1.0701,0.6446,0,0,0.4179534912109375,0.819580078125,-0.1069183349609375,-0.6873394846916199,0.37366414070129395,-0.23014558851718903
1072,1.1678,0.7452,0,0,0.594146728515625,0.8348388671875,-0.0772705078125,-0.4046233892440796,0.11226794868707657,-0.26808789372444153
1073,1.2723,0.9157,0,0,0.8231201171875,0.89752197265625,0.0129241943359375,-0.4222111701965332,0.20610682666301727,-0.11752529442310333
1074,1.3768,1.1457,0,0,0.9657440185546875,0.972076416015625,0.070343017578125,-0.43236738443374634,-0.11832797527313232,0.32484200596809387
1075,1.4732,1.4198,0,0,1.082763671875,1.0910186767578125,0.02777099609375,-0.28849729895591736,-0.8829191327095032,0.7013370990753174
1076,1.5532,1.7182,0,0,1.157958984375,1.1822662353515625,-0.154296875,0.06829330325126648,-1.0052686929702759,1.0954554080963135
1077,1.6092,2.0184,0,0,1.0222625732421875,1.220123291015625,-0.27410888671875,0.6612815260887146,-0.3912082314491272,1.47065269947052
1078,1.6346,2.2984,0,0,0.6662445068359375,1.225128173828125,-0.4010467529296875,1.5988857746124268,0.4008384943008423,1.7095602750778198
1079,1.6249,2.5384,0,0,0.3603057861328125,1.500762939453125,-0.5508880615234375,2.537487268447876,1.2031069993972778,1.7603776454925537
1080,1.5781,2.7234,0,0,-0.080657958984375,1.8037872314453125,-0.523284912109375,3.2254464626312256,1.8859026432037354,1.6980221271514893
1081,1.4952,2.8451,0,0,0.0070953369140625,1.585418701171875,-0.0489501953125,3.07855224609375,1.2860623598098755,1.2551614046096802
1082,1.3803,2.9024,0,0,0.1777191162109375,1.379608154296875,0.1057891845703125,2.6174275875091553,0.5414339900016785,1.1432723999023438
1083,1.2404,2.9004,0,0,0.141357421875,1.186370849609375,0.0033111572265625,2.1610453128814697,-0.037699706852436066,0.7667797207832336
1084,1.0851,2.8497,0,0,0.3598175048828125,1.030303955078125,-0.0691375732421875,1.9300020933151245,-0.6139782071113586,0.4044620096683502
1085,0.9258,2.7635,0,0,0.502410888671875,0.8236236572265625,-0.0655059814453125,1.817327857017517,-1.3007352352142334,0.5775293707847595
1086,0.7749,2.6563,0,0,0.439666748046875,0.6366424560546875,-0.0570068359375,1.685099720954895,-1.7732346057891846,0.48274001479148865
1087,0.6446,2.5418,0,0,0.4447174072265625,0.5187835693359375,0.0393524169921875,1.312417984008789,-2.106353282928467,0.39561977982521057
1088,0.5461,2.4318,0,0,0.35089111328125,0.437408447265625,0.033172607421875,0.8076347708702087,-2.425995349884033,0.5840120315551758
1089,0.4884,2.3354,0,0,0.25421142578125,0.41107177734375,0.0541534423828125,0.39874976873397827,-2.602130889892578,0.694869875907898
1090,0.4774,2.2585,0,0,0.136810302734375,0.4175567626953125,0.029815673828125,0.0025715483352541924,-2.6095778942108154,0.6831474304199219
1091,0.515,2.2035,0,0,0.051116943359375,0.4473876953125,0.0211029052734375,-0.3090268075466156,-2.310234785079956,0.4510430693626404
1092,0.5989,2.1695,0,0,0.05084228515625,0.508270263671875,-0.006378173828125,-0.5793877243995667,-1.7262327671051025,0.17358483374118805
1093,0.7224,2.1524,0,0,0.07696533203125,0.5608673095703125,-0.0177459716796875,-0.8833779692649841,-0.6975830793380737,-0.06589246541261673
1094,0.8747,2.1451,0,0,0.1266937255859375,0.5818939208984375,-0.0026702880859375,-1.288407802581787,0.4382535219192505,-0.18511925637722015
1095,1.0421,2.1389,0,0,0.1987762451171875,0.5991058349609375,-0.003326416015625,-1.7585958242416382,1.1607505083084106,-0.22930268943309784
1096,1.2091,2.1244,0,0,0.206573486328125,0.67437744140625,-0.1529083251953125,-2.2399063110351562,1.723718523979187,-0.30388426780700684
1097,1.3601,2.0936,0,0,0.03485107421875,0.671966552734375,-1.2013092041015625,-2.2485010623931885,2.003499746322632,-0.9419233202934265
1098,1.4818,2.0411,0,0,1.055877685546875,1.189453125,-1.5389556884765625,-1.180086374282837,2.3950510025024414,-1.3799965381622314
1099,1.5648,1.9652,0,0,1.9174652099609375,1.6727447509765625,-1.376251220703125,0.9446205496788025,0.23694303631782532,0.1428639441728592
1100,1.6044,1.8682,0,0,1.876312255859375,1.0327606201171875,-0.5582733154296875,1.1127978563308716,-1.4117486476898193,0.7892733216285706
1101,1.6017,1.7554,0,0,0.987396240234375,0.7918243408203125,-0.7821197509765625,0.2871082127094269,-1.5459213256835938,1.391541600227356
1102,1.5626,1.635,0,0,0.4143829345703125,0.90081787109375,-0.4041900634765625,0.40361669659614563,-0.9117912650108337,1.1925289630889893
1103,1.4964,1.5159,0,0,0.3366241455078125,1.053680419921875,-0.162200927734375,0.29002463817596436,0.048291098326444626,0.5518842339515686
1104,1.4141,1.4074,0,0,0.2210235595703125,0.9884490966796875,0.0433349609375,0.005569468718022108,0.8718512654304504,-0.08397319912910461
1105,1.3263,1.3173,0,0,0.0482635498046875,1.1815338134765625,0.39605712890625,-0.6356813907623291,0.9250530004501343,-0.559113085269928
1106,1.242,1.2521,0,0,0.074554443359375,1.110931396484375,0.290008544921875,-1.6001867055892944,0.4494515657424927,-0.9160637855529785
1107,1.1674,1.2158,0,0,0.0832672119140625,0.79681396484375,0.1095123291015625,-1.9006991386413574,0.009016931056976318,-0.5431309342384338
1108,1.1057,1.2102,0,0,-0.02410888671875,0.74920654296875,-0.5358428955078125,-1.3211203813552856,-0.6847320199012756,0.01625593565404415
1109,1.0572,1.2348,0,0,0.0742034912109375,0.9620208740234375,0.053558349609375,-0.09011391550302505,-1.1640360355377197,0.18238578736782074
1110,1.0198,1.2862,0,0,0.268157958984375,1.286102294921875,0.2701568603515625,-0.18775178492069244,0.09591002017259598,0.04728522524237633
1111,0.9906,1.3583,0,0,0.435272216796875,1.379150390625,0.191741943359375,-0.49580949544906616,0.8785009384155273,-0.43379512429237366
1112,0.9663,1.4426,0,0,0.5505828857421875,1.246917724609375,0.086395263671875,-0.4884098768234253,0.9590511918067932,-0.49378281831741333
1113,0.9443,1.5286,0,0,0.499481201171875,0.98736572265625,0.02325439453125,-0.3003118932247162,0.9067876935005188,-0.32496345043182373
1114,0.9229,1.6057,0,0,0.380401611328125,0.6910552978515625,-0.071868896484375,-0.2580355405807495,1.0376583337783813,-0.3692001402378082
1115,0.9019,1.664,0,0,0.3375701904296875,0.549407958984375,-0.1795196533203125,-1.09153413772583,3.167752504348755,-0.7723973989486694
1116,0.8818,1.6962,0,0,0.261322021484375,0.6131591796875,-0.2191619873046875,-1.0788111686706543,3.2330987453460693,-0.6828515529632568
1117,0.8637,1.6984,0,0,0.22894287109375,0.649749755859375,-0.1162109375,-0.34721067547798157,1.2609777450561523,-0.674994170665741
1118,0.8493,1.6704,0,0,0.3585662841796875,0.6709442138671875,0.000518798828125,0.11049748212099075,-0.6422287225723267,-0.6478714346885681
1119,0.8399,1.6152,0,0,0.45465087890625,0.753997802734375,0.04571533203125,-0.2973134517669678,-0.5995678305625916,-0.6223722100257874
1120,0.8372,1.5382,0,0,0.46923828125,0.8189239501953125,0.0593109130859375,-0.5893492698669434,-0.16063015162944794,-0.5815132260322571
1121,0.8426,1.446,0,0,0.4754638671875,0.8158416748046875,-0.0004730224609375,-0.47962918877601624,0.22832265496253967,-0.6536015272140503
1122,0.8572,1.3464,0,0,0.497283935546875,0.767608642578125,-0.0372314453125,-0.5507270693778992,1.0348255634307861,-0.7292624711990356
1123,0.8824,1.2476,0,0,0.529388427734375,0.765899658203125,-0.12115478515625,-0.6775925755500793,1.7137668132781982,-0.7236125469207764
1124,0.9191,1.1585,0,0,0.550445556640625,0.80352783203125,-0.110870361328125,-0.7238290905952454,1.899099349975586,-0.6794227361679077
1125,0.9677,1.0887,0,0,0.534271240234375,0.814239501953125,-0.1156463623046875,-0.6892785429954529,1.1378371715545654,-0.7023288607597351
1126,1.028,1.0481,0,0,0.5663299560546875,0.7216796875,-0.099273681640625,-0.5722470283508301,0.046360041946172714,-0.7317607402801514
1127,1.0988,1.0455,0,0,0.685791015625,0.7496795654296875,-0.0434722900390625,-0.6309452056884766,-0.4722093641757965,-0.6484357714653015
1128,1.1778,1.0879,0,0,0.7950439453125,0.7806549072265625,-0.03021240234375,-0.5771166086196899,-0.6359016299247742,-0.3851096034049988
1129,1.2614,1.1786,0,0,0.8739776611328125,0.8183746337890625,-0.007476806640625,-0.6807942390441895,-0.4348859488964081,-0.0448223315179348
1130,1.3448,1.3164,0,0,0.9084625244140625,0.8731842041015625,-0.0052642822265625,-0.5399367213249207,-0.3716720938682556,0.19156783819198608
1131,1.4226,1.4948,0,0,1.0026702880859375,1.064178466796875,0.0461578369140625,-0.3803121745586395,-0.665358304977417,0.5603586435317993
1132,1.4886,1.7021,0,0,0.9997100830078125,1.1822052001953125,0.002716064453125,-0.040351685136556625,-1.3775848150253296,0.9071288704872131
1133,1.5369,1.9226,0,0,0.91839599609375,1.260040283203125,-0.21221923828125,0.3997969329357147,-1.25382661819458,1.118746280670166
1134,1.5623,2.1384,0,0,0.6243743896484375,1.184844970703125,-0.3775634765625,1.1064443588256836,-0.21101024746894836,1.3122004270553589
1135,1.5606,2.3317,0,0,0.28759765625,1.3752288818359375,-0.63958740234375,2.0984485149383545,0.9134346842765808,1.5457415580749512
1136,1.5297,2.4874,0,0,-0.1366424560546875,1.781005859375,-0.4442291259765625,3.1935842037200928,1.4523721933364868,1.5273452997207642
1137,1.4694,2.5946,0,0,0.0764923095703125,1.6793060302734375,0.0856781005859375,3.248983383178711,0.7639045715332031,1.2509444952011108
1138,1.3818,2.6485,0,0,0.207122802734375,1.32379150390625,0.1992950439453125,2.5720930099487305,0.0845726728439331,1.410977840423584
1139,1.2713,2.6503,0,0,0.1456298828125,1.0409393310546875,0.06536865234375,2.069793224334717,-0.06764429062604904,0.8211875557899475
1140,1.1443,2.6063,0,0,0.3980255126953125,0.9443817138671875,-0.0094451904296875,1.8448222875595093,-0.1948203593492508,0.2046452909708023
1141,1.0089,2.5268,0,0,0.60125732421875,0.8855743408203125,-0.1548614501953125,1.7813512086868286,-0.5862549543380737,0.3291030526161194
1142,0.8744,2.4239,0,0,0.536529541015625,0.768157958984375,-0.13916015625,1.9447715282440186,-1.1336756944656372,0.5541356205940247
1143,0.7502,2.3104,0,0,0.3832550048828125,0.6712646484375,-0.03656005859375,1.9263293743133545,-1.5467796325683594,0.5718648433685303
1144,0.6461,2.1983,0,0,0.3118133544921875,0.6107330322265625,0.077362060546875,1.4435571432113647,-1.7082066535949707,0.6189934611320496
1145,0.5705,2.0976,0,0,0.22332763671875,0.55560302734375,0.066436767578125,0.7564834356307983,-1.8137998580932617,0.7047576308250427
1146,0.5308,2.0159,0,0,0.2089691162109375,0.57830810546875,0.0308685302734375,0.1716604381799698,-1.9779819250106812,0.6820326447486877
1147,0.5316,1.9577,0,0,0.16961669921875,0.603363037109375,0.0057373046875,-0.11261549592018127,-2.215693235397339,0.6133366227149963
1148,0.5748,1.9244,0,0,0.116455078125,0.5771636962890625,-0.058990478515625,-0.26682770252227783,-2.1629128456115723,0.41905665397644043
1149,0.6586,1.9139,0,0,0.118896484375,0.5657196044921875,-0.034088134765625,-0.336447536945343,-1.5199317932128906,0.16839461028575897
1150,0.7775,1.9207,0,0,0.14971923828125,0.5504302978515625,-0.0262298583984375,-0.6039708256721497,-0.714081883430481,-0.0679931640625
1151,0.9221,1.9369,0,0,0.1192474365234375,0.4739227294921875,-0.078155517578125,-1.0154374837875366,-0.12865731120109558,-0.2644106149673462
1152,1.0802,1.9528,0,0,0.0866546630859375,0.4716949462890625,-0.170196533203125,-1.5436112880706787,0.4769023656845093,-0.5680655837059021
1153,1.2372,1.9587,0,0,0.05096435546875,0.517333984375,-0.51007080078125,-2.3362748622894287,1.756842851638794,-1.0173722505569458
1154,1.3782,1.9464,0,0,0.20941162109375,0.8248748779296875,-1.331298828125,-2.028052568435669,2.2929656505584717,-1.5561566352844238
1155,1.4902,1.9107,0,0,1.14752197265625,1.3251190185546875,-1.3709716796875,-0.31512385606765747,1.5962079763412476,-1.3268039226531982
1156,1.5631,1.8506,0,0,1.9432830810546875,1.513397216796875,-0.8926544189453125,1.1349633932113647,0.28433293104171753,0.39462533593177795
1157,1.592,1.769,0,0,1.9187164306640625,0.7772979736328125,-0.787078857421875,1.003814935684204,-0.9794528484344482,0.951676607131958
1158,1.5775,1.6724,0,0,0.7833099365234375,0.8743133544921875,-0.6374664306640625,0.5939919948577881,-1.8167067766189575,1.2782983779907227
1159,1.5252,1.5697,0,0,0.461273193359375,1.1782989501953125,-0.2537384033203125,-0.02245044708251953,-0.7520961165428162,0.902055025100708
1160,1.4448,1.4705,0,0,0.382049560546875,1.3173370361328125,-0.166839599609375,-0.305223286151886,0.3066081404685974,0.11188951879739761
1161,1.3481,1.3844,0,0,0.2746124267578125,1.2274017333984375,0.17041015625,-0.45085132122039795,0.6934275031089783,-0.42146122455596924
1162,1.2474,1.3194,0,0,0.1198272705078125,0.9786376953125,0.389190673828125,-1.2084479331970215,0.7058734893798828,-0.6465787291526794
1163,1.1534,1.2814,0,0,0.107879638671875,0.6714019775390625,0.194793701171875,-1.8640167713165283,0.7267593741416931,-0.5099815130233765
1164,1.074,1.2741,0,0,0.0791778564453125,0.4798431396484375,0.0286407470703125,-1.8936151266098022,0.4595057964324951,-0.01751001738011837
1165,1.0136,1.2982,0,0,-0.0077362060546875,0.6550140380859375,-0.0200042724609375,-1.4053958654403687,0.20472225546836853,0.10652830451726913
1166,0.9729,1.3514,0,0,0.109130859375,1.0250701904296875,0.12713623046875,-0.6615329384803772,-0.33322322368621826,-0.3279813230037689
1167,0.9496,1.4287,0,0,0.3040313720703125,1.338043212890625,0.186187744140625,-0.14912264049053192,-0.9635194540023804,-0.5507254600524902
1168,0.9396,1.5214,0,0,0.4143218994140625,1.4561004638671875,0.2471771240234375,-0.24899516999721527,-0.9654752612113953,-0.3720177710056305
1169,0.9381,1.6187,0,0,0.4296112060546875,1.1706390380859375,0.0777740478515625,-0.5928095579147339,-0.20400533080101013,-0.07064487785100937
1170,0.9405,1.7081,0,0,0.3052825927734375,0.890869140625,-0.18060302734375,-0.624118983745575,0.7931042909622192,0.04778749495744705
1171,0.9433,1.777,0,0,0.0700836181640625,0.6141204833984375,-0.639129638671875,-0.04472272843122482,2.4750895500183105,-0.2543116509914398
1172,0.9441,1.8152,0,0,0.2037811279296875,0.6838836669921875,-0.2295379638671875,0.2887319326400757,3.558525323867798,-0.6615486741065979
1173,0.942,1.8157,0,0,0.350799560546875,0.768798828125,-0.0327606201171875,0.16644303500652313,3.138960361480713,-0.6567072868347168
1174,0.9371,1.7766,0,0,0.4273529052734375,0.7384796142578125,0.1287994384765625,-0.1188259869813919,1.6250334978103638,-0.496195912361145
1175,0.9301,1.7006,0,0,0.4379119873046875,0.714599609375,0.0691986083984375,-0.2709580063819885,-0.12709057331085205,-0.4797913730144501
1176,0.9224,1.5945,0,0,0.4651336669921875,0.73358154296875,-0.01080322265625,-0.42621150612831116,-0.6367130875587463,-0.6808714866638184
1177,0.9159,1.4678,0,0,0.586181640625,0.775390625,-0.0190582275390625,-0.7452608346939087,-0.10329363495111465,-0.760556697845459
1178,0.9124,1.3311,0,0,0.650543212890625,0.8192901611328125,-0.0282745361328125,-0.8375564217567444,0.2520418167114258,-0.6037964224815369
1179,0.9139,1.1958,0,0,0.616943359375,0.758941650390625,-0.073394775390625,-0.775188684463501,0.4231371581554413,-0.5814708471298218
1180,0.9222,1.0725,0,0,0.629150390625,0.6877288818359375,-0.0745697021484375,-0.8436140418052673,0.8376848101615906,-0.7378748655319214
1181,0.9391,0.9713,0,0,0.5782623291015625,0.7552337646484375,-0.107666015625,-0.9345548748970032,0.6894370317459106,-0.7788007259368896
1182,0.9658,0.9013,0,0,0.4926605224609375,0.756805419921875,-0.1183624267578125,-0.9024075865745544,0.17652283608913422,-0.705711305141449
1183,1.0028,0.8704,0,0,0.4251861572265625,0.7448272705078125,-0.1599578857421875,-0.8677479028701782,-0.21113833785057068,-0.6198371648788452
1184,1.0498,0.885,0,0,0.515655517578125,0.848236083984375,-0.154541015625,-0.8681089878082275,-0.29729345440864563,-0.5755394697189331
1185,1.1058,0.949,0,0,0.697357177734375,0.8831939697265625,-0.1222076416015625,-0.7081167101860046,-0.43013301491737366,-0.554180383682251
1186,1.1685,1.0632,0,0,0.775543212890625,0.8780517578125,-0.041778564453125,-0.4917215406894684,-0.4831024706363678,-0.3207138478755951
1187,1.2351,1.2248,0,0,0.9027557373046875,0.9393463134765625,0.026519775390625,-0.46988415718078613,-0.47921693325042725,-0.0021760689560323954
1188,1.3019,1.4263,0,0,0.9944305419921875,1.0201263427734375,0.0376129150390625,-0.3457462191581726,-0.794404149055481,0.491272509098053
1189,1.3646,1.6565,0,0,0.9366912841796875,1.0577545166015625,-0.0363922119140625,-0.036257605999708176,-1.022049069404602,1.0861800909042358
1190,1.4189,1.9004,0,0,0.749176025390625,1.0189056396484375,-0.10845947265625,0.4921601414680481,-1.3559684753417969,1.3639565706253052
1191,1.46,2.1414,0,0,0.7266998291015625,1.0916595458984375,-0.084259033203125,0.9799878597259521,-1.0613917112350464,1.271218180656433
1192,1.4836,2.3623,0,0,0.5696258544921875,1.0909423828125,-0.2442626953125,1.3726582527160645,-0.21846309304237366,1.4644142389297485
1193,1.486,2.5478,0,0,0.3281097412109375,1.2913360595703125,-0.482330322265625,1.8104366064071655,1.395112156867981,1.6006098985671997
1194,1.4642,2.6865,0,0,0.0132598876953125,1.693206787109375,-0.6941070556640625,2.743988275527954,2.5258216857910156,1.5343291759490967
1195,1.417,2.7716,0,0,0.0637359619140625,1.6088104248046875,-0.0787811279296875,3.3957319259643555,1.769683837890625,1.2265974283218384
1196,1.3452,2.8023,0,0,0.1616973876953125,1.34490966796875,0.1653594970703125,2.746767520904541,0.6911816596984863,1.108506202697754
1197,1.2514,2.7827,0,0,0.1923675537109375,1.1357269287109375,0.1365509033203125,1.9055122137069702,0.020488230511546135,0.6270913481712341
1198,1.1405,2.721,0,0,0.4204864501953125,0.966644287109375,0.0984344482421875,1.2745270729064941,-0.46748197078704834,0.2739101052284241
1199,1.0193,2.6278,0,0,0.59503173828125,0.80780029296875,-0.09442138671875,0.9778403043746948,-1.3213108777999878,0.3808698356151581
1200,0.8959,2.5145,0,0,0.6647796630859375,0.7235260009765625,-0.2521209716796875,1.2950321435928345,-2.3455283641815186,0.5882419347763062
1201,0.7797,2.3923,0,0,0.4826812744140625,0.67034912109375,-0.1388092041015625,1.5244756937026978,-2.631643056869507,0.49456843733787537
1202,0.6801,2.2716,0,0,0.395416259765625,0.6443023681640625,-0.0602569580078125,1.2602347135543823,-2.4073312282562256,0.49554744362831116
1203,0.6061,2.1613,0,0,0.26116943359375,0.608428955078125,-0.018157958984375,0.7356564402580261,-2.1378278732299805,0.6659423112869263
1204,0.5654,2.0687,0,0,0.139373779296875,0.5524139404296875,-0.0024566650390625,0.2703297436237335,-2.088657855987549,0.582491397857666
1205,0.5633,1.9989,0,0,0.0873870849609375,0.5428466796875,0.066162109375,-0.09675104171037674,-2.109055280685425,0.43635228276252747
1206,0.6022,1.9541,0,0,0.026611328125,0.5563812255859375,-0.0089874267578125,-0.3200456500053406,-1.9581208229064941,0.22743715345859528
1207,0.6807,1.9335,0,0,0.0087738037109375,0.6063690185546875,0.0074920654296875,-0.5096397995948792,-1.3364332914352417,-0.06941316276788712
1208,0.7938,1.9326,0,0,0.100372314453125,0.6123046875,-0.0354766845703125,-0.7185067534446716,-0.41042402386665344,-0.3030639886856079
1209,0.9324,1.9441,0,0,0.078094482421875,0.526458740234375,-0.0773162841796875,-0.8847497701644897,0.20169131457805634,-0.3248228132724762
1210,1.0845,1.9584,0,0,0.036224365234375,0.502227783203125,-0.171539306640625,-1.1884167194366455,0.5658735036849976,-0.5617482662200928
1211,1.236,1.9658,0,0,0.0099334716796875,0.568939208984375,-0.609161376953125,-2.0371768474578857,1.8879204988479614,-0.9860484600067139
1212,1.3728,1.958,0,0,0.239501953125,0.79412841796875,-1.431396484375,-2.011842966079712,3.1238789558410645,-1.6054089069366455
1213,1.4821,1.9304,0,0,1.318450927734375,1.3656158447265625,-1.250885009765625,-0.4075067937374115,2.6330676078796387,-1.122398018836975
1214,1.5546,1.8826,0,0,1.9424591064453125,1.454986572265625,-0.9446258544921875,1.5056074857711792,0.4216817319393158,0.8272627592086792
1215,1.5857,1.8186,0,0,1.7137451171875,0.63134765625,-0.6243438720703125,1.346866488456726,-0.4426368176937103,0.49904388189315796
1216,1.5756,1.7453,0,0,0.8858184814453125,0.803070068359375,-0.4461822509765625,0.36238643527030945,-0.8143797516822815,0.8833755850791931
1217,1.5296,1.6713,0,0,0.5694732666015625,1.0838165283203125,-0.1761932373046875,-0.11594684422016144,0.23196159303188324,0.6077274680137634
1218,1.4564,1.6046,0,0,0.4216461181640625,1.24078369140625,-0.2262420654296875,-0.2322995513677597,0.9268743395805359,0.0833422914147377
1219,1.3666,1.5515,0,0,0.2366790771484375,1.2631988525390625,0.230621337890625,-0.3168506622314453,1.2140264511108398,-0.33205491304397583
1220,1.2712,1.5162,0,0,0.16632080078125,1.2466888427734375,0.4462738037109375,-1.159764051437378,0.8672648072242737,-0.6490027904510498
1221,1.1802,1.5,0,0,0.1569976806640625,0.8373565673828125,0.3329620361328125,-1.9912502765655518,-0.15154345333576202,-0.21210426092147827
1222,1.1009,1.5028,0,0,0.090606689453125,0.544952392578125,0.0708465576171875,-2.128749370574951,-1.351633906364441,0.4547762870788574
1223,1.0378,1.5226,0,0,0.007843017578125,0.608367919921875,-0.030548095703125,-1.4272918701171875,-1.4950536489486694,0.42542505264282227
1224,0.9919,1.5567,0,0,0.1331634521484375,0.9481964111328125,0.04052734375,-0.4581928551197052,-1.2776669263839722,-0.22422324120998383
1225,0.9618,1.6011,0,0,0.338226318359375,1.28448486328125,0.1763458251953125,-0.050578221678733826,-1.1499314308166504,-0.34571826457977295
1226,0.9439,1.6509,0,0,0.363311767578125,1.382720947265625,0.16448974609375,-0.3135209083557129,-0.6858020424842834,-0.0873386338353157
1227,0.9341,1.6999,0,0,0.36932373046875,1.116790771484375,0.04461669921875,-0.6388513445854187,0.2378261387348175,-0.01992097683250904
1228,0.9282,1.741,0,0,0.316192626953125,0.83233642578125,-0.3542633056640625,-0.7467202544212341,1.1291062831878662,-0.07755870372056961
1229,0.9229,1.7669,0,0,0.2293243408203125,0.6477203369140625,-0.6474456787109375,-0.7141359448432922,3.313750743865967,-0.5961789488792419
1230,0.9163,1.7714,0,0,0.384613037109375,0.7247161865234375,-0.26214599609375,-0.31782084703445435,3.000322103500366,-0.7837576270103455
1231,0.9077,1.7495,0,0,0.3943328857421875,0.7060394287109375,-0.010345458984375,-0.17807093262672424,1.1144874095916748,-0.6713081002235413
1232,0.8973,1.6993,0,0,0.400360107421875,0.7035064697265625,0.07757568359375,-0.41420596837997437,-0.3286364674568176,-0.610374927520752
1233,0.8865,1.6209,0,0,0.3833770751953125,0.63128662109375,0.098907470703125,-0.6616472005844116,-1.0964412689208984,-0.5498476624488831
1234,0.8771,1.5175,0,0,0.4551544189453125,0.6842041015625,0.058807373046875,-1.0277138948440552,-1.1338341236114502,-0.5368781089782715
1235,0.8713,1.3944,0,0,0.516876220703125,0.763397216796875,-0.091217041015625,-1.1776466369628906,-0.6784008741378784,-0.5377028584480286
1236,0.8714,1.2589,0,0,0.5368804931640625,0.8016204833984375,-0.134368896484375,-1.0206964015960693,0.21046268939971924,-0.5104267597198486
1237,0.8796,1.1206,0,0,0.483062744140625,0.7974700927734375,-0.1246490478515625,-0.7572850584983826,0.6909952163696289,-0.5266028046607971
1238,0.8979,0.9901,0,0,0.3839569091796875,0.8226776123046875,-0.22314453125,-0.6380491852760315,0.9365120530128479,-0.5380080938339233
1239,0.9279,0.8794,0,0,0.394927978515625,0.8828582763671875,-0.1389617919921875,-0.40681490302085876,0.9022698998451233,-0.651534914970398
1240,0.9704,0.8002,0,0,0.437042236328125,0.845611572265625,-0.05902099609375,-0.2641139328479767,0.40925249457359314,-0.6886178255081177
1241,1.0252,0.7639,0,0,0.4884033203125,0.8183746337890625,-0.101806640625,-0.2850112318992615,0.46310532093048096,-0.5960026383399963
1242,1.091,0.7792,0,0,0.6202850341796875,0.8118743896484375,-0.0472259521484375,-0.38073110580444336,0.887636125087738,-0.4884040355682373
1243,1.1653,0.8517,0,0,0.7244415283203125,0.790191650390625,9.1552734375e-05,-0.30108872056007385,0.6666651368141174,-0.195946604013443
1244,1.2444,0.9823,0,0,0.8526763916015625,0.812164306640625,-0.0089111328125,-0.37280046939849854,0.7322124242782593,0.1695600003004074
1245,1.3234,1.1662,0,0,0.8676910400390625,0.8309478759765625,-0.033172607421875,-0.38868382573127747,0.3632762134075165,0.14091265201568604
1246,1.3968,1.3929,0,0,1.166046142578125,1.075347900390625,-0.095733642578125,-0.26423802971839905,-0.07630275934934616,0.25246021151542664
1247,1.4587,1.6463,0,0,0.9912261962890625,1.1302642822265625,-0.0972900390625,0.05879061296582222,-0.6191966533660889,1.1310274600982666
1248,1.5036,1.9068,0,0,0.8843536376953125,1.1845855712890625,-0.058074951171875,0.7045664191246033,-1.4383820295333862,1.412173867225647
1249,1.5269,2.153,0,0,0.757781982421875,1.2650604248046875,-0.2501983642578125,1.2371864318847656,-1.1493369340896606,1.4767675399780273
1250,1.525,2.3646,0,0,0.4594573974609375,1.319854736328125,-0.3125762939453125,1.9478365182876587,0.01980033703148365,1.6047558784484863
1251,1.4962,2.525,0,0,0.0522003173828125,1.594146728515625,-0.4771575927734375,2.753565549850464,0.8857598900794983,1.5551414489746094
1252,1.4406,2.6241,0,0,-0.3221893310546875,1.6739044189453125,-0.3550872802734375,3.284539222717285,1.201918125152588,1.0128602981567383
1253,1.3603,2.659,0,0,0.0558013916015625,1.404876708984375,-0.047760009765625,3.0317883491516113,1.0655730962753296,0.8672211170196533
1254,1.2594,2.6343,0,0,-0.007659912109375,1.074859619140625,0.0157012939453125,2.465010643005371,1.0466302633285522,0.8326429128646851
1255,1.1434,2.5611,0,0,0.1957244873046875,0.8668060302734375,-0.00982666015625,2.0134968757629395,0.8667958378791809,0.2951437532901764
1256,1.0193,2.4548,0,0,0.51214599609375,0.787384033203125,-0.05010986328125,1.7370777130126953,0.3787824511528015,0.32359084486961365
1257,0.8948,2.3326,0,0,0.5269317626953125,0.6638336181640625,0.0720977783203125,1.5090261697769165,-0.3884710371494293,0.4357541501522064
1258,0.7782,2.2109,0,0,0.6125335693359375,0.5904083251953125,-0.017578125,1.0567684173583984,-1.4042179584503174,0.36827656626701355
1259,0.6778,2.1031,0,0,0.6417236328125,0.6075897216796875,-0.083892822265625,0.8501430749893188,-1.6230459213256836,0.5931570529937744
1260,0.6015,2.0186,0,0,0.558807373046875,0.6092376708984375,-0.00115966796875,0.5748878121376038,-1.6437422037124634,0.856783390045166
1261,0.5564,1.9622,0,0,0.4229278564453125,0.6230621337890625,0.048492431640625,0.18644072115421295,-1.9386725425720215,1.0315972566604614
1262,0.548,1.9338,0,0,0.237274169921875,0.567626953125,-0.054901123046875,-0.03936924412846565,-2.3015034198760986,0.9402295351028442
1263,0.5794,1.93,0,0,0.1733245849609375,0.518585205078125,-0.025604248046875,-0.21033939719200134,-2.1607680320739746,0.6360174417495728
1264,0.6505,1.9442,0,0,0.1464080810546875,0.47686767578125,-0.019256591796875,-0.48435282707214355,-1.7840512990951538,0.2799730598926544
1265,0.7574,1.968,0,0,0.0954132080078125,0.4378662109375,-0.06756591796875,-0.7813541293144226,-1.003536581993103,-0.12268464267253876
1266,0.8925,1.9923,0,0,0.0887603759765625,0.4199981689453125,-0.084442138671875,-1.1489417552947998,-0.11562620103359222,-0.5257481932640076
1267,1.0443,2.0082,0,0,0.0647430419921875,0.4559326171875,-0.1747894287109375,-1.652512788772583,0.34400051832199097,-0.9395573735237122
1268,1.1987,2.0087,0,0,0.0828094482421875,0.55731201171875,-0.4542694091796875,-2.3253421783447266,0.886678159236908,-1.4481992721557617
1269,1.3408,1.9891,0,0,0.46331787109375,0.8480072021484375,-0.9287872314453125,-2.5170738697052,1.3768366575241089,-1.9114998579025269
1270,1.4563,1.9484,0,0,1.280181884765625,1.3524627685546875,-1.2470245361328125,-1.5643386840820312,1.0684138536453247,-1.1368858814239502
1271,1.5343,1.8889,0,0,1.9369049072265625,1.459625244140625,-1.227447509765625,0.659080445766449,-0.40979790687561035,0.49590909481048584
1272,1.5684,1.8159,0,0,1.4265289306640625,1.030303955078125,-0.9298095703125,1.0948688983917236,-0.5006894469261169,1.0690208673477173
1273,1.5579,1.7365,0,0,0.92047119140625,1.1017303466796875,-0.389678955078125,0.20863710343837738,-1.0138609409332275,1.1761914491653442
1274,1.5075,1.6587,0,0,0.663787841796875,1.1017303466796875,-0.2846527099609375,-0.6457241773605347,-0.7981123328208923,0.7636590600013733
1275,1.4266,1.5905,0,0,0.46533203125,1.1634979248046875,0.271575927734375,-0.9982491731643677,0.06840142607688904,0.07418687641620636
1276,1.3274,1.5389,0,0,0.310791015625,1.3577117919921875,0.4373779296875,-1.844179391860962,0.2873329818248749,-0.5652921795845032
1277,1.2231,1.51,0,0,0.1710968017578125,1.19439697265625,0.293670654296875,-1.993165373802185,0.39446768164634705,-0.7157754302024841
1278,1.1258,1.5081,0,0,0.048553466796875,0.704925537109375,0.1761322021484375,-1.5900962352752686,-0.4610339403152466,-0.18391203880310059
1279,1.0448,1.5362,0,0,-0.115081787109375,0.306396484375,0.1207275390625,-1.2863328456878662,-1.2450940608978271,-0.014956045895814896
1280,0.9855,1.595,0,0,-0.134490966796875,0.2797393798828125,0.069000244140625,-1.0121010541915894,-1.4228966236114502,-0.16557271778583527
1281,0.9492,1.6826,0,0,0.04351806640625,0.706817626953125,0.0838165283203125,-0.676266610622406,-1.548224925994873,-0.20995590090751648
1282,0.9333,1.794,0,0,0.1542816162109375,1.2990570068359375,0.1703033447265625,-0.3246033787727356,-1.7737846374511719,-0.019570771604776382
1283,0.9328,1.9206,0,0,0.1355743408203125,1.5965118408203125,0.2396392822265625,-0.3497058153152466,-0.9870508313179016,-0.06046973541378975
1284,0.9411,2.0504,0,0,0.236724853515625,1.379119873046875,0.186737060546875,-0.7233781814575195,0.4073704183101654,-0.19868139922618866
1285,0.952,2.169,0,0,0.32794189453125,1.0300750732421875,0.04705810546875,-0.9450770616531372,1.1216020584106445,-0.044736843556165695
1286,0.9605,2.2608,0,0,0.267333984375,0.7604217529296875,-0.334686279296875,-0.7681912183761597,1.6487113237380981,0.08068153262138367
1287,0.9635,2.3118,0,0,0.31121826171875,0.5298004150390625,-0.9294281005859375,0.3164018988609314,3.7927238941192627,-0.08563660830259323
1288,0.9601,2.3116,0,0,0.410308837890625,0.675506591796875,-0.152618408203125,0.6482147574424744,4.39064359664917,-0.12590013444423676
1289,0.9511,2.256,0,0,0.2938232421875,0.610870361328125,0.1440582275390625,0.680145263671875,3.102362632751465,-0.017606956884264946
1290,0.9387,2.1477,0,0,0.38372802734375,0.6049957275390625,0.2268829345703125,0.17738011479377747,1.238800048828125,-0.3943518400192261
1291,0.9264,1.9964,0,0,0.4467010498046875,0.703216552734375,0.12310791015625,-0.37415868043899536,-0.12353072315454483,-0.8341936469078064
1292,0.9181,1.8172,0,0,0.61114501953125,0.833831787109375,0.024017333984375,-0.8375257849693298,-0.564942479133606,-1.2770768404006958
1293,0.9177,1.6292,0,0,0.669036865234375,0.8195953369140625,-0.0369720458984375,-1.073390007019043,-0.5826472043991089,-1.058903455734253
1294,0.9291,1.453,0,0,0.683868408203125,0.77691650390625,-0.16851806640625,-1.0442140102386475,-0.05553596466779709,-0.8850480318069458
1295,0.9554,1.3089,0,0,0.7230377197265625,0.8292999267578125,-0.2365570068359375,-0.8665081858634949,1.1397029161453247,-0.7480041980743408
1296,0.999,1.2147,0,0,0.59405517578125,0.78466796875,-0.1628875732421875,-0.596553385257721,1.5913939476013184,-0.5192953944206238
1297,1.0604,1.184,0,0,0.555511474609375,0.77752685546875,-0.12298583984375,-0.4752104580402374,1.111709475517273,-0.5371484160423279
1298,1.1386,1.2247,0,0,0.668853759765625,0.7644195556640625,-0.0680999755859375,-0.46633148193359375,0.36763447523117065,-0.4853123724460602
1299,1.2302,1.3381,0,0,0.7488555908203125,0.7368621826171875,0.0302581787109375,-0.22713860869407654,-0.7322406768798828,-0.3816743791103363
1300,1.3297,1.5175,0,0,0.8707275390625,0.7918243408203125,0.0548553466796875,-0.2585125267505646,-1.0018154382705688,-0.14180400967597961
1301,1.4295,1.7495,0,0,0.957977294921875,0.9122467041015625,0.0182342529296875,-0.21139372885227203,-1.1142271757125854,0.4102895259857178
1302,1.5206,2.0143,0,0,0.9697418212890625,1.063995361328125,-0.0346832275390625,0.1408708393573761,-1.484724521636963,1.1062917709350586
1303,1.5935,2.2882,0,0,0.9509735107421875,1.193359375,-0.0314788818359375,0.4557313024997711,-1.378090739250183,1.50577974319458
1304,1.6392,2.5468,0,0,1.0252685546875,1.3891754150390625,-0.3747406005859375,0.9984768629074097,-0.8366528153419495,1.8768012523651123
1305,1.6503,2.7675,0,0,0.5823822021484375,1.4900665283203125,-0.6274261474609375,2.3777952194213867,0.8957939147949219,2.070777654647827
1306,1.6224,2.9329,0,0,0.02593994140625,1.9294891357421875,-0.6691436767578125,3.925030469894409,1.7168821096420288,1.8811427354812622
1307,1.5542,3.033,0,0,-0.070037841796875,1.8117523193359375,-0.008758544921875,3.4887282848358154,1.9492064714431763,0.958696722984314
1308,1.4487,3.0663,0,0,-0.0445709228515625,1.4786224365234375,0.0557861328125,2.71832013130188,1.7080823183059692,0.712954580783844
1309,1.3124,3.0394,0,0,-0.048004150390625,1.1652984619140625,-0.1309661865234375,2.4736013412475586,0.7589737176895142,-0.003942543640732765
1310,1.1553,2.965,0,0,0.5455322265625,0.914398193359375,-0.1437835693359375,2.310765027999878,-0.4428304135799408,0.2556789219379425
1311,0.9894,2.8601,0,0,0.603240966796875,0.7036285400390625,-0.070037841796875,1.848828673362732,-1.3535194396972656,0.4833195209503174
1312,0.8285,2.7422,0,0,0.5136566162109375,0.542449951171875,-0.0843505859375,1.3806391954421997,-1.7191112041473389,0.2589428722858429
1313,0.6861,2.6275,0,0,0.56146240234375,0.4208831787109375,-0.0310821533203125,1.0102152824401855,-1.8885375261306763,0.28531989455223083
1314,0.5747,2.5289,0,0,0.5656585693359375,0.4043121337890625,0.0998382568359375,0.5960782766342163,-2.1714746952056885,0.7049999833106995
1315,0.5047,2.4544,0,0,0.4739532470703125,0.383941650390625,0.2185516357421875,0.010720022022724152,-2.74595308303833,1.0527875423431396
1316,0.483,2.4077,0,0,0.2694549560546875,0.369140625,0.1110382080078125,-0.38628140091896057,-2.8092494010925293,1.0128995180130005
1317,0.5126,2.3874,0,0,0.059814453125,0.3811187744140625,0.022125244140625,-0.610742449760437,-2.4838645458221436,0.6442378163337708
1318,0.5919,2.3886,0,0,-0.0377349853515625,0.3884429931640625,0.006134033203125,-0.8192810416221619,-1.799340844154358,0.21880824863910675
1319,0.7147,2.4032,0,0,-0.0503387451171875,0.449951171875,0.001220703125,-1.1277555227279663,-0.46571284532546997,-0.19288796186447144
1320,0.8704,2.4218,0,0,-0.013946533203125,0.562255859375,-0.0482330322265625,-1.5095443725585938,0.971917986869812,-0.6083813309669495
1321,1.0448,2.4346,0,0,0.0323333740234375,0.66162109375,-0.0756072998046875,-2.0478012561798096,1.7184326648712158,-1.0300196409225464
1322,1.222,2.4334,0,0,0.0989837646484375,0.9031219482421875,-0.4246063232421875,-2.3887782096862793,2.365457773208618,-1.2060394287109375
1323,1.3859,2.4133,0,0,0.12408447265625,0.9434356689453125,-1.23724365234375,-1.7805143594741821,2.3716375827789307,-1.431973934173584
1324,1.5223,2.373,0,0,0.996612548828125,1.2881927490234375,-1.1933441162109375,-1.7805143594741821,2.3716375827789307,-1.431973934173584
1325,1.6206,2.3155,0,0,2.074249267578125,1.6918487548828125,-1.2339324951171875,1.405657410621643,0.0644114762544632,0.8975830078125
1326,1.6752,2.2472,0,0,1.84857177734375,1.0032501220703125,-1.18328857421875,1.2802605628967285,0.06810608506202698,1.201239824295044
1327,1.6856,2.1763,0,0,1.1361236572265625,0.62371826171875,-0.5860137939453125,1.2802605628967285,0.06810608506202698,1.201239824295044
1328,1.6562,2.1114,0,0,0.6067657470703125,0.4887237548828125,-0.203277587890625,-0.39598941802978516,-1.0704357624053955,0.5542373657226562
1329,1.5945,2.0605,0,0,0.373809814453125,0.6855926513671875,0.205596923828125,-0.7908272743225098,-0.5420089364051819,-0.7311724424362183
1330,1.5102,2.0296,0,0,0.34375,1.2148895263671875,0.6731414794921875,-2.0220158100128174,-0.16955174505710602,-1.0602656602859497
1331,1.4135,2.0231,0,0,0.32611083984375,1.734619140625,0.5843963623046875,-2.944344997406006,-0.46595412492752075,-0.9993501305580139
1332,1.3138,2.0431,0,0,0.186676025390625,1.3818359375,0.227020263671875,-2.944344997406006,-0.46595412492752075,-0.9993501305580139
1333,1.219,2.0901,0,0,0.022796630859375,0.889251708984375,0.0171051025390625,-1.943481683731079,-1.751281976699829,-0.04530010372400284
1334,1.1352,2.1625,0,0,-0.096710205078125,0.9050750732421875,-0.0807952880859375,-1.0198676586151123,-1.5161978006362915,0.09395232796669006
1335,1.0662,2.2559,0,0,-0.7917938232421875,0.9030914306640625,-0.4903106689453125,0.4035203158855438,-1.2018781900405884,-0.9582405090332031
1336,1.0138,2.3625,0,0,-0.26898193359375,1.1586761474609375,-0.213653564453125,1.0372834205627441,-0.29709160327911377,-0.9884117245674133
1337,0.9779,2.4711,0,0,0.0503997802734375,1.088592529296875,0.0899200439453125,0.6703969836235046,1.6431444883346558,-0.18866312503814697
1338,0.9568,2.5674,0,0,0.0963592529296875,0.874359130859375,0.199432373046875,0.6703969836235046,1.6431444883346558,-0.18866312503814697
1339,0.9477,2.6355,0,0,0.2058258056640625,0.79248046875,0.18804931640625,0.03350416570901871,3.260101318359375,0.07363294064998627
1340,0.9472,2.6595,0,0,0.3221282958984375,0.7810211181640625,0.1736297607421875,-0.2209472954273224,3.215911865234375,-0.21954327821731567
1341,0.9514,2.6267,0,0,0.44781494140625,0.7733306884765625,0.014556884765625,0.13167093694210052,2.605302095413208,-0.28607168793678284
1342,0.9565,2.5293,0,0,0.5843048095703125,0.675445556640625,-0.13934326171875,-0.048042092472314835,3.257969856262207,-0.5522741079330444
1343,0.9595,2.3663,0,0,0.622894287109375,0.5613555908203125,-0.0218353271484375,-0.5248925089836121,3.1131601333618164,-1.3359472751617432
1344,0.9586,2.1446,0,0,0.864837646484375,0.6789398193359375,-0.0112762451171875,-0.49693945050239563,1.3979566097259521,-1.4015226364135742
1345,0.9532,1.8783,0,0,1.0447845458984375,0.68853759765625,0.0688934326171875,-0.9206135272979736,-0.19308264553546906,-0.9259174466133118
1346,0.9447,1.5878,0,0,0.9259185791015625,0.6570587158203125,-0.152191162109375,-1.0019563436508179,-0.6985871195793152,-0.6794858574867249
1347,0.9362,1.2974,0,0,0.693145751953125,0.7257232666015625,-0.1983184814453125,-0.6965146064758301,-0.9702265858650208,-0.3727980852127075
1348,0.9319,1.0332,0,0,0.4866485595703125,0.7763214111328125,-0.1221466064453125,-0.5047070980072021,-0.9713352918624878,-0.26837393641471863
1349,0.9369,0.8205,0,0,0.422760009765625,0.8109130859375,-0.067047119140625,-0.46010342240333557,-0.635094165802002,-0.23945999145507812
1350,0.9557,0.681,0,0,0.3423004150390625,0.8099365234375,-0.050262451171875,-0.4153074622154236,-0.41149166226387024,-0.32622072100639343
1351,0.992,0.6311,0,0,0.3571624755859375,0.7965240478515625,-0.0042724609375,-0.4153074622154236,-0.41149166226387024,-0.32622072100639343
1352,1.0475,0.6797,0,0,0.4168548583984375,0.815765380859375,0.0004730224609375,-0.5295892953872681,-0.24240703880786896,-0.15644153952598572
1353,1.1212,0.827,0,0,0.4875335693359375,0.77752685546875,-0.0353851318359375,-0.3479904532432556,-0.12962962687015533,-0.3542686104774475
1354,1.2096,1.0647,0,0,0.679779052734375,0.8026580810546875,0.0330810546875,-0.3479904532432556,-0.12962962687015533,-0.3542686104774475
1355,1.3064,1.3755,0,0,0.842041015625,0.853790283203125,0.1042938232421875,-0.40815287828445435,-0.25778838992118835,-0.27392396330833435
1356,1.4034,1.7355,0,0,0.972503662109375,1.0335693359375,0.0960693359375,-0.5189640522003174,-1.7707382440567017,0.7883550524711609
1357,1.4909,2.1161,0,0,1.0152435302734375,1.1969146728515625,-0.0024871826171875,-0.22535881400108337,-2.101820230484009,1.398259162902832
1358,1.5595,2.4871,0,0,0.9503936767578125,1.2782745361328125,-0.3995513916015625,0.6736623048782349,-0.5786252617835999,1.4987919330596924
1359,1.6008,2.8198,0,0,0.830169677734375,1.3533172607421875,-0.4905242919921875,1.934118628501892,1.0700531005859375,1.8178985118865967
1360,1.6084,3.0907,0,0,0.4168548583984375,1.544647216796875,-0.431243896484375,3.1188035011291504,1.854425072669983,1.9447637796401978
1361,1.5792,3.2836,0,0,-0.078125,1.9088287353515625,-0.5607147216796875,3.7635016441345215,2.471558094024658,1.5547515153884888
1362,1.5134,3.3913,0,0,-0.0509796142578125,1.7294921875,-0.206268310546875,3.2413876056671143,2.5877797603607178,1.4226195812225342
1363,1.4145,3.4157,0,0,-0.0179290771484375,1.3854522705078125,-0.04534912109375,2.5308501720428467,1.67719566822052,1.0211385488510132
1364,1.2895,3.3666,0,0,0.0382537841796875,1.0516510009765625,-0.0694427490234375,2.191704034805298,-0.1979580819606781,0.3394180238246918
1365,1.1476,3.2596,0,0,0.4439544677734375,0.857818603515625,0.0321807861328125,2.191704034805298,-0.1979580819606781,0.3394180238246918
1366,0.9996,3.1132,0,0,0.537841796875,0.68841552734375,0.0488128662109375,1.4400098323822021,-2.6526260375976562,0.531542956829071
1367,0.8569,2.9466,0,0,0.6179656982421875,0.5679779052734375,-0.101959228515625,1.1872068643569946,-2.78084135055542,0.520480751991272
1368,0.7304,2.7772,0,0,0.6022186279296875,0.5424652099609375,-0.0129241943359375,0.7038143277168274,-2.5727035999298096,0.7763261198997498
1369,0.63,2.6192,0,0,0.46649169921875,0.53729248046875,-0.0265655517578125,0.25925207138061523,-2.3301196098327637,1.0003104209899902
1370,0.5639,2.4827,0,0,0.278564453125,0.5540618896484375,-0.0074462890625,-0.12301141023635864,-2.3665578365325928,0.9082931876182556
1371,0.5374,2.3736,0,0,0.12518310546875,0.5731201171875,0.02117919921875,-0.44279927015304565,-2.5531859397888184,0.6603696942329407
1372,0.5534,2.2929,0,0,0.074493408203125,0.5765228271484375,0.0235748291015625,-0.44279927015304565,-2.5531859397888184,0.6603696942329407
1373,0.611,2.2377,0,0,0.049896240234375,0.5954437255859375,-0.0230560302734375,-0.8436098098754883,-1.9513287544250488,0.15927833318710327
1374,0.7062,2.2015,0,0,0.0653228759765625,0.614532470703125,0.003753662109375,-0.9731763005256653,-0.7248362898826599,-0.07759146392345428
1375,0.8314,2.1753,0,0,0.09698486328125,0.5898590087890625,-0.0079193115234375,-1.064629316329956,0.38602280616760254,-0.26388198137283325
1376,0.9764,2.1494,0,0,0.048187255859375,0.5419769287109375,-0.0621490478515625,-1.1372333765029907,1.0251632928848267,-0.5455994009971619
1377,1.1287,2.1148,0,0,0.0309600830078125,0.5731048583984375,-0.1613311767578125,-1.786289930343628,1.972538709640503,-0.9317697286605835
1378,1.2752,2.0651,0,0,-0.141265869140625,0.5559539794921875,-1.099273681640625,-2.141155958175659,3.639878034591675,-1.8066855669021606
1379,1.4033,1.9983,0,0,0.7503662109375,1.0258636474609375,-1.3123016357421875,-0.6143491864204407,2.6486294269561768,-1.303307056427002
1380,1.5029,1.917,0,0,1.6281280517578125,1.5118865966796875,-1.26129150390625,1.356474757194519,-0.25213637948036194,0.5642993450164795
1381,1.5673,1.828,0,0,1.789703369140625,1.1792449951171875,-1.1427459716796875,1.3742682933807373,-0.09024360775947571,0.6945121884346008
1382,1.594,1.7403,0,0,1.21612548828125,0.693878173828125,-0.5653228759765625,0.3897256553173065,0.03402081876993179,0.9524822235107422
1383,1.5846,1.6633,0,0,0.7351837158203125,0.526702880859375,-0.1086883544921875,-0.19170498847961426,-0.5639190077781677,0.718113899230957
1384,1.5441,1.6048,0,0,0.533477783203125,0.84320068359375,0.0625152587890625,-0.22985583543777466,-0.4109494686126709,0.14586319029331207
1385,1.4798,1.5696,0,0,0.277496337890625,1.228668212890625,0.264617919921875,-0.6623481512069702,0.6106681823730469,-0.43109920620918274
1386,1.3997,1.5592,0,0,0.2847747802734375,1.665924072265625,0.423431396484375,-1.441136360168457,0.33316171169281006,-0.6096414923667908
1387,1.3122,1.5722,0,0,0.225067138671875,1.577117919921875,0.522186279296875,-2.4334142208099365,-0.9486472606658936,-0.3784192204475403
1388,1.2246,1.6049,0,0,0.073883056640625,0.8459014892578125,0.1878814697265625,-2.667424440383911,-2.00822377204895,-0.06325992941856384
1389,1.1426,1.6527,0,0,0.0361480712890625,0.6217498779296875,-0.2496795654296875,-1.5947072505950928,-1.9170736074447632,0.12788952887058258
1390,1.0702,1.7105,0,0,-0.110870361328125,0.8478546142578125,-0.3026580810546875,-0.14581872522830963,-1.157380223274231,-0.20770259201526642
1391,1.0095,1.7724,0,0,0.236572265625,1.17108154296875,0.0313568115234375,0.20576435327529907,-0.5692051649093628,-0.08934132754802704
1392,0.9609,1.8318,0,0,0.28106689453125,1.2229766845703125,0.122772216796875,0.20576435327529907,-0.5692051649093628,-0.08934132754802704
1393,0.9237,1.8809,0,0,0.1693878173828125,1.0816650390625,0.1463165283203125,-0.36518755555152893,0.9537464380264282,-0.040039826184511185
1394,0.8965,1.9117,0,0,0.2154693603515625,0.9366607666015625,0.0706787109375,-0.7322193384170532,1.8015954494476318,-0.2122667133808136
1395,0.8775,1.9163,0,0,0.2928009033203125,0.77728271484375,-0.1427001953125,-1.0892808437347412,2.9870100021362305,-0.3373016119003296
1396,0.8651,1.8888,0,0,0.3488311767578125,0.682586669921875,-0.3605194091796875,-0.667893648147583,3.1870474815368652,-0.3560878038406372
1397,0.8578,1.8265,0,0,0.35992431640625,0.62371826171875,-0.2790985107421875,0.1602381467819214,2.110363483428955,-0.34869512915611267
1398,0.8545,1.7305,0,0,0.368560791015625,0.550140380859375,-0.0921478271484375,0.3332996666431427,1.241355061531067,-0.39362505078315735
1399,0.8545,1.6057,0,0,0.4539642333984375,0.5745849609375,0.0346832275390625,-0.01673956587910652,0.7396035194396973,-0.4754469692707062
1400,0.8575,1.4608,0,0,0.5225677490234375,0.70306396484375,0.101348876953125,-0.3980080783367157,0.024392424151301384,-0.686809241771698
1401,0.8642,1.3068,0,0,0.5841827392578125,0.7687835693359375,0.065032958984375,-0.729613721370697,-0.34211766719818115,-0.9978159070014954
1402,0.8758,1.157,0,0,0.7335205078125,0.859832763671875,-0.013397216796875,-1.0935038328170776,0.004847751930356026,-0.8918005228042603
1403,0.8942,1.0253,0,0,0.6921539306640625,0.8005218505859375,-0.0846099853515625,-1.1136388778686523,0.24148373305797577,-0.7200748324394226
1404,0.9219,0.9261,0,0,0.6247711181640625,0.746917724609375,-0.19476318359375,-0.9660382270812988,0.7760009169578552,-0.6357061266899109
1405,0.9613,0.8729,0,0,0.56866455078125,0.823150634765625,-0.2546234130859375,-0.7022976875305176,1.0528080463409424,-0.40621569752693176
1406,1.0146,0.8773,0,0,0.399169921875,0.7627105712890625,-0.2822418212890625,-0.30370795726776123,0.8755781054496765,-0.3412175178527832
1407,1.0825,0.9472,0,0,0.472015380859375,0.765167236328125,-0.1527252197265625,-0.17871302366256714,0.5088517665863037,-0.3488599956035614
1408,1.1641,1.0858,0,0,0.641082763671875,0.7743988037109375,0.04510498046875,-0.20795026421546936,-0.2578464448451996,-0.35183605551719666
1409,1.2563,1.29,0,0,0.773101806640625,0.8202362060546875,0.103424072265625,-0.29306650161743164,-0.8497164249420166,-0.08516762405633926
1410,1.3537,1.5504,0,0,0.8153076171875,0.851806640625,0.13922119140625,-0.34927037358283997,-1.3318135738372803,0.27720338106155396
1411,1.449,1.8508,0,0,0.8993377685546875,0.908538818359375,0.094482421875,-0.47675085067749023,-1.293143630027771,0.636062741279602
1412,1.5335,2.1702,0,0,1.0846099853515625,1.14642333984375,-0.19415283203125,0.07688573002815247,-0.6201772689819336,1.4483580589294434
1413,1.5981,2.4845,0,0,0.939453125,1.1831512451171875,-0.4365081787109375,1.5549174547195435,0.012925651855766773,1.7357029914855957
1414,1.6345,2.7691,0,0,0.8519287109375,1.3502349853515625,-0.3005523681640625,1.5549174547195435,0.012925651855766773,1.7357029914855957
1415,1.6365,3.0025,0,0,0.5122222900390625,1.6568145751953125,-0.3205108642578125,3.523898124694824,1.395198106765747,2.077634334564209
1416,1.6006,3.1687,0,0,-0.029296875,2.1540985107421875,-0.5202484130859375,3.523898124694824,1.395198106765747,2.077634334564209
1417,1.527,3.2592,0,0,-0.1160430908203125,1.87841796875,-0.308013916015625,3.4139797687530518,2.8974428176879883,0.9691176414489746
1418,1.4197,3.2743,0,0,-0.0630035400390625,1.43597412109375,-0.1063385009765625,3.02091646194458,1.4513375759124756,0.41848352551460266
1419,1.286,3.222,0,0,0.13824462890625,0.9241180419921875,-0.0248870849609375,2.5353336334228516,0.16867530345916748,0.048180580139160156
1420,1.1362,3.1167,0,0,0.4619598388671875,0.7227935791015625,0.12017822265625,1.8481757640838623,-0.9364750385284424,0.1476653516292572
1421,0.9818,2.9762,0,0,0.3754425048828125,0.5262451171875,0.2141876220703125,1.108361840248108,-2.1925668716430664,-0.23269610106945038
1422,0.8353,2.8194,0,0,0.704864501953125,0.5036468505859375,-0.009124755859375,0.7656944990158081,-2.7502806186676025,0.11139389872550964
1423,0.7084,2.6637,0,0,0.824249267578125,0.4448394775390625,-0.227874755859375,0.860894501209259,-2.411531925201416,0.7044748067855835
1424,0.6117,2.5236,0,0,0.5540924072265625,0.4308929443359375,-0.0793304443359375,0.8174660801887512,-2.249138116836548,0.9801790714263916
1425,0.5535,2.4089,0,0,0.3600311279296875,0.4427032470703125,0.1285858154296875,0.3278399109840393,-2.320270299911499,1.0163326263427734
1426,0.5395,2.3246,0,0,0.2479095458984375,0.486785888671875,0.143218994140625,-0.15616270899772644,-2.419935464859009,0.9503591656684875
1427,0.5718,2.2709,0,0,0.22412109375,0.61614990234375,0.0034332275390625,-0.15616270899772644,-2.419935464859009,0.9503591656684875
1428,0.649,2.2428,0,0,0.07672119140625,0.623992919921875,-0.03155517578125,-0.48993268609046936,-0.9863017201423645,0.534984827041626
1429,0.7656,2.2321,0,0,-0.0007781982421875,0.6140289306640625,0.0338592529296875,-0.48993268609046936,-0.9863017201423645,0.534984827041626
1430,0.9123,2.2279,0,0,-0.018798828125,0.5587310791015625,0.00128173828125,-1.706764578819275,0.5888555645942688,-0.2385140359401703
1431,1.0767,2.2188,0,0,-0.046295166015625,0.5373382568359375,-0.1468963623046875,-2.497070789337158,1.0508208274841309,-0.8215298056602478
1432,1.2442,2.1951,0,0,-0.044158935546875,0.5538330078125,-0.480560302734375,-2.497070789337158,1.0508208274841309,-0.8215298056602478
1433,1.3993,2.1508,0,0,0.263153076171875,0.733917236328125,-1.1903839111328125,-1.9652072191238403,1.873751163482666,-2.032707929611206
1434,1.5279,2.0849,0,0,1.218841552734375,1.2892303466796875,-1.045745849609375,-1.9652072191238403,1.873751163482666,-2.032707929611206
1435,1.6187,2.0013,0,0,2.0931243896484375,1.49578857421875,-1.4194793701171875,1.5552126169204712,-0.9604003429412842,0.30867767333984375
1436,1.6651,1.9084,0,0,1.8315887451171875,0.86773681640625,-0.798980712890625,0.8833212852478027,-0.6666877269744873,1.025496482849121
1437,1.6655,1.8168,0,0,0.8131866455078125,0.8198089599609375,-0.412384033203125,-0.08749016374349594,-0.2967991828918457,1.0526889562606812
1438,1.6235,1.7369,0,0,0.6297454833984375,1.21820068359375,0.0591583251953125,-0.601398229598999,-0.07046005129814148,0.6564987897872925
1439,1.547,1.6772,0,0,0.345306396484375,1.4010467529296875,-0.0102996826171875,-0.2645413875579834,0.9420287609100342,0.045942991971969604
1440,1.4469,1.6422,0,0,0.1313323974609375,1.633941650390625,0.387603759765625,-0.6730316877365112,1.0780366659164429,-0.4613686800003052
1441,1.3352,1.6322,0,0,0.0441741943359375,1.2948455810546875,0.4237213134765625,-1.4168651103973389,0.27112525701522827,-0.4912925064563751
1442,1.2236,1.6438,0,0,0.0806121826171875,0.71307373046875,0.2840423583984375,-1.810465931892395,-0.9488736391067505,-0.0059537626802921295
1443,1.1219,1.6707,0,0,0.0091094970703125,0.460723876953125,0.187591552734375,-1.810465931892395,-0.9488736391067505,-0.0059537626802921295
1444,1.0372,1.7053,0,0,0.05108642578125,0.676544189453125,0.068634033203125,-1.1533538103103638,-2.5845699310302734,-0.08887847512960434
1445,0.9732,1.74,0,0,0.23199462890625,1.0963897705078125,0.0267486572265625,-0.5555886626243591,-2.158863067626953,-0.12373126298189163
1446,0.9308,1.768,0,0,0.1870574951171875,1.3211212158203125,0.116607666015625,-0.48950231075286865,-0.8504616022109985,-0.07832036912441254
1447,0.9079,1.784,0,0,0.134490966796875,1.2137908935546875,0.1126556396484375,-0.6763979196548462,0.5959855914115906,-0.0107708889991045
1448,0.9011,1.7843,0,0,0.0850677490234375,0.990753173828125,0.162628173828125,-1.0834040641784668,1.2310872077941895,-0.025659557431936264
1449,0.9058,1.7664,0,0,-0.074615478515625,0.6637420654296875,-0.410003662109375,-1.5733356475830078,2.5886900424957275,-0.4660300314426422
1450,0.9173,1.7292,0,0,0.12078857421875,0.6492919921875,-0.7922210693359375,-0.356472373008728,2.1711130142211914,-0.6912618279457092
1451,0.9314,1.6725,0,0,0.259857177734375,0.7370147705078125,-0.0411834716796875,0.3336474895477295,0.6801652312278748,-0.6904149055480957
1452,0.9446,1.5968,0,0,0.379425048828125,0.7649993896484375,0.0653228759765625,0.2705361545085907,0.16788727045059204,-0.6100226044654846
1453,0.9546,1.5032,0,0,0.452911376953125,0.75238037109375,0.0905914306640625,0.2705361545085907,0.16788727045059204,-0.6100226044654846
1454,0.9603,1.3933,0,0,0.5186614990234375,0.8129119873046875,0.120941162109375,-0.3227247893810272,0.6780027151107788,-0.6457710266113281
1455,0.9621,1.2702,0,0,0.7030487060546875,0.8537139892578125,0.0098114013671875,-0.8517646789550781,1.2383733987808228,-0.8742688894271851
1456,0.9618,1.1386,0,0,0.83966064453125,0.832183837890625,-0.1283721923828125,-0.8229343295097351,1.7279467582702637,-0.737683892250061
1457,0.9624,1.0062,0,0,0.7742156982421875,0.6941070556640625,-0.1343841552734375,-0.8229343295097351,1.7279467582702637,-0.737683892250061
1458,0.9676,0.8836,0,0,0.6324615478515625,0.6599578857421875,-0.1535797119140625,-0.6472517251968384,0.7467495799064636,-0.5832266807556152
1459,0.9815,0.7838,0,0,0.4673004150390625,0.7633819580078125,-0.200042724609375,-0.6783425211906433,0.16962791979312897,-0.43680769205093384
1460,1.0077,0.7211,0,0,0.4245758056640625,0.8611907958984375,-0.2335968017578125,-0.34421277046203613,-0.10054391622543335,-0.446138858795166
1461,1.0486,0.7086,0,0,0.526153564453125,0.8825225830078125,-0.1278228759765625,-0.27718472480773926,-0.018433069810271263,-0.41928648948669434
1462,1.105,0.7567,0,0,0.66217041015625,0.861541748046875,-0.0110321044921875,-0.3442785441875458,-0.29427585005760193,-0.3035992980003357
1463,1.1753,0.8702,0,0,0.693695068359375,0.808197021484375,-0.05572509765625,-0.22782224416732788,-0.353865385055542,-0.14299710094928741
1464,1.2558,1.0473,0,0,0.6956939697265625,0.74884033203125,-0.1112060546875,0.06634093821048737,-0.19375962018966675,0.0205761156976223
1465,1.3404,1.2789,0,0,0.7274169921875,0.775177001953125,-0.046539306640625,0.4222372770309448,-0.5181052088737488,0.4337908625602722
1466,1.4212,1.5494,0,0,0.8617706298828125,0.9415130615234375,0.2062225341796875,0.13809821009635925,-1.0275391340255737,1.0373425483703613
1467,1.4897,1.8379,0,0,0.9861602783203125,1.1825103759765625,-0.0987091064453125,0.3589549660682678,-0.555072009563446,1.4557222127914429
1468,1.5375,2.1213,0,0,0.99774169921875,1.2886199951171875,-0.41119384765625,1.5715278387069702,0.7665693163871765,1.5432155132293701
1469,1.5576,2.3769,0,0,0.72802734375,1.4830322265625,-0.371368408203125,1.5715278387069702,0.7665693163871765,1.5432155132293701
1470,1.5456,2.5861,0,0,0.302734375,1.7913818359375,-0.520599365234375,2.7877485752105713,1.4552063941955566,1.8094887733459473
1471,1.5002,2.7364,0,0,-0.1967315673828125,1.94818115234375,-0.2443389892578125,3.746368169784546,1.962584376335144,1.6708954572677612
1472,1.4239,2.8231,0,0,-0.0767669677734375,1.5427093505859375,-0.0046844482421875,2.479628801345825,1.7906850576400757,0.8191505074501038
1473,1.3223,2.8497,0,0,-0.0276336669921875,1.18316650390625,-0.08990478515625,2.142854690551758,0.5456042289733887,0.42088863253593445
1474,1.2036,2.8263,0,0,0.3167266845703125,0.8612518310546875,-0.209197998046875,2.142854690551758,0.5456042289733887,0.42088863253593445
1475,1.0777,2.7677,0,0,0.478851318359375,0.6396942138671875,-0.015625,2.2256250381469727,-0.721846878528595,0.20120981335639954
1476,0.9549,2.6907,0,0,0.452056884765625,0.5363616943359375,0.1371917724609375,1.6699795722961426,-1.7282671928405762,-0.24314260482788086
1477,0.8448,2.6118,0,0,0.7876739501953125,0.603912353515625,0.0455474853515625,1.6699795722961426,-1.7282671928405762,-0.24314260482788086
1478,0.7554,2.5448,0,0,0.7261505126953125,0.5842742919921875,-0.15716552734375,0.742995023727417,-2.1864569187164307,0.6620136499404907
1479,0.6928,2.4995,0,0,0.5764923095703125,0.5152435302734375,0.05328369140625,0.742995023727417,-2.1864569187164307,0.6620136499404907
1480,0.6601,2.4805,0,0,0.354461669921875,0.5429534912109375,0.0256805419921875,-0.11964863538742065,-2.6448428630828857,0.9561811089515686
1481,0.6578,2.4874,0,0,0.1697235107421875,0.545257568359375,0.01116943359375,-0.42026838660240173,-2.4978582859039307,0.7728176712989807
1482,0.6835,2.5148,0,0,0.12799072265625,0.5627593994140625,0.04449462890625,-0.42026838660240173,-2.4978582859039307,0.7728176712989807
1483,0.7319,2.5528,0,0,0.0980682373046875,0.5511322021484375,0.021270751953125,-0.7722914218902588,-2.2907299995422363,0.6181297898292542
1484,0.7961,2.5887,0,0,0.02655029296875,0.576690673828125,0.0520172119140625,-1.4266237020492554,-1.2755314111709595,0.13267815113067627
1485,0.8677,2.608,0,0,0.011505126953125,0.5957794189453125,0.02154541015625,-1.765718936920166,-0.5230032801628113,-0.24732138216495514
1486,0.9388,2.5965,0,0,0.034027099609375,0.6138153076171875,-0.1049346923828125,-1.765718936920166,-0.5230032801628113,-0.24732138216495514
1487,1.0027,2.5426,0,0,0.0341644287109375,0.6727294921875,-0.3574676513671875,-2.045959711074829,1.6481754779815674,-0.7615487575531006
1488,1.0558,2.4393,0,0,-0.0388946533203125,0.7348480224609375,-1.1564788818359375,-1.7061957120895386,4.074190139770508,-1.4497181177139282
1489,1.0986,2.2861,0,0,0.8840789794921875,1.2691802978515625,-1.2398834228515625,-0.19615060091018677,2.8357441425323486,-0.9405869245529175
1490,1.136,2.0898,0,0,2.003753662109375,1.535125732421875,-1.2867279052734375,1.3443034887313843,-1.7409813404083252,0.7029019594192505
1491,1.1767,1.8638,0,0,1.870452880859375,0.789642333984375,-0.8757476806640625,0.8841878771781921,-1.8954132795333862,1.1084513664245605
1492,1.2315,1.6266,0,0,0.7906341552734375,0.81060791015625,-0.5805206298828125,0.12739843130111694,-1.1908215284347534,1.1098380088806152
