id,ASVM,GSVM,walking_nonwalking,normal_abnormal,ax,ay,az,gx,gy,gz
1,2.2196,2.3402,0,0,1.500244140625,1.365386962890625,-0.9009857177734376,1.0253649950027466,2.0744762420654297,0.3485374748706817
2,2.2191,2.3401,0,0,0.9557647705078124,1.1261138916015625,-0.2369537353515625,-0.1870026439428329,2.0746829509735107,0.7653565406799316
3,2.2148,2.3394,0,0,0.8380889892578125,0.9350738525390624,-0.123748779296875,-0.1870026439428329,2.0746829509735107,0.7653565406799316
4,2.1997,2.3374,0,0,0.811492919921875,1.0848236083984375,-0.31658935546875,-0.6475449800491333,2.4388539791107178,0.9564024209976196
5,2.1652,2.3348,0,0,0.3716888427734375,1.29632568359375,-0.1194610595703125,0.1548143476247787,2.294905662536621,0.6708444356918335
6,2.1061,2.3334,0,0,0.0903778076171875,1.9237060546875,-1.1435699462890625,1.301723837852478,1.8167749643325808,0.3494464159011841
7,2.0244,2.3336,0,0,0.0667877197265625,1.3011016845703125,0.147491455078125,0.7212433815002441,0.0193683709949255,0.0703769624233245
8,1.9287,2.3294,0,0,0.0707550048828125,0.980712890625,0.8258819580078125,-0.9037154912948608,-0.9519392251968384,-0.4699312746524811
9,1.8278,2.3083,0,0,0.1372528076171875,0.9756622314453124,0.409942626953125,-0.9037154912948608,-0.9519392251968384,-0.4699312746524811
10,1.7269,2.259,0,0,0.1755218505859375,0.9837799072265624,0.229095458984375,-1.1180685758590698,-1.4902580976486206,-0.8976831436157227
11,1.6278,2.1793,0,0,0.236572265625,1.0018463134765625,0.16485595703125,-0.7325935363769531,-1.4430148601531982,-0.9445209503173828
12,1.5307,2.0777,0,0,0.2558746337890625,0.991363525390625,0.1885528564453125,-0.7325935363769531,-1.4430148601531982,-0.9445209503173828
13,1.4363,1.9683,0,0,0.265960693359375,0.948333740234375,0.199615478515625,-0.6137776374816895,-1.5678361654281616,-0.7647520303726196
14,1.3458,1.8655,0,0,0.296600341796875,0.9161376953125,0.173980712890625,-0.6137776374816895,-1.5678361654281616,-0.7647520303726196
15,1.2611,1.7805,0,0,0.2967987060546875,0.891021728515625,0.1412506103515625,-1.0960057973861694,-1.5441769361495972,-0.4706636369228363
16,1.1842,1.7206,0,0,0.2442169189453125,0.843597412109375,-0.05438232421875,-1.5449434518814087,-0.7810790538787842,-0.3624844551086426
17,1.1163,1.6884,0,0,0.055816650390625,0.753936767578125,-0.4532012939453125,-1.873791575431824,1.3306782245635986,-0.5669638514518738
18,1.0578,1.6842,0,0,0.1786956787109375,0.814788818359375,-0.15911865234375,-1.5412884950637815,1.353642463684082,-0.8749490976333618
19,1.0086,1.7061,0,0,0.2681427001953125,0.8459014892578125,0.0005340576171875,-0.95794677734375,0.2331176698207855,-0.9508749842643738
20,0.9679,1.7481,0,0,0.3148193359375,0.8365478515625,0.0022125244140625,-0.4990958273410797,-0.3481476008892059,-0.9168477654457092
21,0.9353,1.7969,0,0,0.29827880859375,0.790985107421875,-0.075775146484375,-0.319453626871109,-0.0035950010642409,-0.9425230622291564
22,0.91,1.8349,0,0,0.2778778076171875,0.7725677490234375,-0.1413726806640625,-0.2449208050966262,0.8140018582344055,-0.9939947724342346
23,0.8911,1.8465,0,0,0.3603515625,0.8115081787109375,-0.0258941650390625,-0.1625822484493255,0.995764970779419,-1.0084192752838137
24,0.8777,1.8243,0,0,0.4574127197265625,0.8826751708984375,0.087860107421875,-0.1345937699079513,0.6297973990440369,-0.9648683071136476
25,0.8694,1.7694,0,0,0.504058837890625,0.914581298828125,0.0609588623046875,-0.350942850112915,0.7161096334457397,-0.9773449301719666
26,0.8667,1.6883,0,0,0.5303192138671875,0.876953125,0.0204010009765625,-0.350942850112915,0.7161096334457397,-0.9773449301719666
27,0.8703,1.5915,0,0,0.55450439453125,0.84539794921875,0.03448486328125,-0.8005810976028442,1.3126652240753174,-1.0916215181350708
28,0.8808,1.4925,0,0,0.57421875,0.824462890625,0.0482330322265625,-0.9340137243270874,1.3222147226333618,-1.0372730493545532
29,0.8972,1.4061,0,0,0.5881195068359375,0.8177032470703125,0.0960845947265625,-0.2831824421882629,-0.098308727145195,-0.7680127620697021
30,0.918,1.3426,0,0,0.6224365234375,0.819000244140625,-0.0002288818359375,0.0029712887480854,-0.271074116230011,-0.6945023536682129
31,0.9413,1.3019,0,0,0.725555419921875,0.8363800048828125,-0.3047943115234375,0.0029712887480854,-0.271074116230011,-0.6945023536682129
32,0.9655,1.2763,0,0,0.767242431640625,0.9403533935546876,-0.3582305908203125,0.5695721507072449,2.375032663345337,-0.2319267094135284
33,0.9903,1.2612,0,0,0.71356201171875,1.1039276123046875,-0.2521820068359375,0.5695721507072449,2.375032663345337,-0.2319267094135284
34,1.017,1.2612,0,0,0.6334075927734375,1.19500732421875,-0.2036590576171875,1.7049461603164673,1.137590765953064,0.3535825610160827
35,1.0473,1.2874,0,0,0.62255859375,1.041717529296875,0.1358184814453125,2.7500221729278564,-0.4510065913200378,0.9143902063369752
36,1.0818,1.3506,0,0,0.5793914794921875,1.0387115478515625,0.2900238037109375,1.857528805732727,-2.035379409790039,2.439213752746582
37,1.1195,1.4608,0,0,0.4826507568359375,1.097076416015625,0.215087890625,1.3305368423461914,-2.3624041080474854,2.6957008838653564
38,1.1581,1.626,0,0,0.5342864990234375,1.4337615966796875,0.1205596923828125,0.7791671752929688,-1.93414306640625,2.7148027420043945
39,1.1959,1.8472,0,0,0.581695556640625,1.96795654296875,-0.0014495849609375,0.2049534171819687,-0.6026512384414673,2.743025302886963
40,1.2358,2.1133,0,0,0.4234771728515625,2.8245391845703125,-1.02801513671875,1.041998267173767,2.181069612503052,2.516817808151245
41,1.287,2.4033,0,0,-0.016265869140625,2.5125274658203125,-0.97186279296875,3.0006215572357178,2.7516636848449707,1.5816444158554075
42,1.3621,2.696,0,0,-0.218658447265625,1.6432342529296875,0.0429534912109375,2.764082193374634,2.1148040294647217,0.8633853793144226
43,1.467,2.9751,0,0,-0.1385498046875,0.9581298828125,0.364288330078125,2.764082193374634,2.1148040294647217,0.8633853793144226
44,1.5919,3.2251,0,0,-0.0560150146484375,0.591033935546875,0.2451171875,0.345939576625824,0.725810706615448,0.3031673431396484
45,1.713,3.4235,0,0,-0.01239013671875,0.322906494140625,0.0867767333984375,0.345939576625824,0.725810706615448,0.3031673431396484
46,1.8001,3.5382,0,0,0.028656005859375,0.16546630859375,0.0419769287109375,-0.4772323369979858,0.1800368726253509,0.2051845788955688
47,1.8265,3.5373,0,0,0.0587615966796875,0.1079254150390625,0.0870513916015625,-0.4772323369979858,0.1800368726253509,0.2051845788955688
48,1.7758,3.403,0,0,0.031005859375,0.095001220703125,0.0804595947265625,-0.8650516867637634,-0.9026837944984436,0.3984198272228241
49,1.6454,3.1405,0,0,-0.0358734130859375,0.1296234130859375,0.2076416015625,-0.8650516867637634,-0.9026837944984436,0.3984198272228241
50,1.4464,2.7802,0,0,-0.097015380859375,0.2051239013671875,0.183013916015625,-1.5875121355056765,-2.1746902465820312,-0.2293085604906082
51,1.2004,2.3724,0,0,-0.108642578125,0.3321990966796875,0.0248565673828125,-1.5534921884536743,-2.1187703609466557,-0.7771428823471069
52,0.9347,1.9779,0,0,-0.1719970703125,0.4538116455078125,-0.158447265625,-1.5534921884536743,-2.1187703609466557,-0.7771428823471069
53,0.6778,1.6541,0,0,-0.169342041015625,0.6261138916015625,-0.255401611328125,-1.0242056846618652,-1.9929914474487305,-1.4631316661834717
54,0.4556,1.4421,0,0,0.1164398193359375,1.0372161865234375,-0.7527618408203125,1.2360435724258425,-2.3242428302764893,-2.022223711013794
55,0.2912,1.3621,0,0,1.1604156494140625,1.6525115966796875,-1.959747314453125,2.45076322555542,1.4188573360443115,-0.4414319992065429
56,0.2062,1.415,0,0,1.380767822265625,1.5806884765625,-0.7961883544921875,0.5449152588844299,4.719032764434815,1.0845105648040771
57,0.2183,1.591,0,0,1.1852874755859375,1.1102142333984375,-0.31121826171875,-1.0202250480651855,5.60921049118042,1.676876425743103
58,0.332,1.8779,0,0,1.001953125,0.8992462158203125,0.23345947265625,-1.3451820611953735,3.5011179447174072,1.221039056777954
59,0.5323,2.2586,0,0,0.866973876953125,1.1448822021484375,0.376800537109375,-1.3451820611953735,3.5011179447174072,1.221039056777954
60,0.7886,2.7005,0,0,0.6703643798828125,1.5164794921875,0.5112457275390625,-0.4214638769626617,-1.8579790592193604,0.4580272138118744
61,1.066,3.1527,0,0,0.50531005859375,1.9385223388671875,-1.7325286865234375,0.310634046792984,3.141356945037842,1.063606023788452
62,1.3352,3.5577,0,0,-0.4559478759765625,1.184051513671875,-0.74688720703125,0.310634046792984,3.141356945037842,1.063606023788452
63,1.5753,3.8672,0,0,-0.1229248046875,0.804779052734375,0.9639434814453124,0.2380503863096237,-0.7578048706054688,-0.4645085632801056
64,1.7699,4.0488,0,0,-0.0008087158203125,0.8653564453125,0.605712890625,-0.5898315906524658,-2.322965145111084,-0.8014897704124451
65,1.9047,4.0866,0,0,0.0670318603515625,1.05023193359375,0.323883056640625,-0.5898315906524658,-2.322965145111084,-0.8014897704124451
66,1.9703,3.9854,0,0,0.140655517578125,1.1614990234375,0.27197265625,-0.7566171288490295,-2.2573370933532715,-1.241559624671936
67,1.9659,3.772,0,0,0.2641754150390625,1.1329498291015625,0.3112640380859375,-0.7839565873146057,-2.6307499408721924,-1.0330636501312256
68,1.8996,3.4889,0,0,0.259124755859375,0.9764862060546876,0.2285308837890625,-0.8279895782470703,-2.978778600692749,-0.7229536771774292
69,1.7859,3.1842,0,0,0.2441558837890625,0.8064117431640625,0.133087158203125,-0.9074047803878784,-2.967001914978028,-0.391442060470581
70,1.6414,2.9028,0,0,0.2051239013671875,0.661865234375,0.070098876953125,-1.0651520490646362,-2.7505576610565186,-0.1812102645635604
71,1.4814,2.6788,0,0,0.16497802734375,0.5857391357421875,-0.0396881103515625,-1.0651520490646362,-2.7505576610565186,-0.1812102645635604
72,1.3182,2.5302,0,0,0.0577392578125,0.5501708984375,-0.6199188232421875,-1.6102625131607056,1.8341200351715088,-0.2734472453594208
73,1.1617,2.4601,0,0,0.154998779296875,0.7233428955078125,-0.229217529296875,-1.627805233001709,3.7582974433898926,-0.3032751977443695
74,1.0204,2.4625,0,0,0.2752838134765625,0.853851318359375,-0.0048980712890625,-1.627805233001709,3.7582974433898926,-0.3032751977443695
75,0.9015,2.5298,0,0,0.2395172119140625,0.9132080078125,-0.0067596435546875,-0.360695332288742,2.562997341156006,-0.462427020072937
76,0.8104,2.6493,0,0,0.262603759765625,0.945343017578125,-0.0652008056640625,0.3140721917152405,1.8824471235275269,-0.6808754801750183
77,0.7503,2.797,0,0,0.39129638671875,0.9345550537109376,-0.1192626953125,0.5536035299301147,1.939230799674988,-0.8106430768966675
78,0.7216,2.9395,0,0,0.4910736083984375,0.8763885498046875,-0.071014404296875,0.5536035299301147,1.939230799674988,-0.8106430768966675
79,0.7219,3.0449,0,0,0.5210723876953125,0.8103179931640625,0.086212158203125,-0.1114698052406311,1.5989781618118286,-1.1161789894104004
80,0.7461,3.0907,0,0,0.546722412109375,0.8064117431640625,0.2106170654296875,-0.6711238026618958,0.4056912958621979,-1.144832968711853
81,0.7874,3.0649,0,0,0.517852783203125,0.78326416015625,0.1744384765625,-1.1170415878295898,-0.7292699217796326,-1.1739994287490845
82,0.8381,2.9668,0,0,0.5337982177734375,0.83154296875,0.0550689697265625,-1.14033842086792,-1.43183171749115,-1.1044422388076782
83,0.8907,2.8075,0,0,0.6006011962890625,0.8799896240234375,-0.0383758544921875,-0.8247213363647461,-1.5898808240890503,-0.835715651512146
84,0.9396,2.6081,0,0,0.61712646484375,0.908782958984375,-0.0105743408203125,-0.4414325356483459,-1.5387182235717771,-0.5222256183624268
85,0.9815,2.3925,0,0,0.6181182861328125,0.9349365234375,-0.1029052734375,-0.0044442829675972,-0.9251211881637572,-0.4167679250240326
86,1.0152,2.1797,0,0,0.7072296142578125,0.9722900390625,-0.23529052734375,-0.0044442829675972,-0.9251211881637572,-0.4167679250240326
87,1.0419,1.9798,0,0,0.812469482421875,1.0228729248046875,0.000579833984375,0.8414302468299866,0.2975059747695923,-0.2066642343997955
88,1.064,1.7959,0,0,0.9265289306640624,1.107269287109375,0.0292816162109375,0.8414302468299866,0.2975059747695923,-0.2066642343997955
89,1.0854,1.6284,0,0,0.9142608642578124,1.160552978515625,-0.1265106201171875,1.2383664846420288,0.0947819054126739,0.7841387391090393
90,1.1101,1.4792,0,0,0.6587982177734375,1.1385650634765625,-0.131591796875,1.4420593976974487,0.106307528913021,1.5867340564727783
91,1.1407,1.3568,0,0,0.4646453857421875,1.14569091796875,-0.0503692626953125,2.0601494312286377,-1.0232712030410769,1.99521279335022
92,1.1769,1.2768,0,0,0.3910369873046875,1.2992401123046875,-0.0267791748046875,2.0601494312286377,-1.0232712030410769,1.99521279335022
93,1.2164,1.2594,0,0,0.4167022705078125,1.4755096435546875,-0.0742034912109375,2.242920160293579,-1.4796535968780518,2.7903220653533936
94,1.2567,1.3218,0,0,0.3220062255859375,1.642578125,-0.1325836181640625,1.7860417366027832,-0.2262025028467178,2.839353322982788
95,1.2971,1.4721,0,0,0.0888824462890625,1.925811767578125,-0.4153594970703125,1.7093679904937744,1.6396584510803225,2.028902530670166
96,1.34,1.7035,0,0,-0.060211181640625,2.135223388671875,-0.7148590087890625,2.3306984901428223,2.2341055870056152,1.1267876625061035
97,1.3898,1.9956,0,0,-0.0561370849609375,1.65087890625,-0.353546142578125,2.3306984901428223,2.2341055870056152,1.1267876625061035
98,1.4497,2.3197,0,0,-0.060821533203125,1.0524444580078125,-0.06085205078125,2.433805465698242,1.963332176208496,0.6445736885070801
99,1.5158,2.6451,0,0,-0.0236663818359375,0.6849822998046875,0.08538818359375,1.742825627326965,2.18598747253418,0.4545627236366272
100,1.5756,2.9415,0,0,-0.0284576416015625,0.4703826904296875,0.15924072265625,1.0353672504425049,2.031517744064331,0.2331991642713546
101,1.6112,3.1804,0,0,-0.016143798828125,0.28485107421875,0.2277679443359375,0.3639358878135681,1.3613603115081787,0.0445600114762783
102,1.606,3.3351,0,0,0.0074462890625,0.1175994873046875,0.333038330078125,-0.4212441742420196,0.1708108931779861,-0.1033868417143821
103,1.5495,3.3827,0,0,-0.0543975830078125,0.0431671142578125,0.393280029296875,-1.2374982833862305,-1.1445027589797974,-0.3390470445156097
104,1.4408,3.3127,0,0,-0.003570556640625,0.0963287353515625,0.4299163818359375,-2.095902919769287,-2.597890615463257,-0.3818565607070923
105,1.2879,3.1402,0,0,-0.0370941162109375,0.1949310302734375,0.278228759765625,-2.653277635574341,-3.409684181213379,-0.4640845656394958
106,1.1056,2.9103,0,0,-0.032623291015625,0.3193206787109375,0.10211181640625,-2.707613229751587,-3.4127233028411865,-0.6931082010269165
107,0.9115,2.6851,0,0,0.0182952880859375,0.4513397216796875,-0.088623046875,-2.0666754245758057,-2.866068124771118,-1.0930103063583374
108,0.7238,2.5204,0,0,0.1458892822265625,0.7596282958984375,-1.213531494140625,0.5782114267349243,-0.9954480528831482,-1.6760153770446775
109,0.5623,2.4461,0,0,0.698822021484375,1.1348114013671875,-1.462677001953125,2.850302219390869,2.220902442932129,-1.5578056573867798
110,0.4496,2.4662,0,0,1.755218505859375,1.67584228515625,-1.17877197265625,2.9433019161224365,5.104504585266113,0.2963730692863464
111,0.4088,2.5747,0,0,1.7187652587890625,1.319091796875,-0.0936279296875,-0.0767152830958366,3.9222989082336426,0.8619573712348938
112,0.4562,2.762,0,0,1.361602783203125,0.8780517578125,0.092041015625,-1.8170585632324217,0.7849142551422119,0.7696048021316528
113,0.5921,3.004,0,0,0.8301849365234375,0.89691162109375,-0.3164520263671875,-1.6718661785125732,-0.1318344622850418,0.5912630558013916
114,0.7973,3.2546,0,0,0.1921844482421875,1.2010955810546875,-0.3018035888671875,-1.0095924139022827,-0.2947927415370941,0.1861200779676437
115,1.0396,3.4572,0,0,-0.164215087890625,1.97686767578125,-1.3852691650390625,0.4491759240627289,1.4837794303894043,0.1023205146193504
116,1.2862,3.5625,0,0,-0.01239013671875,1.5443267822265625,-0.1969451904296875,1.231928467750549,1.4260159730911257,0.2262632250785827
117,1.5112,3.5437,0,0,0.0183563232421875,0.8179168701171875,0.8123931884765625,0.1439763456583023,-1.0725278854370115,-0.2074575871229171
118,1.6949,3.3988,0,0,0.0768585205078125,0.684112548828125,0.456817626953125,0.1439763456583023,-1.0725278854370115,-0.2074575871229171
119,1.8213,3.1458,0,0,0.172576904296875,0.764434814453125,0.3743896484375,-0.7604984045028687,-2.048072099685669,-0.9248005151748656
120,1.8791,2.8188,0,0,0.26483154296875,0.9649810791015624,0.314208984375,-0.8677495121955872,-2.3224048614501958,-1.3010919094085691
121,1.8659,2.466,0,0,0.436370849609375,1.177825927734375,0.3182525634765625,-0.9669753909111024,-2.729345321655273,-1.4014043807983398
122,1.7905,2.142,0,0,0.519866943359375,1.2563018798828125,0.245147705078125,-1.0678203105926514,-3.1004199981689453,-1.1296921968460083
123,1.6707,1.8964,0,0,0.4277191162109375,1.047210693359375,0.020904541015625,-1.2010118961334229,-2.51590633392334,-0.7960228323936462
124,1.5288,1.7607,0,0,0.26019287109375,0.8689727783203125,-0.3867340087890625,-1.3529313802719116,-0.1347460895776748,-0.4763127565383911
125,1.3847,1.7388,0,0,0.3380889892578125,0.8952789306640625,-0.047821044921875,-1.4136080741882324,0.3546214699745178,0.0066416575573384
126,1.2525,1.806,0,0,0.2497100830078125,0.7710418701171875,0.0290374755859375,-1.3347835540771484,-0.0210208632051944,0.1027940213680267
127,1.1403,1.9204,0,0,0.11474609375,0.6759033203125,-0.133514404296875,-1.082505702972412,-0.0402821749448776,-0.0542898699641227
128,1.05,2.0369,0,0,0.07122802734375,0.7446441650390625,-0.2569427490234375,-0.6348957419395447,0.2674974799156189,-0.1344363689422607
129,0.98,2.1169,0,0,0.103057861328125,0.908538818359375,-0.1494598388671875,-0.2867092490196228,0.6356297135353088,-0.2231936752796173
130,0.9274,2.1333,0,0,0.22833251953125,0.9873504638671876,-0.0136260986328125,-0.0697354078292846,0.7182723879814148,-0.3191180825233459
131,0.8903,2.0739,0,0,0.281890869140625,0.927947998046875,0.026031494140625,-0.0697354078292846,0.7182723879814148,-0.3191180825233459
132,0.8674,1.9423,0,0,0.278167724609375,0.8627166748046875,-0.03729248046875,-0.0528600178658962,0.9604437351226808,-0.4927521646022796
133,0.8576,1.7557,0,0,0.2566375732421875,0.80694580078125,-0.24041748046875,-0.0267517194151878,1.7050915956497192,-0.6570955514907837
134,0.8583,1.5427,0,0,0.41351318359375,0.7639007568359375,-0.2038116455078125,0.1177665814757347,2.27081561088562,-0.8465491533279419
135,0.8664,1.3396,0,0,0.548126220703125,0.767181396484375,-0.0386505126953125,0.2500617802143097,2.0810794830322266,-0.7746448516845703
136,0.8787,1.1828,0,0,0.5260009765625,0.6553497314453125,-0.026702880859375,0.1199274659156799,1.9284452199935915,-0.7244322896003723
137,0.8919,1.0985,0,0,0.51226806640625,0.5957183837890625,-1.52587890625e-05,-0.3252883553504944,1.875383138656616,-0.6659548282623291
138,0.9032,1.0955,0,0,0.52569580078125,0.5768890380859375,-0.0056915283203125,1.5978966985130683e-05,0.8139041066169739,-0.2438440918922424
139,0.91,1.1642,0,0,0.441436767578125,0.3159637451171875,-0.6322479248046875,1.356033205986023,0.763844907283783,0.0135336518287658
140,0.9104,1.2806,0,0,0.392364501953125,0.515167236328125,-0.094146728515625,2.192721128463745,-0.0423527844250202,0.3541295826435089
141,0.9037,1.4191,0,0,0.4959564208984375,0.68408203125,0.247100830078125,1.9990304708480835,-1.2758525609970093,0.7463319897651672
142,0.8906,1.562,0,0,0.619842529296875,0.9213104248046876,0.1976318359375,1.3130444288253784,-1.7316142320632937,1.1383445262908936
143,0.8743,1.7011,0,0,0.7259521484375,1.2563323974609375,0.17779541015625,0.6247009038925171,-1.8757823705673216,1.7742820978164673
144,0.8621,1.8344,0,0,0.7915802001953125,1.7829132080078125,-0.0265960693359375,0.0680922344326973,-1.0982471704483032,2.2914772033691406
145,0.8649,1.9614,0,0,0.6603851318359375,2.345932006835937,-0.2957305908203125,0.0534163527190685,0.5497850775718689,2.0781118869781494
146,0.8965,2.0805,0,0,0.179046630859375,2.4743194580078125,-0.6005401611328125,1.195939064025879,1.4468717575073242,1.3341163396835327
147,0.9698,2.1877,0,0,0.179840087890625,2.0048370361328125,-0.278564453125,1.9339337348937988,1.2382221221923828,1.4504948854446411
148,1.0899,2.2794,0,0,0.143341064453125,1.488861083984375,-0.05712890625,1.772769331932068,1.2180180549621582,1.6152846813201904
149,1.2491,2.3549,0,0,0.058563232421875,1.17803955078125,-0.027984619140625,1.2391939163208008,1.500102400779724,1.2675094604492188
150,1.4265,2.415,0,0,0.0662078857421875,1.0225067138671875,-0.08563232421875,0.7326244115829468,1.7982121706008911,0.8262377381324768
151,1.594,2.4588,0,0,0.150238037109375,0.875030517578125,-0.1271209716796875,0.3592138290405273,1.7998061180114746,0.6394017934799194
152,1.7241,2.4826,0,0,0.1712799072265625,0.75701904296875,-0.0137939453125,-0.0062629557214677,1.336014986038208,0.5106712579727173
153,1.796,2.4799,0,0,0.13763427734375,0.6395416259765625,-0.0265655517578125,-0.2289242595434188,0.8637028336524963,0.3063207864761352
154,1.799,2.4423,0,0,0.1685638427734375,0.5824737548828125,-0.13824462890625,-0.2030889391899109,0.8358829021453857,0.2071073800325393
155,1.7327,2.3613,0,0,0.1811370849609375,0.4841766357421875,-0.123809814453125,-0.1749726086854934,0.8007017374038696,0.1532321572303772
156,1.6059,2.2326,0,0,0.2663726806640625,0.403228759765625,-0.1682586669921875,-0.0766923800110817,0.3738406896591186,0.1902884542942047
157,1.4338,2.0575,0,0,0.265350341796875,0.34539794921875,-0.16259765625,-0.0766923800110817,0.3738406896591186,0.1902884542942047
158,1.2352,1.843,0,0,0.1326141357421875,0.4100341796875,-0.0898284912109375,0.0383529812097549,-0.860811173915863,-0.4973210990428924
159,1.0292,1.6027,0,0,0.170318603515625,0.6157684326171875,0.109710693359375,0.0383529812097549,-0.860811173915863,-0.4973210990428924
160,0.8341,1.3575,0,0,0.2071075439453125,0.73504638671875,0.1579742431640625,-0.3204922676086426,-1.9852970838546755,-0.9100902676582336
161,0.6658,1.1347,0,0,0.3497161865234375,0.8681793212890625,0.0999755859375,-0.3204922676086426,-1.9852970838546755,-0.9100902676582336
162,0.5374,0.9646,0,0,0.5110321044921875,0.9438934326171876,-0.3090362548828125,-0.3752910494804382,-2.640514612197876,-0.889890730381012
163,0.4582,0.8752,0,0,0.5479583740234375,0.9069366455078124,-0.5914306640625,-0.4926075637340545,-2.850843667984009,-0.9454967379570008
164,0.4326,0.8842,0,0,0.757232666015625,0.8750457763671875,-0.4408416748046875,-0.5907620787620544,0.9526763558387756,-0.7307940125465393
165,0.4596,0.9913,0,0,0.8981475830078125,0.8391265869140625,-0.16351318359375,-0.2404280453920364,1.5871238708496094,-0.2647435069084167
166,0.5326,1.1749,0,0,0.848480224609375,0.7061309814453125,-0.1490631103515625,0.0672778412699699,1.8963429927825928,-0.0780370086431503
167,0.6401,1.4,0,0,0.7951812744140625,0.652252197265625,-0.0523681640625,-0.1024392917752265,2.118614435195923,-0.1075221970677375
168,0.7669,1.6319,0,0,0.7468719482421875,0.834686279296875,0.242401123046875,-0.1024392917752265,2.118614435195923,-0.1075221970677375
169,0.897,1.843,0,0,0.79071044921875,0.985504150390625,0.006378173828125,-1.378825545310974,0.3737946152687073,0.0744196400046348
170,1.0173,2.0132,0,0,0.5345611572265625,1.1404571533203125,-0.790069580078125,-1.378825545310974,0.3737946152687073,0.0744196400046348
171,1.1202,2.1278,0,0,0.45245361328125,1.3353424072265625,-0.9407196044921876,0.0724299922585487,0.5360596776008606,0.3013918101787567
172,1.2039,2.1764,0,0,0.4408721923828125,1.1811981201171875,0.059234619140625,0.7505515217781067,-1.4497671127319336,0.1563746929168701
173,1.2699,2.1571,0,0,0.33544921875,1.0083160400390625,0.334075927734375,0.1729954779148101,-2.4112064838409424,-0.1494859009981155
174,1.3194,2.0803,0,0,0.2438507080078125,1.018035888671875,-0.081024169921875,-0.537287175655365,-0.9657426476478576,-0.1755489259958267
175,1.3513,1.9664,0,0,0.0290679931640625,0.8809051513671875,-0.1069488525390625,-0.537287175655365,-0.9657426476478576,-0.1755489259958267
176,1.3633,1.8346,0,0,-0.0279083251953125,0.9039459228515624,-0.11895751953125,-0.8025103211402893,0.1840036511421203,-0.3337798416614532
177,1.3537,1.698,0,0,0.114715576171875,1.0166778564453125,0.0322113037109375,-0.4489849805831909,0.5456990003585815,-0.9083089232444764
178,1.3232,1.5645,0,0,0.2457427978515625,1.033966064453125,0.1077880859375,-0.3141725659370422,-0.0576715506613254,-1.0678391456604004
179,1.2756,1.44,0,0,0.405426025390625,0.9431304931640624,-0.0416717529296875,-0.3770221173763275,0.0417029708623886,-1.1774407625198364
180,1.2174,1.3299,0,0,0.5750274658203125,0.912017822265625,-0.024383544921875,-0.3770221173763275,0.0417029708623886,-1.1774407625198364
181,1.1561,1.2389,0,0,0.5284271240234375,0.8341064453125,0.0533294677734375,-0.5764625072479248,-0.5014598965644836,-0.608791708946228
182,1.0981,1.1696,0,0,0.36602783203125,0.6455078125,0.012603759765625,-0.6146256327629089,-1.0193374156951904,-0.489055722951889
183,1.0471,1.1225,0,0,0.266143798828125,0.6002960205078125,0.0081787109375,-0.6322842240333557,-1.4404306411743164,-0.4665605127811432
184,1.0034,1.0981,0,0,0.23504638671875,0.6344146728515625,0.006134033203125,-0.6322842240333557,-1.4404306411743164,-0.4665605127811432
185,0.9645,1.0975,0,0,0.2574920654296875,0.72119140625,-0.0361328125,-0.4289455115795135,-1.3577277660369873,-0.5934236645698547
186,0.9281,1.1208,0,0,0.3187103271484375,0.8553619384765625,-0.0375823974609375,-0.330655425786972,-0.8007339835166931,-0.6238231062889099
187,0.8936,1.1638,0,0,0.364654541015625,0.984375,-0.015167236328125,-0.3524544537067413,-0.2126504778861999,-0.5928388237953186
188,0.863,1.2156,0,0,0.39361572265625,1.0355987548828125,0.0181884765625,-0.3524544537067413,-0.2126504778861999,-0.5928388237953186
189,0.8403,1.2616,0,0,0.405303955078125,0.988250732421875,0.0141448974609375,-0.6093858480453491,0.7179962396621704,-0.3851466178894043
190,0.8296,1.2891,0,0,0.385955810546875,0.909210205078125,-0.0197906494140625,-0.6093858480453491,0.7179962396621704,-0.3851466178894043
191,0.8326,1.2918,0,0,0.378936767578125,0.8523712158203125,-0.0174407958984375,-0.857154369354248,1.2070037126541138,-0.3701831102371216
192,0.8485,1.272,0,0,0.37725830078125,0.8131866455078125,-0.006683349609375,-0.8132596015930176,1.0488539934158323,-0.4862527251243591
193,0.8734,1.2387,0,0,0.3757781982421875,0.791107177734375,-0.0214080810546875,-0.8675318956375122,1.0080591440200806,-0.6384931206703186
194,0.9021,1.2038,0,0,0.392730712890625,0.817352294921875,0.02313232421875,-0.8654610514640808,0.565083384513855,-0.738581120967865
195,0.9294,1.1773,0,0,0.3701324462890625,0.8933563232421875,0.01690673828125,-0.943394422531128,0.1107147932052612,-0.7658220529556274
196,0.9516,1.1643,0,0,0.317626953125,0.929351806640625,-0.0498199462890625,-0.943394422531128,0.1107147932052612,-0.7658220529556274
197,0.967,1.1652,0,0,0.343780517578125,0.959991455078125,-0.1270294189453125,-0.6041839122772217,0.0207910314202308,-0.8814187049865723
198,0.9759,1.1763,0,0,0.4542999267578125,0.9921875,-0.0526580810546875,-0.0794916301965713,-0.0885144174098968,-0.8303651213645935
199,0.9804,1.1911,0,0,0.60821533203125,1.007049560546875,0.0762939453125,0.2921468913555145,-0.4211589395999908,-0.7263612151145935
200,0.9835,1.2015,0,0,0.69598388671875,1.0807037353515625,0.022918701171875,0.2431402206420898,0.0773967877030372,-0.6831042766571045
201,0.9892,1.2007,0,0,0.747772216796875,1.101348876953125,0.0159454345703125,0.0415224097669124,0.8343302607536316,-0.7960191369056702
202,1.0012,1.1857,0,0,0.719635009765625,1.0406341552734375,-0.071868896484375,0.0239442139863967,1.4226957559585571,-0.7520284652709961
203,1.0222,1.1596,0,0,0.766998291015625,1.0311279296875,0.033721923828125,0.3984773457050323,0.767041802406311,-0.467949628829956
204,1.0526,1.1298,0,0,0.817535400390625,1.060699462890625,-0.1820526123046875,0.9860289692878724,0.4564879238605499,0.1826731413602829
205,1.0909,1.1036,0,0,0.7260284423828125,0.964019775390625,-0.1524505615234375,1.740691065788269,-0.3917488753795624,0.9092053174972534
206,1.1342,1.0892,0,0,0.67242431640625,0.9888763427734376,-0.0105133056640625,2.088660717010498,-1.1647361516952517,1.621898889541626
207,1.1782,1.0994,0,0,0.6429290771484375,1.1009063720703125,0.1042022705078125,2.0372636318206787,-1.7805029153823853,2.016653537750244
208,1.219,1.1529,0,0,0.6973876953125,1.4379119873046875,0.1411590576171875,1.7837480306625366,-1.96185839176178,2.48897647857666
209,1.2547,1.268,0,0,0.63531494140625,1.62103271484375,0.1990203857421875,1.7837480306625366,-1.96185839176178,2.48897647857666
210,1.2871,1.455,0,0,0.459808349609375,1.8159942626953125,-0.0693359375,1.52939772605896,-0.478188693523407,2.271479845046997
211,1.3212,1.7093,0,0,0.2455902099609375,2.1293487548828125,-0.524200439453125,2.0576443672180176,1.7564390897750854,1.6797339916229248
212,1.3637,2.012,0,0,-0.0016326904296875,2.051177978515625,-0.512176513671875,2.7855191230773926,3.1719138622283936,1.1465193033218384
213,1.42,2.3396,0,0,-0.14801025390625,1.4990386962890625,-0.1262969970703125,2.7352421283721924,3.3425300121307373,0.9655343890190125
214,1.4907,2.6724,0,0,-0.1267852783203125,0.9206695556640624,0.109161376953125,2.0555126667022705,2.5292210578918457,0.9045101404190063
215,1.5669,2.9924,0,0,-0.0396881103515625,0.6019439697265625,0.454681396484375,0.746422290802002,0.9038326740264891,0.7428554892539978
216,1.6321,3.2731,0,0,-0.0159759521484375,0.4632110595703125,0.5218505859375,-0.6146786212921143,-1.0319256782531738,0.5446068644523621
217,1.6676,3.4792,0,0,-0.021484375,0.361297607421875,0.254119873046875,-1.347812533378601,-2.054967403411865,0.4753119349479675
218,1.6584,3.5811,0,0,-0.0280303955078125,0.2621002197265625,0.148162841796875,-1.6796112060546875,-2.4424965381622314,0.4624938666820526
219,1.5962,3.5709,0,0,-0.06500244140625,0.2061309814453125,0.035675048828125,-1.7328989505767822,-2.2739336490631104,0.4199030101299286
220,1.4804,3.4651,0,0,-0.0162811279296875,0.200592041015625,-0.0615234375,-1.4054510593414309,-2.041731357574463,0.417185515165329
221,1.3179,3.294,0,0,-0.103851318359375,0.156005859375,-0.1051025390625,-0.6985048055648804,-2.111224412918091,0.1736663281917572
222,1.1217,3.0895,0,0,-0.246002197265625,0.1121673583984375,-0.073944091796875,-0.6985048055648804,-2.111224412918091,0.1736663281917572
223,0.909,2.8778,0,0,-0.3296661376953125,0.0987548828125,-0.0985565185546875,0.2009791731834411,-1.5877641439437866,-1.2234506607055664
224,0.6987,2.6784,0,0,-0.233551025390625,0.1787872314453125,-0.4197235107421875,1.119855523109436,-2.1836555004119877,-1.855157971382141
225,0.5095,2.5075,0,0,0.3800811767578125,0.6156768798828125,-1.15301513671875,2.727532863616944,-2.081162691116333,-1.5225017070770264
226,0.3615,2.382,0,0,1.7694854736328125,2.22308349609375,-1.88037109375,2.055181741714477,2.366894483566284,0.9060966372489928
227,0.2792,2.3191,0,0,1.4205780029296875,1.81390380859375,-0.480255126953125,-0.8685276508331299,4.429545402526856,2.311391115188598
228,0.2872,2.3342,0,0,1.3262481689453125,1.186279296875,-0.0128936767578125,-2.2436811923980717,3.5723178386688232,2.310119152069092
229,0.3965,2.4366,0,0,0.7881317138671875,0.510345458984375,0.771728515625,-2.3810434341430664,0.2580592334270477,0.8268888592720032
230,0.5946,2.6215,0,0,0.3858795166015625,0.404052734375,0.7296905517578125,-2.3029043674468994,-3.63482666015625,-0.9650763273239136
231,0.8494,2.8664,0,0,-0.2900238037109375,1.1709442138671875,-2.185760498046875,1.0058897733688354,2.5161094665527344,-2.13718318939209
232,1.1233,3.1388,0,0,0.650726318359375,2.364242553710937,0.105377197265625,1.0058897733688354,2.5161094665527344,-2.13718318939209
233,1.3882,3.4032,0,0,0.322479248046875,1.65570068359375,1.4068450927734375,-0.6159209609031677,0.1824811249971389,0.5351046919822693
234,1.6267,3.62,0,0,-0.304046630859375,1.2554473876953125,0.17254638671875,-1.2288291454315186,-1.2183616161346436,0.0654759481549263
235,1.8261,3.7489,0,0,-0.16693115234375,1.0443572998046875,0.1110687255859375,-1.0210362672805786,-0.6604093313217163,-0.3843263685703277
236,1.973,3.7588,0,0,-0.01947021484375,1.006256103515625,0.203643798828125,-0.6904881596565247,-0.6935806274414062,-0.7235372066497803
237,2.0552,3.6386,0,0,0.0962677001953125,1.0625762939453125,0.240966796875,-0.1892508864402771,-1.5768134593963623,-1.1127337217330933
238,2.0664,3.4008,0,0,0.201171875,1.070587158203125,0.31976318359375,-0.0885301306843757,-2.8311963081359863,-1.3422222137451172
239,2.0096,3.0828,0,0,0.2251129150390625,1.031341552734375,0.337371826171875,-0.5736411809921265,-3.39306378364563,-1.3323651552200315
240,1.8966,2.7409,0,0,0.2718505859375,1.003662109375,0.2647552490234375,-1.2398815155029297,-3.1468634605407715,-1.0128523111343384
241,1.7449,2.4368,0,0,0.2826080322265625,0.922882080078125,0.16278076171875,-1.2398815155029297,-3.1468634605407715,-1.0128523111343384
242,1.5737,2.2195,0,0,0.2212982177734375,0.845916748046875,0.0107421875,-2.13496994972229,-1.288552165031433,-0.4022590219974518
243,1.4004,2.1142,0,0,0.00897216796875,0.771209716796875,-0.43414306640625,-2.429913282394409,1.5977104902267456,-0.4948326349258423
244,1.2391,2.1199,0,0,-0.1197662353515625,0.7902984619140625,-0.506378173828125,-1.5958476066589355,3.0867679119110107,-0.959817111492157
245,1.0996,2.218,0,0,0.046661376953125,0.90484619140625,-0.210968017578125,-0.305929571390152,2.277280569076538,-0.9459188580513
246,0.988,2.3793,0,0,0.1656494140625,0.8464813232421875,0.061492919921875,0.2473400235176086,1.0359257459640503,-0.8080675005912781
247,0.9064,2.5646,0,0,0.1474609375,0.6788177490234375,-0.037200927734375,0.188658058643341,0.8154087662696838,-0.8757842183113098
248,0.8528,2.7281,0,0,0.20367431640625,0.5984344482421875,-0.092498779296875,0.188658058643341,0.8154087662696838,-0.8757842183113098
249,0.8216,2.8289,0,0,0.259002685546875,0.5382232666015625,0.0369873046875,0.0740499943494796,1.2875385284423828,-1.3846900463104248
250,0.805,2.8431,0,0,0.38323974609375,0.592803955078125,-0.063720703125,-0.0854861363768577,1.928226351737976,-1.6454122066497805
251,0.7959,2.7715,0,0,0.6712188720703125,0.8708343505859375,0.03790283203125,-0.0854861363768577,1.928226351737976,-1.6454122066497805
252,0.7904,2.6352,0,0,0.703857421875,0.9644012451171876,0.200042724609375,0.0234017297625541,0.918580949306488,-0.8736451864242554
253,0.7893,2.4622,0,0,0.7168121337890625,0.9864959716796876,0.1278228759765625,0.1547480374574661,0.2035379409790039,-0.8309538960456848
254,0.7967,2.2746,0,0,0.8182830810546875,0.9681396484375,-0.20166015625,0.0153563190251588,1.564423680305481,-1.0236762762069702
255,0.8169,2.0871,0,0,0.9639434814453124,1.0026702880859375,-0.0331573486328125,0.4250602126121521,1.4916971921920776,-0.7755162119865417
256,0.8529,1.9116,0,0,1.03021240234375,0.981109619140625,0.0223846435546875,0.9268546104431152,0.634565532207489,-0.1626666784286499
257,0.9054,1.758,0,0,1.045562744140625,0.898681640625,-0.144317626953125,1.1042360067367554,0.7244392037391663,0.6555445790290833
258,0.9727,1.6316,0,0,0.8733673095703125,0.9513397216796876,0.093902587890625,1.1042360067367554,0.7244392037391663,0.6555445790290833
259,1.0502,1.5354,0,0,0.6569976806640625,1.245208740234375,-0.337677001953125,1.4463454484939575,-0.4917694628238678,3.174047470092773
260,1.1322,1.4777,0,0,0.6310577392578125,1.6864013671875,-0.1219635009765625,1.8255712985992432,-0.986409306526184,3.95837140083313
261,1.2143,1.4777,0,0,0.509033203125,1.84613037109375,-0.0987396240234375,1.873729228973389,-0.8946183919906616,3.767903089523315
262,1.2954,1.5595,0,0,0.4336395263671875,2.272567749023437,-0.34185791015625,1.873729228973389,-0.8946183919906616,3.767903089523315
263,1.3786,1.739,0,0,0.2207489013671875,2.6317138671875,-0.5078277587890625,1.568244457244873,0.5791597962379456,3.1672396659851074
264,1.4699,2.0128,0,0,0.06903076171875,2.34002685546875,-0.3085174560546875,1.5417619943618774,2.166245937347412,2.0960843563079834
265,1.5745,2.3556,0,0,0.04302978515625,1.529693603515625,-0.0033416748046875,0.7901199460029602,1.938241958618164,1.1777236461639404
266,1.6902,2.7235,0,0,0.08233642578125,0.87176513671875,0.2330780029296875,-0.0573557019233703,0.5639813542366028,1.044852614402771
267,1.8034,3.061,0,0,0.0547637939453125,0.5520172119140625,0.248260498046875,-0.7565252184867859,-0.648239254951477,0.883314311504364
268,1.8913,3.313,0,0,0.0112152099609375,0.3287506103515625,0.176422119140625,-1.1744327545166016,-1.556748628616333,0.7494441270828247
269,1.9297,3.4404,0,0,0.024505615234375,0.1709747314453125,0.1773529052734375,-1.1744327545166016,-1.556748628616333,0.7494441270828247
270,1.9003,3.4327,0,0,-0.051971435546875,0.05145263671875,0.103515625,-1.6389693021774292,-3.160008192062378,0.69935142993927
271,1.7954,3.3112,0,0,-0.1696319580078125,0.018402099609375,0.116851806640625,-1.7264615297317505,-3.6073710918426514,0.4585912823677063
272,1.6196,3.1223,0,0,-0.299896240234375,0.0438385009765625,0.0303955078125,-1.5359376668930054,-3.7320456504821777,-0.0851998478174209
273,1.3885,2.9241,0,0,-0.3270111083984375,0.0830841064453125,-0.0157928466796875,-1.1582942008972168,-3.4450504779815674,-0.6348456740379333
274,1.1259,2.7677,0,0,-0.317169189453125,0.0891265869140625,-0.067718505859375,-0.6773558259010315,-2.84334659576416,-1.0790420770645142
275,0.8582,2.6837,0,0,-0.38616943359375,0.096954345703125,-0.230621337890625,0.1176946759223938,-2.814443826675415,-1.6923019886016846
276,0.611,2.6803,0,0,-0.22344970703125,0.3533172607421875,-0.6565704345703125,1.6255093812942505,-3.1319079399108887,-2.1092374324798584
277,0.4075,2.7512,0,0,0.7901763916015625,1.676605224609375,-2.397705078125,4.833901405334473,-1.7028340101242063,-0.8286532163619995
278,0.2729,2.8869,0,0,1.423614501953125,2.558990478515625,-1.63067626953125,1.6343153715133667,4.062400341033936,1.5830566883087158
279,0.2349,3.0802,0,0,1.1400146484375,1.676116943359375,-0.072967529296875,-1.834820032119751,4.8090105056762695,2.5797042846679688
280,0.3123,3.3243,0,0,1.014678955078125,0.892333984375,-0.0843963623046875,-2.9834134578704834,4.393346309661865,1.9422156810760496
281,0.4999,3.6098,0,0,0.1384429931640625,0.4553375244140625,0.8759307861328125,-3.104048252105713,0.5184407830238342,-0.3908183574676513
282,0.7656,3.9168,0,0,-0.0377349853515625,0.9224700927734376,-0.06622314453125,-3.104048252105713,0.5184407830238342,-0.3908183574676513
283,1.0635,4.2085,0,0,0.1076812744140625,2.8260955810546875,-1.6507720947265625,-0.7672191262245178,-0.0887229442596435,-2.132055759429932
284,1.3528,4.4374,0,0,0.538818359375,1.785888671875,1.0845947265625,0.6278601884841919,-0.4930344820022583,0.1712553650140762
285,1.6091,4.5552,0,0,-0.0877227783203125,1.2206878662109375,0.4605712890625,-0.8155520558357239,-0.9208981990814208,0.1016640439629554
286,1.8186,4.5248,0,0,-0.2359619140625,0.9048919677734376,0.2176666259765625,-1.3153789043426514,-0.1771782487630844,-0.6856164336204529
287,1.9693,4.3321,0,0,-0.026275634765625,0.9427947998046876,0.118316650390625,-1.1101278066635132,0.1247597783803939,-0.989119589328766
288,2.0499,3.9911,0,0,0.1542816162109375,0.9694061279296876,0.182586669921875,-0.5162556171417236,-0.5136556029319763,-0.9466989040374756
289,2.055,3.539,0,0,0.207916259765625,0.98919677734375,0.2522125244140625,-0.1191761940717697,-1.6059995889663696,-1.0009640455245972
290,1.9887,3.0275,0,0,0.246368408203125,0.94610595703125,0.2323455810546875,-0.0807771384716034,-2.363021850585937,-1.0907412767410278
291,1.8636,2.5159,0,0,0.2833404541015625,0.8678131103515625,0.183807373046875,-0.356253445148468,-2.7192509174346924,-1.0343999862670898
292,1.6983,2.0638,0,0,0.3096923828125,0.7928924560546875,0.0478973388671875,-0.8794572949409485,-2.2111597061157227,-0.8880633115768433
293,1.5127,1.7193,0,0,0.2398529052734375,0.4983367919921875,-0.551727294921875,-2.0194716453552246,1.7323205471038818,-1.06156587600708
294,1.3252,1.5119,0,0,0.3740692138671875,0.72137451171875,-0.127044677734375,-2.1998777389526367,2.869945287704468,-0.6692491769790649
295,1.1507,1.4509,0,0,0.299774169921875,0.677337646484375,-0.056793212890625,-1.785212755203247,2.3516998291015625,-0.3870542347431183
296,0.9998,1.5269,0,0,0.061737060546875,0.5764617919921875,-0.2054290771484375,-0.8666242957115173,1.2081222534179688,-0.6541799306869507
297,0.878,1.7092,0,0,0.054901123046875,0.7128143310546875,-0.2059478759765625,-0.1447329521179199,0.2626332342624664,-0.8928228616714478
298,0.7866,1.9467,0,0,0.187347412109375,0.8435821533203125,-0.1836700439453125,-0.0398323684930801,0.3040501773357391,-0.8394193053245544
299,0.7247,2.1787,0,0,0.269927978515625,0.8132781982421875,-0.0376434326171875,0.0079647153615951,0.2427908033132553,-0.9665096402168274
300,0.69,2.3512,0,0,0.3814544677734375,0.8531494140625,0.028717041015625,0.1273081600666046,-0.0977494642138481,-1.122853398323059
301,0.6797,2.4298,0,0,0.4881134033203125,0.9307708740234376,-0.05487060546875,0.0817382708191871,0.1666989624500274,-1.1350970268249512
302,0.6906,2.4032,0,0,0.6157989501953125,1.003753662109375,0.12066650390625,0.110446348786354,-0.2522831261157989,-1.1068379878997805
303,0.7198,2.281,0,0,0.69476318359375,1.0637359619140625,0.1424407958984375,-0.0272928737103939,-0.6190161108970642,-1.0000180006027222
304,0.7651,2.0864,0,0,0.7303009033203125,1.09967041015625,0.1175689697265625,-0.5098667144775391,-0.3057820200920105,-0.9698103666305542
305,0.8242,1.8502,0,0,0.768707275390625,1.1116943359375,0.1109771728515625,-0.8322338461875916,-0.1586551517248153,-0.9648017287254332
306,0.8945,1.6045,0,0,0.814697265625,1.109222412109375,-0.0071258544921875,-1.1182512044906616,0.4993248581886291,-1.099478006362915
307,0.9728,1.3793,0,0,0.935211181640625,1.15216064453125,-0.2340087890625,-1.0240565538406372,1.8647997379302976,-0.9071259498596193
308,1.0556,1.2031,0,0,1.055389404296875,1.20123291015625,-0.655670166015625,0.300467699766159,3.549032688140869,-0.097086600959301
309,1.1401,1.1031,0,0,0.9037322998046876,1.07293701171875,-0.276702880859375,0.300467699766159,3.549032688140869,-0.097086600959301
310,1.2237,1.1027,0,0,0.700286865234375,1.0233001708984375,0.199615478515625,2.269727945327759,2.3228600025177,1.0886856317520142
311,1.3021,1.215,0,0,0.2817535400390625,0.9068756103515624,-0.0076904296875,1.701709866523743,-0.5529760718345642,3.537712335586548
312,1.3685,1.4375,0,0,0.2001495361328125,1.31365966796875,-0.2193756103515625,1.5871784687042236,-0.7840551137924194,3.426154136657715
313,1.4164,1.7535,0,0,0.3440704345703125,1.54718017578125,-0.0819549560546875,1.838517546653748,-1.448836326599121,2.940139055252075
314,1.4436,2.1347,0,0,0.43310546875,1.810302734375,-0.0875244140625,1.867102861404419,-1.5413774251937866,2.646373987197876
315,1.4548,2.5447,0,0,0.3189849853515625,2.2188873291015625,-0.3264007568359375,1.6948155164718628,-0.3926711082458496,2.358471393585205
316,1.4605,2.9431,0,0,0.077117919921875,2.215118408203125,-0.3380889892578125,1.601261854171753,1.4161337614059448,1.821061849594116
317,1.4737,3.2899,0,0,-0.10614013671875,1.580047607421875,-0.0316162109375,1.0943645238876345,2.3196475505828857,1.2990326881408691
318,1.5026,3.5522,0,0,-0.0912017822265625,0.867431640625,0.2588043212890625,0.1929279118776321,1.618902325630188,0.8663316369056702
319,1.5449,3.7064,0,0,0.004638671875,0.5353546142578125,0.3381500244140625,-0.6894692182540894,0.1327252835035324,0.6098614931106567
320,1.5865,3.738,0,0,0.0330047607421875,0.3199615478515625,0.1839447021484375,-1.1594918966293335,-1.1568303108215332,0.5491288900375366
321,1.6075,3.6438,0,0,0.13690185546875,0.1739044189453125,-0.0062713623046875,-1.09663724899292,-2.253509521484375,0.7926984429359436
322,1.589,3.4395,0,0,0.074188232421875,0.1355743408203125,0.029022216796875,-1.09663724899292,-2.253509521484375,0.7926984429359436
323,1.519,3.1615,0,0,-0.1250457763671875,0.1670379638671875,0.149200439453125,-1.2140096426010132,-3.1215856075286865,0.7751380801200867
324,1.3951,2.8593,0,0,-0.23553466796875,0.18426513671875,0.1927032470703125,-1.2140096426010132,-3.1215856075286865,0.7751380801200867
325,1.2254,2.5842,0,0,-0.2609710693359375,0.200531005859375,0.0948486328125,-1.6459968090057373,-1.9940128326416016,-0.3300285041332245
326,1.0262,2.3757,0,0,-0.28656005859375,0.1994781494140625,-0.007568359375,-1.6459968090057373,-1.9940128326416016,-0.3300285041332245
327,0.8176,2.2524,0,0,-0.3617095947265625,0.264251708984375,-0.1243133544921875,-0.9512952566146852,-0.6861985921859741,-1.607014536857605
328,0.6199,2.2116,0,0,-0.3028717041015625,0.5470123291015625,-0.407867431640625,0.3635246753692627,-2.065072774887085,-2.3568778038024902
329,0.4524,2.2395,0,0,0.683349609375,1.39141845703125,-1.2560272216796875,3.1464743614196777,-3.9858593940734863,-1.3490368127822876
330,0.3358,2.3252,0,0,1.8172760009765625,2.516708374023437,-2.147369384765625,2.750347375869751,1.0224602222442627,1.196462869644165
331,0.2954,2.4651,0,0,1.424896240234375,1.6705169677734375,-0.7963104248046875,-0.2376032322645187,5.600477695465088,2.301415205001831
332,0.3536,2.6602,0,0,1.1375885009765625,0.8485107421875,0.1663055419921875,-2.346220731735229,4.83582067489624,2.0792040824890137
333,0.5141,2.9119,0,0,0.5298309326171875,0.4364471435546875,0.8878326416015625,-2.8092503547668457,0.6452652812004089,0.8199478983879089
334,0.7544,3.2118,0,0,0.1219482421875,0.5950469970703125,0.6425323486328125,-2.4736196994781494,-2.4017252922058105,-1.0539201498031616
335,1.0331,3.5314,0,0,-0.077423095703125,1.1755828857421875,-0.9156951904296876,0.6648198366165161,0.6812475323677063,-2.1416726112365723
336,1.307,3.83,0,0,-0.0103302001953125,3.1499481201171875,-1.79595947265625,3.9206020832061768,5.456434726715088,-0.7259313464164734
337,1.5482,4.0744,0,0,0.299774169921875,1.484375,1.3659820556640625,0.2103865295648574,0.9698404669761658,0.8096172213554382
338,1.7474,4.244,0,0,-0.151092529296875,0.8510284423828125,0.62933349609375,-1.3344902992248535,-0.625980794429779,-0.1054113805294036
339,1.9016,4.3195,0,0,-0.04632568359375,0.883270263671875,0.2314300537109375,-1.1891549825668335,-0.5818514227867126,-0.9603577256202698
340,2.0038,4.2806,0,0,0.1439666748046875,0.890350341796875,0.2327880859375,-0.7149929404258728,-1.0605846643447876,-1.1314215660095217
341,2.045,4.1187,0,0,0.2045745849609375,0.9339447021484376,0.2154998779296875,-0.2779943346977234,-1.723276972770691,-1.1734758615493774
342,2.0207,3.8456,0,0,0.22418212890625,0.9296722412109376,0.246185302734375,-0.238792598247528,-2.030401945114136,-1.2884801626205444
343,1.9349,3.4933,0,0,0.2984619140625,0.971649169921875,0.2367706298828125,-0.5122419595718384,-2.2682974338531494,-1.199970006942749
344,1.7997,3.1063,0,0,0.3687286376953125,0.923736572265625,0.193939208984375,-0.5122419595718384,-2.2682974338531494,-1.199970006942749
345,1.6328,2.7319,0,0,0.3535919189453125,0.7847747802734375,-0.10491943359375,-1.5979217290878296,-1.0761176347732544,-0.6053450107574463
346,1.4531,2.4088,0,0,0.278076171875,0.6491241455078125,-0.369903564453125,-2.2299551963806152,1.5193294286727903,-0.4513682425022125
347,1.2773,2.1627,0,0,0.278533935546875,0.7392730712890625,-0.159759521484375,-2.072453022003174,2.008586168289185,-0.2052453011274337
348,1.118,2.0061,0,0,0.1654815673828125,0.6705780029296875,-0.10406494140625,-1.3197898864746094,1.210433840751648,-0.3193846642971039
349,0.9832,1.9367,0,0,0.1197357177734375,0.6639404296875,-0.0502471923828125,-0.5967097282409668,0.2391449362039566,-0.4454368650913238
350,0.876,1.9343,0,0,0.1043548583984375,0.7015533447265625,-0.024810791015625,-0.3758953213691711,-0.1087387278676033,-0.4674444198608398
351,0.7963,1.9633,0,0,0.084442138671875,0.777435302734375,-0.16729736328125,-0.3647646605968475,0.4921537637710571,-0.5662498474121094
352,0.742,1.9856,0,0,0.1658935546875,0.8199920654296875,-0.1466217041015625,-0.2358628660440445,1.1872888803482056,-0.726929783821106
353,0.7101,1.9737,0,0,0.2803192138671875,0.8205718994140625,0.0113983154296875,0.0760886445641517,0.856784462928772,-0.8406289219856262
354,0.6978,1.9164,0,0,0.376251220703125,0.8659820556640625,0.05059814453125,0.2283902913331985,0.3764135837554931,-0.8229671120643616
355,0.702,1.8165,0,0,0.4273834228515625,0.893646240234375,-0.0234832763671875,-0.0966863259673118,0.9382798671722412,-1.0491943359375
356,0.7202,1.6857,0,0,0.583831787109375,0.9544219970703124,0.1032562255859375,-0.2919652760028839,0.9535973072052002,-1.1686824560165403
357,0.7502,1.5417,0,0,0.6948699951171875,1.013824462890625,0.121612548828125,-0.2919652760028839,0.9535973072052002,-1.1686824560165403
358,0.7904,1.4041,0,0,0.757720947265625,1.0839385986328125,0.0679473876953125,-0.4485248029232025,0.5999348163604736,-0.9477021098136902
359,0.8402,1.2892,0,0,0.7708892822265625,1.03411865234375,-0.0572662353515625,-0.4485248029232025,0.5999348163604736,-0.9477021098136902
360,0.8987,1.207,0,0,0.8837127685546875,1.024871826171875,-0.23675537109375,-0.2703790366649627,2.268117666244507,-1.0058252811431885
361,0.9644,1.1642,0,0,1.0701446533203125,1.1228179931640625,-0.263824462890625,0.7450187802314758,2.2938907146453857,-0.3230350315570831
362,1.0358,1.168,0,0,1.0859222412109375,1.0791473388671875,-0.30401611328125,2.447716236114502,0.951442003250122,0.6417621374130249
363,1.1111,1.2252,0,0,0.8132476806640625,0.9428558349609376,0.11138916015625,2.287386178970337,-0.2793983519077301,1.6031755208969116
364,1.1874,1.3387,0,0,0.6226959228515625,0.9926605224609376,0.3073883056640625,1.5423132181167605,-1.6146135330200195,2.574409008026123
365,1.2595,1.5074,0,0,0.4496307373046875,1.1868438720703125,0.04083251953125,1.4422894716262815,-2.354748010635376,2.9344382286071777
366,1.3214,1.728,0,0,0.4246826171875,1.5274505615234375,-0.064422607421875,1.4038337469100952,-2.2730937004089355,2.973428964614868
367,1.3697,1.9952,0,0,0.4467010498046875,1.8358612060546875,-0.117034912109375,1.405521035194397,-1.6574745178222656,2.901806592941284
368,1.406,2.2979,0,0,0.293121337890625,2.2555084228515625,-0.3202362060546875,1.701691508293152,-0.1633654832839965,2.396031379699707
369,1.438,2.6159,0,0,-0.01165771484375,2.543701171875,-0.5658721923828125,2.279231071472168,1.7293601036071775,1.6272263526916504
370,1.4773,2.9229,0,0,-0.2170257568359375,1.9413604736328125,-0.35162353515625,2.569828748703003,2.7218170166015625,0.94674414396286
371,1.5332,3.1947,0,0,-0.2305145263671875,1.1915435791015625,-0.034942626953125,2.17410945892334,2.8552844524383545,0.6586953401565552
372,1.605,3.416,0,0,-0.0304718017578125,0.7503814697265625,0.1785125732421875,1.4395503997802734,2.446671962738037,0.6710273623466492
373,1.6795,3.5776,0,0,-0.019500732421875,0.4718780517578125,0.146087646484375,0.8328660726547241,2.1385867595672607,0.7034518718719482
374,1.7348,3.6719,0,0,-0.0328521728515625,0.2241363525390625,0.1183624267578125,0.3712702095508575,1.6758670806884766,0.6281592845916748
375,1.7483,3.6898,0,0,0.0098114013671875,0.0689697265625,0.3149261474609375,-0.3024477362632751,0.4216047525405884,0.5667033791542053
376,1.7038,3.6221,0,0,-0.0165252685546875,-0.0172119140625,0.3778533935546875,-1.0362043380737305,-1.1725733280181885,0.4526561498641968
377,1.5965,3.4656,0,0,-0.0335845947265625,-0.0118865966796875,0.3927764892578125,-1.7690510749816897,-2.7427186965942383,0.3365767002105713
378,1.4333,3.2361,0,0,-0.114532470703125,0.0484771728515625,0.2761993408203125,-2.31018590927124,-3.773836612701416,0.1121401190757751
379,1.2299,2.9737,0,0,-0.179534912109375,0.0852813720703125,0.0934906005859375,-2.510260820388794,-3.8673713207244873,-0.3053407371044159
380,1.0062,2.7357,0,0,-0.1671905517578125,0.1699981689453125,-0.0149688720703125,-2.510260820388794,-3.8673713207244873,-0.3053407371044159
381,0.7823,2.577,0,0,-0.1243133544921875,0.335601806640625,-0.118988037109375,-2.5001320838928223,-3.30190372467041,-0.8243189454078674
382,0.5769,2.5338,0,0,-0.049072265625,0.8066558837890625,-1.0601348876953125,1.0425527095794678,-3.826529741287232,-2.260727405548096
383,0.4098,2.617,0,0,1.2869873046875,2.05438232421875,-2.087127685546875,1.0425527095794678,-3.826529741287232,-2.260727405548096
384,0.3062,2.8158,0,0,1.7694854736328125,2.1693115234375,-1.4377288818359375,2.372849464416504,4.953267574310303,1.5284922122955322
385,0.2941,3.1077,0,0,1.20025634765625,1.210784912109375,0.279571533203125,-1.540596842765808,5.463722229003906,1.452815294265747
386,0.39,3.4658,0,0,1.05712890625,0.7335205078125,0.3912200927734375,-3.118008136749268,2.771328449249268,0.6236587762832642
387,0.5856,3.8567,0,0,0.7577972412109375,0.94580078125,0.1893310546875,-2.422194480895996,0.2800873219966888,0.1960408836603164
388,0.8503,4.235,0,0,0.018310546875,2.0635986328125,-2.471420288085937,0.8993497490882874,3.3586878776550293,0.2131386399269104
389,1.1472,4.547,0,0,-0.0080718994140625,1.9922943115234373,-0.0764923095703125,1.8406310081481931,1.4097342491149902,0.6219908595085144
390,1.4449,4.7462,0,0,-0.039642333984375,0.91217041015625,1.0944976806640625,1.8406310081481931,1.4097342491149902,0.6219908595085144
391,1.7169,4.8036,0,0,-0.136627197265625,0.7427520751953125,0.4096832275390625,-0.494662195444107,-2.516937732696533,-0.8042056560516357
392,1.9369,4.7123,0,0,-0.0235748291015625,0.8532257080078125,0.1595611572265625,-0.6580825448036194,-1.698085069656372,-1.1625741720199585
393,2.0812,4.4863,0,0,0.149017333984375,1.0755615234375,0.1240081787109375,-0.4567518234252929,-1.1552302837371826,-1.155564785003662
394,2.1362,4.1534,0,0,0.242919921875,1.140411376953125,0.1920013427734375,-0.4567518234252929,-1.1552302837371826,-1.155564785003662
395,2.1021,3.7483,0,0,0.329437255859375,1.141265869140625,0.2322998046875,-0.1864327192306518,-1.5234026908874512,-1.1251213550567627
396,1.993,3.3083,0,0,0.3614044189453125,1.0637664794921875,0.230133056640625,-0.4050343036651611,-1.8169890642166135,-1.0215818881988523
397,1.8315,2.872,0,0,0.3785247802734375,0.9297943115234376,0.1981964111328125,-0.7241385579109192,-2.1744940280914307,-0.849090576171875
398,1.6428,2.4763,0,0,0.3197174072265625,0.80914306640625,0.102508544921875,-1.113194704055786,-2.0917935371398926,-0.78565913438797
399,1.4497,2.152,0,0,0.1828155517578125,0.6572265625,-0.4294891357421875,-2.0244362354278564,0.8554850816726685,-0.7982020974159241
400,1.2693,1.9206,0,0,0.229888916015625,0.735107421875,-0.21466064453125,-2.4267351627349854,2.656374454498291,-0.651466429233551
401,1.1126,1.7941,0,0,0.2230224609375,0.7242279052734375,-0.160797119140625,-1.9335739612579343,2.609801769256592,-0.6651553511619568
402,0.9851,1.7748,0,0,0.0657196044921875,0.6531829833984375,-0.303497314453125,-0.7105713486671448,1.632349729537964,-0.8541114330291748
403,0.8881,1.8506,0,0,0.1803131103515625,0.7753753662109375,-0.1452789306640625,0.0313717722892761,0.3817659914493561,-0.638611376285553
404,0.8196,1.9883,0,0,0.18609619140625,0.7717437744140625,-0.1524200439453125,0.0445142053067684,0.3115022182464599,-0.5804125070571899
405,0.7761,2.1388,0,0,0.2438201904296875,0.7379302978515625,-0.053253173828125,-0.0724044218659401,0.5234339237213135,-0.8816251158714294
406,0.7533,2.2528,0,0,0.3459625244140625,0.744842529296875,0.101959228515625,-0.1265254467725753,0.0939275622367858,-1.0717852115631104
407,0.7464,2.2963,0,0,0.375640869140625,0.8102264404296875,0.0914764404296875,-0.3944492936134338,-0.1330427378416061,-1.08943772315979
408,0.7513,2.2564,0,0,0.415374755859375,0.9017791748046876,0.0044403076171875,-0.9002935886383057,0.3316586315631866,-1.1418665647506714
409,0.7649,2.1404,0,0,0.5729522705078125,0.9790802001953124,0.0327606201171875,-0.9634400606155396,0.2804588377475738,-1.1477715969085691
410,0.786,1.9701,0,0,0.669769287109375,0.979156494140625,0.046875,-0.7023844718933105,-0.0971755534410476,-1.0658894777297974
411,0.8145,1.7736,0,0,0.6724090576171875,0.9769439697265624,0.094879150390625,-0.4038047194480896,-0.6740732192993164,-1.0472921133041382
412,0.8509,1.5779,0,0,0.712310791015625,0.9813232421875,-0.0541229248046875,-0.2814726829528808,-0.1505564898252487,-1.2077968120574951
413,0.895,1.404,0,0,0.863494873046875,1.071441650390625,-0.108734130859375,-0.1284812688827514,0.766831636428833,-1.1708555221557615
414,0.9462,1.2657,0,0,1.027099609375,1.1911773681640625,-0.07391357421875,0.206963300704956,1.089829683303833,-0.6425586938858032
415,1.0043,1.1705,0,0,1.1553497314453125,1.198211669921875,-0.2458953857421875,0.806882381439209,1.6216228008270264,0.4081539213657379
416,1.0698,1.1218,0,0,0.8260650634765625,1.1050872802734375,-0.4015960693359375,1.7858034372329712,1.6298812627792358,1.5570567846298218
417,1.1421,1.124,0,0,0.56768798828125,1.126495361328125,0.0324859619140625,2.404778957366944,-0.1912921965122223,2.464576244354248
418,1.2178,1.1858,0,0,0.3268890380859375,1.319000244140625,-0.0637054443359375,2.1179327964782715,-1.0232179164886477,3.109681844711304
419,1.2911,1.318,0,0,0.3443145751953125,1.6723785400390625,-0.01971435546875,1.5664217472076416,-1.2942043542861938,3.2992660999298096
420,1.3571,1.5264,0,0,0.3396148681640625,1.69854736328125,-0.025238037109375,1.3195054531097412,-1.5277047157287598,2.930002450942993
421,1.4143,1.8055,0,0,0.2261199951171875,1.9229583740234373,-0.2390289306640625,1.3151371479034424,-0.8036403059959412,2.345632076263428
422,1.4648,2.134,0,0,-0.02099609375,2.124740600585937,-0.4310455322265625,1.5331543684005735,0.3883000612258911,1.6073932647705078
423,1.5135,2.4757,0,0,-0.185302734375,1.8544464111328125,-0.3410491943359375,1.6884233951568604,1.2126147747039795,0.8281530737876892
424,1.5648,2.7882,0,0,-0.1483917236328125,1.3000030517578125,-0.1561126708984375,1.549870252609253,1.9886726140975952,0.6258953213691711
425,1.6182,3.0347,0,0,-0.0543060302734375,0.8427581787109375,0.0137176513671875,1.144650101661682,2.2554118633270264,0.6832448840141296
426,1.6655,3.1934,0,0,-0.0247344970703125,0.5839691162109375,0.1388702392578125,0.6047210693359375,2.108048677444458,0.7459399700164795
427,1.6924,3.2578,0,0,-0.0393524169921875,0.3244781494140625,0.163360595703125,0.1329431384801864,1.5715630054473877,0.6983282566070557
428,1.6831,3.2318,0,0,-0.054840087890625,0.1429443359375,0.1685638427734375,-0.2837355732917785,0.8370823860168457,0.5323920249938965
429,1.6257,3.1231,0,0,-0.034332275390625,0.0333251953125,0.2449951171875,-0.7836394309997559,-0.2403950244188308,0.3721027374267578
430,1.5157,2.9414,0,0,-0.007568359375,0.014923095703125,0.31134033203125,-1.347619652748108,-1.6262177228927612,0.2997584939002991
431,1.3575,2.7041,0,0,-0.0583038330078125,0.0718841552734375,0.310546875,-1.8692400455474851,-2.966261863708496,0.1496653854846954
432,1.1639,2.4443,0,0,-0.124664306640625,0.1888275146484375,0.1820831298828125,-2.1929867267608643,-3.5642788410186768,-0.1858332455158233
433,0.9525,2.2095,0,0,-0.152618408203125,0.33587646484375,0.048492431640625,-2.200568675994873,-3.3142476081848145,-0.6456527709960938
434,0.7426,2.0492,0,0,-0.108856201171875,0.5660400390625,-0.07568359375,-1.841770052909851,-2.864790678024292,-1.1646146774291992
435,0.553,1.9981,0,0,-0.166839599609375,0.9088287353515624,-0.5941162109375,-0.2508388757705688,-3.2285118103027344,-1.9503148794174197
436,0.4018,2.0676,0,0,0.2753753662109375,1.3411712646484375,-1.3990936279296875,2.0147933959960938,-2.8637866973876958,-1.9612642526626587
437,0.3078,2.2459,0,0,1.4472808837890625,1.7639923095703125,-1.6160736083984375,2.199052572250366,0.8275320529937744,-0.0229183658957481
438,0.2903,2.5024,0,0,1.4695892333984375,1.429473876953125,-0.6966094970703125,0.447444349527359,3.1722283363342285,1.7372840642929075
439,0.3627,2.7966,0,0,1.1892242431640625,1.080078125,-0.204376220703125,-1.2967288494110107,4.272135257720947,2.1902871131896973
440,0.5233,3.0929,0,0,0.92388916015625,0.8397674560546875,0.0633544921875,-1.5885601043701172,3.416252613067627,1.3981877565383911
441,0.7514,3.3672,0,0,0.6200103759765625,1.0806121826171875,0.2066192626953125,-0.7168252468109131,1.245848298072815,0.2091018259525299
442,1.013,3.5955,0,0,0.4742279052734375,1.4849395751953125,0.254547119140625,-0.2765423655509949,-0.09323700517416,-0.1914226859807968
443,1.2723,3.7448,0,0,0.16162109375,2.2039794921875,-1.559814453125,0.2203102707862854,2.5793912410736084,0.6450234651565552
444,1.5033,3.7841,0,0,-0.1449432373046875,1.069976806640625,-0.637847900390625,0.732310950756073,1.815492391586304,0.5948095917701721
445,1.6909,3.7016,0,0,-0.2503662109375,0.6952972412109375,0.6148223876953125,0.4492680728435516,-0.3013856709003448,-0.4160169064998626
446,1.8252,3.5056,0,0,-0.073577880859375,0.8561859130859375,0.49481201171875,-0.0537708215415477,-0.5257673859596252,-1.050564885139465
447,1.8977,3.2158,0,0,0.037078857421875,1.1067352294921875,0.3392791748046875,-0.1065189838409423,-0.1394031643867492,-1.379952073097229
448,1.9057,2.8597,0,0,0.153045654296875,1.2678070068359375,0.3317413330078125,-0.1065189838409423,-0.1394031643867492,-1.379952073097229
449,1.8546,2.4725,0,0,0.22808837890625,1.1640625,0.3370513916015625,-0.136061429977417,-1.4309563636779783,-1.276250958442688
450,1.7579,2.0929,0,0,0.2888031005859375,1.0389556884765625,0.29229736328125,-0.3249722421169281,-2.3752331733703613,-1.0119268894195557
451,1.633,1.7611,0,0,0.281951904296875,0.874298095703125,0.251373291015625,-0.6191652417182922,-3.1598784923553467,-0.7800680994987488
452,1.496,1.515,0,0,0.2454986572265625,0.7153778076171875,0.1080322265625,-0.98514986038208,-3.2923121452331543,-0.6811053156852722
453,1.3596,1.384,0,0,0.1394195556640625,0.4315032958984375,-0.5297088623046875,-1.986488342285156,-0.1931534856557846,-0.8834461569786072
454,1.2315,1.3796,0,0,0.2306671142578125,0.66363525390625,-0.2266845703125,-2.2531871795654297,1.3809009790420532,-0.7255942225456238
455,1.1159,1.4901,0,0,0.24627685546875,0.7646484375,-0.13519287109375,-1.734858751296997,1.2169288396835327,-0.5831276178359985
456,1.0149,1.6843,0,0,0.190032958984375,0.7722015380859375,-0.184234619140625,-0.7684388756752014,0.521000325679779,-0.5941888093948364
457,0.9303,1.9173,0,0,0.295928955078125,0.827239990234375,-0.0732879638671875,-0.1078140810132026,-0.0635893642902374,-0.4345852732658386
458,0.8634,2.1362,0,0,0.2769622802734375,0.7635955810546875,-0.0385894775390625,0.0294878501445055,0.0665025934576988,-0.4029290676116943
459,0.8148,2.2904,0,0,0.226318359375,0.7010650634765625,-0.0089569091796875,-0.0773954540491104,0.3114683926105499,-0.6360054612159729
460,0.7834,2.3446,0,0,0.2834320068359375,0.7419891357421875,0.0369720458984375,-0.3539596796035766,0.348744124174118,-0.7369094491004944
461,0.7666,2.2865,0,0,0.3347015380859375,0.7639923095703125,0.0960845947265625,-0.574199914932251,-0.0161201134324073,-0.8095232248306274
462,0.7614,2.1273,0,0,0.4028472900390625,0.8808441162109375,0.09124755859375,-0.69590824842453,-0.432120531797409,-0.8519047498703003
463,0.7653,1.8956,0,0,0.45806884765625,0.9771881103515624,0.0427703857421875,-0.955626904964447,-0.33929044008255,-0.8321821689605713
464,0.7774,1.6293,0,0,0.460723876953125,0.9910736083984376,-0.0010223388671875,-1.0454339981079102,0.0146039761602878,-0.9151141047477722
465,0.7976,1.367,0,0,0.564300537109375,1.00531005859375,-0.044281005859375,-0.7197000980377197,0.2008609324693679,-0.8994792103767395
466,0.8261,1.1407,0,0,0.6455535888671875,0.985992431640625,-0.054779052734375,-0.3851708471775055,0.4621095657348633,-0.812481701374054
467,0.8629,0.9702,0,0,0.6733245849609375,0.9989166259765624,-0.0291290283203125,-0.0438433550298213,0.5469900965690613,-0.8074563145637512
468,0.9069,0.8627,0,0,0.729095458984375,1.02862548828125,-0.084259033203125,0.0583250932395458,1.1966514587402344,-0.9978049397468568
469,0.9567,0.8166,0,0,0.894683837890625,1.1351470947265625,-0.0365447998046875,0.045189581811428,1.7064346075057983,-0.8976714611053467
470,1.0111,0.8278,0,0,1.0943450927734375,1.245513916015625,-0.259002685546875,0.4527957141399383,2.3969576358795166,-0.1445222944021225
471,1.07,0.8932,0,0,0.96832275390625,1.095947265625,-0.4955902099609375,2.194084405899048,1.4719533920288086,0.9412029385566713
472,1.1336,1.0117,0,0,0.75762939453125,1.039581298828125,-0.015350341796875,2.194084405899048,1.4719533920288086,0.9412029385566713
473,1.2007,1.1817,0,0,0.4866485595703125,1.134552001953125,0.291015625,1.8844966888427732,-1.899682641029358,2.856629610061645
474,1.2671,1.4015,0,0,0.3014678955078125,1.3753509521484375,0.0308074951171875,1.3383077383041382,-2.367398977279663,2.707594156265259
475,1.3275,1.6679,0,0,0.3682708740234375,1.685577392578125,-0.103729248046875,1.1454492807388306,-2.0745620727539062,2.62358832359314
476,1.3789,1.9731,0,0,0.322265625,1.896881103515625,-0.18865966796875,1.3968753814697266,-1.2100855112075806,2.398071527481079
477,1.4229,2.3001,0,0,0.1449737548828125,2.130279541015625,-0.369537353515625,1.9330499172210691,0.1663524955511093,1.9553152322769165
478,1.4652,2.6227,0,0,-0.165374755859375,2.115509033203125,-0.4825592041015625,1.9330499172210691,0.1663524955511093,1.9553152322769165
479,1.5125,2.9117,0,0,-0.350341796875,1.5679473876953125,-0.17828369140625,2.35679292678833,2.3831167221069336,0.5253921151161194
480,1.5682,3.1434,0,0,-0.159454345703125,1.010162353515625,0.1724853515625,1.6123062372207642,1.8272547721862795,0.5485491156578064
481,1.6274,3.3038,0,0,0.027984619140625,0.618255615234375,0.3692169189453125,1.6123062372207642,1.8272547721862795,0.5485491156578064
482,1.6766,3.3859,0,0,0.0880279541015625,0.4546661376953125,0.3377532958984375,-0.4590719640254974,-0.3134292960166931,0.743523120880127
483,1.6983,3.3852,0,0,0.0793914794921875,0.26629638671875,0.1721649169921875,-0.9575299620628356,-1.200927734375,0.7544063925743103
484,1.6771,3.3001,0,0,0.160736083984375,0.12982177734375,-0.0030364990234375,-0.9927899837493896,-1.6900310516357422,0.9218132495880128
485,1.6032,3.1385,0,0,0.1515655517578125,0.044647216796875,-0.0349273681640625,-0.8695458173751831,-1.832810401916504,1.1062757968902588
486,1.475,2.9211,0,0,0.040130615234375,0.0771026611328125,0.01361083984375,-0.8363630771636963,-1.6377772092819214,0.9741100072860718
487,1.2992,2.6766,0,0,-0.0939178466796875,0.12042236328125,0.0598907470703125,-0.8491880297660828,-1.2285020351409912,0.4740906059741974
488,1.089,2.4319,0,0,-0.173309326171875,0.172271728515625,0.052490234375,-0.8068344593048096,-0.7654561400413513,-0.1317726820707321
489,0.8627,2.2048,0,0,-0.21392822265625,0.2676849365234375,-0.0569305419921875,-0.5703029036521912,-0.4011183977127075,-0.7888466715812683
490,0.6406,2.0029,0,0,-0.22528076171875,0.41876220703125,-0.1376495361328125,-0.2032340764999389,-0.6778519749641418,-1.537098050117493
491,0.4425,1.8293,0,0,-0.052459716796875,0.81402587890625,-0.5020751953125,0.7424384355545044,-1.8080642223358157,-2.0664377212524414
492,0.2875,1.6909,0,0,1.03515625,1.5814361572265625,-1.392333984375,1.698115348815918,-1.305622935295105,-1.053748607635498
493,0.1955,1.5996,0,0,1.8199615478515625,1.8896331787109373,-1.4428863525390625,0.925377607345581,2.3990161418914795,1.233080267906189
494,0.1883,1.5691,0,0,1.5526885986328125,1.7037353515625,-0.722442626953125,-0.7954811453819275,4.8618903160095215,2.1193764209747314
495,0.2815,1.6157,0,0,1.2594146728515625,1.02630615234375,-0.200775146484375,-1.523051381111145,4.663707256317139,1.386674404144287
496,0.473,1.7561,0,0,0.9362640380859376,0.5253143310546875,0.3166046142578125,-1.1190820932388306,2.0029094219207764,0.5593525171279907
497,0.7379,1.9911,0,0,0.397125244140625,0.73504638671875,0.4637451171875,-0.7849614024162292,-0.5483070611953735,-0.6194148063659668
498,1.0351,2.2901,0,0,0.002532958984375,1.3388519287109375,-0.490753173828125,0.0644231960177421,-1.2594929933547974,-1.433848261833191
499,1.3214,2.5974,0,0,-0.247711181640625,2.518524169921875,-1.72479248046875,1.4578423500061035,-0.7271127700805664,-0.874569296836853
500,1.5669,2.8551,0,0,0.2940826416015625,0.988433837890625,0.74871826171875,-0.1190808489918708,-0.9510622024536132,0.1334456801414489
501,1.7575,3.0186,0,0,-0.1681365966796875,0.7664794921875,0.1575469970703125,-0.4935551285743713,0.6450613141059875,-0.6466048359870911
502,1.886,3.0621,0,0,-0.0675506591796875,0.8328094482421875,0.24078369140625,-0.3652674555778503,1.6709541082382202,-1.0850170850753784
503,1.9462,2.9825,0,0,0.1062774658203125,0.930145263671875,0.330810546875,-0.2498431205749511,1.121571660041809,-1.0147019624710083
504,1.936,2.7985,0,0,0.1823577880859375,0.9984130859375,0.324554443359375,-0.0991702601313591,0.0105426553636789,-0.9486733675003052
505,1.8617,2.5413,0,0,0.2284088134765625,0.9855499267578124,0.289764404296875,0.0222709514200687,-1.070906639099121,-1.0223300457000732
506,1.7375,2.2465,0,0,0.2864990234375,0.9431304931640624,0.271728515625,-0.0785605907440185,-1.9127672910690308,-1.1011990308761597
507,1.5821,1.9507,0,0,0.3293609619140625,0.89794921875,0.2191009521484375,-0.0785605907440185,-1.9127672910690308,-1.1011990308761597
508,1.4153,1.6901,0,0,0.31329345703125,0.8025665283203125,0.0040130615234375,-1.1693202257156372,-1.4252979755401611,-0.9239493608474731
509,1.254,1.4945,0,0,0.2389678955078125,0.6622314453125,-0.3878021240234375,-2.2653965950012207,1.6847550868988037,-0.8744702339172363
510,1.1105,1.3841,0,0,0.3171844482421875,0.8466949462890625,-0.06231689453125,-2.239623546600342,1.898646354675293,-0.5241612195968628
511,0.9921,1.3683,0,0,0.20062255859375,0.7639617919921875,-0.1503753662109375,-1.4382076263427734,1.2449543476104736,-0.5524339079856873
512,0.902,1.4418,0,0,0.144683837890625,0.730712890625,-0.18487548828125,-0.3401932716369629,0.2644012868404388,-0.7163336277008057
513,0.8396,1.5794,0,0,0.27764892578125,0.791229248046875,-0.027008056640625,0.0528637468814849,-0.4340102970600128,-0.4945037364959717
514,0.8016,1.7396,0,0,0.2635955810546875,0.7796478271484375,-0.088165283203125,-0.0247050803154706,-0.1566215604543686,-0.4043621122837066
515,0.7834,1.8759,0,0,0.2433013916015625,0.7717437744140625,-0.0527191162109375,-0.2241002172231674,0.2872189879417419,-0.6176831722259521
516,0.7799,1.9507,0,0,0.278900146484375,0.759429931640625,0.044342041015625,-0.2963413894176483,0.1015740260481834,-0.8380890488624573
517,0.7861,1.9447,0,0,0.3443603515625,0.796844482421875,0.0538330078125,-0.2851899266242981,-0.3338959515094757,-0.8538981080055237
518,0.7978,1.8584,0,0,0.3663482666015625,0.875335693359375,-0.0263214111328125,-0.2851899266242981,-0.3338959515094757,-0.8538981080055237
519,0.812,1.7077,0,0,0.411865234375,0.94317626953125,0.0092926025390625,-0.4636036157608032,-0.0989337712526321,-0.77608323097229
520,0.8278,1.5171,0,0,0.5185089111328125,1.006256103515625,0.0960693359375,-0.1387437731027603,-0.2960729300975799,-1.0366450548171997
521,0.8461,1.3141,0,0,0.6580963134765625,1.0891571044921875,-0.0322113037109375,-0.310976505279541,0.5507920384407043,-1.1299962997436523
522,0.8689,1.1246,0,0,0.7875518798828125,1.186614990234375,0.0934906005859375,-0.562178909778595,0.8326178789138794,-1.060247540473938
523,0.8994,0.9713,0,0,0.9168243408203124,1.331573486328125,-0.0070953369140625,-0.8805808424949646,1.4156839847564695,-0.9960156083106996
524,0.9417,0.8721,0,0,1.1081695556640625,1.504364013671875,-0.204833984375,-0.8805808424949646,1.4156839847564695,-0.9960156083106996
525,0.9998,0.8401,0,0,1.13592529296875,1.421722412109375,-0.6539154052734375,0.7115207314491272,3.913478374481201,-0.0433277674019336
526,1.0766,0.8868,0,0,0.906707763671875,1.2061004638671875,-0.6623382568359375,0.7115207314491272,3.913478374481201,-0.0433277674019336
527,1.1719,1.0239,0,0,0.67822265625,1.082122802734375,0.2353668212890625,3.26397705078125,2.2352797985076904,1.1436578035354614
528,1.2792,1.2583,0,0,0.41339111328125,1.2011871337890625,0.4258270263671875,1.2586122751235962,-2.4783880710601807,2.7294461727142334
529,1.3869,1.5848,0,0,0.2767791748046875,1.19927978515625,0.1248016357421875,1.0480380058288574,-3.396723508834839,2.4562370777130127
530,1.4816,1.9846,0,0,0.249603271484375,1.4034881591796875,-0.2075653076171875,1.092308521270752,-2.857615232467652,2.503058195114136
531,1.553,2.4275,0,0,0.21478271484375,1.5878448486328125,-0.224945068359375,1.312846302986145,-1.7361985445022583,2.294817447662353
532,1.5965,2.8744,0,0,0.01641845703125,1.8085174560546875,-0.24713134765625,1.7049083709716797,-0.146962285041809,1.486821532249451
533,1.6152,3.2802,0,0,-0.196136474609375,1.990814208984375,-0.348388671875,2.2169508934021,1.8966164588928225,0.7066410183906555
534,1.6175,3.6034,0,0,-0.32122802734375,1.645965576171875,-0.0933837890625,2.1431241035461426,3.269959688186645,0.4897150993347168
535,1.6131,3.8196,0,0,-0.20269775390625,1.0311126708984375,0.0528717041015625,1.684451460838318,3.1604790687561035,0.5777595043182373
536,1.607,3.9272,0,0,-0.0313720703125,0.663299560546875,0.07806396484375,1.217519760131836,2.8056447505950928,0.7696450352668762
537,1.596,3.9412,0,0,0.03619384765625,0.4727935791015625,0.1622772216796875,1.217519760131836,2.8056447505950928,0.7696450352668762
538,1.5703,3.881,0,0,0.1046295166015625,0.292205810546875,0.32489013671875,-0.0760609433054924,0.3178368210792541,0.9976646304130554
539,1.5192,3.7615,0,0,0.1324462890625,0.1895599365234375,0.3261260986328125,-0.8104539513587952,-1.5968455076217651,1.072796106338501
540,1.4354,3.5918,0,0,0.1136474609375,0.1894378662109375,0.2810821533203125,-1.41900897026062,-3.215390920639038,1.1580084562301636
541,1.3181,3.3862,0,0,0.15118408203125,0.3200225830078125,-0.109527587890625,-1.2333232164382937,-3.284437656402588,1.398551344871521
542,1.1726,3.1709,0,0,-0.0327606201171875,0.38299560546875,-0.240264892578125,-0.5809049606323242,-2.1227147579193115,1.226486086845398
543,1.0092,2.9756,0,0,-0.2472686767578125,0.3229217529296875,-0.1791229248046875,-0.5809049606323242,-2.1227147579193115,1.226486086845398
544,0.8413,2.8184,0,0,-0.2820892333984375,0.2607574462890625,-0.0211334228515625,0.0424843430519104,-0.0861143767833709,-0.5585508942604065
545,0.6824,2.6976,0,0,-0.2233428955078125,0.3997650146484375,-0.0100555419921875,-0.111916147172451,-0.2850250899791717,-1.32941997051239
546,0.5439,2.5957,0,0,0.031036376953125,0.6758880615234375,-0.287200927734375,-0.111916147172451,-0.2850250899791717,-1.32941997051239
547,0.4355,2.4914,0,0,0.6490631103515625,0.881500244140625,-0.801605224609375,0.1136956736445427,-0.3519401848316192,-1.4447827339172363
548,0.3667,2.3707,0,0,1.3642578125,1.2317657470703125,-1.056304931640625,0.8048978447914124,1.298149347305298,-0.0448489636182785
549,0.3489,2.2313,0,0,1.5929412841796875,1.3476409912109375,-0.232635498046875,0.0649169459939003,2.546302556991577,1.362348556518555
550,0.3934,2.0847,0,0,1.7320098876953125,1.297210693359375,-0.1263580322265625,-1.2731070518493652,3.3475842475891118,1.2576665878295898
551,0.5061,1.9566,0,0,1.5516357421875,1.107391357421875,0.259765625,-1.2731070518493652,3.3475842475891118,1.2576665878295898
552,0.6825,1.8784,0,0,1.0973663330078125,1.262359619140625,0.077972412109375,-1.5400152206420898,-0.0536517761647701,-0.224075436592102
553,0.9065,1.8696,0,0,0.450714111328125,1.2161712646484375,-0.0328369140625,-1.0899202823638916,-1.0637410879135132,-0.3310634195804596
554,1.1528,1.9242,0,0,-0.21063232421875,1.562896728515625,-1.321990966796875,-0.0583756901323795,-1.029085397720337,-0.0191436000168323
555,1.3939,2.0139,0,0,-0.3000946044921875,1.30841064453125,-1.23199462890625,0.9854207038879396,-0.099432848393917,0.1110069453716278
556,1.6071,2.1018,0,0,-0.355255126953125,0.84967041015625,0.2071380615234375,0.8565767407417297,0.6985591053962708,-0.7049339413642883
557,1.7747,2.1563,0,0,-0.160125732421875,0.8697662353515625,0.3714141845703125,0.661541223526001,1.7192590236663818,-1.2531459331512451
558,1.8829,2.1619,0,0,-0.005126953125,1.08526611328125,0.5433502197265625,0.2814385890960693,1.4091283082962036,-1.3876280784606934
559,1.924,2.1207,0,0,0.1402435302734375,1.185699462890625,0.515106201171875,-0.1141936853528022,0.3867024481296539,-1.1999410390853882
560,1.8999,2.0446,0,0,0.2015533447265625,1.0874176025390625,0.3778076171875,-0.2969773411750793,-0.8156425952911377,-1.0401502847671509
561,1.8213,1.9466,0,0,0.2344818115234375,0.9517974853515624,0.2918548583984375,-0.2969773411750793,-0.8156425952911377,-1.0401502847671509
562,1.7041,1.8388,0,0,0.2519683837890625,0.8698883056640625,0.2386474609375,-0.5963294506072998,-3.039015054702759,-1.049688696861267
563,1.5647,1.7382,0,0,0.2471923828125,0.7940521240234375,0.153594970703125,-0.8570219874382019,-3.525678396224976,-1.00317120552063
564,1.4176,1.6694,0,0,0.110748291015625,0.5620880126953125,-0.867218017578125,-1.5285465717315674,0.4804896414279938,-1.0594244003295898
565,1.2751,1.6552,0,0,0.1850128173828125,0.7147064208984375,-0.3067169189453125,-1.4564356803894043,2.4744420051574707,-0.9658265113830566
566,1.1467,1.7046,0,0,0.387298583984375,0.8772125244140625,0.04400634765625,-0.8456396460533142,1.464122295379639,-0.6931031346321106
567,1.0387,1.8091,0,0,0.3115692138671875,0.768707275390625,-0.1472015380859375,-0.1060582622885704,0.9037341475486756,-0.6387144327163696
568,0.9544,1.9444,0,0,0.3843231201171875,0.766571044921875,-0.1697998046875,0.2805842459201813,1.0237563848495483,-0.6082489490509033
569,0.8939,2.0766,0,0,0.467041015625,0.7705841064453125,-0.0103759765625,0.2555502653121948,0.8819870352745056,-0.3998339474201202
570,0.8555,2.172,0,0,0.391448974609375,0.6553497314453125,0.0681610107421875,-0.1820283979177475,0.7718671560287476,-0.4548506140708923
571,0.8354,2.2062,0,0,0.4194793701171875,0.719482421875,0.125335693359375,-0.6998968124389648,0.3083493113517761,-0.5757109522819519
572,0.8289,2.1676,0,0,0.406494140625,0.8016357421875,0.1039276123046875,-0.6998968124389648,0.3083493113517761,-0.5757109522819519
573,0.8314,2.0592,0,0,0.387786865234375,0.82177734375,0.0424652099609375,-1.2882647514343262,-0.732751190662384,-0.9263339638710022
574,0.8392,1.8977,0,0,0.391876220703125,0.8093414306640625,-0.07684326171875,-1.2882647514343262,-0.732751190662384,-0.9263339638710022
575,0.8499,1.7102,0,0,0.3919219970703125,0.8459625244140625,-0.1753997802734375,-0.9611018300056458,-0.6333109140396118,-1.1251189708709717
576,0.8618,1.527,0,0,0.4442138671875,0.8986663818359375,-0.1048431396484375,-0.4889659583568573,-0.7981299161911011,-0.9854031801223756
577,0.8745,1.3726,0,0,0.5192108154296875,0.9051666259765624,-0.0380401611328125,0.1135606467723846,-1.2168984413146973,-0.7843275666236877
578,0.8881,1.2616,0,0,0.5787811279296875,0.920318603515625,0.0238189697265625,0.3786636888980865,-1.3663251399993896,-0.633596658706665
579,0.9034,1.1988,0,0,0.6197967529296875,0.949554443359375,0.047943115234375,0.3550076186656952,-1.1971396207809448,-0.5889686942100525
580,0.9217,1.1811,0,0,0.6555023193359375,0.9991607666015624,0.04443359375,0.2224588990211486,-0.8714454174041748,-0.6142013669013977
581,0.944,1.1987,0,0,0.77056884765625,1.0895843505859375,0.0854034423828125,0.0986927524209022,-0.8587645292282104,-0.4667040705680847
582,0.9717,1.2369,0,0,0.895050048828125,1.19500732421875,0.0808563232421875,0.0463432632386684,-1.1447629928588867,-0.014584801159799
583,1.0065,1.2796,0,0,0.869415283203125,1.19134521484375,-0.1826934814453125,-0.0964671522378921,-0.1721581816673278,0.7155777812004089
584,1.0499,1.3137,0,0,0.5787506103515625,1.196044921875,-0.6141510009765625,0.6529815196990967,1.6694499254226685,1.3902342319488523
585,1.1026,1.3348,0,0,0.4945831298828125,1.3136138916015625,-0.181427001953125,2.0511600971221924,0.4869986772537231,1.8983975648880005
586,1.1628,1.3526,0,0,0.3850555419921875,1.553436279296875,-0.05474853515625,2.949352979660034,-1.129167556762695,2.6036272048950195
587,1.2279,1.3914,0,0,0.33990478515625,1.7418670654296875,-0.1244964599609375,2.9278836250305176,-0.9903749823570251,3.291994094848633
588,1.2955,1.4822,0,0,0.0889892578125,1.796234130859375,-0.2088775634765625,2.370473623275757,0.9447917938232422,3.1138150691986084
589,1.3644,1.6501,0,0,-0.257720947265625,1.8628997802734373,-0.306640625,1.7320027351379397,2.581108331680298,1.8631048202514648
590,1.4348,1.9013,0,0,-0.1943206787109375,1.9406890869140625,-0.50677490234375,1.858587622642517,2.069530487060547,0.930088222026825
591,1.5066,2.2181,0,0,-0.0971832275390625,1.4592742919921875,-0.0666351318359375,1.6069873571395874,1.2280852794647217,0.7632542252540588
592,1.5774,2.5612,0,0,0.0096282958984375,0.952880859375,0.1102142333984375,0.921411395072937,1.0185717344284058,0.739547848701477
593,1.6396,2.8789,0,0,0.0812225341796875,0.6912689208984375,0.2056121826171875,0.2379787415266037,0.7013030052185059,0.7047991752624512
594,1.6807,3.1184,0,0,0.0097503662109375,0.4768218994140625,0.197113037109375,-0.2848794162273407,0.2307719588279724,0.5121538639068604
595,1.6865,3.2368,0,0,0.0056610107421875,0.254730224609375,0.2310791015625,-0.7260274887084961,-0.4568293392658233,0.2700924575328827
596,1.6459,3.2118,0,0,-0.0147552490234375,0.1486053466796875,0.259033203125,-1.1013755798339844,-1.368383765220642,0.0715876370668411
597,1.554,3.0483,0,0,0.01971435546875,0.100433349609375,0.2686614990234375,-1.5069034099578855,-2.214892625808716,0.0612329989671707
598,1.4136,2.7811,0,0,0.05078125,0.1307830810546875,0.24658203125,-1.8350963592529297,-2.570739269256592,0.2336393892765045
599,1.2346,2.4663,0,0,0.12554931640625,0.2606964111328125,-0.086639404296875,-1.4314080476760864,-1.8366663455963133,0.4037701189517975
600,1.0326,2.1629,0,0,0.01409912109375,0.2933807373046875,-0.2357177734375,-0.5956676602363586,-0.5670836567878723,-0.041456364095211
601,0.8251,1.9121,0,0,-0.0890960693359375,0.302764892578125,-0.097320556640625,-0.1568420827388763,-0.0203625299036502,-0.9631209969520568
602,0.6299,1.7282,0,0,-0.1196136474609375,0.456939697265625,-0.101104736328125,0.1473484337329864,-0.2610968351364136,-1.9239338636398315
603,0.4622,1.6083,0,0,0.1297149658203125,0.9800872802734376,-0.535400390625,1.1404834985733032,-1.0058716535568235,-2.3236985206604004
604,0.3368,1.5467,0,0,1.24249267578125,1.870880126953125,-1.640228271484375,1.985889434814453,0.2992285192012787,-1.054721713066101
605,0.2712,1.5404,0,0,1.68023681640625,1.6639251708984375,-0.7981414794921875,0.4699406027793884,2.449810028076172,0.8783701658248901
606,0.2847,1.5876,0,0,1.4571075439453125,1.17352294921875,-0.411712646484375,-0.634346604347229,3.610505104064941,1.852289795875549
607,0.388,1.6887,0,0,1.2366790771484375,0.685943603515625,-0.216949462890625,-0.8858898878097534,4.077316761016846,1.5647794008255005
608,0.5735,1.8464,0,0,0.72894287109375,0.378936767578125,0.5430755615234375,-0.7838367223739624,1.8014100790023804,0.7965453267097473
609,0.8143,2.0562,0,0,0.261322021484375,0.744873046875,0.701934814453125,-0.8052986264228821,-1.5884733200073242,-0.2641744017601013
610,1.0728,2.2958,0,0,0.0453643798828125,1.5355072021484375,-0.368743896484375,-1.54845130443573,-1.340272068977356,-0.6539533138275146
611,1.3144,2.5291,0,0,-0.3935699462890625,2.8649444580078125,-2.235015869140625,-1.54845130443573,-1.340272068977356,-0.6539533138275146
612,1.5204,2.7197,0,0,0.2447662353515625,1.33648681640625,0.43560791015625,0.5308718681335449,0.0190266873687505,-0.6597023010253906
613,1.6872,2.8384,0,0,0.0686187744140625,1.07269287109375,0.228363037109375,1.0658447742462158,-0.2249992936849594,-0.5555859804153442
614,1.8139,2.8655,0,0,0.02398681640625,0.91937255859375,0.385223388671875,0.8828621506690979,0.029660690575838,-0.3865676820278168
615,1.8945,2.7926,0,0,0.0694122314453125,0.826416015625,0.340576171875,0.350230723619461,0.1936235278844833,-0.3574444055557251
616,1.9217,2.6242,0,0,0.09979248046875,0.7676849365234375,0.2934722900390625,0.350230723619461,0.1936235278844833,-0.3574444055557251
617,1.8917,2.3755,0,0,0.18267822265625,0.7542266845703125,0.3130950927734375,-0.1465449631214141,-0.8042759895324707,-0.8941650986671448
618,1.8074,2.0724,0,0,0.275482177734375,0.8177642822265625,0.3608551025390625,-0.3128106296062469,-2.112394332885742,-1.1178117990493774
619,1.6785,1.7536,0,0,0.346221923828125,0.8430633544921875,0.315643310546875,-0.6375301480293274,-3.1886913776397705,-1.0784388780593872
620,1.5202,1.4694,0,0,0.40338134765625,0.8829498291015625,0.1703643798828125,-1.0350117683410645,-3.607754468917847,-0.7721773982048035
621,1.3507,1.2713,0,0,0.3338775634765625,0.7508392333984375,-0.459075927734375,-2.591500759124756,0.0423541143536567,-0.5731026530265808
622,1.1873,1.1966,0,0,0.358062744140625,0.8537445068359375,-0.0602569580078125,-2.591500759124756,0.0423541143536567,-0.5731026530265808
623,1.0442,1.2549,0,0,0.2182159423828125,0.80126953125,-0.1507415771484375,-2.121171236038208,0.7654550671577454,-0.4865531325340271
624,0.9302,1.4271,0,0,0.0938873291015625,0.806304931640625,-0.295501708984375,-1.046415090560913,0.8690813183784485,-0.6664531230926514
625,0.8489,1.6721,0,0,0.1071014404296875,0.8583984375,-0.1788177490234375,-0.2686599493026733,0.5576531291007996,-0.5921013951301575
626,0.7993,1.9354,0,0,0.169403076171875,0.7915496826171875,-0.09344482421875,-0.0513819642364978,0.2562717199325561,-0.5836586356163025
627,0.777,2.1606,0,0,0.24810791015625,0.790191650390625,-0.031402587890625,-0.1074622794985771,0.0938292890787124,-0.6724734902381897
628,0.7757,2.3021,0,0,0.3169403076171875,0.806671142578125,0.0570220947265625,-0.1737667322158813,-0.3103488087654114,-0.818462610244751
629,0.7886,2.3344,0,0,0.37420654296875,0.820159912109375,0.0835723876953125,-0.1737667322158813,-0.3103488087654114,-0.818462610244751
630,0.8093,2.2553,0,0,0.4096832275390625,0.8673858642578125,0.04534912109375,-0.4918459057807922,-0.6404100656509399,-0.8237143754959106
631,0.8333,2.0827,0,0,0.4683380126953125,0.936798095703125,0.0116424560546875,-0.4918459057807922,-0.6404100656509399,-0.8237143754959106
632,0.8579,1.848,0,0,0.5731964111328125,0.94012451171875,0.015228271484375,-0.4933287501335144,0.2735833525657654,-0.8457506895065308
633,0.8825,1.5872,0,0,0.661468505859375,0.944732666015625,0.0801849365234375,-0.4933287501335144,0.2735833525657654,-0.8457506895065308
634,0.9078,1.3333,0,0,0.653289794921875,0.9279937744140624,0.01580810546875,-0.2914992272853851,0.086680568754673,-0.7448166608810425
635,0.9347,1.1114,0,0,0.7013092041015625,0.949462890625,-0.052032470703125,-0.338436096906662,0.9242205023765564,-0.9654046893119812
636,0.9641,0.9386,0,0,0.815185546875,1.020538330078125,-0.0831298828125,-0.1656936258077621,1.311824917793274,-0.7610867023468018
637,0.9967,0.8253,0,0,0.9534149169921876,1.17596435546875,-0.2129058837890625,0.388341337442398,1.546297311782837,-0.0804021656513214
638,1.0339,0.7764,0,0,0.833465576171875,1.1469879150390625,-0.3854522705078125,0.388341337442398,1.546297311782837,-0.0804021656513214
639,1.0771,0.7918,0,0,0.68414306640625,1.1428070068359375,-0.1441497802734375,2.238685131072998,-0.4859331548213959,1.8533697128295896
640,1.1266,0.8688,0,0,0.4757843017578125,1.160980224609375,0.1968994140625,2.238685131072998,-0.4859331548213959,1.8533697128295896
641,1.1803,1.0067,0,0,0.4095001220703125,1.3874053955078125,0.0217742919921875,1.6692432165145874,-2.7160873413085938,2.6516263484954834
642,1.2346,1.2074,0,0,0.4821319580078125,1.564849853515625,0.06146240234375,1.291114091873169,-2.5602920055389404,2.713660955429077
643,1.2869,1.472,0,0,0.4461517333984375,1.7408599853515625,0.0012664794921875,1.291114091873169,-2.5602920055389404,2.713660955429077
644,1.3373,1.7954,0,0,0.2216033935546875,2.018768310546875,-0.160247802734375,1.25018310546875,-1.8401495218276975,2.589465856552124
645,1.3889,2.1607,0,0,-0.2439422607421875,2.1687774658203125,-0.5617828369140625,1.409264087677002,-0.076967753469944,2.041172981262207
646,1.4463,2.5381,0,0,-0.417938232421875,1.7111358642578125,-0.5467376708984375,2.0295603275299072,1.9756220579147337,1.0960359573364258
647,1.5125,2.891,0,0,-0.2750244140625,1.0986785888671875,-0.151702880859375,2.594971179962158,2.608234643936157,0.6969223618507385
648,1.584,3.189,0,0,-0.084991455078125,0.743316650390625,0.1316680908203125,2.594971179962158,2.608234643936157,0.6969223618507385
649,1.6485,3.4151,0,0,-0.0410308837890625,0.5790252685546875,0.3512420654296875,0.6584711074829102,1.4423842430114746,0.4555640518665313
650,1.6885,3.5595,0,0,-0.0426788330078125,0.3531036376953125,0.216583251953125,-0.1198342591524124,0.8044416308403015,0.2444872409105301
651,1.6874,3.6099,0,0,-0.02862548828125,0.1873931884765625,0.1706390380859375,-0.1198342591524124,0.8044416308403015,0.2444872409105301
652,1.6341,3.5523,0,0,-0.00811767578125,0.10162353515625,0.1478118896484375,-1.011601209640503,-0.2782540023326874,0.0322591364383697
653,1.5252,3.382,0,0,-0.0029449462890625,0.059906005859375,0.320281982421875,-1.5540196895599363,-1.4753355979919434,-0.0113735618069767
654,1.3659,3.1142,0,0,-0.0171356201171875,0.096435546875,0.2839508056640625,-2.067310094833374,-2.527243137359619,-0.0554467476904392
655,1.1696,2.7882,0,0,-0.0686798095703125,0.1861114501953125,0.03802490234375,-2.067310094833374,-2.527243137359619,-0.0554467476904392
656,0.9542,2.4584,0,0,-0.0073394775390625,0.3789215087890625,-0.2920684814453125,-1.4692137241363523,-1.5188270807266235,-0.5687462687492371
657,0.7399,2.1753,0,0,-0.034332275390625,0.54345703125,-0.382476806640625,-0.2968604266643524,-0.9035772681236268,-1.113137125968933
658,0.5465,1.969,0,0,0.0786590576171875,0.802276611328125,-0.4300079345703125,0.9048068523406982,-0.931873083114624,-1.6244035959243774
659,0.3928,1.8458,0,0,0.7421417236328125,1.43865966796875,-1.2581329345703125,2.3196399211883545,-0.2179738730192184,-1.1527652740478516
660,0.2975,1.7987,0,0,1.5987091064453125,1.5966796875,-1.0747833251953125,1.2822052240371704,2.241139411926269,0.176705002784729
661,0.2785,1.8169,0,0,1.598724365234375,1.270172119140625,-0.2603912353515625,-0.7273228764533997,3.317244529724121,1.215687274932861
662,0.3476,1.8919,0,0,1.5811920166015625,1.0299835205078125,-0.1926422119140625,-1.6506054401397705,3.5984363555908203,1.3695186376571655
663,0.5035,2.0189,0,0,1.2165985107421875,1.096343994140625,0.0574493408203125,-1.1822725534439087,1.9144504070281985,0.8510373830795288
664,0.7285,2.1889,0,0,0.662841796875,1.3686370849609375,0.2173919677734375,-0.559255838394165,-0.1814930886030197,0.448187381029129
665,0.9938,2.3774,0,0,0.527923583984375,1.7243499755859375,-0.1003570556640625,-0.5516011118888855,-0.503288984298706,0.6788767576217651
666,1.2672,2.5448,0,0,-0.6181793212890625,1.7032623291015625,-2.016586303710937,0.5570744276046753,1.4257043600082395,0.4378620386123657
667,1.5224,2.6522,0,0,-0.497833251953125,0.88262939453125,0.2678680419921875,0.5570744276046753,1.4257043600082395,0.4378620386123657
668,1.7398,2.6764,0,0,-0.04290771484375,0.7683258056640625,0.66925048828125,0.2270137071609497,-0.91604483127594,-0.8678842186927795
669,1.9029,2.6133,0,0,-0.02447509765625,0.8593292236328125,0.5015716552734375,-0.1712708175182342,-0.6759384870529175,-1.0420252084732056
670,1.9975,2.4734,0,0,0.0660858154296875,1.062347412109375,0.393646240234375,-0.1703118085861206,-0.8704398274421692,-1.1842331886291504
671,2.0172,2.2773,0,0,0.161468505859375,1.1223602294921875,0.3740997314453125,-0.2516570091247558,-1.3456822633743286,-1.1245019435882568
672,1.9663,2.0527,0,0,0.222198486328125,1.062103271484375,0.3480224609375,-0.5172183513641357,-1.9661349058151243,-0.9876431226730348
673,1.8583,1.8318,0,0,0.249603271484375,0.960540771484375,0.3212738037109375,-0.9203463792800904,-2.439827680587769,-0.8282800912857056
674,1.7119,1.6475,0,0,0.24493408203125,0.8596954345703125,0.2249298095703125,-1.3235734701156616,-2.573513984680176,-0.7352401614189148
675,1.5465,1.5289,0,0,0.24688720703125,0.814056396484375,0.0592041015625,-1.6690648794174194,-2.1058125495910645,-0.6763126850128174
676,1.3792,1.4953,0,0,0.1489410400390625,0.6589508056640625,-0.8178558349609375,-2.102943658828736,2.2580974102020264,-0.7774717807769775
677,1.2237,1.5528,0,0,0.2518463134765625,0.7974700927734375,-0.1397552490234375,-1.8642857074737549,3.0936999320983887,-0.6499095559120178
678,1.0901,1.696,0,0,0.205963134765625,0.8356781005859375,-0.09466552734375,-1.0549625158309937,2.153608560562134,-0.6376720666885376
679,0.9838,1.9068,0,0,0.0971221923828125,0.8243408203125,-0.20867919921875,-0.0538800098001956,1.1977430582046509,-0.7493232488632202
680,0.9064,2.1516,0,0,0.2440185546875,0.8616790771484375,-0.0579681396484375,0.1295385509729385,0.6317089796066284,-0.6200334429740906
681,0.8561,2.3844,0,0,0.272796630859375,0.7893218994140625,0.0355682373046875,-0.2788691818714142,0.4734434485435486,-0.6004559993743896
682,0.8289,2.5571,0,0,0.2769775390625,0.7429046630859375,0.065032958984375,-0.673059344291687,0.3535705804824829,-0.8462841510772705
683,0.8194,2.6345,0,0,0.361572265625,0.7698516845703125,0.0800323486328125,-0.7298550009727478,-0.1427033543586731,-0.918351411819458
684,0.822,2.6025,0,0,0.399261474609375,0.7867279052734375,-0.0019683837890625,-0.7094093561172485,-0.1874934583902359,-0.8793907165527344
685,0.8313,2.4683,0,0,0.4514007568359375,0.8462371826171875,-0.0098114013671875,-0.6279608607292175,-0.0841060876846313,-0.91148179769516
686,0.844,2.2548,0,0,0.5410308837890625,0.902618408203125,0.0072021484375,-0.5434752702713013,0.0797313153743743,-0.968858242034912
687,0.8584,1.9928,0,0,0.6433563232421875,0.9503631591796876,0.0531768798828125,-0.3369223773479461,-0.0229167677462101,-0.930608868598938
688,0.875,1.7144,0,0,0.6779022216796875,0.9564666748046876,0.0767059326171875,-0.1787279397249221,-0.2568064928054809,-0.8591206073760986
689,0.8951,1.4478,0,0,0.6722869873046875,0.987152099609375,0.047943115234375,-0.1761324256658554,-0.1483316868543625,-0.8047894239425659
690,0.9205,1.2136,0,0,0.6769561767578125,0.96533203125,-0.040191650390625,-0.0249061491340398,0.1260399520397186,-0.7820338010787964
691,0.9518,1.024,0,0,0.7439422607421875,0.980438232421875,-0.2214508056640625,0.3183044791221618,1.0006577968597412,-0.5920262932777405
692,0.9887,0.8854,0,0,0.8457794189453125,1.07763671875,-0.131256103515625,0.9087570905685424,1.0217547416687012,-0.081045314669609
693,1.0306,0.8004,0,0,0.8936920166015625,1.15301513671875,-0.1695556640625,1.5909937620162964,0.7162217497825623,0.6690561175346375
694,1.0769,0.7712,0,0,0.7349853515625,1.109344482421875,-0.14410400390625,2.0076375007629395,0.2795392274856567,1.5519379377365112
695,1.1267,0.8016,0,0,0.5863494873046875,1.188079833984375,0.109527587890625,2.2539825439453125,-1.2398934364318848,2.3965706825256348
696,1.1783,0.8987,0,0,0.407379150390625,1.430755615234375,-0.0909881591796875,2.309035301208496,-1.7114123106002808,2.933499336242676
697,1.2297,1.0718,0,0,0.4599151611328125,1.6796112060546875,-0.099334716796875,1.93499767780304,-1.175548076629639,3.2131237983703613
698,1.2801,1.3259,0,0,0.4106292724609375,1.8033905029296875,-0.0302276611328125,1.7241590023040771,-0.8229532837867737,2.921813488006592
699,1.3311,1.654,0,0,0.1962432861328125,2.023788452148437,-0.260711669921875,1.7120524644851685,0.5441471934318542,2.2897300720214844
700,1.3864,2.0327,0,0,-0.21881103515625,2.2314605712890625,-0.7148590087890625,2.280956983566284,2.2542684078216557,1.2583094835281372
701,1.4506,2.428,0,0,-0.3065338134765625,1.75445556640625,-0.4779052734375,2.8248820304870605,2.4105749130249023,0.8473033308982849
702,1.5257,2.8049,0,0,-0.2753143310546875,1.032318115234375,0.120941162109375,2.1442947387695312,1.5546774864196775,0.6210536956787109
703,1.6064,3.1336,0,0,-0.0410919189453125,0.703643798828125,0.244476318359375,2.1442947387695312,1.5546774864196775,0.6210536956787109
704,1.6785,3.3885,0,0,-0.0172576904296875,0.5000152587890625,0.1365814208984375,0.5052168369293213,0.9293230772018432,0.3943731486797333
705,1.7223,3.5458,0,0,-0.0016021728515625,0.3180389404296875,0.1718597412109375,-0.0271927379071712,0.5101431608200073,0.3327518701553345
706,1.7197,3.5841,0,0,0.03326416015625,0.1557769775390625,0.2862548828125,-0.6227242946624756,-0.5129165649414062,0.3315534293651581
707,1.6595,3.4908,0,0,0.0238037109375,0.0767059326171875,0.215789794921875,-1.06994891166687,-1.4093070030212402,0.3384523391723633
708,1.5402,3.2733,0,0,-0.031036376953125,0.066650390625,0.2681884765625,-1.5705262422561646,-2.284596920013428,0.2336106300354004
709,1.3695,2.9649,0,0,-0.0375213623046875,0.1483917236328125,0.1541900634765625,-1.8837257623672483,-2.528436183929444,0.0962250679731369
710,1.1624,2.6193,0,0,-0.0348052978515625,0.2978668212890625,-0.1013641357421875,-1.647754788398743,-1.7863328456878662,-0.1721486002206802
711,0.9382,2.2932,0,0,-0.0495452880859375,0.4270477294921875,-0.2166748046875,-1.060473918914795,-0.805893063545227,-0.6625435948371887
712,0.718,2.0277,0,0,-0.05194091796875,0.5484771728515625,-0.1669464111328125,-0.5356277227401733,-0.5695350766181946,-1.32773756980896
713,0.522,1.8402,0,0,0.0619659423828125,0.9000396728515625,-0.37750244140625,0.1510102897882461,-1.0064165592193604,-1.7952512502670288
714,0.3691,1.7292,0,0,0.849365234375,1.5536651611328125,-1.534210205078125,1.5225372314453125,-0.3982171416282654,-1.144592046737671
715,0.2782,1.6841,0,0,1.775115966796875,1.71624755859375,-1.1985626220703125,0.6618064641952515,1.7220423221588137,0.4979826211929321
716,0.2688,1.6912,0,0,1.6024169921875,1.226959228515625,-0.4664764404296875,-0.7028566598892212,2.8933513164520264,1.681599259376526
717,0.3534,1.7409,0,0,1.316131591796875,0.8479461669921875,-0.377349853515625,-0.965877890586853,3.467106819152832,1.5888190269470217
718,0.5275,1.8305,0,0,0.7775726318359375,0.718170166015625,0.2193756103515625,-0.5802444815635681,1.875035285949707,0.7073587775230408
719,0.7669,1.9569,0,0,0.293212890625,0.894866943359375,0.4537353515625,-0.3634024560451507,-0.0425746254622936,-0.1173330172896385
720,1.0339,2.1018,0,0,0.1851654052734375,1.4795989990234375,-0.065521240234375,-0.6864513158798218,-0.2696397304534912,-0.2870967388153076
721,1.2911,2.2311,0,0,-0.308624267578125,2.68841552734375,-1.54534912109375,-0.6039809584617615,1.6335254907608032,0.0320697873830795
722,1.5134,2.311,0,0,-0.0481109619140625,1.1221923828125,0.135986328125,0.2614851295948028,0.953022599220276,-0.4387850761413574
723,1.6897,2.3217,0,0,0.000396728515625,0.8416900634765625,0.425384521484375,0.4870628714561462,-0.0979193747043609,-0.560899019241333
724,1.8134,2.2578,0,0,0.048126220703125,0.8334503173828125,0.4219970703125,0.1982686072587967,-0.29621222615242,-0.6121962666511536
725,1.8779,2.1244,0,0,0.0970306396484375,0.8961639404296875,0.278778076171875,0.0331965684890747,-0.542294442653656,-0.7920445799827576
726,1.8794,1.9353,0,0,0.18316650390625,0.9323883056640624,0.24981689453125,0.002102832077071,-1.0504021644592283,-0.9831005930900574
727,1.8214,1.7137,0,0,0.2348480224609375,0.9286346435546876,0.24603271484375,-0.0427408069372177,-1.7383294105529783,-1.1310900449752808
728,1.7142,1.4907,0,0,0.292694091796875,0.8915252685546875,0.243865966796875,-0.2425199598073959,-2.409794569015503,-1.0509752035140991
729,1.5732,1.3022,0,0,0.2952423095703125,0.8072509765625,0.1856536865234375,-0.58921879529953,-2.6656532287597656,-0.8159427642822266
730,1.4156,1.1812,0,0,0.2655487060546875,0.7134857177734375,-0.05242919921875,-1.3795301914215088,-1.3503830432891846,-0.6805665493011475
731,1.257,1.1486,0,0,0.267913818359375,0.672332763671875,-0.199676513671875,-2.3425419330596924,0.9496709704399108,-0.487082302570343
732,1.1096,1.208,0,0,0.3304595947265625,0.7954864501953125,-0.05694580078125,-2.226268768310547,1.0619698762893677,-0.2410797327756881
733,0.982,1.347,0,0,0.197784423828125,0.7416534423828125,-0.188201904296875,-1.575940489768982,1.0083832740783691,-0.3980943858623504
734,0.8796,1.5413,0,0,0.0944061279296875,0.7477264404296875,-0.2508544921875,-0.6687682271003723,0.818756103515625,-0.6385083198547363
735,0.8044,1.7566,0,0,0.166717529296875,0.8414459228515625,-0.148956298828125,-0.1032600775361061,0.5946937203407288,-0.5317783951759338
736,0.756,1.9531,0,0,0.20989990234375,0.8219146728515625,-0.04278564453125,0.0186197571456432,0.6565927863121033,-0.5448334813117981
737,0.7319,2.094,0,0,0.2915802001953125,0.8325347900390625,0.014892578125,-0.0155970687046647,0.5362653136253357,-0.7140627503395081
738,0.7281,2.154,0,0,0.3818511962890625,0.8276214599609375,0.0793914794921875,-0.2521736621856689,0.3579765260219574,-0.9201245307922364
739,0.7402,2.1249,0,0,0.466583251953125,0.809844970703125,0.1349334716796875,-0.5106278657913208,-0.0367087461054325,-1.066736936569214
740,0.7636,2.0155,0,0,0.5153045654296875,0.833251953125,0.1260833740234375,-0.7624334692955017,-0.4363331198692322,-1.1036522388458252
741,0.7943,1.8481,0,0,0.5001220703125,0.87335205078125,0.1028900146484375,-1.0008699893951416,-0.6583011746406555,-1.0612961053848269
742,0.8289,1.6531,0,0,0.4967193603515625,0.9336395263671876,0.059234619140625,-1.0008699893951416,-0.6583011746406555,-1.0612961053848269
743,0.8651,1.4621,0,0,0.51763916015625,1.0120849609375,-0.021240234375,-1.064123511314392,-0.7335647940635681,-0.9701208472251892
744,0.9014,1.3014,0,0,0.57598876953125,1.0455474853515625,-0.052093505859375,-0.5047785043716431,-0.3435192704200744,-0.767727255821228
745,0.9376,1.1861,0,0,0.6241912841796875,0.996917724609375,-0.095855712890625,-0.0975971296429634,0.1542782485485077,-0.6679170727729797
746,0.9736,1.1177,0,0,0.6826934814453125,0.968963623046875,-0.1646881103515625,0.0997265949845314,1.254886507987976,-0.7071787118911743
747,1.0098,1.0893,0,0,0.8376922607421875,1.0724029541015625,-0.0849761962890625,0.269206166267395,1.841260313987732,-0.4521661400794983
748,1.0467,1.0933,0,0,0.94635009765625,1.2031707763671875,-0.1413421630859375,0.7445380687713623,1.7967537641525269,0.1089477911591529
749,1.0855,1.1268,0,0,0.850738525390625,1.1424713134765625,-0.274658203125,2.0298445224761963,0.6988491415977478,0.7067222595214844
750,1.1278,1.1895,0,0,0.7340240478515625,1.1006927490234375,-0.0331573486328125,2.0298445224761963,0.6988491415977478,0.7067222595214844
751,1.1738,1.2828,0,0,0.5089263916015625,1.175140380859375,0.1240997314453125,2.15028715133667,-2.3828930854797363,2.5202114582061768
752,1.2218,1.4122,0,0,0.3365631103515625,1.45538330078125,-0.05322265625,2.02344012260437,-2.8018798828125,2.657803773880005
753,1.269,1.5882,0,0,0.3947296142578125,1.6111297607421875,0.0121612548828125,1.6341768503189087,-2.604408264160156,2.63850474357605
754,1.3138,1.821,0,0,0.3401641845703125,1.678131103515625,0.00665283203125,1.6341768503189087,-2.604408264160156,2.63850474357605
755,1.3569,2.1104,0,0,0.1676483154296875,1.882171630859375,-0.1627349853515625,1.5767772197723389,-0.3957169651985168,1.836913466453552
756,1.401,2.4382,0,0,-0.273345947265625,2.108871459960937,-0.6616668701171875,1.5767772197723389,-0.3957169651985168,1.836913466453552
757,1.4501,2.771,0,0,-0.4094696044921875,1.7321624755859375,-0.4409027099609375,3.0151915550231934,3.057734251022339,0.6438173055648804
758,1.507,3.0737,0,0,-0.3085174560546875,1.07208251953125,0.1602020263671875,2.4067342281341557,1.7169287204742432,0.6031926870346069
759,1.5688,3.321,0,0,-0.0527801513671875,0.6776275634765625,0.111328125,1.6180440187454224,1.2677723169326782,0.6219634413719177
760,1.624,3.4955,0,0,0.021331787109375,0.5056610107421875,0.1948699951171875,0.8402688503265381,1.030067801475525,0.6003691554069519
761,1.6555,3.5808,0,0,-0.0126190185546875,0.30859375,0.2174530029296875,0.1211674362421035,0.6565927863121033,0.4659852683544159
762,1.6467,3.5612,0,0,-0.004974365234375,0.1830902099609375,0.293975830078125,-0.553214430809021,-0.1814856380224228,0.337455004453659
763,1.5871,3.4285,0,0,0.0288238525390625,0.1223907470703125,0.383819580078125,-1.3264081478118896,-1.515352725982666,0.2886840105056762
764,1.4754,3.1918,0,0,0.04290771484375,0.1348724365234375,0.3747100830078125,-2.0336179733276367,-2.728997230529785,0.3250854015350342
765,1.3189,2.8853,0,0,0.034698486328125,0.231597900390625,0.1033172607421875,-2.294635772705078,-2.7124452590942383,0.3321388065814972
766,1.132,2.5628,0,0,0.0223846435546875,0.3663787841796875,-0.3104095458984375,-1.6953259706497192,-1.299248218536377,0.0375018343329429
767,0.9322,2.2777,0,0,-0.0760345458984375,0.434295654296875,-0.2671661376953125,-0.9618999361991882,-0.0274012647569179,-0.7266522645950317
768,0.7382,2.0619,0,0,-0.0736083984375,0.5434722900390625,-0.1558380126953125,-0.4077688455581665,0.136285662651062,-1.5790859460830688
769,0.5673,1.9208,0,0,0.1004486083984375,0.8795928955078125,-0.3678131103515625,0.3151062726974487,-0.3582614660263061,-1.9301468133926392
770,0.4353,1.8441,0,0,1.0233917236328125,1.5103302001953125,-1.8020172119140625,1.400712966918945,0.6428329944610596,-1.1276801824569702
771,0.3595,1.8169,0,0,1.8209075927734373,1.7079620361328125,-0.915069580078125,0.1812946945428848,2.212875843048096,0.7138384580612183
772,0.3588,1.8254,0,0,1.657684326171875,1.23626708984375,-0.5436248779296875,0.1812946945428848,2.212875843048096,0.7138384580612183
773,0.4455,1.8607,0,0,1.2308502197265625,0.7628326416015625,-0.225128173828125,-0.8045529723167419,3.2385053634643555,1.964984893798828
774,0.6155,1.92,0,0,0.721923828125,0.52069091796875,0.3700714111328125,-0.4722967147827148,1.6352778673171997,1.126662254333496
775,0.8444,2.0022,0,0,0.172943115234375,0.7696685791015625,0.644866943359375,-0.5957603454589844,-0.5007299184799194,-0.0880853831768035
776,1.0948,2.0964,0,0,-0.0113067626953125,1.3587799072265625,-0.410400390625,-0.9357532858848572,-0.3495947420597076,-0.6081461310386658
777,1.3307,2.1795,0,0,-0.4570465087890625,2.5904693603515625,-1.8759918212890625,-0.0477046705782413,1.1149626970291138,-0.5416632890701294
778,1.5299,2.2261,0,0,0.119781494140625,1.20977783203125,0.576995849609375,0.3635023236274719,-0.3888041973114013,-0.603350043296814
779,1.6857,2.2178,0,0,0.1009063720703125,1.1772918701171875,0.394775390625,0.3694845736026764,-0.5130353569984436,-0.7892520427703857
780,1.7964,2.1474,0,0,0.1161346435546875,1.12225341796875,0.3677520751953125,0.2089446932077407,-0.4761393666267395,-0.8706502318382263
781,1.8597,2.0188,0,0,0.1952362060546875,1.0296783447265625,0.2720794677734375,0.0343483872711658,-0.5879055857658386,-0.7127260565757751
782,1.8735,1.845,0,0,0.195587158203125,0.8948974609375,0.1961669921875,-0.0062568304128944,-0.6549288034439087,-0.6934487819671631
783,1.8387,1.6449,0,0,0.221466064453125,0.8162689208984375,0.207305908203125,-0.0238307639956474,-1.047016978263855,-0.810157060623169
784,1.76,1.4404,0,0,0.28240966796875,0.834075927734375,0.21453857421875,-0.1618863642215728,-1.601623773574829,-0.8456169962882996
785,1.6457,1.2556,0,0,0.3133087158203125,0.8119049072265625,0.1979522705078125,-0.5243244767189026,-2.0273163318634038,-0.7706623673439026
786,1.5072,1.1145,0,0,0.3258819580078125,0.7599334716796875,-0.0611572265625,-1.398253083229065,-0.8061204552650452,-0.6861599683761597
787,1.3575,1.0357,0,0,0.3456573486328125,0.799957275390625,-0.1172332763671875,-2.134108066558838,0.7459617853164673,-0.3488429486751556
788,1.2094,1.0287,0,0,0.3067169189453125,0.8323516845703125,-0.0655975341796875,-1.9904314279556277,0.9250569939613342,-0.213186040520668
789,1.0738,1.0923,0,0,0.159942626953125,0.7158660888671875,-0.164306640625,-1.466868877410889,1.0622137784957886,-0.4645644724369049
790,0.9587,1.2154,0,0,0.1413726806640625,0.7561187744140625,-0.165496826171875,-1.466868877410889,1.0622137784957886,-0.4645644724369049
791,0.8684,1.378,0,0,0.180938720703125,0.78631591796875,-0.065704345703125,-0.3357636332511902,0.5965507626533508,-0.4313410222530365
792,0.8038,1.5523,0,0,0.1273040771484375,0.7538604736328125,-0.097259521484375,-0.2807267308235168,0.7747691869735718,-0.5597812533378601
793,0.7629,1.7075,0,0,0.19537353515625,0.7820281982421875,-0.07769775390625,-0.3435547053813934,0.9551789164543152,-0.731627881526947
794,0.7425,1.8172,0,0,0.314178466796875,0.8470458984375,0.0242919921875,-0.2728216648101806,0.502999484539032,-0.8601704239845276
795,0.7385,1.8661,0,0,0.393310546875,0.8607025146484375,0.07537841796875,-0.3270913064479828,0.0036432044580578,-1.039273023605347
796,0.7473,1.8513,0,0,0.4833831787109375,0.8654632568359375,0.0765838623046875,-0.605894148349762,-0.1406780183315277,-1.2082288265228271
797,0.7662,1.7811,0,0,0.5721893310546875,0.9417572021484376,0.0877685546875,-0.8966807126998901,-0.205298826098442,-1.1155574321746826
798,0.7933,1.672,0,0,0.5972747802734375,0.9696197509765624,0.0521392822265625,-0.7873984575271606,-0.4245606064796448,-0.9021196961402892
799,0.8272,1.5446,0,0,0.5993499755859375,0.919952392578125,0.0733489990234375,-0.4818294942378998,-0.7369312644004822,-0.8802905678749084
800,0.8669,1.4179,0,0,0.66314697265625,0.9352569580078124,0.055938720703125,-0.4825791716575622,-0.5857065916061401,-0.8418369293212891
801,0.9107,1.3055,0,0,0.6744537353515625,0.9420623779296876,0.0080718994140625,-0.5316867828369141,-0.1576604694128036,-0.7443468570709229
802,0.9565,1.2149,0,0,0.6447906494140625,0.9857177734375,-0.1188507080078125,-0.3871349394321441,0.6479793190956116,-0.5613522529602051
803,1.0024,1.1471,0,0,0.6810150146484375,1.081085205078125,-0.1502227783203125,0.1386734545230865,1.0243198871612549,-0.2453040331602096
804,1.0469,1.0998,0,0,0.7632293701171875,1.22174072265625,-0.204345703125,0.8113959431648254,1.1358720064163208,0.1762996613979339
805,1.0898,1.0711,0,0,0.7446746826171875,1.234527587890625,-0.1922149658203125,1.6858736276626587,0.5927658677101135,0.5870075821876526
806,1.1321,1.0628,0,0,0.6591644287109375,1.1721343994140625,-0.1680450439453125,2.2081375122070312,-0.0785960108041763,1.2313071489334106
807,1.1746,1.0823,0,0,0.5865478515625,1.1036376953125,0.146881103515625,2.1644115447998047,-1.3901079893112185,1.8024263381958008
808,1.2168,1.1421,0,0,0.486572265625,1.1502838134765625,0.083526611328125,2.110352039337158,-2.296227216720581,2.126312017440796
809,1.2565,1.257,0,0,0.447174072265625,1.35198974609375,-0.0011749267578125,1.699739694595337,-2.061110258102417,2.5231833457946777
810,1.2913,1.438,0,0,0.47119140625,1.4800567626953125,0.045928955078125,1.297684669494629,-1.6006146669387815,2.767451524734497
811,1.3207,1.6853,0,0,0.3120574951171875,1.621826171875,-0.108245849609375,1.3365976810455322,-0.5152364373207092,2.3685662746429443
812,1.3467,1.9838,0,0,0.0341949462890625,1.9317779541015625,-0.5158843994140625,1.913289785385132,1.251603126525879,1.519981861114502
813,1.3739,2.3057,0,0,-0.1594696044921875,1.9037322998046875,-0.6103363037109375,2.7302849292755127,2.776951789855957,0.8231396675109863
814,1.4078,2.622,0,0,-0.1945343017578125,1.420318603515625,-0.2277374267578125,2.7374770641326904,3.4568562507629395,0.6466479897499084
815,1.4508,2.9137,0,0,-0.11322021484375,0.9044189453125,-0.024658203125,2.235440254211426,3.5789575576782227,0.6580705642700195
816,1.498,3.174,0,0,-0.0053253173828125,0.61737060546875,0.20263671875,1.3559263944625854,3.0703160762786865,0.6613308191299438
817,1.5369,3.3988,0,0,0.0041656494140625,0.3885955810546875,0.2906341552734375,0.3965114057064056,1.8345818519592283,0.5551097989082336
818,1.5513,3.5762,0,0,0.0177764892578125,0.2494659423828125,0.4055633544921875,-0.5778431296348572,-8.255799184553325e-05,0.4395861625671386
819,1.5278,3.6828,0,0,-0.0135345458984375,0.1904296875,0.4267425537109375,-1.471896052360535,-1.9008245468139648,0.2759777903556824
820,1.4598,3.6969,0,0,-0.0637054443359375,0.2462158203125,0.377227783203125,-2.151890277862549,-3.3857693672180176,0.1165039762854576
821,1.3489,3.6186,0,0,-0.109710693359375,0.34320068359375,0.2146148681640625,-2.493967294692993,-4.088847160339356,-0.1067368313670158
822,1.2039,3.4783,0,0,-0.1386871337890625,0.4159698486328125,-0.0423583984375,-2.2540736198425293,-3.516376256942749,-0.4410471618175506
823,1.0382,3.3228,0,0,0.0201873779296875,0.5558929443359375,-0.4992218017578125,-1.1140413284301758,-1.73313570022583,-0.6330475211143494
824,0.8685,3.189,0,0,-0.011260986328125,0.6038970947265625,-0.371368408203125,-0.1465662717819214,-0.3744625449180603,-1.0146793127059937
825,0.7117,3.0867,0,0,0.0139923095703125,0.70391845703125,-0.4003448486328125,0.6628704071044922,-0.2135181427001953,-1.397453546524048
826,0.5835,3.0011,0,0,0.51416015625,0.925537109375,-1.1274566650390625,1.5985169410705566,0.2819896042346954,-1.254055380821228
827,0.4978,2.9114,0,0,1.5382843017578125,1.302642822265625,-1.02117919921875,0.6910871267318726,2.0538768768310547,-0.080959565937519
828,0.4685,2.8053,0,0,1.6542816162109375,1.4408721923828125,-0.407928466796875,-0.5693249702453613,2.413341999053955,1.3991215229034424
829,0.5071,2.6842,0,0,1.481689453125,1.184356689453125,-0.4305572509765625,-0.5787158012390137,2.340960025787353,1.742113471031189
830,0.6172,2.5617,0,0,1.206146240234375,0.6231231689453125,-0.2096099853515625,-0.5787158012390137,2.340960025787353,1.742113471031189
831,0.7888,2.4548,0,0,0.5515899658203125,0.5212860107421875,0.7368011474609375,-0.3813457489013672,0.4486483633518219,0.5439919233322144
832,0.9974,2.3723,0,0,0.1601715087890625,0.798126220703125,0.588287353515625,-0.8852326273918152,-1.1358221769332886,-0.3573056757450104
833,1.2123,2.3088,0,0,-0.61334228515625,2.0967254638671875,-1.4950408935546875,-1.8268616199493408,0.294611394405365,-0.7401819229125977
834,1.4083,2.2521,0,0,0.1173248291015625,2.114486694335937,-1.231842041015625,0.2106810808181762,1.343410611152649,-0.6268468499183655
835,1.5741,2.1919,0,0,0.3400421142578125,1.074920654296875,0.755462646484375,0.5017384886741638,-0.9710795879364014,-0.5542946457862854
836,1.7069,2.1215,0,0,0.0835723876953125,0.9684600830078124,0.192779541015625,0.8531827926635742,-0.6470546722412109,-0.5897093415260315
837,1.8032,2.036,0,0,0.14599609375,0.9327392578125,0.3685302734375,0.4654593169689178,-0.5445147156715393,-0.4652795493602752
838,1.8559,1.9322,0,0,0.1803436279296875,0.8915252685546875,0.260833740234375,0.0824807584285736,-0.6852207183837891,-0.4350675642490387
839,1.859,1.8095,0,0,0.2068023681640625,0.8758087158203125,0.225006103515625,-0.1042608916759491,-1.0625181198120115,-0.6857256293296814
840,1.8116,1.6719,0,0,0.277618408203125,0.920074462890625,0.23828125,-0.3020573258399963,-1.6452438831329346,-0.9797987937927246
841,1.7194,1.5313,0,0,0.3623809814453125,0.9738616943359376,0.2336578369140625,-0.6669817566871643,-2.26161789894104,-0.94181627035141
842,1.5939,1.4082,0,0,0.376861572265625,0.8939666748046875,0.101348876953125,-1.2757558822631836,-1.914620041847229,-0.7750094532966614
843,1.4501,1.3258,0,0,0.3308868408203125,0.8003692626953125,-0.092559814453125,-2.0952227115631104,-0.3022091388702392,-0.604531466960907
844,1.303,1.3014,0,0,0.297637939453125,0.8789520263671875,-0.0571136474609375,-2.296062469482422,0.4134395122528076,-0.2768182754516601
845,1.1652,1.3411,0,0,0.186126708984375,0.808746337890625,-0.146636962890625,-1.8834540843963623,0.8975979089736938,-0.3213338255882263
846,1.0458,1.4384,0,0,0.1629180908203125,0.8109130859375,-0.1605072021484375,-1.1336495876312256,1.2117198705673218,-0.4137550890445709
847,0.95,1.5759,0,0,0.1511383056640625,0.7852783203125,-0.0983734130859375,-0.5515989661216736,1.099126219749451,-0.4131979644298553
848,0.8791,1.7277,0,0,0.1191558837890625,0.7230682373046875,-0.08660888671875,-0.2932374775409698,0.8890841007232666,-0.4530620276927948
849,0.8314,1.8645,0,0,0.1257171630859375,0.7067413330078125,-0.0867462158203125,-0.3016525208950043,0.9400444626808168,-0.5464947819709778
850,0.8026,1.9601,0,0,0.21759033203125,0.7571868896484375,0.003448486328125,-0.2885742783546448,0.620608389377594,-0.6833551526069641
851,0.7879,1.9968,0,0,0.294708251953125,0.8130645751953125,0.0657196044921875,-0.2378557026386261,0.0725341215729713,-0.878303587436676
852,0.7829,1.9682,0,0,0.3792877197265625,0.8661651611328125,0.0382537841796875,-0.4179253280162811,0.0279778391122818,-1.104684591293335
853,0.7849,1.8794,0,0,0.4920196533203125,0.8901824951171875,0.068328857421875,-0.6987311840057373,0.1090503185987472,-1.225433588027954
854,0.793,1.7458,0,0,0.5743408203125,0.9221649169921876,0.07244873046875,-0.8683540225028992,0.1003002375364303,-1.1164796352386477
855,0.8074,1.5895,0,0,0.622894287109375,0.922149658203125,0.027130126953125,-0.7395846247673035,0.146074116230011,-0.909984290599823
856,0.8288,1.4329,0,0,0.66693115234375,0.8929901123046875,0.0433502197265625,-0.4576341211795807,0.0470306240022182,-0.7163251042366028
857,0.8577,1.2924,0,0,0.7123565673828125,0.8837738037109375,0.017303466796875,-0.45203298330307,0.4224055707454681,-0.53072589635849
858,0.8933,1.1766,0,0,0.6449432373046875,0.8493499755859375,-0.0515899658203125,-0.3642895519733429,0.9772043228149414,-0.5408094525337219
859,0.9337,1.0883,0,0,0.601898193359375,0.9888916015625,-0.134552001953125,-0.0676203221082687,1.4768564701080322,-0.474041610956192
860,0.9764,1.0288,0,0,0.6594390869140625,1.1368865966796875,-0.1011505126953125,0.6398710608482361,1.083324909210205,-0.3074257373809814
861,1.0196,0.9997,0,0,0.8690185546875,1.3471527099609375,-0.1633453369140625,1.319221019744873,0.6559200882911682,0.0365851745009422
862,1.0635,1.0009,0,0,0.829193115234375,1.23028564453125,-0.0241851806640625,1.319221019744873,0.6559200882911682,0.0365851745009422
863,1.1096,1.0305,0,0,0.681243896484375,1.084442138671875,-0.0308837890625,1.66537606716156,-0.7849164009094238,1.2653274536132812
864,1.1589,1.0874,0,0,0.559295654296875,1.092071533203125,0.1126556396484375,1.7896796464920044,-2.049079179763794,1.9167393445968628
865,1.2093,1.1766,0,0,0.37890625,1.139404296875,0.007293701171875,2.0151383876800537,-2.7475366592407227,2.120115041732788
866,1.2567,1.3099,0,0,0.415924072265625,1.4109649658203125,-0.0278778076171875,1.8289368152618408,-2.4878220558166504,2.4840247631073
867,1.2975,1.5009,0,0,0.4517669677734375,1.5485382080078125,-0.0128326416015625,1.663949966430664,-1.7583563327789309,2.683159828186035
868,1.3308,1.754,0,0,0.301422119140625,1.6788787841796875,-0.0970001220703125,1.7044987678527832,-0.407958447933197,2.1502556800842285
869,1.3593,2.0579,0,0,0.0225067138671875,1.9989776611328125,-0.486846923828125,2.1719250679016118,1.883549928665161,1.2566088438034058
870,1.3884,2.3874,0,0,-0.18389892578125,1.8314971923828125,-0.502227783203125,2.7038679122924805,3.595899105072021,0.6597813963890076
871,1.4237,2.7157,0,0,-0.163665771484375,1.2215118408203125,-0.0724029541015625,2.414011716842652,3.1961443424224854,0.5788654685020447
872,1.4666,3.0233,0,0,0.035736083984375,0.7918701171875,0.0246429443359375,1.9058775901794436,2.405916213989258,0.7916145324707031
873,1.5101,3.295,0,0,0.05224609375,0.5532989501953125,0.17242431640625,1.185219645500183,1.6851308345794678,0.7646348476409912
874,1.5405,3.5114,0,0,0.005828857421875,0.376708984375,0.3801422119140625,0.1790853291749954,0.2332921177148819,0.5524421334266663
875,1.5424,3.6456,0,0,-0.017547607421875,0.2869720458984375,0.3883209228515625,-0.7561971545219421,-1.320479393005371,0.3431131541728973
876,1.5046,3.6726,0,0,0.0103759765625,0.303497314453125,0.36724853515625,-1.5632715225219729,-2.7296788692474365,0.3001883327960968
877,1.4235,3.5868,0,0,-0.011077880859375,0.319427490234375,0.2281951904296875,-2.0473721027374268,-3.475335121154785,0.2604688704013824
878,1.3026,3.4134,0,0,0.022186279296875,0.36212158203125,-0.08441162109375,-2.0473721027374268,-3.475335121154785,0.2604688704013824
879,1.1517,3.1996,0,0,0.04376220703125,0.3691864013671875,-0.3598785400390625,-1.4171886444091797,-1.4252068996429443,-0.0505294874310493
880,0.9842,2.9909,0,0,-0.069793701171875,0.348785400390625,-0.269561767578125,-0.8898481130599976,0.044292364269495,-0.5454633235931396
881,0.8155,2.8105,0,0,-0.1157989501953125,0.42901611328125,-0.1676788330078125,-0.4329860508441925,0.2650870680809021,-1.1496179103851318
882,0.6599,2.657,0,0,-0.0760040283203125,0.6371307373046875,-0.39862060546875,0.1492752432823181,-0.4505876898765564,-1.6638141870498655
883,0.5304,2.5183,0,0,0.442474365234375,1.1345672607421875,-0.950469970703125,0.7149977684020996,-0.491418719291687,-1.66576087474823
884,0.4407,2.3841,0,0,1.610504150390625,2.0116119384765625,-1.4797210693359375,0.8887506723403931,0.6427373886108398,0.0017451694002375
885,0.4083,2.2506,0,0,1.694366455078125,1.4708251953125,-0.8637237548828125,0.1556838750839233,2.454376459121704,1.8381597995758057
886,0.4505,2.1224,0,0,1.226409912109375,0.8067779541015625,-0.1620330810546875,-0.3890326917171478,2.70691990852356,1.943924069404602
887,0.5731,2.0142,0,0,0.648834228515625,0.34283447265625,0.5166778564453125,-0.7678505778312683,1.0313642024993896,0.7933301329612732
888,0.7611,1.9412,0,0,0.29296875,0.5594482421875,0.7305450439453125,-1.1767946481704712,-0.4101297259330749,-0.1492027938365936
889,0.9826,1.9058,0,0,0.152435302734375,1.014190673828125,0.0665130615234375,-1.1767946481704712,-0.4101297259330749,-0.1492027938365936
890,1.203,1.9004,0,0,-0.3023834228515625,2.98797607421875,-2.72406005859375,0.0931509807705879,6.965885639190674,0.0436486788094043
891,1.4005,1.9251,0,0,0.095001220703125,1.2684173583984375,0.870361328125,0.2047973573207855,1.4823598861694336,-0.2105116993188858
892,1.5699,1.9907,0,0,0.13494873046875,0.9825897216796876,0.4715728759765625,0.6797683835029602,-1.993257522583008,-0.8518549203872681
893,1.7094,2.1006,0,0,0.20111083984375,0.9913482666015624,0.401336669921875,0.6922674179077148,-2.9693546295166016,-0.8541492819786072
894,1.8115,2.2427,0,0,0.2479705810546875,0.9934844970703124,0.20611572265625,0.4359557330608368,-2.85402512550354,-0.6753987073898315
895,1.8665,2.4005,0,0,0.20306396484375,0.89569091796875,0.129638671875,0.4359557330608368,-2.85402512550354,-0.6753987073898315
896,1.8681,2.5583,0,0,0.22479248046875,0.873565673828125,0.157562255859375,-0.5885671377182007,-2.009892225265503,-0.788049042224884
897,1.8166,2.701,0,0,0.2916107177734375,0.8809051513671875,0.1701812744140625,-1.0569326877593994,-1.7923479080200195,-0.7380341291427612
898,1.7184,2.8129,0,0,0.3717041015625,0.9373321533203124,0.0912933349609375,-1.2624107599258425,-1.5071147680282593,-0.6311574578285217
899,1.5861,2.8799,0,0,0.3072357177734375,0.9290618896484376,0.02203369140625,-1.3735122680664062,-0.918795645236969,-0.5204991102218628
900,1.4354,2.8923,0,0,0.2728424072265625,0.9246673583984376,-0.073577880859375,-1.4500054121017456,0.0539724193513393,-0.3418278992176056
901,1.2824,2.8455,0,0,0.2265472412109375,0.8626708984375,-0.1073150634765625,-1.399450659751892,0.8871541023254395,-0.3492546677589416
902,1.1411,2.7418,0,0,0.21148681640625,0.7854156494140625,-0.0788116455078125,-1.1085373163223269,1.21152925491333,-0.4325751364231109
903,1.0208,2.5905,0,0,0.202728271484375,0.7513427734375,-0.076263427734375,-0.6989492774009705,1.2323343753814695,-0.4607660174369812
904,0.9263,2.4066,0,0,0.1636810302734375,0.7324981689453125,-0.0865325927734375,-0.3772213160991668,1.1997274160385132,-0.482227623462677
905,0.8577,2.2063,0,0,0.154754638671875,0.7242431640625,-0.090545654296875,-0.2040687054395675,1.115899682044983,-0.5343587398529053
906,0.8122,2.0045,0,0,0.194091796875,0.7490081787109375,-0.1050567626953125,-0.1142767742276191,1.036251187324524,-0.5884110331535339
907,0.7856,1.8128,0,0,0.2351226806640625,0.8060302734375,-0.0972900390625,-0.1142767742276191,1.036251187324524,-0.5884110331535339
908,0.7734,1.6398,0,0,0.332550048828125,0.8535919189453125,-0.0016937255859375,-0.0637872368097305,0.749640166759491,-1.1025869846343994
909,0.7719,1.492,0,0,0.46722412109375,0.814208984375,0.01751708984375,-0.2979187667369842,0.7194833159446716,-1.3903056383132937
910,0.7788,1.3748,0,0,0.6125946044921875,0.8308258056640625,-0.000213623046875,-0.7299716472625732,1.0436915159225464,-1.3277724981307983
911,0.7929,1.293,0,0,0.719390869140625,0.91729736328125,0.110107421875,-0.6462892889976501,0.2379246801137924,-0.8506301641464233
912,0.8138,1.2483,0,0,0.5893707275390625,0.8005218505859375,0.145294189453125,-0.3048323392868042,-0.9864287376403807,-0.5699074268341064
913,0.8413,1.2358,0,0,0.5228729248046875,0.71875,0.024200439453125,-0.2640537619590759,-1.0926934480667114,-0.4966350793838501
914,0.8737,1.2455,0,0,0.5983123779296875,0.73297119140625,-0.0939788818359375,-0.3197899758815765,-0.2614710032939911,-0.4809985756874084
915,0.9078,1.264,0,0,0.6923980712890625,0.8065185546875,-0.131561279296875,0.0975814163684845,0.1430053561925888,-0.3078025579452514
916,0.9404,1.2758,0,0,0.7975006103515625,0.970306396484375,-0.0674896240234375,0.6530899405479431,0.0249974951148033,0.1444868743419647
917,0.9703,1.2678,0,0,0.8582000732421875,1.155487060546875,-0.2080078125,1.071455478668213,0.4961857795715332,0.7206748127937317
918,0.9991,1.2358,0,0,0.665283203125,1.141693115234375,-0.356414794921875,1.7395280599594116,1.136901617050171,1.2068170309066772
919,1.0301,1.1907,0,0,0.45928955078125,1.2137603759765625,-0.35162353515625,2.7245640754699707,0.8321803212165833,1.778481125831604
920,1.0661,1.1584,0,0,0.375762939453125,1.3311004638671875,-0.0153350830078125,2.836552143096924,-0.109509453177452,2.2742981910705566
921,1.108,1.1721,0,0,0.41949462890625,1.384429931640625,0.0618743896484375,1.90208899974823,0.0394603237509727,2.6077723503112797
922,1.1552,1.2588,0,0,0.4601593017578125,1.367218017578125,0.1435699462890625,1.1918303966522217,-0.1765297651290893,2.5502514839172363
923,1.206,1.4275,0,0,0.4551544189453125,1.569854736328125,0.025177001953125,0.7632835507392883,0.0784732401371002,2.2339401245117188
924,1.2594,1.6655,0,0,0.47308349609375,2.0035552978515625,-0.5631561279296875,0.8153941631317139,1.7711914777755735,1.9363501071929927
925,1.316,1.9448,0,0,0.2272796630859375,1.830474853515625,-0.630828857421875,1.3755879402160645,2.5836849212646484,1.3878164291381836
926,1.3784,2.234,0,0,0.0664825439453125,1.3173065185546875,-0.1907806396484375,1.241296410560608,2.5169715881347656,0.9377317428588868
927,1.4459,2.5058,0,0,0.0610504150390625,0.9019775390625,0.07476806640625,0.6431190371513367,1.8156838417053225,0.7606760263442993
928,1.5113,2.7365,0,0,0.0511322021484375,0.690277099609375,0.16461181640625,-0.0570499710738658,1.0859129428863523,0.5004050135612488
929,1.5609,2.9021,0,0,0.037109375,0.49560546875,0.2023162841796875,-0.661461591720581,0.1724109202623367,0.2209158688783645
930,1.5795,2.9796,0,0,0.045806884765625,0.3506622314453125,0.2953033447265625,-1.2789077758789062,-1.130631923675537,0.0263037756085395
931,1.5554,2.9562,0,0,-0.0111236572265625,0.247833251953125,0.2475738525390625,-1.76041841506958,-2.232170581817627,-0.1776866465806961
932,1.4831,2.8412,0,0,-0.029754638671875,0.22271728515625,0.1465301513671875,-1.9939388036727903,-2.9137074947357178,-0.2976924180984497
933,1.3643,2.6686,0,0,-0.0469970703125,0.2412567138671875,0.0482330322265625,-1.966121315956116,-3.162372589111328,-0.413110613822937
934,1.2072,2.4876,0,0,-0.049530029296875,0.2895355224609375,-0.01312255859375,-1.691373348236084,-3.100688934326172,-0.5790252685546875
935,1.0249,2.3461,0,0,-0.027252197265625,0.362884521484375,-0.051971435546875,-1.2891483306884766,-2.706491231918335,-0.7531709671020508
936,0.8334,2.276,0,0,0.039825439453125,0.46246337890625,-0.0348358154296875,-0.9279308319091796,-2.232309579849243,-0.8661332130432129
937,0.6498,2.2858,0,0,0.064605712890625,0.6033935546875,-0.092193603515625,-0.4434147179126739,-1.7553765773773191,-1.0959826707839966
938,0.4907,2.3609,0,0,-0.0685882568359375,1.04931640625,-1.144744873046875,1.1998987197875977,-0.2662433981895447,-1.5880576372146606
939,0.3726,2.4722,0,0,0.199188232421875,0.982818603515625,-1.6167449951171875,1.6029752492904663,1.3127479553222656,-1.7369801998138428
940,0.3129,2.5877,0,0,1.20648193359375,1.470123291015625,-1.1004180908203125,1.1963098049163818,1.176270604133606,-0.5956718921661377
941,0.3262,2.6807,0,0,1.2649078369140625,1.3634796142578125,0.1466522216796875,-0.0855457931756973,1.3526115417480469,0.790878415107727
942,0.4185,2.7307,0,0,0.866485595703125,1.0185699462890625,0.3352203369140625,-0.6770573258399963,1.092682957649231,0.7150044441223145
943,0.582,2.7242,0,0,0.662200927734375,1.25360107421875,0.0130157470703125,-0.1659058779478073,1.61988365650177,0.2013355046510696
944,0.7959,2.6593,0,0,0.6160430908203125,1.888092041015625,-0.63299560546875,0.478301852941513,4.738430500030518,0.8296007513999939
945,1.0338,2.5557,0,0,0.4430389404296875,1.96783447265625,-0.2066650390625,0.5844799876213074,5.853506088256836,1.163407802581787
946,1.2715,2.4563,0,0,0.2628631591796875,0.937896728515625,0.624725341796875,-0.0950857698917388,1.5609402656555176,0.4144027829170227
947,1.4877,2.4033,0,0,0.18511962890625,0.629486083984375,-0.175537109375,0.1962326318025589,-0.4630880355834961,-0.0094885770231485
948,1.6615,2.406,0,0,0.1366424560546875,0.8093109130859375,0.2859954833984375,0.1962326318025589,-0.4630880355834961,-0.0094885770231485
949,1.7739,2.4385,0,0,0.15618896484375,0.9211578369140624,0.291046142578125,0.4229232966899872,-2.723843097686768,-0.5628985166549683
950,1.8143,2.4664,0,0,0.214691162109375,1.1058197021484375,0.3236846923828125,0.0816916674375534,-3.3201088905334477,-1.062089920043945
951,1.7844,2.4744,0,0,0.3133697509765625,1.2672119140625,0.3139495849609375,-0.5559545755386353,-3.722159147262573,-1.0793256759643557
952,1.6973,2.4716,0,0,0.314605712890625,1.1945343017578125,0.2181549072265625,-1.2735694646835327,-3.647378921508789,-0.7353882789611816
953,1.5739,2.4803,0,0,0.2194061279296875,1.0218505859375,-0.0049591064453125,-1.9227615594863887,-2.334661960601806,-0.5355411767959595
954,1.436,2.5194,0,0,0.185791015625,0.927276611328125,-0.1131591796875,-2.23201584815979,-0.7443146109580994,-0.437499850988388
955,1.3012,2.5924,0,0,0.1279144287109375,0.8701019287109375,-0.14996337890625,-2.0533995628356934,0.5176489949226379,-0.5522655844688416
956,1.1814,2.6862,0,0,0.084747314453125,0.78253173828125,-0.1301116943359375,-1.5247894525527954,1.0902621746063232,-0.781927764415741
957,1.082,2.7772,0,0,0.1516571044921875,0.758575439453125,-0.190185546875,-0.6928445100784302,1.2478150129318235,-0.7074671387672424
958,1.004,2.8399,0,0,0.153167724609375,0.6880645751953125,-0.0882568359375,-0.148537278175354,1.2875547409057615,-0.635542631149292
959,0.9449,2.8529,0,0,0.14447021484375,0.641204833984375,-0.146942138671875,0.116838201880455,1.5555098056793213,-0.6155707836151123
960,0.9004,2.8046,0,0,0.1859130859375,0.6827545166015625,-0.1518096923828125,0.1549877226352691,1.947371006011963,-0.6601566076278687
961,0.8662,2.6967,0,0,0.2678985595703125,0.775970458984375,-0.0723114013671875,0.1137302964925766,1.9947545528411863,-0.9412466287612916
962,0.8387,2.5447,0,0,0.401885986328125,0.8469390869140625,0.0471954345703125,0.1137302964925766,1.9947545528411863,-0.9412466287612916
963,0.8171,2.3715,0,0,0.5277099609375,0.8513946533203125,0.070556640625,-0.0132486941292881,0.779442548751831,-1.47656512260437
964,0.8022,2.1999,0,0,0.6287994384765625,0.8415985107421875,0.1204986572265625,-0.1712095588445663,-0.0163129270076751,-1.3400241136550903
965,0.7963,2.0449,0,0,0.6150970458984375,0.7980804443359375,0.157958984375,-0.0480825752019882,-1.2308847904205322,-1.0159940719604492
966,0.8011,1.9135,0,0,0.52606201171875,0.71087646484375,0.08380126953125,-0.1809362322092056,-1.5512590408325195,-0.93941730260849
967,0.8163,1.808,0,0,0.541229248046875,0.7359771728515625,0.080230712890625,-0.3331521153450012,-1.619712471961975,-0.8630831241607666
968,0.8398,1.7296,0,0,0.5918426513671875,0.7483062744140625,0.0265045166015625,-0.3171225488185882,-1.608006238937378,-0.8012865781784058
969,0.8679,1.6786,0,0,0.7387847900390625,0.8067626953125,-0.3387298583984375,-0.3171225488185882,-1.608006238937378,-0.8012865781784058
970,0.898,1.6529,0,0,0.833282470703125,1.0656280517578125,-0.471160888671875,-0.0291890446096658,-0.1172597780823707,-0.6048451662063599
971,0.9297,1.6456,0,0,0.7695770263671875,1.142547607421875,-0.1130218505859375,1.971941590309143,0.4974185526371002,1.0628241300582886
972,0.9652,1.6492,0,0,0.7870635986328125,1.24267578125,-0.1300201416015625,2.64057731628418,-0.144068494439125,2.303603172302246
973,1.0073,1.6655,0,0,0.67852783203125,1.375885009765625,-0.084503173828125,2.260516881942749,0.5395740270614624,3.212210893630981
974,1.0583,1.71,0,0,0.5605010986328125,1.57623291015625,-0.1399078369140625,1.179700493812561,2.074247360229492,3.308703899383545
975,1.1195,1.8043,0,0,0.47784423828125,1.9286041259765625,-0.30328369140625,0.931206464767456,2.6179392337799072,2.6656665802001958
976,1.1925,1.9635,0,0,0.4251861572265625,2.53302001953125,-0.9522552490234376,1.9689372777938845,2.345813512802124,2.1663448810577397
977,1.2809,2.1889,0,0,0.1699676513671875,2.088897705078125,-0.2543182373046875,1.9689372777938845,2.345813512802124,2.1663448810577397
978,1.3877,2.4661,0,0,0.008941650390625,1.3967742919921875,0.07635498046875,1.6086044311523438,1.0034517049789429,1.8094086647033687
979,1.5092,2.7659,0,0,-0.00213623046875,0.98419189453125,0.0386199951171875,0.0643030926585197,0.3592647016048431,0.7640241384506226
980,1.6311,3.0442,0,0,0.0455322265625,0.735687255859375,0.03076171875,-0.2403529435396194,0.3343580067157745,0.5832881927490234
981,1.7314,3.2487,0,0,-0.0009613037109375,0.4851226806640625,0.0101318359375,-0.2403529435396194,0.3343580067157745,0.5832881927490234
982,1.7874,3.333,0,0,-0.059326171875,0.299346923828125,-0.0699615478515625,-0.3426937162876129,0.1245027780532836,0.3150985538959503
983,1.7821,3.2708,0,0,-0.1057281494140625,0.2181549072265625,-0.0033111572265625,-0.3616822957992553,-0.2362162619829177,0.1325873434543609
984,1.7073,3.0616,0,0,-0.093780517578125,0.2656402587890625,0.1910247802734375,-0.7339128851890564,-1.3872301578521729,0.0364703945815563
985,1.5662,2.7323,0,0,0.0270233154296875,0.391754150390625,0.269805908203125,-1.2690428495407104,-2.7929041385650635,0.3183324337005615
986,1.3726,2.3369,0,0,0.02978515625,0.5214996337890625,0.09259033203125,-1.421106457710266,-3.6083173751831055,0.5017813444137573
987,1.1482,1.9481,0,0,-0.1219024658203125,0.4785003662109375,-0.137725830078125,-1.2038342952728271,-3.057131767272949,0.0508549250662326
988,0.9176,1.6381,0,0,-0.1802978515625,0.41070556640625,-0.208892822265625,-0.8977169990539551,-2.258559465408325,-0.7810872793197632
989,0.7039,1.4566,0,0,-0.1144561767578125,0.4044342041015625,-0.3270721435546875,-0.5247023701667786,-2.1037042140960693,-1.5635106563568115
990,0.5252,1.4196,0,0,0.3123626708984375,0.5605010986328125,-0.8810272216796875,0.3534792363643646,-1.800621747970581,-1.7157609462738037
991,0.3956,1.5121,0,0,1.3401947021484375,1.15850830078125,-1.417755126953125,1.2139638662338257,-0.4218100905418396,-0.3187896907329559
992,0.3288,1.6972,0,0,1.8072052001953125,1.62945556640625,-0.631744384765625,0.0825505331158638,1.836881756782532,2.042264461517334
993,0.3386,1.9295,0,0,1.32464599609375,1.346588134765625,-0.343353271484375,-1.0954254865646362,3.1524362564086914,2.127406358718872
994,0.4323,2.1727,0,0,1.0593414306640625,0.84149169921875,-0.1403350830078125,-1.0954254865646362,3.1524362564086914,2.127406358718872
995,0.6022,2.407,0,0,0.4919891357421875,0.7574462890625,0.447265625,-0.7222452759742737,0.781024694442749,0.2786990106105804
996,0.8239,2.6171,0,0,0.205169677734375,1.4109344482421875,-0.3447723388671875,-0.3234513103961944,1.192650318145752,-0.2329211384057998
997,1.0652,2.7822,0,0,-0.26318359375,2.5332183837890625,-1.32672119140625,0.1270820498466491,3.062595129013061,-0.0514152534306049
998,1.2988,2.8831,0,0,0.0358734130859375,1.275360107421875,0.8151092529296875,0.1270820498466491,3.062595129013061,-0.0514152534306049
999,1.5075,2.9152,0,0,-0.0350189208984375,1.0027313232421875,0.063232421875,-0.3873589038848877,-0.4105134904384613,-0.2471799701452255
1000,1.6781,2.8837,0,0,0.0227203369140625,0.986907958984375,0.2493133544921875,0.4508300125598907,-1.0117380619049072,-0.6658573746681213
1001,1.7974,2.793,0,0,0.1071624755859375,0.9811859130859376,0.2558441162109375,0.246340274810791,-0.9620680212974548,-0.7606696486473083
1002,1.8555,2.6474,0,0,0.176422119140625,1.01361083984375,0.2695770263671875,0.1028057411313057,-1.3519526720046997,-0.8917773365974426
1003,1.8499,2.4574,0,0,0.2543182373046875,1.044464111328125,0.2933197021484375,-0.0983702465891838,-1.9385356903076167,-0.9351154565811156
1004,1.7869,2.2434,0,0,0.2759857177734375,1.0105438232421875,0.2515106201171875,-0.4316185116767883,-2.3980026245117188,-0.8609848022460938
1005,1.6797,2.0337,0,0,0.2540130615234375,0.9430694580078124,0.1571044921875,-0.848937451839447,-2.45041823387146,-0.7952433228492737
1006,1.5447,1.8584,0,0,0.2559967041015625,0.8628997802734375,-0.0142822265625,-1.4493588209152222,-1.438282489776611,-0.7335911393165588
1007,1.3986,1.7408,0,0,0.2431640625,0.757110595703125,-0.245819091796875,-1.4493588209152222,-1.438282489776611,-0.7335911393165588
1008,1.2551,1.6912,0,0,0.3011627197265625,0.8335113525390625,-0.0900421142578125,-2.017754316329956,1.6912367343902588,-0.5420414209365845
1009,1.1246,1.7075,0,0,0.2900238037109375,0.7848663330078125,-0.091156005859375,-1.3947261571884155,1.8291325569152832,-0.4922115504741668
1010,1.014,1.7794,0,0,0.1748199462890625,0.7024688720703125,-0.178680419921875,-0.6415861248970032,1.9970717430114744,-0.5598303079605103
1011,0.9262,1.8905,0,0,0.0898895263671875,0.692962646484375,-0.1647186279296875,-0.1302043348550796,2.059309720993042,-0.6451963186264038
1012,0.8611,2.0202,0,0,0.108612060546875,0.7370758056640625,-0.0672454833984375,0.0176644809544086,1.7165380716323853,-0.746803879737854
1013,0.816,2.1468,0,0,0.20123291015625,0.806732177734375,0.007568359375,-0.1295934170484542,1.228137493133545,-0.8927456736564636
1014,0.7874,2.2495,0,0,0.3208465576171875,0.80975341796875,0.0803985595703125,-0.3707072138786316,0.5680967569351196,-1.161111831665039
1015,0.7723,2.3109,0,0,0.4619598388671875,0.8075103759765625,0.0846710205078125,-0.4567704796791076,-0.1265808492898941,-1.2988615036010742
1016,0.7683,2.3195,0,0,0.5732421875,0.81805419921875,0.0598907470703125,-0.6510182619094849,-0.3031723797321319,-1.2572453022003174
1017,0.7744,2.2726,0,0,0.64434814453125,0.8793182373046875,0.1031494140625,-0.6510182619094849,-0.3031723797321319,-1.2572453022003174
1018,0.7898,2.1762,0,0,0.6794281005859375,0.91595458984375,0.050689697265625,-0.5841888785362244,-0.5538514852523804,-0.8609389662742615
1019,0.8146,2.0422,0,0,0.7262420654296875,0.9740753173828124,-0.002899169921875,-0.4182875156402588,-0.1626525670289993,-0.6870819926261902
1020,0.8486,1.8834,0,0,0.7433624267578125,1.0232391357421875,-0.03326416015625,-0.2273937463760376,0.3498139381408691,-0.5635381937026978
1021,0.8914,1.7111,0,0,0.7292022705078125,1.0358123779296875,-0.1389617919921875,-0.0907112583518028,1.2361067533493042,-0.4859813451766968
1022,0.9418,1.5366,0,0,0.714813232421875,1.0520782470703125,-0.1609039306640625,0.5023525953292847,1.495255470275879,-0.2916158735752105
1023,0.998,1.374,0,0,0.7633209228515625,1.109130859375,-0.19561767578125,1.2616722583770752,1.3764007091522217,0.0828008726239204
1024,1.0572,1.2403,0,0,0.7135009765625,1.02740478515625,-0.1301727294921875,1.82868754863739,0.6703528165817261,0.6850484013557434
1025,1.1165,1.1521,0,0,0.6352081298828125,1.0159149169921875,-0.0492706298828125,1.7134251594543457,-0.1637116968631744,1.591783046722412
1026,1.172,1.1228,0,0,0.5151214599609375,1.1011199951171875,0.009246826171875,2.007175207138061,-1.748081088066101,2.147478580474853
1027,1.2202,1.1633,0,0,0.4140625,1.296600341796875,-0.0465850830078125,2.0110669136047363,-2.277028083801269,2.459069967269897
1028,1.2586,1.2823,0,0,0.4945068359375,1.6053466796875,-0.0573883056640625,1.5174518823623655,-1.7134709358215332,2.8406999111175537
1029,1.2882,1.4831,0,0,0.4559326171875,1.6881866455078125,0.00750732421875,1.287615418434143,-1.253046631813049,2.656219720840454
1030,1.3135,1.756,0,0,0.2695159912109375,1.889312744140625,-0.2065277099609375,1.4546936750411987,0.2051502168178558,1.8899061679840088
1031,1.3415,2.0753,0,0,0.00225830078125,2.173080444335937,-0.660797119140625,1.4546936750411987,0.2051502168178558,1.8899061679840088
1032,1.3796,2.4046,0,0,-0.175018310546875,1.7147369384765625,-0.4350433349609375,2.6528542041778564,3.7828738689422607,0.7612320780754089
1033,1.4325,2.7124,0,0,-0.133331298828125,1.0803985595703125,-0.0695648193359375,2.3332178592681885,3.649190664291382,0.6761412024497986
1034,1.4971,2.9838,0,0,0.0293426513671875,0.7210845947265625,0.107208251953125,1.700055480003357,2.8484914302825928,0.7552083134651184
1035,1.5607,3.2137,0,0,-0.0175323486328125,0.4382476806640625,0.566009521484375,0.5154635906219482,0.5429863333702087,0.5142955780029297
1036,1.6051,3.3908,0,0,0.000823974609375,0.3309478759765625,0.3203277587890625,-0.4088596701622009,-1.0778212547302246,0.3050685524940491
1037,1.6131,3.4924,0,0,-0.0247955322265625,0.2483367919921875,0.2619781494140625,-1.04193377494812,-2.119661808013916,0.1965069323778152
1038,1.573,3.4991,0,0,-0.0303802490234375,0.207794189453125,0.2356414794921875,-1.5376018285751345,-2.941334009170532,0.163932204246521
1039,1.4811,3.4131,0,0,-0.0118408203125,0.21807861328125,0.1230316162109375,-1.8000638484954834,-3.3158397674560547,0.2328958362340927
1040,1.3415,3.2614,0,0,0.0301971435546875,0.2615203857421875,-0.1456451416015625,-1.5220372676849363,-2.668262720108032,0.3509034216403961
1041,1.1657,3.0831,0,0,-0.0089569091796875,0.3054656982421875,-0.318115234375,-0.8095274567604065,-1.213475227355957,0.207638680934906
1042,0.9698,2.9082,0,0,-0.0949249267578125,0.344818115234375,-0.24072265625,-0.2166409641504287,-0.1392047554254531,-0.3722915351390838
1043,0.7726,2.7451,0,0,-0.0991973876953125,0.47515869140625,-0.1512298583984375,0.1281598359346389,-0.1442117691040039,-1.0266683101654053
1044,0.5926,2.5849,0,0,0.0691375732421875,0.80487060546875,-0.576080322265625,0.6809306144714355,-0.5400847792625427,-1.4769054651260376
1045,0.4469,2.4165,0,0,1.00994873046875,1.338470458984375,-1.1527099609375,0.8391734957695007,0.5388504266738892,-0.8078176975250244
1046,0.3535,2.2374,0,0,1.7390594482421875,1.5179901123046875,-0.7855987548828125,-0.1073546856641769,1.834528088569641,0.9467002153396606
1047,0.3306,2.0555,0,0,1.708984375,1.2217559814453125,-0.3351287841796875,-0.6480501294136047,1.9257391691207888,1.9737168550491333
1048,0.3912,1.8884,0,0,1.560791015625,0.831817626953125,-0.210662841796875,-0.3980483114719391,1.5602883100509644,1.6088345050811768
1049,0.5351,1.7562,0,0,0.9908905029296876,0.808380126953125,0.2822418212890625,-0.3561477363109588,0.2924172282218933,0.6730356812477112
1050,0.745,1.6696,0,0,0.4539642333984375,1.23382568359375,0.17181396484375,-0.8049106001853943,-0.045232992619276,0.1208598390221595
1051,0.9916,1.624,0,0,-0.20562744140625,2.0247039794921875,-1.1566619873046875,-1.3510998487472534,2.5223331451416016,0.0482940301299095
1052,1.2438,1.6084,0,0,-0.3279571533203125,1.369384765625,-0.6753692626953125,-0.2326481640338897,1.8708778619766235,-0.3206549882888794
1053,1.4758,1.6156,0,0,-0.259185791015625,0.8366851806640625,0.3668975830078125,0.2882797420024872,-0.742773175239563,-0.7389371991157532
1054,1.6672,1.6394,0,0,-0.06884765625,0.951141357421875,0.48101806640625,0.2562309801578522,-1.5567755699157717,-0.9003721475601196
1055,1.801,1.671,0,0,0.0067596435546875,1.161712646484375,0.328857421875,0.2353046685457229,-0.990671157836914,-1.1802901029586792
1056,1.8673,1.7015,0,0,0.1298675537109375,1.3065032958984375,0.327972412109375,0.0483795180916786,-0.8723484873771667,-1.3807765245437622
1057,1.8667,1.7246,0,0,0.2317962646484375,1.23516845703125,0.3422698974609375,-0.3208989202976227,-1.4047112464904783,-1.238055944442749
1058,1.8096,1.7382,0,0,0.2537994384765625,1.05926513671875,0.302459716796875,-0.7296603322029114,-1.860382080078125,-1.0160939693450928
1059,1.7118,1.7457,0,0,0.22137451171875,0.905670166015625,0.21502685546875,-1.0855127573013306,-2.0246315002441406,-0.9810515642166138
1060,1.5896,1.7547,0,0,0.174041748046875,0.604522705078125,-0.4766387939453125,-1.4218525886535645,0.4174044132232666,-1.2747526168823242
1061,1.4569,1.7732,0,0,0.3260955810546875,0.7609100341796875,-0.14093017578125,-1.336353421211243,1.3425322771072388,-1.0866928100585938
1062,1.3241,1.8051,0,0,0.3194732666015625,0.789794921875,-0.055633544921875,-0.9788246154785156,0.8988307118415833,-0.688971221446991
1063,1.1987,1.8469,0,0,0.2536468505859375,0.7314300537109375,-0.14300537109375,-0.5212637186050415,0.6213042736053467,-0.5780372619628906
1064,1.0862,1.8876,0,0,0.3091888427734375,0.761962890625,-0.0929718017578125,-0.3329073786735534,0.4610110223293304,-0.5340889692306519
1065,0.9903,1.9104,0,0,0.28961181640625,0.7703399658203125,-0.061859130859375,-0.3329073786735534,0.4610110223293304,-0.5340889692306519
1066,0.913,1.899,0,0,0.23748779296875,0.74346923828125,-0.0202484130859375,-0.6392524242401123,0.3748593628406524,-0.5568930506706238
1067,0.8545,1.8436,0,0,0.23895263671875,0.777862548828125,-0.0068359375,-0.6558207273483276,0.1616000831127166,-0.6512739062309265
1068,0.8139,1.7439,0,0,0.2686767578125,0.8207855224609375,-0.0174560546875,-0.5715303421020508,-0.0299320667982101,-0.7832545638084412
1069,0.7893,1.6089,0,0,0.3223724365234375,0.8590545654296875,0.0142822265625,-0.4765255451202392,-0.328161358833313,-0.884285569190979
1070,0.7784,1.4535,0,0,0.3751678466796875,0.8378448486328125,0.013763427734375,-0.4109984636306762,-0.5346498489379883,-0.9531629085540771
1071,0.7793,1.2952,0,0,0.430450439453125,0.863372802734375,-0.0126190185546875,-0.4912996888160705,-0.3425280451774597,-1.0060617923736572
1072,0.79,1.1511,0,0,0.498931884765625,0.93902587890625,-0.004547119140625,-0.613125205039978,-0.0395191796123981,-0.9681572914123536
1073,0.8089,1.0346,0,0,0.57489013671875,0.9788055419921876,0.0157623291015625,-0.47031369805336,-0.047004260122776,-0.8540765643119812
1074,0.8351,0.9528,0,0,0.615570068359375,0.9813385009765624,0.070770263671875,-0.1922884881496429,-0.4065800011157989,-0.7514236569404602
1075,0.8678,0.9061,0,0,0.6381378173828125,1.0194091796875,0.04150390625,-0.0307523198425769,-0.5096771121025085,-0.7031389474868774
1076,0.9065,0.8888,0,0,0.7071075439453125,1.073516845703125,-0.08282470703125,-0.085296519100666,0.3063308894634247,-0.7653821110725403
1077,0.9505,0.8924,0,0,0.84173583984375,1.1045379638671875,-0.086212158203125,0.0434436127543449,0.9367653131484984,-0.6635422706604004
1078,0.9993,0.9085,0,0,0.97259521484375,1.1511993408203125,-0.0935821533203125,0.389875054359436,1.1564209461212158,-0.2991710007190704
1079,1.0529,0.9326,0,0,0.9876708984375,1.109832763671875,-0.3335418701171875,0.9987466335296632,1.9520472288131716,0.3666208684444427
1080,1.1111,0.9672,0,0,0.7535858154296875,0.981048583984375,-0.3455352783203125,1.7098729610443115,2.142280101776123,1.3681849241256714
1081,1.1724,1.0237,0,0,0.545989990234375,1.020538330078125,-0.111175537109375,2.3753421306610107,0.5666487812995911,2.4858648777008057
1082,1.2327,1.1206,0,0,0.3134002685546875,1.21551513671875,-0.0075836181640625,2.21387243270874,-0.9812930822372437,3.1345858573913574
1083,1.2866,1.2765,0,0,0.28076171875,1.517669677734375,-0.06097412109375,1.698262095451355,-1.4372360706329346,3.0413784980773926
1084,1.3303,1.5023,0,0,0.37176513671875,1.6333160400390625,-0.0183868408203125,1.4488656520843506,-1.794196367263794,2.646510601043701
1085,1.3641,1.7948,0,0,0.308624267578125,1.821929931640625,-0.1706390380859375,1.2255417108535769,-1.5051614046096802,2.225553035736084
1086,1.3921,2.1332,0,0,0.1075897216796875,1.9752960205078125,-0.401824951171875,1.2076761722564695,-0.3383591473102569,1.598602056503296
1087,1.421,2.4813,0,0,-0.097625732421875,1.699005126953125,-0.262420654296875,1.26192045211792,0.7032923698425293,0.8287504315376282
1088,1.4561,2.7937,0,0,-0.049346923828125,1.2789459228515625,-0.034332275390625,1.0394256114959717,1.321390986442566,0.6411618590354919
1089,1.4976,3.0276,0,0,0.00823974609375,0.8734893798828125,0.0322113037109375,0.6739198565483093,1.4047436714172363,0.8194975256919861
1090,1.5379,3.154,0,0,0.0157928466796875,0.567352294921875,0.1004486083984375,0.2395665198564529,1.1814597845077517,0.9125654101371764
1091,1.5637,3.1615,0,0,0.0343475341796875,0.3782958984375,0.2466583251953125,-0.3630948364734649,0.3246209621429443,0.9257012009620668
1092,1.5602,3.0554,0,0,0.0685272216796875,0.2923583984375,0.2807464599609375,-0.9552431106567384,-0.8263115286827087,0.95167076587677
1093,1.5162,2.8544,0,0,0.04119873046875,0.31451416015625,0.1738433837890625,-1.273932695388794,-1.6182339191436768,0.9018020033836364
1094,1.4274,2.5904,0,0,-0.0449676513671875,0.365081787109375,0.06231689453125,-1.2915178537368774,-1.832545042037964,0.6600178480148315
1095,1.2973,2.3043,0,0,-0.1721649169921875,0.3641357421875,0.00872802734375,-1.07243549823761,-1.5858330726623535,0.2057398408651352
1096,1.1362,2.0362,0,0,-0.2573699951171875,0.3055572509765625,-0.08880615234375,-0.5925344228744507,-1.2417891025543213,-0.3597757518291473
1097,0.9587,1.8147,0,0,-0.238739013671875,0.27093505859375,-0.1563873291015625,0.010735735297203,-1.469308614730835,-0.8613962531089783
1098,0.7808,1.6541,0,0,-0.174346923828125,0.4143218994140625,-0.2661895751953125,0.5916233658790588,-2.3048171997070312,-1.245612382888794
1099,0.6181,1.5607,0,0,0.2346038818359375,0.7397308349609375,-0.8542022705078125,1.400946021080017,-3.601836919784546,-1.2755337953567505
1100,0.4864,1.5393,0,0,1.326995849609375,1.060089111328125,-1.5328826904296875,0.3819566965103149,-0.6774053573608398,-0.3605821430683136
1101,0.4037,1.5891,0,0,1.5205078125,1.373992919921875,-0.859130859375,-0.9676166772842408,2.229238271713257,1.3802727460861206
1102,0.3889,1.6982,0,0,1.4951019287109375,1.4213104248046875,-0.5950775146484375,-1.0471924543380735,2.7678518295288086,2.2249226570129395
1103,0.4543,1.8502,0,0,1.2301025390625,0.952606201171875,-0.438507080078125,-0.0425780862569808,2.4089138507843018,1.6211577653884888
1104,0.5981,2.0307,0,0,0.6962738037109375,0.9674835205078124,0.003875732421875,0.3219902813434601,1.844553828239441,0.169604480266571
1105,0.8017,2.2227,0,0,0.3018798828125,1.2274627685546875,0.1210784912109375,-0.1121121570467948,1.3797850608825684,-0.5400816202163696
1106,1.035,2.4008,0,0,-0.0602264404296875,1.836395263671875,-0.8818817138671875,-0.1121121570467948,1.3797850608825684,-0.5400816202163696
1107,1.2675,2.5364,0,0,-0.0859832763671875,1.4759063720703125,-1.128173828125,0.7614182829856873,0.5525854229927063,-0.0152700329199433
1108,1.4759,2.6044,0,0,-0.139404296875,0.7957305908203125,0.58203125,0.1905499696731567,-1.1065841913223269,-0.5511677861213684
1109,1.6437,2.5906,0,0,-0.2219696044921875,0.80377197265625,0.5587310791015625,-0.5036098957061768,-0.381249338388443,-1.33010733127594
1110,1.7584,2.4954,0,0,-0.00469970703125,1.051605224609375,0.377685546875,-0.5282627940177917,0.2054905742406845,-1.6833572387695312
1111,1.8121,2.3346,0,0,0.1363525390625,1.194732666015625,0.297882080078125,-0.2969485819339752,-0.0839833170175552,-1.671518087387085
1112,1.8052,2.1346,0,0,0.23284912109375,1.1580352783203125,0.2866058349609375,-0.1438905894756317,-0.8435943722724915,-1.4573105573654177
1113,1.7462,1.9254,0,0,0.2578582763671875,1.0254364013671875,0.2789764404296875,-0.2293506264686584,-1.5463218688964844,-1.3027774095535278
1114,1.6491,1.735,0,0,0.2308807373046875,0.9026031494140624,0.253509521484375,-0.5786276459693909,-1.9514302015304563,-1.2493135929107666
1115,1.5293,1.5871,0,0,0.237579345703125,0.8354644775390625,0.1589202880859375,-1.0807768106460571,-1.6725748777389526,-1.2230902910232544
1116,1.4007,1.5001,0,0,0.308349609375,0.647857666015625,-0.8987579345703125,-1.486950159072876,3.264031887054444,-1.5013689994812012
1117,1.2754,1.4882,0,0,0.470062255859375,0.9322967529296876,0.0231170654296875,-1.271248698234558,3.589698314666748,-1.0329607725143433
1118,1.1632,1.5618,0,0,0.435516357421875,0.8763427734375,0.0453033447265625,-0.8881098628044128,2.49895977973938,-0.5655741691589355
1119,1.0711,1.7205,0,0,0.3264312744140625,0.6789398193359375,-0.2220611572265625,-0.5089918375015259,2.4678914546966557,-0.6602516770362854
1120,1.0017,1.9469,0,0,0.3934173583984375,0.7512969970703125,-0.126434326171875,-0.3089764714241028,2.0845940113067627,-0.6332389712333679
1121,0.9535,2.2076,0,0,0.3553314208984375,0.733673095703125,0.011260986328125,-0.3089764714241028,2.0845940113067627,-0.6332389712333679
1122,0.9225,2.4621,0,0,0.3258514404296875,0.752716064453125,0.05218505859375,-0.6097650527954102,-0.3472013771533966,-0.4916917085647583
1123,0.9036,2.67,0,0,0.2596435546875,0.7564544677734375,0.01318359375,-0.6533434391021729,-1.367326259613037,-0.646237850189209
1124,0.8921,2.7981,0,0,0.228485107421875,0.8387298583984375,-0.05133056640625,-0.6533434391021729,-1.367326259613037,-0.646237850189209
1125,0.8845,2.8289,0,0,0.3405303955078125,0.8600616455078125,-0.0243988037109375,-0.5273037552833557,-1.654084324836731,-1.0260381698608398
1126,0.8787,2.765,0,0,0.4134368896484375,0.8569488525390625,0.0132904052734375,-0.5386448502540588,-1.57287335395813,-0.8722113370895386
1127,0.8744,2.6253,0,0,0.4215850830078125,0.8613739013671875,0.0137481689453125,-0.614107072353363,-1.3356986045837402,-0.8273751735687256
1128,0.8723,2.4372,0,0,0.4444122314453125,0.8927154541015625,0.0167236328125,-0.413519948720932,-1.2810494899749756,-0.8166354298591614
1129,0.8735,2.2285,0,0,0.5009002685546875,0.963714599609375,0.009796142578125,-0.1661831140518188,-1.1707727909088137,-0.7020865082740784
1130,0.8793,2.0218,0,0,0.5650634765625,1.0384521484375,0.01318359375,0.0144649595022201,-0.9387328624725342,-0.6084481477737427
1131,0.8914,1.8319,0,0,0.611602783203125,1.077789306640625,-0.01739501953125,0.1611856967210769,-0.5520426630973816,-0.6347665786743164
1132,0.9112,1.6649,0,0,0.740631103515625,1.1191558837890625,0.0014190673828125,0.0582630410790443,-0.0601261891424655,-0.5379590392112732
1133,0.9404,1.5189,0,0,0.89520263671875,1.224151611328125,0.0250701904296875,-0.1217522695660591,0.2601527571678161,-0.1925697177648544
1134,0.9803,1.387,0,0,1.01763916015625,1.31134033203125,0.0758209228515625,-0.1905696839094162,-0.0683324486017227,0.3778897821903229
1135,1.0324,1.2613,0,0,0.934783935546875,1.360626220703125,-0.1309661865234375,-0.2928702235221863,0.5190892219543457,1.1001901626586914
1136,1.0973,1.1404,0,0,0.5107421875,1.25201416015625,-0.67791748046875,0.7680330276489258,2.2781822681427,1.38922119140625
1137,1.1733,1.0366,0,0,0.398956298828125,1.2889556884765625,-0.51263427734375,2.808724164962769,1.7987959384918213,1.7352476119995115
1138,1.256,0.9781,0,0,0.31890869140625,1.4921112060546875,-0.098236083984375,3.509371519088745,0.4475042819976806,2.781990528106689
1139,1.3389,1.0011,0,0,0.1255950927734375,1.5493621826171875,-0.02728271484375,2.4923386573791504,0.1273504942655563,3.5911104679107666
1140,1.4153,1.1361,0,0,-0.048583984375,1.36102294921875,0.0361480712890625,1.48374342918396,0.0531689450144767,3.118886947631836
1141,1.4797,1.3915,0,0,-0.123931884765625,1.5321502685546875,-0.2368927001953125,1.2938333749771118,0.6169872879981995,1.9789621829986568
1142,1.5288,1.7455,0,0,-0.0953826904296875,1.7448272705078125,-0.516510009765625,1.7032939195632937,1.1295357942581177,1.0812077522277832
1143,1.5619,2.1507,0,0,-0.127655029296875,1.4376373291015625,-0.2287139892578125,1.7462719678878784,1.5096216201782229,0.5880134701728821
1144,1.5811,2.5485,0,0,-0.0909423828125,0.975006103515625,0.142059326171875,1.0673116445541382,1.424792766571045,0.4198444187641144
1145,1.5868,2.8837,0,0,0.0079498291015625,0.6564178466796875,0.308746337890625,0.2149557173252105,0.5972820520401001,0.4425505101680755
1146,1.5756,3.1117,0,0,0.06396484375,0.4668121337890625,0.3379058837890625,-0.4894495904445648,-0.7086727619171143,0.5548637509346008
1147,1.5414,3.2037,0,0,0.1004791259765625,0.3472747802734375,0.26007080078125,-0.8952114582061768,-1.923537850379944,0.6822792291641235
1148,1.4784,3.1549,0,0,0.218048095703125,0.2978515625,-0.0259246826171875,-0.7315903306007385,-2.402096033096313,0.9519487619400024
1149,1.3839,2.9894,0,0,0.2523040771484375,0.2889862060546875,-0.1420745849609375,-0.2315453439950943,-2.302370309829712,1.1837998628616333
1150,1.2597,2.7521,0,0,0.1162261962890625,0.310089111328125,0.01104736328125,-0.1027103960514068,-1.9138604402542116,0.9082431197166444
1151,1.1125,2.492,0,0,0.022918701171875,0.3566741943359375,0.17669677734375,-0.4246309101581573,-1.3853260278701782,0.311491310596466
1152,0.9525,2.2473,0,0,-0.0452423095703125,0.387451171875,0.084716796875,-0.6717722415924072,-0.7708767652511597,-0.284149169921875
1153,0.7914,2.038,0,0,-0.1600341796875,0.3902130126953125,-0.08453369140625,-0.6115161180496216,-0.284601092338562,-0.8938575387001038
1154,0.6413,1.8682,0,0,-0.2158203125,0.4552154541015625,-0.1536712646484375,-0.4328784644603729,-0.4122677147388458,-1.5087803602218628
1155,0.5128,1.7347,0,0,-0.0511474609375,0.64727783203125,-0.6747894287109375,0.0158295631408691,-0.6389213800430298,-2.065096139907837
1156,0.4162,1.635,0,0,0.950531005859375,1.1076507568359375,-1.3052520751953125,0.5862701535224915,0.6263238191604614,-1.5221201181411743
1157,0.364,1.57,0,0,2.176849365234375,1.80133056640625,-0.9115447998046876,0.225028321146965,2.2989208698272705,1.0353083610534668
1158,0.3729,1.5424,0,0,2.036895751953125,1.55218505859375,-0.485137939453125,0.225028321146965,2.2989208698272705,1.0353083610534668
1159,0.4586,1.5557,0,0,1.3299560546875,0.9712371826171876,-0.345123291015625,-0.6627819538116455,2.4632341861724854,1.459988355636597
1160,0.6246,1.612,0,0,0.782196044921875,1.160797119140625,-0.1590118408203125,-0.4864663183689117,1.7483689785003662,0.5228592157363892
1161,0.8548,1.7067,0,0,0.1337890625,1.21600341796875,0.1966705322265625,-0.347131073474884,0.3302356898784637,-0.1994204372167587
1162,1.1178,1.8216,0,0,-0.33935546875,1.958709716796875,-0.5912628173828125,-0.517268180847168,-0.4159572720527649,-0.4003167748451233
1163,1.3791,1.9266,0,0,-0.4062347412109375,1.415191650390625,-1.0170135498046875,0.714593768119812,-0.0579453259706497,-0.375004231929779
1164,1.6104,1.9909,0,0,-0.177154541015625,0.81683349609375,0.46734619140625,0.7582781314849854,-0.511890709400177,-0.5458230972290039
1165,1.7913,1.994,0,0,-0.0777435302734375,0.8093109130859375,0.430084228515625,0.2755351662635803,-0.2556336224079132,-0.648104190826416
1166,1.9066,1.9304,0,0,-0.0342864990234375,0.93829345703125,0.3262176513671875,0.2133876383304596,-0.2154004573822021,-1.0517417192459106
1167,1.9477,1.8081,0,0,0.078277587890625,1.050689697265625,0.318389892578125,0.2233145833015442,-0.9188693761825562,-1.4073508977890017
1168,1.916,1.6471,0,0,0.173309326171875,1.0549774169921875,0.3100738525390625,0.2233145833015442,-0.9188693761825562,-1.4073508977890017
1169,1.8225,1.476,0,0,0.229217529296875,1.00811767578125,0.295318603515625,-0.1418633908033371,-2.746901273727417,-1.337799072265625
1170,1.6855,1.3295,0,0,0.223907470703125,0.9443511962890624,0.2623291015625,-0.6222185492515564,-3.325082302093506,-1.0770846605300903
1171,1.5253,1.2437,0,0,0.2630615234375,0.8708953857421875,0.146942138671875,-1.0689162015914917,-3.45454740524292,-0.7369507551193237
1172,1.361,1.2485,0,0,0.236114501953125,0.73809814453125,-0.2904815673828125,-1.9018123149871824,-0.6940804719924927,-0.7151439785957336
1173,1.2074,1.3566,0,0,0.273895263671875,0.65570068359375,-0.4552001953125,-2.6143078804016118,3.334386110305786,-0.8270401358604431
1174,1.0746,1.5622,0,0,0.4019775390625,0.850189208984375,-0.090789794921875,-2.194836378097534,3.4392759799957275,-0.431604653596878
1175,0.9681,1.8485,0,0,0.2763824462890625,0.7369384765625,-0.250457763671875,-1.27141010761261,3.314425230026245,-0.3651095330715179
1176,0.8899,2.1921,0,0,0.222900390625,0.7644805908203125,-0.4427947998046875,-0.0344338752329349,3.414731740951538,-0.4063371121883392
1177,0.8391,2.5625,0,0,0.2577362060546875,0.86761474609375,-0.26324462890625,0.6738181114196777,2.7508316040039062,-0.3615837693214416
1178,0.8127,2.9225,0,0,0.321624755859375,0.8852081298828125,-0.0963134765625,0.6272516846656799,1.881453275680542,-0.4429742395877838
1179,0.8067,3.2313,0,0,0.34625244140625,0.8341064453125,0.09600830078125,0.1792573779821396,0.6337093114852905,-0.8047902584075928
1180,0.8162,3.4488,0,0,0.447357177734375,0.839508056640625,0.2195281982421875,-0.2530828714370727,-0.8947446346282959,-1.0333716869354248
1181,0.8362,3.5435,0,0,0.4850311279296875,0.8281707763671875,0.2036285400390625,-0.6652848124504089,-2.1484391689300537,-1.0106645822525024
1182,0.8623,3.5058,0,0,0.4968109130859375,0.84942626953125,0.11175537109375,-1.0469298362731934,-2.691124677658081,-0.9007628560066224
1183,0.8906,3.3541,0,0,0.49273681640625,0.922943115234375,0.0377349853515625,-1.2151846885681152,-2.78384780883789,-0.7476366758346558
1184,0.9185,3.13,0,0,0.4371795654296875,0.922454833984375,0.00738525390625,-1.07353937625885,-2.727902412414551,-0.6263432502746582
1185,0.9444,2.883,0,0,0.451446533203125,0.982666015625,-0.0413055419921875,-0.6899960041046143,-2.2271742820739746,-0.4478358328342438
1186,0.9677,2.655,0,0,0.5455169677734375,1.09149169921875,-0.003143310546875,-0.1688681095838546,-1.751160979270935,-0.1105371639132499
1187,0.9891,2.4706,0,0,0.673736572265625,1.27154541015625,0.0833282470703125,0.2286129295825958,-1.8495440483093264,0.2329650819301605
1188,1.0112,2.3352,0,0,0.7915802001953125,1.5355682373046875,0.04766845703125,0.4420133531093597,-1.717437982559204,0.335441380739212
1189,1.0391,2.2414,0,0,0.93682861328125,1.911865234375,-0.29022216796875,0.0170061476528644,0.7890741229057312,0.5107032060623169
1190,1.0804,2.1762,0,0,0.7271728515625,1.8522186279296875,-0.526275634765625,0.0206845048815011,4.173856258392334,0.6156996488571167
1191,1.1424,2.1349,0,0,0.4794769287109375,1.347747802734375,-1.1314239501953125,2.241403818130493,6.260679244995117,1.2059810161590576
1192,1.2283,2.1374,0,0,0.4635467529296875,1.2595672607421875,-0.324676513671875,3.786222457885742,4.969769477844238,2.9508352279663086
1193,1.3327,2.2249,0,0,-0.1172027587890625,0.7280731201171875,0.0036773681640625,2.213075876235962,2.3653881549835205,3.5467820167541504
1194,1.4411,2.4309,0,0,-0.24755859375,0.6798248291015625,0.1822967529296875,0.9023924469947816,-0.352704256772995,2.312199592590332
1195,1.5325,2.75,0,0,-0.069366455078125,0.753021240234375,0.0270538330078125,0.6681748628616333,-0.9552828073501588,1.1130311489105225
1196,1.5875,3.1301,0,0,0.2469024658203125,0.960113525390625,-0.239715576171875,0.913356363773346,-0.445611298084259,0.8738534450531006
1197,1.5947,3.4918,0,0,0.1978912353515625,1.06768798828125,-0.1226043701171875,1.0512328147888184,-0.1676731556653976,0.7847880125045776
1198,1.5539,3.757,0,0,0.0792236328125,1.1414337158203125,0.1327667236328125,0.6843826174736023,-0.4042369723320007,0.5894829630851746
1199,1.4744,3.8696,0,0,0.071990966796875,1.1193084716796875,0.1824188232421875,0.1711528450250625,-0.5855793356895447,0.64981609582901
1200,1.3715,3.8047,0,0,0.0530242919921875,0.8857421875,-0.0177154541015625,0.0334833897650241,-0.1034273207187652,0.8325278759002686
1201,1.2602,3.568,0,0,0.0643463134765625,0.600860595703125,-0.1015625,0.1468014270067215,0.6703975200653076,0.9671615362167358
1202,1.152,3.1915,0,0,0.1359100341796875,0.3804931640625,-0.082366943359375,0.1468014270067215,0.6703975200653076,0.9671615362167358
1203,1.0518,2.7255,0,0,0.2261505126953125,0.2715301513671875,-0.073272705078125,0.3125147521495819,0.8506650328636169,1.1187169551849363
1204,0.9594,2.2279,0,0,0.2571868896484375,0.261138916015625,-0.01007080078125,0.2501690983772278,0.2467442750930786,0.8390523195266724
1205,0.8725,1.7529,0,0,0.211883544921875,0.366607666015625,0.0865631103515625,-0.079190157353878,-0.9948147535324096,0.0612913221120834
1206,0.7891,1.3431,0,0,0.061859130859375,0.419097900390625,0.1444244384765625,-0.642200231552124,-2.2983663082122803,-0.7625583410263062
1207,0.7088,1.0303,0,0,-0.0727386474609375,0.378662109375,0.04620361328125,-1.0184577703475952,-2.860002994537353,-1.4360499382019043
1208,0.6332,0.8413,0,0,-0.1157073974609375,0.3928070068359375,-0.07501220703125,-1.2047826051712036,-3.4462811946868896,-1.9873112440109253
1209,0.5647,0.7979,0,0,0.1213836669921875,0.462066650390625,-0.624114990234375,-1.1242939233779907,-2.6171858310699463,-2.3313992023468018
1210,0.5088,0.9089,0,0,1.60125732421875,1.2888641357421875,-2.0710601806640625,1.0049992799758911,1.0640660524368286,-0.2738283574581146
1211,0.479,1.1564,0,0,2.12371826171875,1.973876953125,-0.5749969482421875,1.0049992799758911,1.0640660524368286,-0.2738283574581146
1212,0.4975,1.4938,0,0,1.212554931640625,1.3414459228515625,0.1330413818359375,-1.6087005138397217,2.268739461898804,1.6162372827529907
1213,0.5834,1.8627,0,0,0.8498687744140625,1.226043701171875,-0.2755889892578125,-1.6522245407104492,1.93088972568512,0.6911782026290894
1214,0.7386,2.2137,0,0,0.27740478515625,1.4437713623046875,-0.3740997314453125,-0.9361416101455688,2.6903576850891118,0.2799094021320343
1215,0.9472,2.514,0,0,-0.5831756591796875,2.524688720703125,-1.6218719482421875,0.3768221139907837,2.7641847133636475,0.0927275419235229
1216,1.1858,2.7446,0,0,-0.3116607666015625,1.278839111328125,0.2606201171875,1.2579808235168457,-0.2824711203575134,-0.1646928042173385
1217,1.4306,2.8945,0,0,-0.0725250244140625,0.8220062255859375,0.7014617919921875,0.6395323276519775,-1.2782377004623413,-0.2703191041946411
1218,1.6559,2.9554,0,0,-0.0997467041015625,0.8019256591796875,0.37945556640625,0.2615866065025329,-0.8759267330169678,-0.5615227222442627
1219,1.8349,2.9231,0,0,-0.0592803955078125,0.984649658203125,0.3119659423828125,0.0699878707528114,-0.8947920203208923,-1.0314077138900757
1220,1.9457,2.8022,0,0,0.0698089599609375,1.104949951171875,0.222869873046875,0.0021118866279721,-1.0634199380874634,-1.220451593399048
1221,1.9782,2.6088,0,0,0.169219970703125,1.07647705078125,0.2203521728515625,-0.0427770242094993,-1.5485684871673584,-1.1992666721343994
1222,1.9353,2.3704,0,0,0.2198486328125,0.9710540771484376,0.2119140625,-0.1348289251327514,-2.073474884033203,-1.1064177751541138
1223,1.8302,2.122,0,0,0.231414794921875,0.8375244140625,0.1834259033203125,-0.3071103990077972,-2.487794876098633,-0.9820305109024048
1224,1.6814,1.9008,0,0,0.2229766845703125,0.7538299560546875,0.1605682373046875,-0.6309787631034851,-2.7418251037597656,-0.871945858001709
1225,1.5087,1.739,0,0,0.169769287109375,0.7043304443359375,0.0105133056640625,-1.2517858743667605,-1.6841806173324585,-0.8743860721588135
1226,1.3299,1.6572,0,0,0.2469482421875,0.6742706298828125,-0.4084320068359375,-2.261066198348999,1.911117434501648,-0.876060962677002
1227,1.1596,1.6622,0,0,0.4142303466796875,0.864288330078125,-0.084808349609375,-2.1866087913513184,2.5782532691955566,-0.4293835759162903
1228,1.0099,1.7491,0,0,0.3725738525390625,0.840911865234375,-0.027069091796875,-1.5597535371780396,1.9868239164352417,-0.2470744997262954
1229,0.8895,1.9036,0,0,0.2732696533203125,0.7447052001953125,-0.23223876953125,-0.601478099822998,1.80353319644928,-0.3469829857349396
1230,0.8031,2.0995,0,0,0.269683837890625,0.7957000732421875,-0.2487335205078125,0.1863933056592941,1.885507345199585,-0.2761508822441101
1231,0.751,2.3027,0,0,0.2534942626953125,0.8230743408203125,-0.16815185546875,0.5623094439506531,1.9594618082046509,-0.2259031683206558
1232,0.7294,2.4792,0,0,0.2050323486328125,0.855987548828125,-0.0851287841796875,0.5662484765052795,2.0805160999298096,-0.5898813605308533
1233,0.7327,2.6046,0,0,0.3293304443359375,0.8857879638671875,0.1597137451171875,0.1920967400074005,1.400187611579895,-0.9176923036575316
1234,0.754,2.6655,0,0,0.4618988037109375,0.86480712890625,0.2745819091796875,-0.1680976599454879,-0.2952865064144134,-0.9416287541389464
1235,0.787,2.6567,0,0,0.507415771484375,0.84600830078125,0.2100830078125,-0.6087245941162109,-1.5170334577560425,-0.865444004535675
1236,0.8265,2.581,0,0,0.5098724365234375,0.873016357421875,0.0677490234375,-1.102583885192871,-1.6455509662628174,-0.8128010034561157
1237,0.8682,2.4517,0,0,0.5257568359375,0.889984130859375,0.0145721435546875,-1.1315425634384155,-1.69953191280365,-0.7757759094238281
1238,0.9087,2.2919,0,0,0.5507049560546875,0.91180419921875,-0.01055908203125,-0.7741113901138306,-1.8257215023040767,-0.6636898517608643
1239,0.9458,2.1278,0,0,0.5967254638671875,0.9507904052734376,-0.079864501953125,-0.5194026827812195,-1.317652702331543,-0.4831533432006836
1240,0.9783,1.9793,0,0,0.639862060546875,0.9741668701171876,-0.1103363037109375,-0.2220285385847091,-0.5906097888946533,-0.4500412046909332
1241,1.0066,1.8541,0,0,0.6583709716796875,1.022796630859375,-0.115936279296875,0.0349153727293014,0.148367628455162,-0.4274360239505768
1242,1.0318,1.7467,0,0,0.7490692138671875,1.1525115966796875,-0.090087890625,0.2022321969270706,0.6808000802993774,-0.1464070081710815
1243,1.0563,1.6447,0,0,0.7924652099609375,1.175140380859375,-0.0350189208984375,0.605661153793335,0.3921339511871338,0.2808103561401367
1244,1.0829,1.5381,0,0,0.772369384765625,1.1890869140625,-0.308746337890625,1.170167088508606,0.9435079097747804,0.95472913980484
1245,1.1142,1.4271,0,0,0.6366729736328125,1.2480621337890625,-0.1850128173828125,1.9391565322875977,0.6904926896095276,1.664551019668579
1246,1.1516,1.325,0,0,0.4886932373046875,1.2815093994140625,0.037841796875,1.9391565322875977,0.6904926896095276,1.664551019668579
1247,1.1945,1.2558,0,0,0.3014068603515625,1.4488677978515625,-0.086029052734375,2.345855712890625,-0.9817253351211548,2.4690163135528564
1248,1.2412,1.2454,0,0,0.2534637451171875,1.5515289306640625,-0.078521728515625,1.767825722694397,-0.3936066925525665,2.7400031089782715
1249,1.2893,1.3134,0,0,0.1887969970703125,1.5305328369140625,-0.0405426025390625,1.4991583824157717,0.0735352039337158,2.5304548740386963
1250,1.3374,1.4654,0,0,0.0705108642578125,1.7087860107421875,-0.2551422119140625,1.658861517906189,0.8971760869026184,1.91473126411438
1251,1.3849,1.6895,0,0,-0.1120758056640625,1.903472900390625,-0.5477142333984375,2.188746929168701,1.7739033699035645,1.0886366367340088
1252,1.4325,1.9613,0,0,-0.166290283203125,1.51580810546875,-0.30145263671875,2.2934253215789795,2.5670437812805176,0.5876904129981995
1253,1.4807,2.253,0,0,-0.086029052734375,0.9802398681640624,0.044830322265625,1.6993948221206665,2.952359437942505,0.5365625023841858
1254,1.5257,2.5396,0,0,-0.0060577392578125,0.623931884765625,0.302825927734375,0.7714796662330627,2.1432576179504395,0.5639086365699768
1255,1.5581,2.7974,0,0,-0.01275634765625,0.3585357666015625,0.511199951171875,-0.3342640101909637,0.2006923556327819,0.4125830233097076
1256,1.5654,2.9985,0,0,0.077850341796875,0.2558135986328125,0.46234130859375,-1.1861402988433838,-1.8667213916778564,0.3994959890842438
1257,1.5369,3.1171,0,0,0.0294952392578125,0.170440673828125,0.315338134765625,-1.6107048988342283,-3.3712215423583984,0.3904657661914825
1258,1.4669,3.1466,0,0,0.0287017822265625,0.15582275390625,0.081298828125,-1.611377835273743,-3.934383630752564,0.3612418174743652
1259,1.3556,3.1075,0,0,0.148773193359375,0.25799560546875,-0.273529052734375,-0.98013037443161,-3.2712178230285645,0.4390628337860107
1260,1.2088,3.0361,0,0,0.0316009521484375,0.2892608642578125,-0.1968841552734375,-0.4672345519065857,-1.9819614887237549,0.1530598551034927
1261,1.0379,2.9613,0,0,-0.053497314453125,0.36859130859375,0.0293731689453125,-0.3458050787448883,-1.114780068397522,-0.435005784034729
1262,0.8578,2.8919,0,0,-0.038665771484375,0.4561767578125,0.0831756591796875,-0.3835614919662475,-0.5947970747947693,-0.9784038066864014
1263,0.684,2.818,0,0,0.0126953125,0.5773468017578125,0.071441650390625,-0.4148025214672088,-0.5367164611816406,-1.436983942985535
1264,0.5317,2.7248,0,0,-0.05975341796875,0.805206298828125,-0.82977294921875,-0.4163143932819366,0.8263546228408813,-1.9828346967697144
1265,0.4161,2.6059,0,0,0.9659423828125,1.7552490234375,-2.309661865234375,1.4664283990859983,2.320251226425171,-1.1535745859146118
1266,0.3566,2.4702,0,0,2.010528564453125,1.9957122802734373,-0.5174407958984375,0.2587689757347107,3.2751657962799072,1.1914044618606567
1267,0.3754,2.3406,0,0,1.8634033203125,1.21075439453125,-0.26031494140625,0.2587689757347107,3.2751657962799072,1.1914044618606567
1268,0.4869,2.2449,0,0,1.2700042724609375,0.4727630615234375,0.0496368408203125,-0.6959585547447205,1.4363188743591309,1.6034562587738037
1269,0.6848,2.2017,0,0,0.5562286376953125,0.4110107421875,0.570587158203125,-0.6824550032615662,-0.9848598837852478,0.559553861618042
1270,0.9399,2.2102,0,0,0.1880035400390625,0.7626800537109375,0.4997406005859375,-0.9775246977806092,-2.3378827571868896,-0.1776866465806961
1271,1.2095,2.253,0,0,-0.188140869140625,1.376983642578125,-0.58355712890625,-1.302789330482483,-0.095441035926342,-0.4081265032291412
1272,1.4541,2.3062,0,0,-0.4125213623046875,2.7151641845703125,-2.1300048828125,-1.302789330482483,-0.095441035926342,-0.4081265032291412
1273,1.652,2.3478,0,0,0.10809326171875,1.2005157470703125,0.7540435791015625,-0.0964144170284271,3.767364025115967,-0.3356067538261413
1274,1.7991,2.3657,0,0,0.0963897705078125,1.0908050537109375,0.529937744140625,0.5098848342895508,-1.182699203491211,-0.74724280834198
1275,1.8972,2.3599,0,0,0.0681610107421875,0.9436798095703124,0.31988525390625,0.3988760113716125,-1.637723684310913,-0.588622510433197
1276,1.9451,2.3344,0,0,0.1059722900390625,0.934967041015625,0.197174072265625,0.1681437343358993,-1.6700408458709717,-0.4990313649177551
1277,1.941,2.2911,0,0,0.091217041015625,0.88861083984375,0.1528778076171875,-0.0698989257216453,-1.5837571620941162,-0.6429187655448914
1278,1.8855,2.2319,0,0,0.1099700927734375,0.8477935791015625,0.17327880859375,-0.3193633556365967,-1.7586737871170044,-0.9689999222755432
1279,1.7843,2.1613,0,0,0.2138671875,0.8801727294921875,0.2037353515625,-0.5996418595314026,-2.2165699005126958,-1.131163239479065
1280,1.6478,2.0884,0,0,0.28533935546875,0.9005889892578125,0.1800689697265625,-0.5996418595314026,-2.2165699005126958,-1.131163239479065
1281,1.4903,2.0267,0,0,0.3256683349609375,0.89019775390625,0.0443115234375,-1.2719517946243286,-2.265636444091797,-0.7027389407157898
1282,1.3273,1.9891,0,0,0.2880859375,0.7966156005859375,-0.2340545654296875,-1.901851773262024,-0.0569263994693756,-0.4186265468597412
1283,1.1732,1.9825,0,0,0.2977447509765625,0.8106231689453125,-0.106719970703125,-1.901851773262024,-0.0569263994693756,-0.4186265468597412
1284,1.0392,2.0041,0,0,0.31927490234375,0.8311309814453125,-0.0355377197265625,-1.6073473691940308,1.133557677268982,-0.3420795798301697
1285,0.9321,2.0436,0,0,0.3110504150390625,0.8045501708984375,-0.0904083251953125,-1.0116372108459473,1.15724515914917,-0.3892705142498016
1286,0.8546,2.0871,0,0,0.2688446044921875,0.74737548828125,-0.1368408203125,-0.5509904623031616,1.511535406112671,-0.3671827912330627
1287,0.8058,2.1207,0,0,0.2226104736328125,0.7151336669921875,-0.119140625,-0.3685647249221802,1.935097575187683,-0.3542318344116211
1288,0.7814,2.1348,0,0,0.223114013671875,0.7437591552734375,-0.0523834228515625,-0.4403946995735168,2.0691189765930176,-0.4130288660526275
1289,0.7753,2.1274,0,0,0.263458251953125,0.822601318359375,-0.0089111328125,-0.5285924673080444,1.7473180294036863,-0.578245222568512
1290,0.7814,2.1019,0,0,0.3089599609375,0.8694915771484375,0.0257568359375,-0.5914510488510132,1.036989688873291,-0.8383077383041382
1291,0.7945,2.0631,0,0,0.368194580078125,0.88739013671875,0.04083251953125,-0.5914510488510132,1.036989688873291,-0.8383077383041382
1292,0.8115,2.0132,0,0,0.44891357421875,0.930328369140625,0.030517578125,-0.8254624605178833,-0.4539991915225982,-1.0126001834869385
1293,0.831,1.9527,0,0,0.533203125,0.9818115234375,-0.0213165283203125,-0.849534273147583,-0.5109599232673645,-0.9082226157188416
1294,0.8531,1.8819,0,0,0.6471405029296875,0.9712066650390624,0.0232696533203125,-0.2915396988391876,-0.9367373585700988,-0.7588826417922974
1295,0.8786,1.8015,0,0,0.699066162109375,0.93353271484375,-0.0272979736328125,-0.1660646051168441,-0.5622375011444092,-0.657806932926178
1296,0.9084,1.7119,0,0,0.65264892578125,0.9780731201171876,0.02081298828125,-0.2058820575475692,-0.2353637814521789,-0.5301395058631897
1297,0.9428,1.6122,0,0,0.4901275634765625,0.99493408203125,-0.0928802490234375,-0.0356972776353359,0.1050404012203216,-0.489842414855957
1298,0.981,1.5005,0,0,0.511505126953125,1.1053466796875,-0.1717071533203125,0.4021831154823303,0.5211862325668335,-0.4715283811092376
1299,1.0212,1.3769,0,0,0.7069244384765625,1.293121337890625,-0.1039886474609375,1.0878483057022097,0.1893267780542373,-0.2461485266685485
1300,1.0626,1.2474,0,0,0.8130035400390625,1.233489990234375,-0.170135498046875,1.7676454782485962,0.0167110692709684,0.0719578117132186
1301,1.1057,1.1254,0,0,0.8009490966796875,1.086334228515625,-0.0287933349609375,2.0337255001068115,-0.4677714705467224,0.7136493921279907
1302,1.1509,1.0308,0,0,0.6976470947265625,1.0226898193359375,0.1505889892578125,1.888484001159668,-1.3730400800704956,1.5395867824554443
1303,1.197,0.9868,0,0,0.5316619873046875,1.0369415283203125,0.1211700439453125,1.8308182954788208,-2.32053017616272,2.1173689365386963
1304,1.241,1.016,0,0,0.4320526123046875,1.1747283935546875,-0.0160675048828125,1.7148597240447998,-2.250192642211914,2.5441384315490723
1305,1.2787,1.1358,0,0,0.465576171875,1.381683349609375,-0.0026092529296875,1.4545245170593262,-1.801143765449524,2.82257080078125
1306,1.3079,1.3514,0,0,0.34490966796875,1.562744140625,-0.0608062744140625,1.4037634134292605,-0.8934077024459839,2.4537179470062256
1307,1.3297,1.6503,0,0,0.1395111083984375,1.8969879150390625,-0.3601837158203125,1.7437281608581543,1.3085750341415403,1.6043193340301514
1308,1.3492,2.0021,0,0,-0.1855010986328125,2.14825439453125,-0.6905517578125,1.7437281608581543,1.3085750341415403,1.6043193340301514
1309,1.3742,2.3675,0,0,-0.27459716796875,1.6151123046875,-0.264434814453125,2.6284284591674805,4.214903354644775,0.6345140933990479
1310,1.4114,2.7132,0,0,-0.1207122802734375,0.93621826171875,0.174346923828125,1.7748290300369265,2.84675931930542,0.722523033618927
1311,1.4594,3.0201,0,0,0.060546875,0.532012939453125,0.433837890625,1.7748290300369265,2.84675931930542,0.722523033618927
1312,1.507,3.2769,0,0,0.1180419921875,0.3990478515625,0.503021240234375,-0.7140960097312927,-1.6552661657333374,0.7994087934494019
1313,1.5374,3.4717,0,0,0.1093902587890625,0.3495330810546875,0.296234130859375,-1.3381561040878296,-3.058867216110229,0.918950378894806
1314,1.5347,3.5947,0,0,0.073150634765625,0.3199462890625,0.0551605224609375,-1.4163622856140137,-3.332731246948242,0.9183706045150756
1315,1.4884,3.6466,0,0,0.05389404296875,0.357330322265625,-0.0755767822265625,-1.4163622856140137,-3.332731246948242,0.9183706045150756
1316,1.3958,3.6398,0,0,-0.006744384765625,0.3816986083984375,-0.0197296142578125,-0.997014820575714,-1.3895714282989502,0.4627511203289032
1317,1.2618,3.5873,0,0,-0.120391845703125,0.352508544921875,0.031829833984375,-0.8625198602676392,-0.0926942527294159,-0.0102390553802251
1318,1.0978,3.4912,0,0,-0.21209716796875,0.3356475830078125,0.0554656982421875,-0.7556689977645874,0.8023302555084229,-0.5506271719932556
1319,0.9194,3.3441,0,0,-0.337432861328125,0.380706787109375,-0.0466156005859375,-0.4855728149414062,0.6518558263778687,-1.2744016647338867
1320,0.7433,3.1416,0,0,-0.4161834716796875,0.4828643798828125,-0.3242645263671875,0.1943218111991882,-0.8621890544891357,-2.155425786972046
1321,0.5862,2.8938,0,0,0.16815185546875,0.8370513916015625,-0.849334716796875,0.5940050482749939,-2.0652172565460205,-2.4648630619049072
1322,0.4652,2.6268,0,0,1.5566558837890625,1.612579345703125,-1.8115234375,0.9377772808074952,-1.1100680828094482,-0.929099142551422
1323,0.4003,2.374,0,0,1.9915618896484373,1.6688232421875,-0.686737060546875,-0.359010100364685,2.1855971813201904,1.812962293624878
1324,0.4125,2.1666,0,0,1.759033203125,1.31890869140625,-0.474945068359375,-0.726996660232544,4.088659763336182,2.7378029823303223
1325,0.5147,2.0325,0,0,1.25616455078125,0.6269989013671875,0.2779388427734375,-0.7308909893035889,2.891519784927368,1.605970859527588
1326,0.7009,1.9932,0,0,0.664154052734375,0.559814453125,0.8673248291015625,-0.877189040184021,-0.5086166262626648,0.3781667351722717
1327,0.9449,2.0478,0,0,0.282257080078125,0.9216766357421876,0.543060302734375,-0.877189040184021,-0.5086166262626648,0.3781667351722717
1328,1.2084,2.1656,0,0,-0.0622711181640625,1.5553436279296875,-1.270782470703125,-0.6012898087501526,1.502129316329956,-0.551568329334259
1329,1.4561,2.3,0,0,-0.1099395751953125,2.426300048828125,-1.6755218505859375,-0.6012898087501526,1.502129316329956,-0.551568329334259
1330,1.6662,2.408,0,0,0.1131134033203125,1.004302978515625,0.6279449462890625,0.2529600858688354,-0.242324486374855,-0.1766016632318496
1331,1.8296,2.4577,0,0,-0.1037445068359375,0.9008331298828124,0.4021759033203125,0.2529600858688354,-0.242324486374855,-0.1766016632318496
1332,1.9402,2.4286,0,0,0.0519256591796875,0.954986572265625,0.2841796875,0.4355016648769378,-1.4591799974441528,-0.8555407524108887
1333,1.9915,2.3164,0,0,0.1124267578125,0.944427490234375,0.2271881103515625,0.3123832046985626,-1.3986055850982666,-0.7042979598045349
1334,1.9799,2.1367,0,0,0.1320343017578125,0.871673583984375,0.233795166015625,0.0287901032716035,-1.5925955772399902,-0.7346113920211792
1335,1.9087,1.9198,0,0,0.161773681640625,0.8482666015625,0.270660400390625,0.0287901032716035,-1.5925955772399902,-0.7346113920211792
1336,1.7876,1.7018,0,0,0.244140625,0.914337158203125,0.289703369140625,-0.7415409684181213,-2.981186628341675,-0.8865295648574829
1337,1.6316,1.5196,0,0,0.3126068115234375,0.9415130615234376,0.231842041015625,-1.13405442237854,-3.527195453643799,-0.6442335844039917
1338,1.4588,1.4088,0,0,0.2927093505859375,0.870269775390625,0.0302734375,-1.525280237197876,-2.8127236366271973,-0.4089581966400146
1339,1.2871,1.3961,0,0,0.2049407958984375,0.7564849853515625,-0.4409332275390625,-2.313933849334717,0.737385094165802,-0.4119324386119842
1340,1.1313,1.4894,0,0,0.2599639892578125,0.8664703369140625,-0.131683349609375,-2.317368745803833,2.0979340076446533,-0.3253267109394073
1341,1.0017,1.6749,0,0,0.2298736572265625,0.871490478515625,-0.10137939453125,-1.7041029930114746,2.3282384872436523,-0.3823532164096832
1342,0.9037,1.9249,0,0,0.1824798583984375,0.8303375244140625,-0.2162628173828125,-0.7815064787864685,2.61895489692688,-0.3842001259326935
1343,0.8383,2.2056,0,0,0.1761016845703125,0.8249053955078125,-0.1505889892578125,-0.1150480285286903,2.640598058700561,-0.3502637445926666
1344,0.8027,2.4828,0,0,0.147308349609375,0.815155029296875,-0.1676177978515625,0.0121091268956661,2.68602991104126,-0.4707949459552765
1345,0.7913,2.7265,0,0,0.2212371826171875,0.792755126953125,-0.016326904296875,-0.2085180580615997,2.138340473175049,-0.7239813804626465
1346,0.7973,2.9133,0,0,0.32513427734375,0.7866058349609375,0.1608123779296875,-0.3981700241565704,0.6345652341842651,-1.0365136861801147
1347,0.8137,3.0252,0,0,0.418182373046875,0.7829742431640625,0.155426025390625,-0.7166550755500793,-0.5176354050636292,-1.289846420288086
1348,0.8347,3.0501,0,0,0.5125885009765625,0.8319854736328125,0.071563720703125,-0.9649295806884766,-0.9900213479995728,-1.368008375167847
1349,0.8562,2.9868,0,0,0.59014892578125,0.89190673828125,-0.0114898681640625,-0.9959327578544616,-0.876577615737915,-1.1773395538330078
1350,0.8769,2.8464,0,0,0.6137237548828125,0.95556640625,-0.0881805419921875,-0.7764531373977661,-0.3508496284484863,-0.909530222415924
1351,0.8971,2.6486,0,0,0.63360595703125,0.9477081298828124,0.0670318603515625,-0.7764531373977661,-0.3508496284484863,-0.909530222415924
1352,0.9183,2.4149,0,0,0.631256103515625,0.909881591796875,0.1314697265625,-0.0965315997600555,-0.9760993719100952,-0.6081749200820923
1353,0.942,2.1651,0,0,0.6214141845703125,0.942047119140625,0.0198822021484375,-0.1988606303930282,-0.4400604665279388,-0.6528939008712769
1354,0.9687,1.9155,0,0,0.65728759765625,1.0383758544921875,-0.0475006103515625,-0.1199314668774604,0.1893797814846038,-0.6047316789627075
1355,0.9985,1.6775,0,0,0.8069610595703125,1.201446533203125,-0.0685882568359375,0.1622645407915115,0.5224519968032837,-0.3066054582595825
1356,1.0317,1.458,0,0,0.8296661376953125,1.2924957275390625,-0.1847686767578125,0.6842981576919556,0.7411335110664368,0.2013323158025741
1357,1.0699,1.2628,0,0,0.760284423828125,1.2098388671875,-0.11083984375,1.3527311086654663,0.0529572255909442,0.7973413467407227
1358,1.1145,1.0999,0,0,0.5902099609375,1.1173858642578125,-0.15252685546875,1.3527311086654663,0.0529572255909442,0.7973413467407227
1359,1.1645,0.9811,0,0,0.488800048828125,1.062835693359375,0.1761627197265625,1.9539932012557983,-2.0581960678100586,1.832014322280884
1360,1.2164,0.9229,0,0,0.3642730712890625,1.15838623046875,-0.0201873779296875,2.076489925384521,-2.689793109893799,2.090244770050049
1361,1.2647,0.9468,0,0,0.435516357421875,1.4268798828125,0.034637451171875,1.77260422706604,-2.522695779800415,2.583549976348877
1362,1.3054,1.0722,0,0,0.45867919921875,1.601165771484375,0.028228759765625,1.5326480865478516,-1.8661813735961916,2.7855114936828613
1363,1.3378,1.3054,0,0,0.2730560302734375,1.7651214599609375,-0.1141204833984375,1.495081067085266,-0.1653753817081451,2.3073713779449463
1364,1.3657,1.6314,0,0,-0.13409423828125,2.062774658203125,-0.5389251708984375,1.9339591264724727,2.3745317459106445,1.2731406688690186
1365,1.3956,2.0169,0,0,-0.32562255859375,1.8660888671875,-0.5305633544921875,2.6184160709381104,3.348989248275757,0.6296064257621765
1366,1.4338,2.4228,0,0,-0.28106689453125,1.183197021484375,0.111236572265625,2.220324993133545,1.8242254257202148,0.4232127666473388
1367,1.4817,2.8112,0,0,-0.049407958984375,0.6298675537109375,0.488250732421875,0.8117935657501221,-0.2256563007831573,0.3862217366695404
1368,1.5313,3.1419,0,0,0.16766357421875,0.4373321533203125,0.285919189453125,-0.2238267064094543,-1.43241548538208,0.6901374459266663
1369,1.5673,3.374,0,0,0.21441650390625,0.310211181640625,0.0576019287109375,-0.6705368161201477,-1.6411902904510498,1.0512444972991943
1370,1.5723,3.4789,0,0,0.2378387451171875,0.2334747314453125,-0.01409912109375,-0.8132138252258301,-1.42142915725708,1.3792049884796145
1371,1.5331,3.4513,0,0,0.1974029541015625,0.2672576904296875,-0.006256103515625,-0.8132138252258301,-1.42142915725708,1.3792049884796145
1372,1.4442,3.3081,0,0,0.0274505615234375,0.309234619140625,-0.0011138916015625,-0.6698135137557983,-0.2632532119750976,0.834748387336731
1373,1.3092,3.0777,0,0,-0.0638427734375,0.355621337890625,0.08587646484375,-0.6698135137557983,-0.2632532119750976,0.834748387336731
1374,1.1392,2.7897,0,0,-0.0834197998046875,0.386505126953125,0.1195068359375,-0.5490666031837463,0.8283179402351379,-0.3467568755149841
1375,0.9506,2.471,0,0,-0.14111328125,0.432952880859375,0.052490234375,-0.4338981807231903,0.6804118156433105,-0.7794222831726074
1376,0.7617,2.1462,0,0,-0.2689971923828125,0.48175048828125,-0.0434722900390625,-0.2322358936071396,-0.1169226244091987,-1.389891266822815
1377,0.5899,1.8392,0,0,-0.245635986328125,0.5809783935546875,-0.2809906005859375,0.0327904373407363,-1.6146527528762815,-2.034175395965576
1378,0.4504,1.5761,0,0,0.304107666015625,0.8876495361328125,-0.8825225830078125,0.0996365770697593,-2.634110689163208,-2.3469905853271484
1379,0.3569,1.3853,0,0,1.636871337890625,1.619659423828125,-1.8685760498046875,0.5060395002365112,-1.2978463172912598,-0.8163909316062927
1380,0.3253,1.289,0,0,1.6650543212890625,1.5718536376953125,-0.947052001953125,-0.3020775616168976,2.859955310821533,1.4950498342514038
1381,0.3719,1.2978,0,0,1.4612274169921875,1.2498016357421875,-0.687713623046875,-0.546777606010437,5.720495223999023,2.267671823501587
1382,0.5041,1.4176,0,0,1.1368255615234375,0.69879150390625,0.2748870849609375,-0.64586341381073,4.0726423263549805,1.5855352878570557
1383,0.711,1.6504,0,0,0.539581298828125,0.6678466796875,0.7561187744140625,-0.6945495009422302,0.0700864121317863,0.2557729184627533
1384,0.9637,1.9763,0,0,0.1559295654296875,0.911041259765625,0.63861083984375,-0.9437800645828248,-2.0536038875579834,-0.841838002204895
1385,1.2258,2.3453,0,0,-0.0706939697265625,2.4203643798828125,-1.9912567138671875,0.5480596423149109,1.4368417263031006,-0.8088611364364624
1386,1.4676,2.6952,0,0,0.0475006103515625,2.1755523681640625,-0.907867431640625,1.0410144329071045,3.1446421146392822,0.2238434851169586
1387,1.6748,2.9747,0,0,-0.0010833740234375,0.7791290283203125,0.637298583984375,0.1466288566589355,0.5623826384544373,-0.0498258806765079
1388,1.84,3.1503,0,0,-0.1498565673828125,0.681121826171875,0.4512939453125,-0.0631249099969863,-0.6621071100234985,-0.7143407464027405
1389,1.9541,3.2024,0,0,0.0691070556640625,0.841888427734375,0.27886962890625,0.0326607413589954,-1.0634793043136597,-0.7693172097206116
1390,2.006,3.1259,0,0,0.13714599609375,0.8770751953125,0.1586151123046875,0.3209396600723266,-1.3314266204833984,-0.7581990361213684
1391,1.9897,2.9347,0,0,0.155364990234375,0.882354736328125,0.2285614013671875,0.3209396600723266,-1.3314266204833984,-0.7581990361213684
1392,1.9084,2.6609,0,0,0.1929931640625,0.8743133544921875,0.2772369384765625,0.0678647980093956,-2.618937730789185,-1.2266170978546145
1393,1.7737,2.3504,0,0,0.2427978515625,0.8843994140625,0.2883758544921875,-0.4817778170108795,-3.1337203979492188,-1.2099899053573608
1394,1.6038,2.0572,0,0,0.2974700927734375,0.97943115234375,0.195770263671875,-1.0509710311889648,-3.3607311248779297,-0.8514240384101868
1395,1.4191,1.8336,0,0,0.2584075927734375,0.9116363525390624,0.0639495849609375,-1.5510185956954956,-2.8830533027648926,-0.4627878963947296
1396,1.2397,1.7173,0,0,0.20697021484375,0.7737274169921875,-0.237335205078125,-2.3996145725250244,-0.1753041744232177,-0.2717210054397583
1397,1.0811,1.7207,0,0,0.291351318359375,0.8260498046875,-0.2366485595703125,-2.3996145725250244,-0.1753041744232177,-0.2717210054397583
1398,0.9532,1.8299,0,0,0.3043060302734375,0.8539276123046875,-0.1293792724609375,-2.089714765548706,2.674985408782959,-0.076607160270214
1399,0.8605,2.0156,0,0,0.271240234375,0.7902679443359375,-0.1269378662109375,-1.2226181030273438,2.717771291732788,-0.1640302091836929
1400,0.8026,2.2448,0,0,0.1796112060546875,0.750640869140625,-0.197906494140625,-0.3354184925556183,2.939413547515869,-0.239764928817749
1401,0.7751,2.4872,0,0,0.12774658203125,0.78607177734375,-0.258331298828125,0.2930246889591217,3.433367729187012,-0.2389033883810043
1402,0.7711,2.7185,0,0,0.1537933349609375,0.8477935791015625,-0.2062530517578125,0.6835525035858154,3.662806987762451,-0.3014192283153534
1403,0.7832,2.9236,0,0,0.2824249267578125,0.81915283203125,-0.0460968017578125,0.7225752472877502,3.1952598094940186,-0.6239176392555237
1404,0.8043,3.095,0,0,0.393890380859375,0.8130645751953125,0.1034088134765625,0.3286154270172119,2.220991611480713,-1.0763002634048462
1405,0.8292,3.2262,0,0,0.5443267822265625,0.8806610107421875,0.2397308349609375,-0.1712662875652313,0.6571105122566223,-1.2496118545532229
1406,0.8544,3.3054,0,0,0.6188812255859375,0.92254638671875,0.230010986328125,-0.6113179922103882,-0.737614095211029,-1.158784031867981
1407,0.879,3.3178,0,0,0.5487518310546875,0.87493896484375,0.1824951171875,-0.4194697141647339,-2.029160261154175,-0.9890785813331604
1408,0.9035,3.255,0,0,0.568572998046875,0.899200439453125,0.05517578125,-0.4523986279964447,-2.0688226222991943,-0.959888756275177
1409,0.9286,3.1227,0,0,0.646514892578125,0.9716339111328124,0.0122833251953125,-0.5039856433868408,-1.6847639083862305,-0.950175940990448
1410,0.9547,2.9386,0,0,0.7313079833984375,1.0437164306640625,-0.0813140869140625,-0.5006689429283142,-0.8465811014175415,-1.043421745300293
1411,0.9827,2.7234,0,0,0.8773345947265625,1.15911865234375,-0.1182403564453125,-0.2963294088840484,-0.0127490842714905,-0.8338322639465332
1412,1.0144,2.4928,0,0,0.9624481201171876,1.2519073486328125,-0.19781494140625,0.222448781132698,0.6826683282852173,-0.1817242503166198
1413,1.0524,2.2562,0,0,0.8333587646484375,1.166351318359375,-0.302642822265625,1.1656501293182373,1.1728196144104004,0.5620707869529724
1414,1.0987,2.0228,0,0,0.617279052734375,1.058746337890625,-0.202850341796875,1.9804099798202517,1.0231196880340576,1.3452025651931765
1415,1.1527,1.8091,0,0,0.526092529296875,1.0947723388671875,0.1224822998046875,2.200669765472412,-0.1055969968438148,2.201321601867676
1416,1.21,1.6406,0,0,0.282318115234375,1.1915740966796875,-0.1284637451171875,2.337661027908325,-0.4335229396820068,2.6877243518829346
1417,1.2646,1.5459,0,0,0.2645111083984375,1.6339263916015625,-0.3463134765625,2.240091562271118,0.3825739920139313,3.1590871810913086
1418,1.3124,1.5483,0,0,0.286346435546875,1.6875152587890625,-0.0918426513671875,1.9899307489395144,0.3315853774547577,3.080020904541016
1419,1.3531,1.6579,0,0,0.1526336669921875,1.7999420166015625,-0.2279052734375,1.9428950548172,0.4703805446624756,2.4643800258636475
1420,1.3904,1.8661,0,0,-0.0644683837890625,2.0476837158203125,-0.5042724609375,2.187439203262329,0.7911732196807861,1.5379207134246826
1421,1.4297,2.1449,0,0,-0.2664642333984375,1.7038726806640625,-0.198272705078125,1.9172309637069704,0.6763843297958374,0.5801094770431519
1422,1.475,2.451,0,0,-0.15277099609375,1.12310791015625,0.1399993896484375,1.0614044666290283,0.5334833860397339,0.2676519453525543
1423,1.5247,2.7326,0,0,0.1419830322265625,0.7156829833984375,0.2510986328125,0.1489221006631851,-0.2089561522006988,0.5535289645195007
1424,1.5694,2.9383,0,0,0.1944427490234375,0.438232421875,0.0865631103515625,-0.2997560799121856,-0.8069987893104553,0.83646559715271
1425,1.594,3.0295,0,0,0.215301513671875,0.2977142333984375,-0.099945068359375,-0.2228964567184448,-0.9307153820991516,1.0817445516586304
1426,1.5831,2.9906,0,0,0.214935302734375,0.2448577880859375,-0.1822967529296875,0.115510880947113,-0.5541606545448303,1.281702995300293
1427,1.5262,2.8317,0,0,0.0900115966796875,0.3314361572265625,-0.087799072265625,0.115510880947113,-0.5541606545448303,1.281702995300293
1428,1.4213,2.5813,0,0,-0.0238037109375,0.39276123046875,0.1084136962890625,0.2098893225193023,-0.2774089574813843,0.4893302917480469
1429,1.2747,2.2744,0,0,-0.1061553955078125,0.3878631591796875,0.2222137451171875,-0.210495725274086,-0.4273540079593658,-0.1089366003870964
1430,1.0997,1.9439,0,0,-0.1486968994140625,0.363861083984375,0.210357666015625,-0.6224308013916016,-0.4915817081928253,-0.6194939017295837
1431,0.9134,1.6178,0,0,-0.1859283447265625,0.3521270751953125,0.073883056640625,-0.8083130717277527,-0.5327797532081604,-1.097297430038452
1432,0.733,1.3225,0,0,-0.2087860107421875,0.3257904052734375,-0.0308990478515625,-0.8199744820594788,-0.9661303758621216,-1.5857493877410889
1433,0.573,1.0841,0,0,-0.0077667236328125,0.365753173828125,-0.52471923828125,-0.5568534135818481,-1.722025752067566,-1.9638320207595823
1434,0.4452,0.927,0,0,0.906982421875,0.9731292724609376,-1.5307159423828125,0.7575260400772095,-1.1766990423202517,-1.44062077999115
1435,0.3633,0.8669,0,0,2.230682373046875,1.9329376220703125,-1.180328369140625,0.4795311689376831,1.2274423837661743,1.0367302894592283
1436,0.346,0.9056,0,0,1.8489532470703125,1.61822509765625,-0.57525634765625,-1.1767752170562744,2.74100923538208,1.9626610279083248
1437,0.4121,1.0342,0,0,1.4403533935546875,0.8309478759765625,-0.3337554931640625,-1.2115654945373535,2.8507208824157715,1.7464996576309204
1438,0.5662,1.24,0,0,0.712158203125,0.1722412109375,0.0063934326171875,-0.4764855802059173,1.891274690628052,1.1841425895690918
1439,0.7895,1.5043,0,0,0.023956298828125,0.4336700439453125,0.4369659423828125,-0.4968033730983734,0.114041082561016,-0.0238755047321319
1440,1.0442,1.7926,0,0,-0.593994140625,1.467376708984375,-0.5112457275390625,-0.4968033730983734,0.114041082561016,-0.0238755047321319
1441,1.2905,2.0571,0,0,-0.657196044921875,2.9622802734375,-2.6878662109375,-0.5658852458000183,-1.582955241203308,-1.125393271446228
1442,1.5059,2.2534,0,0,0.3366241455078125,1.348907470703125,1.33685302734375,0.4862045347690582,-1.2488174438476562,-1.1115243434906006
1443,1.6875,2.3578,0,0,0.2564544677734375,1.398101806640625,0.61602783203125,-0.3955973982810974,-0.7102245688438416,-0.5972633957862854
1444,1.8373,2.3666,0,0,0.09344482421875,0.968170166015625,0.2803192138671875,-0.3580665290355682,0.3177643716335296,-0.5208663940429688
1445,1.9503,2.2876,0,0,0.139678955078125,0.788482666015625,0.1903839111328125,-0.1973234564065933,0.3983971774578094,-0.576509952545166
1446,2.0156,2.1344,0,0,0.2152862548828125,0.72076416015625,0.18597412109375,0.058997806161642,-0.2415050268173217,-0.7005237340927124
1447,2.0223,1.926,0,0,0.31524658203125,0.7690887451171875,0.233795166015625,0.248038038611412,-1.348935604095459,-0.9143324494361876
1448,1.9663,1.6893,0,0,0.4564361572265625,0.9014129638671876,0.326416015625,0.1082007735967636,-2.748631000518799,-1.0260781049728394
1449,1.8533,1.4605,0,0,0.546051025390625,0.9717559814453124,0.1992034912109375,-0.7180824875831604,-2.679701328277588,-0.8557319641113281
1450,1.698,1.281,0,0,0.5446929931640625,0.873687744140625,-0.3580474853515625,-2.2854745388031006,1.1803606748580933,-0.6352810859680176
1451,1.521,1.1855,0,0,0.500701904296875,0.923797607421875,0.0925140380859375,-2.40815544128418,0.904080331325531,-0.1243818700313568
1452,1.3431,1.1914,0,0,0.2728424072265625,0.72998046875,-0.0700836181640625,-2.046888589859009,0.8352437615394592,-0.1967953592538833
1453,1.1813,1.2948,0,0,0.118896484375,0.70989990234375,-0.4061431884765625,-1.4406657218933103,2.121584892272949,-0.3002216219902038
1454,1.0457,1.4755,0,0,0.2108917236328125,0.766204833984375,-0.184295654296875,-0.7518537640571594,2.199800491333008,-0.2047318369150161
1455,0.9407,1.7032,0,0,0.1912994384765625,0.74072265625,-0.0301971435546875,-0.3540891110897064,1.4803450107574463,-0.1969642043113708
1456,0.8659,1.9427,0,0,0.119140625,0.799041748046875,-0.0752410888671875,-0.3358688056468963,1.3454039096832275,-0.4066910743713379
1457,0.8179,2.1574,0,0,0.180999755859375,0.842926025390625,-0.011932373046875,-0.5880946516990662,0.9787881374359132,-0.5950164794921875
1458,0.792,2.315,0,0,0.2653350830078125,0.85430908203125,0.0562286376953125,-0.7226266264915466,0.0245221201330423,-0.7576043605804443
1459,0.7834,2.3936,0,0,0.29931640625,0.867706298828125,-0.010711669921875,-0.7400224208831787,-0.5861058235168457,-0.8899184465408325
1460,0.7878,2.3846,0,0,0.337890625,0.8952789306640625,-0.107025146484375,-0.7327176332473755,-0.4156509935855865,-0.9721794724464417
1461,0.8015,2.2938,0,0,0.4227447509765625,0.919830322265625,-0.0844268798828125,-0.5589322447776794,-0.111590176820755,-0.9606708884239196
1462,0.822,2.1379,0,0,0.513824462890625,0.9334869384765624,0.01025390625,-0.22174172103405,-0.1500294506549835,-0.9642712473869324
1463,0.8472,1.9392,0,0,0.62615966796875,0.9273681640625,0.1111602783203125,-0.0707804262638092,-0.4186950027942657,-0.9363402724266052
1464,0.8763,1.721,0,0,0.678314208984375,0.89776611328125,0.1723480224609375,-0.2455767393112182,-0.7262226939201355,-0.8537849187850952
1465,0.9086,1.5051,0,0,0.6929779052734375,0.8674468994140625,0.036376953125,-0.5927379131317139,-0.2210828512907028,-0.9874053001403807
1466,0.9434,1.3104,0,0,0.77716064453125,0.996734619140625,-0.147064208984375,-0.6032669544219971,0.8297818899154663,-0.8547287583351135
1467,0.9802,1.1515,0,0,0.7414703369140625,1.0968475341796875,-0.21435546875,0.2282488793134689,1.080247163772583,-0.4947948157787323
1468,1.019,1.0377,0,0,0.810882568359375,1.22015380859375,-0.2507171630859375,0.2282488793134689,1.080247163772583,-0.4947948157787323
1469,1.0606,0.9722,0,0,0.804290771484375,1.1529541015625,-0.1081085205078125,2.1135060787200928,-0.0246456917375326,0.6316389441490173
1470,1.1058,0.956,0,0,0.638336181640625,0.97772216796875,-0.0336761474609375,2.0321764945983887,-0.4953205287456512,1.4257829189300537
1471,1.1537,0.9916,0,0,0.5472412109375,1.0275421142578125,0.1944427490234375,1.847978949546814,-1.6518325805664062,2.064616203308105
1472,1.2009,1.084,0,0,0.424713134765625,1.1629486083984375,0.009674072265625,1.847978949546814,-1.6518325805664062,2.064616203308105
1473,1.2432,1.2382,0,0,0.5062713623046875,1.52154541015625,-0.14013671875,1.7560145854949951,-1.9545279741287231,2.93287205696106
1474,1.2785,1.4558,0,0,0.5277557373046875,1.7122650146484375,-0.05413818359375,1.6870111227035522,-1.3079864978790283,2.977116346359253
1475,1.3088,1.7317,0,0,0.3914947509765625,1.969146728515625,-0.12701416015625,1.731119155883789,-0.0653230771422386,2.471609592437744
1476,1.3403,2.0508,0,0,-0.0382537841796875,2.28790283203125,-0.524932861328125,2.0541622638702397,2.1069905757904053,1.6300950050354004
1477,1.3812,2.3888,0,0,-0.3469390869140625,1.819671630859375,-0.4658355712890625,2.0541622638702397,2.1069905757904053,1.6300950050354004
1478,1.4376,2.7171,0,0,-0.2807464599609375,1.1317291259765625,-0.0128021240234375,2.02654242515564,1.262722134590149,0.6542167067527771
1479,1.5075,3.0064,0,0,-0.07122802734375,0.6529693603515625,0.2496185302734375,1.0868467092514038,0.1747973710298538,0.5438475608825684
1480,1.5784,3.2256,0,0,0.063690185546875,0.457244873046875,0.2467498779296875,0.2106363326311111,-0.4988790452480316,0.5445429086685181
1481,1.6302,3.3441,0,0,0.079620361328125,0.2734832763671875,0.30029296875,-0.6200405955314636,-1.5459444522857666,0.4970846176147461
1482,1.6431,3.3425,0,0,0.1131439208984375,0.2280120849609375,0.1287841796875,-1.0226703882217407,-2.048417806625366,0.5372765064239502
1483,1.6031,3.2233,0,0,0.1258392333984375,0.211517333984375,-0.034637451171875,-1.039836883544922,-1.8348979949951167,0.6336616277694702
1484,1.5056,3.0129,0,0,0.086181640625,0.231719970703125,-0.08380126953125,-1.039836883544922,-1.8348979949951167,0.6336616277694702
1485,1.3555,2.7492,0,0,-0.0345458984375,0.2487640380859375,-0.0606231689453125,-0.745757520198822,-0.155913695693016,0.1280874013900756
1486,1.1657,2.468,0,0,-0.071044921875,0.2645263671875,0.0400238037109375,-0.7227992415428162,0.4835400283336639,-0.3711509108543396
1487,0.9545,2.1932,0,0,-0.051055908203125,0.3504180908203125,0.079498291015625,-0.7856913805007935,0.6529474258422852,-0.7712985873222351
1488,0.7416,1.9386,0,0,-0.037078857421875,0.52496337890625,0.061279296875,-0.8216120600700378,0.3785981833934784,-1.1844995021820068
1489,0.5469,1.7142,0,0,-0.0522918701171875,0.832794189453125,-0.405792236328125,-0.1317220777273178,-0.5204038023948669,-1.6544147729873655
1490,0.3887,1.5298,0,0,0.477325439453125,1.3072967529296875,-1.048004150390625,0.5693614482879639,-0.6233384013175964,-1.6915991306304932
1491,0.2857,1.3938,0,0,1.5486297607421875,1.89337158203125,-1.543365478515625,0.9375323057174684,0.4635804295539856,-0.1884181201457977
1492,0.257,1.3108,0,0,1.5884552001953125,1.27655029296875,-0.48052978515625,-0.3054083883762359,2.827471971511841,1.5622798204421997
1493,0.3174,1.2846,0,0,1.4227447509765625,0.926971435546875,-0.308135986328125,-0.8711040019989014,4.058860301971436,1.9835360050201416
1494,0.4676,1.3253,0,0,1.2044525146484375,0.4408111572265625,-0.061187744140625,-0.5738230347633362,3.074167490005493,1.3985337018966677
1495,0.689,1.4461,0,0,0.4494781494140625,0.35052490234375,0.527374267578125,-0.5738230347633362,3.074167490005493,1.3985337018966677
1496,0.9469,1.6488,0,0,0.3800201416015625,0.7912445068359375,0.5831756591796875,-0.4257632791996002,0.9251211881637572,0.3311459720134735
1497,1.2017,1.9119,0,0,0.1624603271484375,1.9714508056640625,-1.140533447265625,-1.2099976539611816,0.7397537231445312,-0.4096442461013794
1498,1.4233,2.1917,0,0,0.1944580078125,2.4183807373046875,-1.7445220947265625,-1.2099976539611816,0.7397537231445312,-0.4096442461013794
1499,1.5997,2.4373,0,0,0.34014892578125,0.8517303466796875,0.7176055908203125,0.4730620980262756,-1.026401162147522,-0.2825864255428314
1500,1.7318,2.6072,0,0,0.004852294921875,0.8510589599609375,0.203369140625,0.7516785264015198,-1.7174837589263916,-0.8153046369552612
