id,ASVM,GSVM,walking_nonwalking,normal_abnormal,ax,ay,az,gx,gy,gz
1,0.9072,0.1116,0,0,-0.5500030517578125,0.7762908935546875,0.1696624755859375,0,0,0
2,0.9476,0.2655,0,0,-0.5710296630859375,0.78350830078125,0.0963134765625,-0.6864691972732544,0.8219990730285645,0.2700258791446686
3,0.9906,0.4081,0,0,-0.62567138671875,0.7969512939453125,0.0259857177734375,-0.5638037323951721,0.7132241129875183,0.28452813625335693
4,1.033,0.5406,0,0,-0.6483306884765625,0.8571624755859375,-0.013092041015625,-0.24133113026618958,0.6462866067886353,0.23044413328170776
5,1.072,0.6644,0,0,-0.641998291015625,0.9053192138671875,0.0062103271484375,0.17291824519634247,0.3510917127132416,0.20624957978725433
6,1.1054,0.7805,0,0,-0.5742340087890625,0.87750244140625,0.1086578369140625,0.35259294509887695,0.19954533874988556,0.24356472492218018
7,1.1319,0.8896,0,0,-0.5650787353515625,0.839019775390625,0.21337890625,0.22644245624542236,0.4046633243560791,0.25627198815345764
8,1.1509,0.9916,0,0,-0.5901947021484375,0.8346710205078125,0.26397705078125,-0.11235050857067108,0.8149352669715881,0.15997448563575745
9,1.1624,1.0859,0,0,-0.6277618408203125,0.8896484375,0.2466888427734375,-0.45399972796440125,1.1200296878814697,0.032948363572359085
10,1.1673,1.1715,0,0,-0.6606597900390625,1.0277099609375,0.1951446533203125,-0.8359862565994263,1.030032992362976,-0.07412722706794739
11,1.1668,1.2474,0,0,-0.6592254638671875,1.1095428466796875,0.1229095458984375,-1.207731008529663,0.8591645359992981,-0.12072109431028366
12,1.1629,1.3128,0,0,-0.6929168701171875,1.14642333984375,0.053466796875,-1.3862863779067993,0.3275701403617859,-0.28460535407066345
13,1.1574,1.3672,0,0,-0.7728271484375,1.092681884765625,-0.072479248046875,-1.3845691680908203,-0.1314070224761963,-0.6865131258964539
14,1.1524,1.4109,0,0,-0.6153411865234375,1.0248870849609375,-0.205810546875,-0.8367271423339844,-0.48321059346199036,-1.1081916093826294
15,1.1493,1.4443,0,0,-0.364715576171875,0.8655242919921875,-0.259857177734375,-0.061636198312044144,-0.6617840528488159,-1.1397093534469604
16,1.1487,1.4677,0,0,-0.1880340576171875,0.7244720458984375,-0.1855621337890625,0.5820533037185669,-0.5367143154144287,-0.9848140478134155
17,1.1498,1.4811,0,0,-0.101531982421875,0.707672119140625,0.007293701171875,0.8272092342376709,-0.3654213845729828,-0.71175616979599
18,1.1509,1.4844,0,0,-0.17266845703125,0.8164215087890625,0.3300018310546875,0.22124983370304108,-0.5757700800895691,-0.47543203830718994
19,1.1494,1.4765,0,0,-0.4133148193359375,0.9941558837890625,1.4152984619140625,-1.98696768283844,0.197738915681839,-0.3482285439968109
20,1.1422,1.4567,0,0,-0.3558349609375,1.0298309326171875,0.321014404296875,-2.1683547496795654,0.5007925033569336,0.14058800041675568
21,1.1267,1.4242,0,0,-0.570068359375,0.998382568359375,-0.23919677734375,-1.1265463829040527,-0.4286426901817322,0.33319446444511414
22,1.1015,1.3791,0,0,-0.9456634521484375,0.9082489013671875,-0.0638275146484375,-1.1265463829040527,-0.4286426901817322,0.33319446444511414
23,1.0663,1.3222,0,0,-0.942626953125,0.8304901123046875,0.384521484375,-0.5007874369621277,-0.9119747281074524,-0.22506587207317352
24,1.0226,1.2552,0,0,-0.62542724609375,0.7785491943359375,0.2215728759765625,-0.8363010287284851,-0.5779021978378296,-0.8573700785636902
25,0.9735,1.1808,0,0,-0.4658203125,0.7549896240234375,0.0744781494140625,-0.4698266088962555,-0.8964194655418396,-0.7028196454048157
26,0.9228,1.1024,0,0,-0.464691162109375,0.6796722412109375,0.1449127197265625,-0.2433098554611206,-1.0844279527664185,-0.5970900058746338
27,0.8751,1.024,0,0,-0.475311279296875,0.6104278564453125,0.240753173828125,-0.2469562590122223,-0.9474925398826599,-0.5920928716659546
28,0.8347,0.9498,0,0,-0.4187469482421875,0.5840911865234375,0.2400054931640625,-0.19610106945037842,-0.8693490028381348,-0.5497454404830933
29,0.8053,0.8835,0,0,-0.3230743408203125,0.5952911376953125,0.191741943359375,-0.19610106945037842,-0.8693490028381348,-0.5497454404830933
30,0.7895,0.8284,0,0,-0.273681640625,0.6407318115234375,0.203765869140625,0.13159450888633728,-0.5913903117179871,-0.07474347949028015
31,0.7885,0.786,0,0,-0.3053741455078125,0.649810791015625,0.232513427734375,0.287067711353302,-0.1978640854358673,0.19353564083576202
32,0.8024,0.7565,0,0,-0.378265380859375,0.637359619140625,0.2949066162109375,0.3544752597808838,0.09643998742103577,0.3303014934062958
33,0.8297,0.7383,0,0,-0.447265625,0.635498046875,0.378662109375,0.3544752597808838,0.09643998742103577,0.3303014934062958
34,0.8681,0.7282,0,0,-0.499237060546875,0.66851806640625,0.4249267578125,0.3476319909095764,0.5688442587852478,0.39676785469055176
35,0.9147,0.7224,0,0,-0.510528564453125,0.6934051513671875,0.4492950439453125,0.29217246174812317,0.8122130036354065,0.4724418520927429
36,0.9663,0.7168,0,0,-0.6040191650390625,0.7053375244140625,0.4456939697265625,0.2614406645298004,0.8912973999977112,0.4898378849029541
37,1.0195,0.7082,0,0,-0.6953887939453125,0.6924591064453125,0.41632080078125,0.3511761426925659,0.7853035926818848,0.37598589062690735
38,1.0713,0.6945,0,0,-0.736236572265625,0.65093994140625,0.4354705810546875,0.36511486768722534,0.5810381174087524,0.20876440405845642
39,1.119,0.6754,0,0,-0.7799835205078125,0.6904144287109375,0.3863372802734375,0.43282970786094666,0.31173738837242126,0.003615241264924407
40,1.16,0.6519,0,0,-0.7592010498046875,0.74560546875,0.3077545166015625,0.5684612989425659,-0.16301022469997406,-0.1624847799539566
41,1.1925,0.6267,0,0,-0.6843719482421875,0.7725830078125,0.327056884765625,0.7315474152565002,-0.2689225375652313,-0.13395673036575317
42,1.2149,0.6029,0,0,-0.6937255859375,0.7628936767578125,0.590606689453125,0.6409256458282471,-0.08669547736644745,-0.01649375632405281
43,1.226,0.5842,0,0,-0.714569091796875,0.7358551025390625,0.76202392578125,0.6409256458282471,-0.08669547736644745,-0.01649375632405281
44,1.2253,0.5738,0,0,-0.662994384765625,0.7837677001953125,0.628265380859375,0.05685476213693619,0.18875260651111603,0.002433330286294222
45,1.213,0.5743,0,0,-0.5315093994140625,0.934844970703125,0.347015380859375,0.05685476213693619,0.18875260651111603,0.002433330286294222
46,1.1899,0.5869,0,0,-0.5511322021484375,1.023590087890625,0.1745147705078125,0.2104634940624237,0.009751164354383945,0.18321402370929718
47,1.1577,0.6118,0,0,-0.6237640380859375,1.11822509765625,0.0905609130859375,0.752247154712677,-0.4014803171157837,0.35921409726142883
48,1.119,0.6479,0,0,-0.63995361328125,1.121795654296875,0.1028594970703125,0.9046568870544434,-0.6540595889091492,0.3245338797569275
49,1.077,0.6933,0,0,-0.543548583984375,1.106353759765625,0.474365234375,0.9046568870544434,-0.6540595889091492,0.3245338797569275
50,1.0352,0.7457,0,0,-0.653045654296875,0.7184295654296875,0.2977142333984375,-0.3723123073577881,-0.3785683512687683,0.13594532012939453
51,0.9972,0.8019,0,0,-0.6378173828125,0.6429290771484375,-0.116455078125,-0.3723123073577881,-0.3785683512687683,0.13594532012939453
52,0.9663,0.8585,0,0,-0.3766632080078125,0.56658935546875,-0.246246337890625,-0.14059066772460938,-0.02304326742887497,-0.6791121959686279
53,0.9444,0.9114,0,0,-0.1162872314453125,0.699676513671875,-0.2458648681640625,0.41321900486946106,-0.28042179346084595,-0.26379409432411194
54,0.9326,0.9561,0,0,-0.0870819091796875,0.80047607421875,-0.16607666015625,0.7675848007202148,-0.3261224627494812,0.35459083318710327
55,0.9302,0.9884,0,0,-0.3016357421875,0.789520263671875,-0.071044921875,0.7661565542221069,-0.06427699327468872,0.6503095626831055
56,0.9356,1.0042,0,0,-0.53070068359375,0.8133544921875,-0.0666046142578125,0.8510568141937256,0.02149064466357231,0.5956665873527527
57,0.9463,1.0009,0,0,-0.64190673828125,0.9210968017578125,-0.0686798095703125,1.1030712127685547,-0.12981311976909637,0.35878852009773254
58,0.9594,0.9772,0,0,-0.6018524169921875,0.942169189453125,-0.004364013671875,1.2919039726257324,-0.27475008368492126,0.23451609909534454
59,0.9722,0.9341,0,0,-0.552520751953125,0.9016265869140625,0.109283447265625,1.2919039726257324,-0.27475008368492126,0.23451609909534454
60,0.9825,0.8743,0,0,-0.494537353515625,0.8561553955078125,0.2334442138671875,0.8287296295166016,-0.12188143283128738,0.21308164298534393
61,0.9888,0.8025,0,0,-0.4417877197265625,0.8335418701171875,0.26824951171875,0.29842957854270935,0.1653870940208435,0.2657826840877533
62,0.9906,0.7241,0,0,-0.410003662109375,0.8243408203125,0.1761932373046875,-0.026677682995796204,0.46448591351509094,0.29089415073394775
63,0.988,0.6452,0,0,-0.4560394287109375,0.79461669921875,0.07318115234375,-0.04782531410455704,0.6290642023086548,0.28068625926971436
64,0.9819,0.5712,0,0,-0.534027099609375,0.7857666015625,0.0709686279296875,0.13831846415996552,0.42185163497924805,0.18052823841571808
65,0.9734,0.5067,0,0,-0.5809326171875,0.750091552734375,0.1457061767578125,0.13831846415996552,0.42185163497924805,0.18052823841571808
66,0.9641,0.4551,0,0,-0.60919189453125,0.7582244873046875,0.2037506103515625,0.14364051818847656,0.3970315158367157,0.05642705783247948
67,0.9556,0.4179,0,0,-0.55767822265625,0.7801513671875,0.1855621337890625,-0.08694715052843094,0.2693904638290405,-0.19217076897621155
68,0.9493,0.3956,0,0,-0.492462158203125,0.79144287109375,0.145751953125,-0.11957859247922897,0.2452491670846939,-0.12967969477176666
69,0.9466,0.3873,0,0,-0.4874267578125,0.78179931640625,0.1277008056640625,-0.16403421759605408,0.29046857357025146,-0.04641437157988548
70,0.9483,0.3915,0,0,-0.5118255615234375,0.78082275390625,0.1197967529296875,-0.17509298026561737,0.34171685576438904,0.000182959163794294
71,0.9551,0.4067,0,0,-0.4833831787109375,0.806610107421875,0.111297607421875,-0.2343597710132599,0.47723260521888733,0.11926300823688507
72,0.9671,0.4315,0,0,-0.4730682373046875,0.81793212890625,0.1009521484375,-0.2343597710132599,0.47723260521888733,0.11926300823688507
73,0.9838,0.4655,0,0,-0.55694580078125,0.795501708984375,0.0966644287109375,-0.22383123636245728,0.4786717891693115,0.3995801508426666
74,1.0047,0.5093,0,0,-0.64410400390625,0.789642333984375,0.0965118408203125,-0.24265019595623016,0.5013411641120911,0.3163694143295288
75,1.0286,0.5642,0,0,-0.646270751953125,0.79754638671875,0.0936279296875,-0.25436118245124817,0.5493512749671936,0.24090050160884857
76,1.0543,0.6324,0,0,-0.6291351318359375,0.8463897705078125,0.0797576904296875,-0.21014897525310516,0.6182424426078796,0.23007714748382568
77,1.0804,0.7159,0,0,-0.603790283203125,0.8956756591796875,0.0792236328125,-0.21014897525310516,0.6182424426078796,0.23007714748382568
78,1.1053,0.8161,0,0,-0.6179046630859375,0.8841705322265625,0.1224517822265625,-0.058584216982126236,0.5286595821380615,0.2908840477466583
79,1.128,0.9331,0,0,-0.6699066162109375,0.8658447265625,0.1804656982421875,0.00672315014526248,0.5087207555770874,0.36395105719566345
80,1.1472,1.0651,0,0,-0.724761962890625,0.839141845703125,0.2465667724609375,-0.18259510397911072,0.8321254253387451,0.1918479949235916
81,1.1623,1.208,0,0,-0.7682037353515625,0.8338775634765625,0.2776641845703125,-0.5153557658195496,1.091330647468567,-0.04205024987459183
82,1.1731,1.3561,0,0,-0.7617340087890625,0.8738861083984375,0.2552947998046875,-0.8492311835289001,1.138022541999817,-0.24999040365219116
83,1.1795,1.502,0,0,-0.7678985595703125,0.945648193359375,0.204833984375,-1.1459789276123047,0.8837420344352722,-0.4258493185043335
84,1.1823,1.6377,0,0,-0.7829742431640625,1.00244140625,0.1504974365234375,-1.2960550785064697,0.3254992663860321,-0.6925334930419922
85,1.1822,1.7552,0,0,-0.778778076171875,1.0118255615234375,0.0489501953125,-1.4470711946487427,-0.32272717356681824,-0.9731075763702393
86,1.1803,1.8475,0,0,-0.7457733154296875,0.9714813232421875,-0.08331298828125,-1.3713372945785522,-0.7826045155525208,-1.3419476747512817
87,1.1773,1.9093,0,0,-0.6178436279296875,0.9243927001953125,-0.204132080078125,-0.8984219431877136,-0.9985490441322327,-1.7038872241973877
88,1.1736,1.9378,0,0,-0.4099273681640625,0.885498046875,-0.2556304931640625,-0.1370428055524826,-0.9651505947113037,-1.7827868461608887
89,1.1692,1.9329,0,0,-0.2687835693359375,0.83935546875,-0.2137298583984375,0.7232037782669067,-0.6835591197013855,-1.5491493940353394
90,1.163,1.8969,0,0,-0.2002410888671875,0.887847900390625,-0.0587158203125,1.457741618156433,-0.4426453411579132,-1.203984260559082
91,1.1538,1.8344,0,0,-0.080413818359375,1.0409393310546875,0.2410736083984375,1.422628402709961,-1.3837790489196777,-0.5881468653678894
92,1.14,1.7519,0,0,-0.379547119140625,0.911773681640625,1.421417236328125,-0.688970148563385,-1.2727718353271484,-0.24848490953445435
93,1.1201,1.6565,0,0,-0.4651641845703125,0.8266448974609375,0.715850830078125,-0.688970148563385,-1.2727718353271484,-0.24848490953445435
94,1.0936,1.5555,0,0,-0.587005615234375,0.8877410888671875,0.082672119140625,-1.6507045030593872,0.05186426267027855,0.26409050822257996
95,1.0606,1.4555,0,0,-0.746429443359375,0.78192138671875,-0.122894287109375,-1.6507045030593872,0.05186426267027855,0.26409050822257996
96,1.0222,1.362,0,0,-0.787322998046875,0.6728668212890625,-0.0493621826171875,-0.10816215723752975,-0.9556311368942261,-0.36491724848747253
97,0.9806,1.2786,0,0,-0.7486419677734375,0.627288818359375,0.2193450927734375,0.024055801331996918,-0.966924250125885,-0.6260932087898254
98,0.9386,1.2071,0,0,-0.652313232421875,0.633026123046875,0.3183441162109375,-0.09791351109743118,-0.8024357557296753,-0.7130941152572632
99,0.8993,1.1474,0,0,-0.53082275390625,0.64776611328125,0.2340545654296875,-0.10005070269107819,-0.8098481297492981,-0.675975501537323
100,0.8656,1.0981,0,0,-0.439117431640625,0.6486663818359375,0.1370697021484375,0.14256833493709564,-0.9458608031272888,-0.5701689124107361
101,0.8401,1.0567,0,0,-0.41485595703125,0.606903076171875,0.1078338623046875,0.14256833493709564,-0.9458608031272888,-0.5701689124107361
102,0.8248,1.0202,0,0,-0.3590240478515625,0.613037109375,0.1331939697265625,0.7368972301483154,-1.1395277976989746,-0.30064213275909424
103,0.8204,0.9862,0,0,-0.3222198486328125,0.6483612060546875,0.2126007080078125,0.7980833053588867,-0.8661034107208252,-0.09290863573551178
104,0.8272,0.9527,0,0,-0.3209075927734375,0.6793212890625,0.307220458984375,0.7980833053588867,-0.8661034107208252,-0.09290863573551178
105,0.8441,0.9185,0,0,-0.39044189453125,0.711456298828125,0.434661865234375,0.4415252208709717,0.22446027398109436,0.3891855776309967
106,0.87,0.8833,0,0,-0.4925079345703125,0.7329864501953125,0.4810638427734375,0.27484753727912903,0.5289863348007202,0.3932703137397766
107,0.9029,0.8475,0,0,-0.5549163818359375,0.6828460693359375,0.4390716552734375,0.2614622414112091,0.5792055726051331,0.39029398560523987
108,0.941,0.8116,0,0,-0.590545654296875,0.6700897216796875,0.408843994140625,0.2549300193786621,0.628361165523529,0.36253878474235535
109,0.9825,0.7765,0,0,-0.6043548583984375,0.66748046875,0.3832550048828125,0.2655869424343109,0.7214889526367188,0.3148050904273987
110,1.0254,0.7431,0,0,-0.6251220703125,0.6698760986328125,0.367462158203125,0.4199781119823456,0.6162315011024475,0.22292229533195496
111,1.0679,0.7123,0,0,-0.6403350830078125,0.69598388671875,0.378814697265625,0.606927216053009,0.28337419033050537,0.1921025961637497
112,1.1082,0.6849,0,0,-0.6752777099609375,0.69580078125,0.409820556640625,0.5280523896217346,0.2921708822250366,0.24104297161102295
113,1.1444,0.662,0,0,-0.7539215087890625,0.71307373046875,0.414764404296875,0.3732191324234009,0.5298779606819153,0.16679005324840546
114,1.1745,0.6446,0,0,-0.76861572265625,0.7337188720703125,0.4671783447265625,0.33955010771751404,0.5664905905723572,0.10206405073404312
115,1.197,0.6338,0,0,-0.7703399658203125,0.693511962890625,0.5842437744140625,0.2743756175041199,0.6626304388046265,0.03904886543750763
116,1.2101,0.6309,0,0,-0.7508087158203125,0.6800689697265625,0.632904052734375,0.07183664292097092,0.8195891380310059,-0.02925083041191101
117,1.2129,0.6368,0,0,-0.708465576171875,0.707550048828125,0.5351409912109375,-0.007663245778530836,0.711980938911438,-0.05089007690548897
118,1.2049,0.6525,0,0,-0.6636199951171875,0.8661956787109375,0.3523712158203125,-0.07994543015956879,0.28047239780426025,0.0925363227725029
119,1.1866,0.6784,0,0,-0.6318511962890625,1.08782958984375,0.15838623046875,0.027775172144174576,0.20009687542915344,0.2928222715854645
120,1.1594,0.7145,0,0,-0.6257781982421875,1.2391204833984375,-0.0166473388671875,0.6346778869628906,0.02317802421748638,0.4688186049461365
121,1.1257,0.76,0,0,-0.6598052978515625,1.2043914794921875,0.1361083984375,0.8188951015472412,-0.8513454794883728,0.5834336280822754
122,1.0887,0.8133,0,0,-0.73675537109375,0.8329925537109375,0.4823455810546875,-0.03838387504220009,-0.8712741732597351,0.3622381091117859
123,1.0521,0.8723,0,0,-0.7257080078125,0.607269287109375,-0.0014190673828125,-0.5865713357925415,-0.42625144124031067,-0.02063257433474064
124,1.0193,0.9339,0,0,-0.5603179931640625,0.5668487548828125,-0.238433837890625,-0.2664239704608917,-0.36092516779899597,-0.5257548689842224
125,0.9932,0.9945,0,0,-0.285247802734375,0.6576385498046875,-0.2721405029296875,-0.2664239704608917,-0.36092516779899597,-0.5257548689842224
126,0.9757,1.0498,0,0,-0.05657958984375,0.7579193115234375,-0.19921875,0.7362117171287537,-0.5729085206985474,-0.14055044949054718
127,0.967,1.0952,0,0,-0.1141815185546875,0.840667724609375,-0.1419830322265625,0.868207573890686,-0.13208825886249542,0.4463370144367218
128,0.9661,1.1265,0,0,-0.301666259765625,0.8964996337890625,-0.1079559326171875,0.9974230527877808,0.07679730653762817,0.7330697178840637
129,0.9709,1.1403,0,0,-0.488433837890625,0.9427642822265625,-0.0623321533203125,1.1948975324630737,0.022045115008950233,0.8114079236984253
130,0.9787,1.1346,0,0,-0.6355438232421875,0.9696044921875,0.0348358154296875,1.3354511260986328,-0.2763138711452484,0.6318352222442627
131,0.9867,1.1091,0,0,-0.6730804443359375,0.8988494873046875,0.185577392578125,1.1120010614395142,-0.44786539673805237,0.38004401326179504
132,0.9926,1.0656,0,0,-0.618194580078125,0.8376007080078125,0.2594146728515625,1.1120010614395142,-0.44786539673805237,0.38004401326179504
133,0.9946,1.0071,0,0,-0.552459716796875,0.8362579345703125,0.191162109375,0.5677209496498108,-0.23387748003005981,0.19785742461681366
134,0.9923,0.9378,0,0,-0.4742584228515625,0.8462982177734375,0.123199462890625,-0.09658965468406677,0.7182263135910034,0.028903819620609283
135,0.9857,0.8623,0,0,-0.4005584716796875,0.8480377197265625,0.0827789306640625,0.035533227026462555,0.8298543095588684,0.08407066762447357
136,0.9759,0.7847,0,0,-0.47039794921875,0.7317047119140625,0.1539306640625,0.05072123557329178,0.6036917567253113,0.2423577755689621
137,0.9645,0.7086,0,0,-0.6085052490234375,0.73114013671875,0.190948486328125,-0.05595700815320015,0.6072758436203003,0.12116530537605286
138,0.9532,0.6368,0,0,-0.604705810546875,0.7409210205078125,0.1988525390625,-0.17620991170406342,0.5669212341308594,-0.047026630491018295
139,0.9437,0.571,0,0,-0.518524169921875,0.75201416015625,0.1615142822265625,-0.2089148610830307,0.5405431389808655,-0.044735245406627655
140,0.9376,0.5124,0,0,-0.475494384765625,0.76568603515625,0.1345367431640625,-0.17751087248325348,0.4841613471508026,0.11376837641000748
141,0.936,0.462,0,0,-0.4885101318359375,0.7248382568359375,0.12060546875,-0.17751087248325348,0.4841613471508026,0.11376837641000748
142,0.9393,0.4207,0,0,-0.5326690673828125,0.711669921875,0.1143798828125,-0.087831050157547,0.4574114978313446,0.22282083332538605
143,0.9478,0.39,0,0,-0.5520782470703125,0.7607574462890625,0.1248626708984375,0.05486058443784714,0.3432319164276123,0.32752299308776855
144,0.9609,0.372,0,0,-0.5805816650390625,0.7852783203125,0.1342010498046875,0.046854857355356216,0.2678298354148865,0.38640710711479187
145,0.9781,0.3694,0,0,-0.64007568359375,0.777374267578125,0.1250457763671875,0.046854857355356216,0.2678298354148865,0.38640710711479187
146,0.9982,0.3854,0,0,-0.6600341796875,0.7861328125,0.1215362548828125,0.03237498551607132,0.3624724745750427,0.2727516293525696
147,1.0204,0.4229,0,0,-0.647003173828125,0.8209991455078125,0.121734619140625,0.03237498551607132,0.3624724745750427,0.2727516293525696
148,1.0437,0.4845,0,0,-0.6181640625,0.8452911376953125,0.1223297119140625,0.020732441917061806,0.34849220514297485,0.21140146255493164
149,1.0671,0.5715,0,0,-0.6077423095703125,0.8895263671875,0.1357879638671875,0.04053623974323273,0.4076564610004425,0.15258128941059113
150,1.09,0.6837,0,0,-0.584136962890625,0.9025726318359375,0.1668548583984375,0.04053623974323273,0.4076564610004425,0.15258128941059113
151,1.1118,0.8186,0,0,-0.5879058837890625,0.8573760986328125,0.2022247314453125,-0.06294967234134674,0.6051865816116333,0.2312747687101364
152,1.1318,0.9717,0,0,-0.641876220703125,0.8071441650390625,0.2393341064453125,-0.23131205141544342,0.8866249322891235,0.14908002316951752
153,1.1497,1.1368,0,0,-0.7091064453125,0.80792236328125,0.262298583984375,-0.23131205141544342,0.8866249322891235,0.14908002316951752
154,1.1651,1.3062,0,0,-0.6912841796875,0.890594482421875,0.24578857421875,-0.9406724572181702,1.2662724256515503,-0.30682677030563354
155,1.1778,1.4714,0,0,-0.6378021240234375,1.045013427734375,0.2034912109375,-1.4346272945404053,1.0801360607147217,-0.2966977059841156
156,1.1876,1.6244,0,0,-0.6303253173828125,1.1009063720703125,0.10272216796875,-1.7150006294250488,0.4404301047325134,-0.2946726381778717
157,1.1947,1.7575,0,0,-0.7067718505859375,1.119720458984375,-0.0515594482421875,-1.7150006294250488,0.4404301047325134,-0.2946726381778717
158,1.1991,1.8642,0,0,-0.798980712890625,1.0379791259765625,-0.2199249267578125,-1.3481084108352661,-0.5130830407142639,-0.7215731143951416
159,1.2011,1.9399,0,0,-0.7063446044921875,0.86688232421875,-0.35955810546875,-0.35614851117134094,-0.9694820046424866,-1.2065731287002563
160,1.2004,1.9812,0,0,-0.507232666015625,0.784820556640625,-0.353057861328125,0.6525543332099915,-1.0984185934066772,-1.486961841583252
161,1.1967,1.9868,0,0,-0.2785797119140625,0.78057861328125,-0.19488525390625,1.385786771774292,-0.924781858921051,-1.3486378192901611
162,1.1891,1.9576,0,0,-0.117706298828125,0.87432861328125,0.1180267333984375,1.385786771774292,-0.924781858921051,-1.3486378192901611
163,1.1765,1.8962,0,0,-0.2942962646484375,0.99261474609375,1.3785247802734375,-0.6741611361503601,-1.6467978954315186,-0.657212495803833
164,1.1577,1.8075,0,0,-0.3390655517578125,0.8419952392578125,0.8081512451171875,-0.6741611361503601,-1.6467978954315186,-0.657212495803833
165,1.1318,1.6979,0,0,-0.478057861328125,0.983612060546875,0.0591583251953125,-1.8635962009429932,-0.1577558070421219,-0.013425793498754501
166,1.0985,1.5751,0,0,-0.6411895751953125,0.91131591796875,-0.13714599609375,-1.8635962009429932,-0.1577558070421219,-0.013425793498754501
167,1.0581,1.4473,0,0,-0.747100830078125,0.8036346435546875,0.0529937744140625,-0.6247943639755249,-0.7639890313148499,-0.3459811210632324
168,1.012,1.3225,0,0,-0.7063751220703125,0.7298431396484375,0.3029022216796875,-0.658774197101593,-0.7623474597930908,-0.5255413055419922
169,0.9625,1.2075,0,0,-0.6160125732421875,0.698394775390625,0.286376953125,-0.7052841186523438,-0.6032946705818176,-0.5139150023460388
170,0.9122,1.1078,0,0,-0.5547637939453125,0.6730499267578125,0.190673828125,-0.5166290402412415,-0.7357150316238403,-0.48343032598495483
171,0.8645,1.0267,0,0,-0.52545166015625,0.62408447265625,0.143463134765625,-0.5166290402412415,-0.7357150316238403,-0.48343032598495483
172,0.8227,0.9655,0,0,-0.4970550537109375,0.6038055419921875,0.173583984375,0.005160407163202763,-0.949216365814209,-0.5117610096931458
173,0.7903,0.9234,0,0,-0.4315948486328125,0.61553955078125,0.1883087158203125,0.22720758616924286,-0.910875141620636,-0.3966647982597351
174,0.7699,0.8984,0,0,-0.3583984375,0.61737060546875,0.2005157470703125,0.4309961199760437,-0.8681183457374573,-0.19191616773605347
175,0.7636,0.8867,0,0,-0.342132568359375,0.6196746826171875,0.230010986328125,0.58817458152771,-0.6706081628799438,0.013253754004836082
176,0.7727,0.8842,0,0,-0.3239898681640625,0.63720703125,0.3033294677734375,0.6092670559883118,-0.274286687374115,0.22503924369812012
177,0.7971,0.8864,0,0,-0.347686767578125,0.633087158203125,0.398895263671875,0.6092670559883118,-0.274286687374115,0.22503924369812012
178,0.8361,0.8889,0,0,-0.3949737548828125,0.64202880859375,0.4293975830078125,0.41387519240379333,0.4983336329460144,0.46592429280281067
179,0.8877,0.8881,0,0,-0.4045562744140625,0.671661376953125,0.3980712890625,0.40766337513923645,0.728492021560669,0.5969139933586121
180,0.949,0.8817,0,0,-0.4496917724609375,0.6751556396484375,0.386993408203125,0.40766337513923645,0.728492021560669,0.5969139933586121
181,1.0162,0.869,0,0,-0.5671539306640625,0.67755126953125,0.4026947021484375,0.5969347953796387,0.8463419079780579,0.7599087953567505
182,1.085,0.851,0,0,-0.6583251953125,0.6920166015625,0.4815673828125,0.6396777033805847,0.5521422624588013,0.6549280285835266
183,1.1509,0.8301,0,0,-0.737548828125,0.705230712890625,0.556671142578125,0.43678078055381775,0.3946716785430908,0.5052863359451294
184,1.2092,0.8097,0,0,-0.83538818359375,0.7441558837890625,0.4665679931640625,0.2443583458662033,0.49101632833480835,0.25556066632270813
185,1.2558,0.7936,0,0,-0.821990966796875,0.79644775390625,0.3645782470703125,0.3509843945503235,0.5123663544654846,0.17980119585990906
186,1.2873,0.7851,0,0,-0.8328857421875,0.759368896484375,0.53900146484375,0.5194759368896484,0.5773589611053467,0.1717776209115982
187,1.3016,0.7863,0,0,-0.9049224853515625,0.7270355224609375,0.797760009765625,0.2610552906990051,0.5118159055709839,-0.0504852794110775
188,1.2977,0.7981,0,0,-0.85906982421875,0.850006103515625,0.631561279296875,0.14466238021850586,0.03376435488462448,-0.380607008934021
189,1.2766,0.8195,0,0,-0.640594482421875,1.0192108154296875,0.3304443359375,0.2287309169769287,-0.36068734526634216,-0.2619546353816986
190,1.2405,0.8485,0,0,-0.5450897216796875,1.2222137451171875,0.1106414794921875,0.5798961520195007,-0.7343029975891113,0.006103964988142252
191,1.1934,0.882,0,0,-0.569732666015625,1.21514892578125,-0.09857177734375,1.1257543563842773,-0.7952103018760681,0.24702922999858856
192,1.1402,0.917,0,0,-0.5045166015625,1.1257476806640625,0.152008056640625,1.1174509525299072,-1.3489874601364136,0.513078510761261
193,1.086,0.9506,0,0,-0.6241455078125,0.8107147216796875,0.6121368408203125,0.13639912009239197,-0.9564226269721985,0.25511351227760315
194,1.0362,0.9804,0,0,-0.6486968994140625,0.63006591796875,0.0665130615234375,-0.44604966044425964,-0.283964604139328,-0.22252574563026428
195,0.995,1.0046,0,0,-0.4489593505859375,0.5223541259765625,-0.210968017578125,-0.3643007278442383,0.17661099135875702,-0.654594898223877
196,0.9653,1.0214,0,0,-0.1699981689453125,0.580963134765625,-0.2633514404296875,0.018624285236001015,0.15538106858730316,-0.6064438819885254
197,0.9481,1.0293,0,0,0.055511474609375,0.777587890625,-0.2462158203125,0.563517689704895,-0.23120738565921783,0.040170054882764816
198,0.9426,1.0267,0,0,-0.03912353515625,0.8427581787109375,-0.1628570556640625,0.7589452266693115,-0.06574705243110657,0.849318265914917
199,0.9464,1.0121,0,0,-0.4369049072265625,0.886016845703125,-0.1151885986328125,0.8559269309043884,0.140619158744812,1.0054322481155396
200,0.9563,0.985,0,0,-0.7349090576171875,0.8902740478515625,-0.0886383056640625,1.0767953395843506,0.23629216849803925,0.6601624488830566
201,0.9687,0.9455,0,0,-0.8320465087890625,0.918975830078125,0.0304412841796875,1.239117980003357,0.052685316652059555,0.1708686798810959
202,0.9803,0.895,0,0,-0.7266998291015625,0.8864898681640625,0.2635040283203125,1.239117980003357,0.052685316652059555,0.1708686798810959
203,0.9889,0.8359,0,0,-0.56683349609375,0.859527587890625,0.3628082275390625,0.3231807351112366,-0.10728731006383896,-0.263493150472641
204,0.9932,0.7713,0,0,-0.4279327392578125,0.8300323486328125,0.18865966796875,-0.1256956160068512,0.390999972820282,-0.157616525888443
205,0.993,0.7046,0,0,-0.3731231689453125,0.7671661376953125,0.009124755859375,-0.1256956160068512,0.390999972820282,-0.157616525888443
206,0.9888,0.6388,0,0,-0.3596038818359375,0.7548828125,-0.0543212890625,0.1840771585702896,0.6345418095588684,0.10148241370916367
207,0.9817,0.5769,0,0,-0.418365478515625,0.759735107421875,0.00054931640625,0.43703803420066833,0.4800430238246918,0.25975167751312256
208,0.973,0.5209,0,0,-0.55670166015625,0.7669830322265625,0.118896484375,0.44535404443740845,0.3990691006183624,0.22313055396080017
209,0.9641,0.4726,0,0,-0.6001739501953125,0.779815673828125,0.2078094482421875,0.2861334979534149,0.3940351903438568,0.1336376816034317
210,0.956,0.4334,0,0,-0.567962646484375,0.78253173828125,0.2250823974609375,0.09570015966892242,0.4301449954509735,0.11947686225175858
211,0.9497,0.4041,0,0,-0.5399932861328125,0.79168701171875,0.1939239501953125,0.021497301757335663,0.3064323663711548,0.2084008753299713
212,0.946,0.3857,0,0,-0.568389892578125,0.7674713134765625,0.13824462890625,0.03828480467200279,0.25577425956726074,0.20011045038700104
213,0.9455,0.3788,0,0,-0.5865325927734375,0.7508392333984375,0.1079254150390625,0.11545442044734955,0.2766963243484497,0.13547660410404205
214,0.9487,0.3843,0,0,-0.536407470703125,0.767120361328125,0.12408447265625,0.11545442044734955,0.2766963243484497,0.13547660410404205
215,0.9559,0.4032,0,0,-0.5085601806640625,0.784759521484375,0.1563262939453125,0.10717066377401352,0.29504549503326416,0.21156470477581024
216,0.9673,0.4363,0,0,-0.517333984375,0.792449951171875,0.16217041015625,-0.06875190138816833,0.5005243420600891,0.2746182382106781
217,0.9829,0.4851,0,0,-0.54180908203125,0.7983551025390625,0.144256591796875,-0.06875190138816833,0.5005243420600891,0.2746182382106781
218,1.0028,0.5508,0,0,-0.5977325439453125,0.815185546875,0.10760498046875,-0.2418893277645111,0.7094570398330688,0.3441658914089203
219,1.0264,0.6345,0,0,-0.6639556884765625,0.8143310546875,0.07379150390625,-0.28073686361312866,0.710262656211853,0.32078254222869873
220,1.0535,0.7366,0,0,-0.7089996337890625,0.8281707763671875,0.0631561279296875,-0.28073686361312866,0.710262656211853,0.32078254222869873
221,1.083,0.8565,0,0,-0.646820068359375,0.873016357421875,0.0885009765625,-0.015163772739470005,0.41365790367126465,0.09707888215780258
222,1.114,0.992,0,0,-0.5907135009765625,0.86279296875,0.1408538818359375,-0.025730663910508156,0.5429322719573975,0.20407404005527496
223,1.1453,1.139,0,0,-0.6310272216796875,0.8265838623046875,0.20904541015625,-0.09532944858074188,0.7715385556221008,0.21105338633060455
224,1.1751,1.2915,0,0,-0.7350006103515625,0.7820281982421875,0.2656707763671875,-0.350615531206131,1.022578477859497,0.0010807107901200652
225,1.202,1.4426,0,0,-0.830108642578125,0.7840576171875,0.24713134765625,-0.757266640663147,1.315162181854248,-0.49964815378189087
226,1.2243,1.5845,0,0,-0.79998779296875,0.9299163818359375,0.2211761474609375,-1.2343546152114868,1.143307089805603,-0.8959254622459412
227,1.2407,1.7101,0,0,-0.7288818359375,1.0902252197265625,0.1649169921875,-1.690841794013977,0.6802877187728882,-1.142052173614502
228,1.2503,1.8136,0,0,-0.5894775390625,1.2473602294921875,0.0358734130859375,-1.690841794013977,0.6802877187728882,-1.142052173614502
229,1.2526,1.891,0,0,-0.569549560546875,1.289093017578125,-0.1465301513671875,-2.0552408695220947,0.25221654772758484,-0.8306071758270264
230,1.2479,1.9404,0,0,-0.73272705078125,1.0817718505859375,-0.312774658203125,-0.9644813537597656,-0.7317208051681519,-0.6817883849143982
231,1.2366,1.9618,0,0,-0.7212371826171875,0.836029052734375,-0.341278076171875,-0.9644813537597656,-0.7317208051681519,-0.6817883849143982
232,1.2197,1.9569,0,0,-0.4477081298828125,0.79833984375,-0.24713134765625,0.8580931425094604,-0.6570625305175781,-1.6397711038589478
233,1.1978,1.9284,0,0,-0.123321533203125,0.8827972412109375,-0.036590576171875,1.37384831905365,-0.7558181881904602,-1.328559160232544
234,1.1717,1.8799,0,0,-0.04132080078125,0.919189453125,0.933990478515625,1.37384831905365,-0.7558181881904602,-1.328559160232544
235,1.1417,1.8157,0,0,-0.251708984375,0.7802581787109375,1.1000213623046875,-1.777162790298462,-0.313927561044693,-0.15837952494621277
236,1.1082,1.7402,0,0,-0.310821533203125,0.8436431884765625,0.2832183837890625,-2.220731258392334,0.14533402025699615,0.5099300742149353
237,1.0717,1.6578,0,0,-0.608306884765625,0.8409576416015625,-0.147796630859375,-1.461254358291626,-0.2589085102081299,0.5158380270004272
238,1.0329,1.5725,0,0,-0.8614501953125,0.77276611328125,-0.25726318359375,-0.39047425985336304,-0.9612040519714355,-0.02105521783232689
239,0.9928,1.4875,0,0,-0.89599609375,0.631805419921875,0.02508544921875,0.06126841902732849,-1.3077747821807861,-0.5258062481880188
240,0.9529,1.4048,0,0,-0.75567626953125,0.636077880859375,0.2933502197265625,-0.0939728319644928,-0.9711294174194336,-0.7828079462051392
241,0.9152,1.3254,0,0,-0.5625152587890625,0.6602630615234375,0.24560546875,-0.11217021197080612,-0.8222802877426147,-0.8211820125579834
242,0.8816,1.2493,0,0,-0.454498291015625,0.6702728271484375,0.1168365478515625,0.15507960319519043,-1.0603554248809814,-0.7717289328575134
243,0.8543,1.1761,0,0,-0.3903350830078125,0.6739959716796875,0.069732666015625,0.5251282453536987,-1.2230913639068604,-0.6483385562896729
244,0.8351,1.1052,0,0,-0.3103179931640625,0.6963958740234375,0.13848876953125,0.7802736759185791,-1.117010474205017,-0.4157961308956146
245,0.8255,1.0362,0,0,-0.2655487060546875,0.67877197265625,0.2559814453125,0.7627506256103516,-0.8149176836013794,-0.13594798743724823
246,0.8262,0.9694,0,0,-0.2705841064453125,0.665863037109375,0.34686279296875,0.7627506256103516,-0.8149176836013794,-0.13594798743724823
247,0.8374,0.9055,0,0,-0.3397674560546875,0.674774169921875,0.38531494140625,0.34693291783332825,0.1601601094007492,0.28476381301879883
248,0.8585,0.8457,0,0,-0.4737396240234375,0.687835693359375,0.4196319580078125,0.17352411150932312,0.549693763256073,0.28625917434692383
249,0.8885,0.7913,0,0,-0.5116729736328125,0.683685302734375,0.396148681640625,0.21101316809654236,0.5834794044494629,0.2855614423751831
250,0.9258,0.7438,0,0,-0.541290283203125,0.670806884765625,0.382080078125,0.31538617610931396,0.5394871830940247,0.3516523241996765
251,0.9687,0.7048,0,0,-0.5855865478515625,0.6681976318359375,0.4122467041015625,0.32128721475601196,0.6825330257415771,0.4325711131095886
252,1.0151,0.6759,0,0,-0.6251678466796875,0.6584625244140625,0.4159393310546875,0.32128721475601196,0.6825330257415771,0.4325711131095886
253,1.0627,0.6589,0,0,-0.6609954833984375,0.6645660400390625,0.415252685546875,0.4669339060783386,0.38412582874298096,0.45327028632164
254,1.1091,0.6554,0,0,-0.7502593994140625,0.6623382568359375,0.421630859375,0.5058610439300537,0.29186248779296875,0.38723692297935486
255,1.1519,0.6669,0,0,-0.8106842041015625,0.719879150390625,0.3648529052734375,0.549095869064331,0.38503289222717285,0.2651453912258148
256,1.1888,0.6944,0,0,-0.8003997802734375,0.7304229736328125,0.369140625,0.5965076088905334,0.32539060711860657,0.2025752067565918
257,1.2177,0.7379,0,0,-0.8305511474609375,0.6703948974609375,0.5300750732421875,0.5615357756614685,0.43678584694862366,0.07770731300115585
258,1.2371,0.7959,0,0,-0.844024658203125,0.654083251953125,0.6783294677734375,0.22558119893074036,0.6667940020561218,-0.15708228945732117
259,1.2457,0.8655,0,0,-0.7723388671875,0.75347900390625,0.50054931640625,0.12608443200588226,0.201959490776062,-0.3776085376739502
260,1.2433,0.9421,0,0,-0.6295013427734375,1.0636138916015625,0.2260284423828125,0.3224931061267853,-0.33611249923706055,-0.2043001353740692
261,1.2304,1.0198,0,0,-0.5460052490234375,1.32513427734375,-0.005523681640625,0.8565793633460999,-0.4362154006958008,0.1303236484527588
262,1.2084,1.092,0,0,-0.4799652099609375,1.2703399658203125,0.0098724365234375,1.0823619365692139,-0.9425395727157593,0.573753833770752
263,1.1794,1.1519,0,0,-0.438140869140625,0.9248809814453125,0.6187286376953125,-0.03605414181947708,-1.5705875158309937,0.9626592397689819
264,1.1461,1.1937,0,0,-0.7867584228515625,0.6913299560546875,0.1042327880859375,-0.8867335915565491,-0.29281163215637207,0.5610699653625488
265,1.1113,1.2131,0,0,-0.7541961669921875,0.7675628662109375,-0.32611083984375,-0.5926042199134827,-0.25171905755996704,-0.37116795778274536
266,1.0777,1.2077,0,0,-0.3878631591796875,0.63787841796875,-0.4600830078125,0.26048538088798523,-0.5072386860847473,-0.7873268127441406
267,1.0472,1.1774,0,0,-0.016845703125,0.7847137451171875,-0.412445068359375,1.0774446725845337,-0.5129029750823975,-0.2702741026878357
268,1.0213,1.1243,0,0,-0.016357421875,0.9463958740234375,-0.2083282470703125,1.5177152156829834,-0.38679617643356323,0.5424917936325073
269,1.0004,1.0526,0,0,-0.38818359375,0.9134368896484375,0.0559234619140625,1.412688970565796,-0.17604319751262665,0.7114730477333069
270,0.9846,0.9682,0,0,-0.639190673828125,0.89215087890625,0.2333984375,0.9796525835990906,0.011504056863486767,0.42136746644973755
271,0.9731,0.878,0,0,-0.640594482421875,0.8870697021484375,0.2803497314453125,0.47033900022506714,0.18746842443943024,0.14643897116184235
272,0.9652,0.7887,0,0,-0.5565643310546875,0.8871917724609375,0.2342681884765625,0.07771316915750504,0.22155769169330597,0.030700920149683952
273,0.9601,0.7062,0,0,-0.4714813232421875,0.829071044921875,0.10015869140625,0.024575117975473404,0.5221065878868103,0.01492169126868248
274,0.9569,0.6349,0,0,-0.4181060791015625,0.772796630859375,0.0440216064453125,0.05257479473948479,0.4809945821762085,0.06364502012729645
275,0.955,0.5771,0,0,-0.3933258056640625,0.7321929931640625,0.012298583984375,0.05257479473948479,0.4809945821762085,0.06364502012729645
276,0.9539,0.533,0,0,-0.4721221923828125,0.7341766357421875,0.0806884765625,0.2578113079071045,0.607002854347229,0.1739124059677124
277,0.953,0.5016,0,0,-0.615264892578125,0.7116851806640625,0.1673431396484375,0.2578113079071045,0.607002854347229,0.1739124059677124
278,0.9523,0.4807,0,0,-0.7137908935546875,0.722015380859375,0.21624755859375,-0.051659464836120605,0.610598623752594,-0.19339582324028015
279,0.9516,0.468,0,0,-0.64312744140625,0.7828826904296875,0.196685791015625,-0.17108546197414398,0.4978526532649994,-0.23753052949905396
280,0.9511,0.4612,0,0,-0.520538330078125,0.83575439453125,0.16156005859375,-0.23308411240577698,0.43586093187332153,0.04273255169391632
281,0.9512,0.4587,0,0,-0.526580810546875,0.7719573974609375,0.11444091796875,-0.23308411240577698,0.43586093187332153,0.04273255169391632
282,0.9525,0.4598,0,0,-0.5740509033203125,0.69891357421875,0.0870361328125,-0.03687918931245804,0.17650260031223297,0.31021803617477417
283,0.9556,0.4645,0,0,-0.6042022705078125,0.692474365234375,0.0644989013671875,0.14244209229946136,0.09440213441848755,0.22494016587734222
284,0.9611,0.4738,0,0,-0.562408447265625,0.7553253173828125,0.058685302734375,0.3021814227104187,0.1071578785777092,0.22038190066814423
285,0.9697,0.4893,0,0,-0.47918701171875,0.8091583251953125,0.07489013671875,0.4053562879562378,0.13896268606185913,0.39491936564445496
286,0.9816,0.5132,0,0,-0.503570556640625,0.80841064453125,0.1076812744140625,0.4261590242385864,0.18331842124462128,0.5546932816505432
287,0.997,0.5477,0,0,-0.6128387451171875,0.80096435546875,0.1393280029296875,0.3360155522823334,0.3326839506626129,0.5256824493408203
288,1.0158,0.5953,0,0,-0.677947998046875,0.8217926025390625,0.1575469970703125,0.3360155522823334,0.3326839506626129,0.5256824493408203
289,1.0377,0.658,0,0,-0.64837646484375,0.827972412109375,0.1651458740234375,0.21448273956775665,0.44276145100593567,0.3278098404407501
290,1.0622,0.7368,0,0,-0.606414794921875,0.856048583984375,0.1753997802734375,0.0369068868458271,0.47061970829963684,0.18651288747787476
291,1.0887,0.8315,0,0,-0.6339569091796875,0.846038818359375,0.190399169921875,0.0369068868458271,0.47061970829963684,0.18651288747787476
292,1.1163,0.9403,0,0,-0.6613616943359375,0.8103485107421875,0.224884033203125,-0.09075307101011276,0.695616602897644,0.03867335990071297
293,1.144,1.0599,0,0,-0.6926422119140625,0.784515380859375,0.2709503173828125,-0.37308409810066223,0.9122053980827332,-0.12859898805618286
294,1.1708,1.1858,0,0,-0.710540771484375,0.8338165283203125,0.2314453125,-0.7784616947174072,1.185384750366211,-0.39785122871398926
295,1.1955,1.3129,0,0,-0.6913909912109375,0.968170166015625,0.1643829345703125,-1.1264268159866333,1.0475046634674072,-0.47114676237106323
296,1.2171,1.4354,0,0,-0.7195281982421875,1.1279754638671875,0.1192474365234375,-1.439427137374878,0.6788924932479858,-0.599155604839325
297,1.2346,1.5481,0,0,-0.65228271484375,1.1915740966796875,0.01666259765625,-1.439427137374878,0.6788924932479858,-0.599155604839325
298,1.2473,1.646,0,0,-0.6197662353515625,1.18304443359375,-0.1437225341796875,-1.541255235671997,-0.4070420563220978,-0.37107181549072266
299,1.2545,1.7246,0,0,-0.644622802734375,1.0169830322265625,-0.302154541015625,-0.9309968948364258,-0.7900347113609314,-0.5871875882148743
300,1.2557,1.7803,0,0,-0.5843353271484375,0.86016845703125,-0.369110107421875,-0.03900438919663429,-0.8123480081558228,-0.9993951320648193
301,1.2504,1.8098,0,0,-0.4228668212890625,0.8404693603515625,-0.3004608154296875,0.8481541872024536,-0.6020280718803406,-1.2091635465621948
302,1.2381,1.8109,0,0,-0.230926513671875,0.9026336669921875,-0.0845489501953125,0.8481541872024536,-0.6020280718803406,-1.2091635465621948
303,1.2183,1.783,0,0,-0.176605224609375,1.056915283203125,1.4030914306640625,-0.6778218746185303,-1.8445138931274414,-0.9592642188072205
304,1.1906,1.7269,0,0,-0.1662139892578125,0.7878875732421875,0.98480224609375,-2.3512208461761475,0.012799418531358242,-0.40419915318489075
305,1.1552,1.6461,0,0,-0.304046630859375,0.9632568359375,0.138519287109375,-2.3512208461761475,0.012799418531358242,-0.40419915318489075
306,1.1127,1.5458,0,0,-0.4799041748046875,0.9042816162109375,-0.2001953125,-1.4557554721832275,-0.14816789329051971,0.36519795656204224
307,1.0643,1.4329,0,0,-0.741790771484375,0.797027587890625,-0.1129608154296875,-0.6624229550361633,-0.6600610017776489,0.06325593590736389
308,1.0121,1.3154,0,0,-0.8650054931640625,0.7084197998046875,0.2545166015625,-0.557237982749939,-0.5748710036277771,-0.3898433744907379
309,0.9585,1.2006,0,0,-0.7574462890625,0.632568359375,0.3351593017578125,-0.6745041012763977,-0.3776615262031555,-0.6276506185531616
310,0.9068,1.095,0,0,-0.590087890625,0.63775634765625,0.212005615234375,-0.5447781085968018,-0.4973863363265991,-0.6665114760398865
311,0.86,1.0033,0,0,-0.4757843017578125,0.619293212890625,0.1215667724609375,-0.20914070308208466,-0.7492859363555908,-0.5821691155433655
312,0.8214,0.9282,0,0,-0.45819091796875,0.6088409423828125,0.1363983154296875,-0.20914070308208466,-0.7492859363555908,-0.5821691155433655
313,0.7936,0.8706,0,0,-0.412322998046875,0.610687255859375,0.18804931640625,0.30574527382850647,-0.9622549414634705,-0.4100956320762634
314,0.7789,0.8296,0,0,-0.319427490234375,0.6230316162109375,0.2049102783203125,0.454063355922699,-0.831223726272583,-0.18838562071323395
315,0.7784,0.8034,0,0,-0.3065032958984375,0.6399078369140625,0.2297821044921875,0.5315379500389099,-0.6159816980361938,0.07634803652763367
316,0.7923,0.7892,0,0,-0.3388519287109375,0.646026611328125,0.262359619140625,0.5424547791481018,-0.2343730926513672,0.3339502811431885
317,0.8201,0.7842,0,0,-0.428985595703125,0.654937744140625,0.341094970703125,0.5057806372642517,0.16504248976707458,0.4330233335494995
318,0.86,0.7853,0,0,-0.508270263671875,0.66162109375,0.41754150390625,0.44656816124916077,0.4125420153141022,0.33448025584220886
319,0.9097,0.79,0,0,-0.4728546142578125,0.6738128662109375,0.44927978515625,0.44656816124916077,0.4125420153141022,0.33448025584220886
320,0.9663,0.7966,0,0,-0.4573822021484375,0.707122802734375,0.4465484619140625,0.33254972100257874,0.8715679049491882,0.5452737212181091
321,1.0263,0.8044,0,0,-0.5540313720703125,0.705078125,0.426483154296875,0.41573143005371094,0.8476213216781616,0.6606391668319702
322,1.0862,0.8134,0,0,-0.6761322021484375,0.6730804443359375,0.45703125,0.5307855606079102,0.4914408326148987,0.5713218450546265
323,1.1424,0.8247,0,0,-0.772369384765625,0.6776885986328125,0.4813079833984375,0.4550820291042328,0.42327484488487244,0.35983169078826904
324,1.1914,0.8398,0,0,-0.83349609375,0.7373199462890625,0.408782958984375,0.3999681770801544,0.566201388835907,0.2026018351316452
325,1.2303,0.8601,0,0,-0.8174591064453125,0.7593536376953125,0.3763275146484375,0.3999681770801544,0.566201388835907,0.2026018351316452
326,1.2566,0.8863,0,0,-0.8385162353515625,0.664947509765625,0.58807373046875,0.48111841082572937,0.5533907413482666,0.0060022324323654175
327,1.269,0.9184,0,0,-0.894500732421875,0.6367645263671875,0.8027191162109375,0.0816703587770462,0.9449710249900818,-0.15535949170589447
328,1.2671,0.9551,0,0,-0.90283203125,0.711334228515625,0.645172119140625,-0.1446637064218521,0.8667806386947632,-0.47107431292533875
329,1.2516,0.9941,0,0,-0.789703369140625,0.911590576171875,0.2722320556640625,-0.067375048995018,0.0413341224193573,-0.5856754779815674
330,1.2244,1.0322,0,0,-0.5435791015625,1.18096923828125,-0.01904296875,0.3403370678424835,-0.3911145031452179,-0.21917229890823364
331,1.1886,1.066,0,0,-0.4021453857421875,1.2847747802734375,-0.1974639892578125,1.0411570072174072,-0.8269623517990112,0.33134782314300537
332,1.1475,1.0922,0,0,-0.466796875,1.151641845703125,-0.1002197265625,1.4877680540084839,-1.4845008850097656,0.6385056376457214
333,1.1052,1.1085,0,0,-0.5965576171875,0.7891998291015625,0.3212738037109375,0.6860404014587402,-1.32443106174469,0.5213446617126465
334,1.0653,1.1136,0,0,-0.6775360107421875,0.6301116943359375,0.11846923828125,-0.18644870817661285,-0.3163965940475464,-0.07181479781866074
335,1.0307,1.1071,0,0,-0.49755859375,0.64141845703125,-0.13580322265625,-0.09375951439142227,-0.08447733521461487,-0.7441979646682739
336,1.0033,1.0897,0,0,-0.0884552001953125,0.7501220703125,-0.249481201171875,0.4332864582538605,-0.552984356880188,-0.5043001770973206
337,0.9838,1.0628,0,0,0.051422119140625,0.9097137451171875,-0.2554473876953125,0.8785778880119324,-0.2998357117176056,0.40051865577697754
338,0.9717,1.0278,0,0,-0.288055419921875,0.91131591796875,-0.142730712890625,1.082199215888977,-0.0864400863647461,0.7821706533432007
339,0.9655,0.9867,0,0,-0.611114501953125,0.880889892578125,-0.03216552734375,1.138472080230713,-0.0038605183362960815,0.5376434922218323
340,0.9634,0.9414,0,0,-0.699127197265625,0.897918701171875,0.0823211669921875,1.138472080230713,-0.0038605183362960815,0.5376434922218323
341,0.9634,0.8937,0,0,-0.582366943359375,0.93011474609375,0.2075347900390625,0.7512974739074707,-0.03489593043923378,-0.09529296308755875
342,0.9641,0.845,0,0,-0.447296142578125,0.9133453369140625,0.287506103515625,0.2606843113899231,0.07970494776964188,-0.011997007764875889
343,0.9642,0.7964,0,0,-0.3691253662109375,0.8588104248046875,0.2034759521484375,-0.14414864778518677,0.3914186358451843,0.24832965433597565
344,0.9634,0.7481,0,0,-0.4021759033203125,0.7892303466796875,0.0451202392578125,-0.2818138301372528,0.685599684715271,0.45418959856033325
345,0.9618,0.7001,0,0,-0.446990966796875,0.7610015869140625,-0.0339813232421875,0.04797125235199928,0.8310242295265198,0.3309100270271301
346,0.9597,0.6521,0,0,-0.4654388427734375,0.6941680908203125,0.025604248046875,0.19327890872955322,0.6121965646743774,0.3625193238258362
347,0.9576,0.6039,0,0,-0.583251953125,0.7397918701171875,0.1044769287109375,0.14870798587799072,0.6210406422615051,0.2866983413696289
348,0.9561,0.5561,0,0,-0.641876220703125,0.75445556640625,0.1705169677734375,-0.0018221348291262984,0.60753333568573,0.1186925619840622
349,0.9557,0.5098,0,0,-0.60516357421875,0.7691650390625,0.179901123046875,-0.11790133267641068,0.5502541065216064,0.08985985070466995
350,0.9566,0.4671,0,0,-0.5645294189453125,0.7701873779296875,0.1451873779296875,-0.14277073740959167,0.4107095003128052,0.1307167410850525
351,0.9592,0.4307,0,0,-0.5381622314453125,0.749847412109375,0.0918121337890625,-0.14277073740959167,0.4107095003128052,0.1307167410850525
352,0.9636,0.4041,0,0,-0.5426177978515625,0.754913330078125,0.061767578125,0.11208152770996094,0.1839756965637207,0.20223166048526764
353,0.9697,0.3907,0,0,-0.5438995361328125,0.7986297607421875,0.0652923583984375,0.267976850271225,0.078350730240345,0.23323965072631836
354,0.9777,0.3938,0,0,-0.5477752685546875,0.83160400390625,0.0879058837890625,0.30992642045021057,0.05609655752778053,0.2865327000617981
355,0.9875,0.4161,0,0,-0.5678863525390625,0.82659912109375,0.0971832275390625,0.30992642045021057,0.05609655752778053,0.2865327000617981
356,0.9992,0.4596,0,0,-0.6227569580078125,0.8169403076171875,0.0952301025390625,0.2452358603477478,0.15881840884685516,0.3441515266895294
357,1.0129,0.525,0,0,-0.6085968017578125,0.8430633544921875,0.122314453125,0.14922890067100525,0.49414899945259094,0.20858542621135712
358,1.0288,0.6117,0,0,-0.549102783203125,0.8662261962890625,0.1795501708984375,0.10753897577524185,0.47236567735671997,0.26037725806236267
359,1.047,0.7178,0,0,-0.576263427734375,0.86053466796875,0.2195281982421875,-0.06633028388023376,0.5077915787696838,0.28476089239120483
360,1.0675,0.8399,0,0,-0.623443603515625,0.8431396484375,0.2066650390625,-0.2739838659763336,0.7028300166130066,0.18764419853687286
361,1.0898,0.9734,0,0,-0.608734130859375,0.821685791015625,0.18865966796875,-0.373440682888031,0.8802306652069092,0.10131783038377762
362,1.1134,1.1129,0,0,-0.5825347900390625,0.82891845703125,0.197906494140625,-0.44637295603752136,1.0632550716400146,0.08716712892055511
363,1.1374,1.2525,0,0,-0.6225433349609375,0.8220672607421875,0.1937408447265625,-0.6457086801528931,1.2764594554901123,0.015593606978654861
364,1.1604,1.386,0,0,-0.6799163818359375,0.8309173583984375,0.111846923828125,-0.6457086801528931,1.2764594554901123,0.015593606978654861
365,1.181,1.5077,0,0,-0.736419677734375,0.986083984375,0.10418701171875,-1.1002085208892822,0.9439561367034912,-0.33688241243362427
366,1.1978,1.6126,0,0,-0.7594451904296875,1.100128173828125,0.0827789306640625,-1.4621531963348389,0.3412012755870819,-0.45483648777008057
367,1.2095,1.6964,0,0,-0.7546539306640625,1.139495849609375,-0.04437255859375,-1.6660264730453491,-0.1651490032672882,-0.5252033472061157
368,1.2152,1.7561,0,0,-0.7296142578125,1.0682220458984375,-0.2162017822265625,-1.2424395084381104,-0.8115256428718567,-0.7070700526237488
369,1.2145,1.7899,0,0,-0.6757965087890625,0.92767333984375,-0.3210296630859375,-0.34050270915031433,-1.2405483722686768,-1.0550293922424316
370,1.2072,1.7974,0,0,-0.540008544921875,0.8647308349609375,-0.2640838623046875,-0.34050270915031433,-1.2405483722686768,-1.0550293922424316
371,1.1933,1.7798,0,0,-0.337188720703125,0.8364105224609375,-0.10223388671875,0.455181360244751,-1.3512452840805054,-1.3508460521697998
372,1.1731,1.7397,0,0,-0.13555908203125,0.935150146484375,0.8115386962890625,-0.32383427023887634,-1.4617449045181274,-0.9680556058883667
373,1.1468,1.6812,0,0,-0.2777862548828125,0.8470916748046875,1.0410308837890625,-1.8883023262023926,-0.0016908409306779504,-0.6912513971328735
374,1.1151,1.6097,0,0,-0.3956451416015625,0.9361724853515625,0.2485198974609375,-1.912693977355957,0.44731226563453674,-0.3649257719516754
375,1.0785,1.5314,0,0,-0.462005615234375,0.89324951171875,-0.0746612548828125,-1.3164920806884766,-0.4613111615180969,-0.14781954884529114
376,1.038,1.4522,0,0,-0.6055145263671875,0.7896881103515625,-0.0756072998046875,-0.579134464263916,-0.9942725300788879,-0.15267422795295715
377,0.9948,1.3779,0,0,-0.73175048828125,0.7612457275390625,0.20855712890625,-0.4347943365573883,-1.0030971765518188,-0.3119001090526581
378,0.9506,1.3125,0,0,-0.7153167724609375,0.6930389404296875,0.280059814453125,-0.496386855840683,-0.8253034949302673,-0.4000917375087738
379,0.9073,1.2586,0,0,-0.6520538330078125,0.6546173095703125,0.1782073974609375,-0.37662503123283386,-0.8626782894134521,-0.47112810611724854
380,0.8674,1.2167,0,0,-0.6132354736328125,0.6321868896484375,0.114105224609375,-0.09850313514471054,-1.1084052324295044,-0.6283164024353027
381,0.8332,1.1858,0,0,-0.5210113525390625,0.6212615966796875,0.116973876953125,-0.09850313514471054,-1.1084052324295044,-0.6283164024353027
382,0.8072,1.1639,0,0,-0.3883056640625,0.643829345703125,0.156036376953125,0.3473859131336212,-1.3538283109664917,-0.614622175693512
383,0.7915,1.148,0,0,-0.2847137451171875,0.6642303466796875,0.18804931640625,0.5132009983062744,-1.2233110666275024,-0.3363921344280243
384,0.7877,1.1353,0,0,-0.249664306640625,0.66455078125,0.2393035888671875,0.6100659966468811,-1.0198410749435425,-0.026007631793618202
385,0.7968,1.1231,0,0,-0.2510833740234375,0.6605987548828125,0.3196258544921875,0.6100659966468811,-1.0198410749435425,-0.026007631793618202
386,0.8189,1.1091,0,0,-0.320648193359375,0.6704559326171875,0.4002532958984375,0.5512823462486267,-0.5313448309898376,0.2849028408527374
387,0.8532,1.0916,0,0,-0.427734375,0.6710968017578125,0.4384765625,0.2548013925552368,0.4990936815738678,0.45254775881767273
388,0.8981,1.0693,0,0,-0.482879638671875,0.6859893798828125,0.3849639892578125,0.2962239384651184,0.6933920383453369,0.4204942286014557
389,0.9512,1.0417,0,0,-0.4803009033203125,0.674407958984375,0.3544769287109375,0.4766080975532532,0.8745061755180359,0.4862822890281677
390,1.0095,1.0093,0,0,-0.5104217529296875,0.681060791015625,0.4098663330078125,0.5557343363761902,1.0894129276275635,0.5865236520767212
391,1.0692,0.9736,0,0,-0.573150634765625,0.7000885009765625,0.47607421875,0.5557343363761902,1.0894129276275635,0.5865236520767212
392,1.1266,0.9373,0,0,-0.671905517578125,0.6527099609375,0.5727691650390625,0.6718529462814331,0.6538795232772827,0.5828993916511536
393,1.1778,0.904,0,0,-0.819244384765625,0.70941162109375,0.5699462890625,0.4819895327091217,0.6331026554107666,0.4564373195171356
394,1.2195,0.8778,0,0,-0.8964080810546875,0.796600341796875,0.4037933349609375,0.4303455352783203,0.45703333616256714,0.23596645891666412
395,1.2489,0.8629,0,0,-0.8729248046875,0.7495574951171875,0.2707061767578125,0.8041835427284241,0.2154792845249176,0.029758427292108536
396,1.2641,0.8623,0,0,-0.8799591064453125,0.6629791259765625,0.642303466796875,0.7773447632789612,0.10541857033967972,-0.22308741509914398
397,1.2649,0.8777,0,0,-0.9094390869140625,0.755157470703125,0.8565521240234375,0.20892632007598877,0.1697690635919571,-0.5584065318107605
398,1.2518,0.9089,0,0,-0.631439208984375,0.9685516357421875,0.45245361328125,0.20892632007598877,0.1697690635919571,-0.5584065318107605
399,1.2268,0.9538,0,0,-0.4807586669921875,1.1483612060546875,0.0083160400390625,-0.045394111424684525,-0.20962220430374146,-0.4937945306301117
400,1.1931,1.0088,0,0,-0.4408721923828125,1.2533416748046875,-0.14471435546875,0.3809390962123871,-0.5767983198165894,-0.1941084861755371
401,1.1542,1.069,0,0,-0.395233154296875,1.0833587646484375,-0.0337066650390625,1.1666746139526367,-1.6505659818649292,0.5729889869689941
402,1.114,1.1295,0,0,-0.454193115234375,0.8577423095703125,0.4186248779296875,1.1666746139526367,-1.6505659818649292,0.5729889869689941
403,1.0761,1.1856,0,0,-0.690216064453125,0.6864166259765625,0.0771636962890625,-0.7350881099700928,-0.2801075577735901,0.27980074286460876
404,1.0433,1.2334,0,0,-0.616668701171875,0.7224273681640625,-0.1569671630859375,-0.7139878869056702,0.4106368124485016,-0.6021079421043396
405,1.0172,1.2696,0,0,-0.253997802734375,0.7017059326171875,-0.287567138671875,-0.09083829075098038,-0.1747121512889862,-0.7963511943817139
406,0.9985,1.292,0,0,0.00518798828125,0.7601470947265625,-0.3842315673828125,0.6980746984481812,0.020025106146931648,-0.008319448679685593
407,0.9863,1.2986,0,0,-0.15313720703125,0.9268951416015625,-0.306365966796875,1.3451781272888184,0.09535767883062363,0.671485424041748
408,0.9794,1.2882,0,0,-0.4856414794921875,0.9441375732421875,-0.115570068359375,1.7023879289627075,-0.01888873614370823,0.7158758044242859
409,0.9757,1.2606,0,0,-0.690765380859375,0.9416656494140625,0.1047515869140625,1.6039763689041138,0.050208840519189835,0.3705482482910156
410,0.9736,1.216,0,0,-0.6943511962890625,0.904571533203125,0.3211212158203125,1.077347993850708,0.23864400386810303,-0.0371369831264019
411,0.9717,1.1558,0,0,-0.541290283203125,0.838470458984375,0.4626312255859375,0.23310914635658264,0.49279823899269104,-0.12924054265022278
412,0.9692,1.082,0,0,-0.40948486328125,0.8179473876953125,0.330169677734375,-0.43939122557640076,0.9059336185455322,0.03292945399880409
413,0.9662,0.9974,0,0,-0.3516845703125,0.7661895751953125,0.11798095703125,-0.41061681509017944,1.02520751953125,0.21218043565750122
414,0.963,0.9053,0,0,-0.385498046875,0.71173095703125,0.0464935302734375,-0.26641571521759033,0.92223060131073,0.3538273274898529
415,0.9603,0.8096,0,0,-0.51678466796875,0.7311248779296875,0.05609130859375,-0.26641571521759033,0.92223060131073,0.3538273274898529
416,0.9588,0.7143,0,0,-0.6145477294921875,0.7231903076171875,0.0532379150390625,-0.08422726392745972,0.6772841811180115,0.24698501825332642
417,0.9591,0.6239,0,0,-0.663665771484375,0.7000885009765625,0.0521392822265625,-0.08422726392745972,0.6772841811180115,0.24698501825332642
418,0.9615,0.5428,0,0,-0.652801513671875,0.7423248291015625,0.085723876953125,0.04476906731724739,0.5305309891700745,0.08208661526441574
419,0.9658,0.4748,0,0,-0.5672760009765625,0.7849578857421875,0.1162109375,0.15300659835338593,0.17797692120075226,0.0412859208881855
420,0.9718,0.423,0,0,-0.5164794921875,0.7789764404296875,0.1303863525390625,0.10214314609766006,0.14373186230659485,0.172018364071846
421,0.9791,0.3895,0,0,-0.526580810546875,0.7740478515625,0.112091064453125,0.09925414621829987,0.14495772123336792,0.2177666872739792
422,0.9871,0.3754,0,0,-0.5349273681640625,0.8160552978515625,0.0821990966796875,0.18569156527519226,0.13243180513381958,0.264911025762558
423,0.9956,0.3808,0,0,-0.556488037109375,0.8651275634765625,0.0846405029296875,0.24591149389743805,0.17455582320690155,0.3507295250892639
424,1.0043,0.405,0,0,-0.5941162109375,0.877105712890625,0.1211395263671875,0.24591149389743805,0.17455582320690155,0.3507295250892639
425,1.0134,0.4471,0,0,-0.61480712890625,0.8497161865234375,0.1551361083984375,0.018699118867516518,0.5051987171173096,0.30603474378585815
426,1.0232,0.5058,0,0,-0.606414794921875,0.8275604248046875,0.160736083984375,0.018699118867516518,0.5051987171173096,0.30603474378585815
427,1.0344,0.5802,0,0,-0.5938873291015625,0.8364410400390625,0.1602020263671875,-0.09608152508735657,0.6141915321350098,0.2314734309911728
428,1.048,0.6692,0,0,-0.6084747314453125,0.873321533203125,0.1825714111328125,-0.17285965383052826,0.6546446681022644,0.15709801018238068
429,1.0646,0.7718,0,0,-0.61810302734375,0.839874267578125,0.201141357421875,-0.2634521424770355,0.7385616898536682,0.13250398635864258
430,1.0848,0.8867,0,0,-0.6304931640625,0.793487548828125,0.222137451171875,-0.2634521424770355,0.7385616898536682,0.13250398635864258
431,1.1087,1.012,0,0,-0.6573486328125,0.764190673828125,0.239837646484375,-0.348370224237442,0.8231543302536011,0.09765332192182541
432,1.1358,1.1447,0,0,-0.67572021484375,0.7890625,0.2016754150390625,-0.7132448554039001,1.0268774032592773,-0.14157816767692566
433,1.1651,1.281,0,0,-0.7069854736328125,0.846435546875,0.0989990234375,-0.89571213722229,0.8540842533111572,-0.354493647813797
434,1.1946,1.4156,0,0,-0.7441864013671875,1.0231475830078125,0.0576019287109375,-1.0194032192230225,0.37194639444351196,-0.557468593120575
435,1.2223,1.5422,0,0,-0.6707763671875,1.1287078857421875,-0.02001953125,-1.2193586826324463,-0.1683405488729477,-0.5046583414077759
436,1.2455,1.6538,0,0,-0.6388397216796875,1.1615447998046875,-0.1468048095703125,-1.1509215831756592,-0.8452460169792175,-0.510988712310791
437,1.2616,1.743,0,0,-0.616668701171875,1.0354156494140625,-0.2786865234375,-0.6086300611495972,-1.4810272455215454,-0.6783604025840759
438,1.2683,1.8032,0,0,-0.5377197265625,0.8770751953125,-0.3295135498046875,0.24437566101551056,-1.6051784753799438,-0.8829774260520935
439,1.2636,1.8291,0,0,-0.415863037109375,0.887939453125,-0.2151031494140625,0.877855122089386,-1.409459114074707,-0.9476081132888794
440,1.2462,1.8178,0,0,-0.2662200927734375,1.00299072265625,-0.0064697265625,1.2626206874847412,-1.2868127822875977,-0.8454707860946655
441,1.2158,1.7693,0,0,-0.2239532470703125,1.173858642578125,1.726470947265625,-0.9175242185592651,-1.437691569328308,-0.7927354574203491
442,1.1733,1.6868,0,0,-0.321075439453125,0.8869476318359375,0.77496337890625,-2.108783721923828,-0.3288191556930542,-0.42126229405403137
443,1.1209,1.5767,0,0,-0.4044342041015625,0.9624176025390625,0.0162506103515625,-1.799553632736206,-0.22909177839756012,-0.1841152459383011
444,1.0617,1.4477,0,0,-0.5223388671875,0.8306732177734375,-0.1092681884765625,-1.0987027883529663,-0.5024657845497131,-0.297114759683609
445,0.9998,1.3103,0,0,-0.5741729736328125,0.7054290771484375,0.13232421875,-0.8187459707260132,-0.4965069591999054,-0.5132837891578674
446,0.9394,1.1751,0,0,-0.5109100341796875,0.6651458740234375,0.28668212890625,-0.8934087753295898,-0.3014650344848633,-0.5174170136451721
447,0.8846,1.0519,0,0,-0.4330902099609375,0.6250457763671875,0.2509002685546875,-0.9154187440872192,-0.1927926242351532,-0.39913061261177063
448,0.8388,0.9484,0,0,-0.3961334228515625,0.6104888916015625,0.15899658203125,-0.7028481364250183,-0.2178329974412918,-0.18388834595680237
449,0.8046,0.8692,0,0,-0.42474365234375,0.5878448486328125,0.1190643310546875,-0.35641324520111084,-0.3653537333011627,0.007382815238088369
450,0.7836,0.816,0,0,-0.5230865478515625,0.595855712890625,0.1634674072265625,-0.016264190897345543,-0.6073480248451233,-0.012466789223253727
451,0.7762,0.7874,0,0,-0.53948974609375,0.624420166015625,0.1905059814453125,0.28579285740852356,-0.8105325102806091,-0.09069980680942535
452,0.7823,0.7793,0,0,-0.4436492919921875,0.6583404541015625,0.2127838134765625,0.5523012280464172,-0.8090893626213074,0.010180465877056122
453,0.8009,0.7863,0,0,-0.375030517578125,0.6756439208984375,0.2726898193359375,0.7118770480155945,-0.5925184488296509,0.20080314576625824
454,0.8305,0.8022,0,0,-0.396881103515625,0.69903564453125,0.3402099609375,0.805754542350769,-0.20182153582572937,0.32615014910697937
455,0.8693,0.8212,0,0,-0.4325714111328125,0.702178955078125,0.461181640625,0.805754542350769,-0.20182153582572937,0.32615014910697937
456,0.9154,0.8387,0,0,-0.4408416748046875,0.693603515625,0.530364990234375,0.5295410752296448,0.47186633944511414,0.3256707787513733
457,0.9666,0.852,0,0,-0.427642822265625,0.6779327392578125,0.5048980712890625,0.3975881040096283,0.6587746739387512,0.3652527928352356
458,1.0206,0.8602,0,0,-0.44580078125,0.6923828125,0.4587860107421875,0.40460288524627686,0.9116514325141907,0.44581928849220276
459,1.075,0.8643,0,0,-0.522064208984375,0.6688079833984375,0.4688873291015625,0.5976034998893738,0.9186899065971375,0.43945619463920593
460,1.1269,0.8669,0,0,-0.6431121826171875,0.65106201171875,0.5642242431640625,0.5592228174209595,0.5768252611160278,0.3258556127548218
461,1.1735,0.8716,0,0,-0.7536468505859375,0.7264251708984375,0.5333099365234375,0.35245898365974426,0.5568278431892395,0.18984556198120117
462,1.2122,0.8819,0,0,-0.7993011474609375,0.7438201904296875,0.359710693359375,0.35245898365974426,0.5568278431892395,0.18984556198120117
463,1.2404,0.9006,0,0,-0.823333740234375,0.7515411376953125,0.351409912109375,0.8830301761627197,0.3910335302352905,0.0443248525261879
464,1.2563,0.929,0,0,-0.85662841796875,0.741424560546875,0.65338134765625,0.7747673392295837,-0.04107632860541344,-0.18141479790210724
465,1.259,0.9665,0,0,-0.8255767822265625,0.9038543701171875,0.6580963134765625,0.2076786309480667,-0.3314383924007416,-0.33317476511001587
466,1.2486,1.0107,0,0,-0.5797271728515625,1.227447509765625,0.2532501220703125,0.05020245164632797,-0.3960708975791931,-0.1234566867351532
467,1.2267,1.0572,0,0,-0.4383392333984375,1.285369873046875,-0.1382598876953125,0.6936658620834351,-0.6536547541618347,0.41323232650756836
468,1.1956,1.1012,0,0,-0.452178955078125,1.2216339111328125,-0.1226959228515625,1.2482006549835205,-1.3118952512741089,0.7395166754722595
469,1.1588,1.1376,0,0,-0.5027008056640625,1.0395050048828125,0.3170013427734375,0.5594584941864014,-1.9173535108566284,0.6950283050537109
470,1.12,1.1619,0,0,-0.665802001953125,0.717987060546875,0.3931732177734375,-0.6324645280838013,-0.43158361315727234,0.18873955309391022
471,1.0825,1.1713,0,0,-0.593414306640625,0.6058807373046875,-0.1068572998046875,-0.9306538701057434,0.33852505683898926,-0.5301637053489685
472,1.0491,1.1641,0,0,-0.289794921875,0.589569091796875,-0.3211212158203125,-0.32173728942871094,-0.007935155183076859,-0.8201912641525269
473,1.0215,1.14,0,0,0.00152587890625,0.7748565673828125,-0.444580078125,0.6416609883308411,-0.05113295838236809,-0.12978330254554749
474,1.0002,1.1,0,0,-0.11865234375,0.9210205078125,-0.3491668701171875,0.6416609883308411,-0.05113295838236809,-0.12978330254554749
475,0.9844,1.046,0,0,-0.4473724365234375,0.9198150634765625,-0.0733489990234375,1.7035008668899536,-0.05078115686774254,0.6564883589744568
476,0.9732,0.9807,0,0,-0.7178802490234375,0.8861236572265625,0.254180908203125,1.7035008668899536,-0.05078115686774254,0.6564883589744568
477,0.9648,0.9076,0,0,-0.7288665771484375,0.885986328125,0.482086181640625,0.47653618454933167,0.12129926681518555,-0.21735921502113342
478,0.9582,0.8306,0,0,-0.5102691650390625,0.876495361328125,0.3845672607421875,-0.16168422996997833,0.3481537103652954,-0.23642025887966156
479,0.9524,0.7535,0,0,-0.40118408203125,0.83660888671875,0.1504364013671875,-0.2947229743003845,0.3983452320098877,-0.10197190195322037
480,0.9471,0.68,0,0,-0.3753509521484375,0.7630767822265625,0.0147705078125,-0.1743614226579666,0.5431775450706482,0.026562102138996124
481,0.9424,0.6128,0,0,-0.373687744140625,0.7205963134765625,-0.0326995849609375,0.1411059945821762,0.6111152768135071,0.09504049271345139
482,0.9387,0.5541,0,0,-0.3757476806640625,0.72650146484375,-0.0028076171875,0.1411059945821762,0.6111152768135071,0.09504049271345139
483,0.9365,0.5053,0,0,-0.4552764892578125,0.784393310546875,0.0745697021484375,0.48023557662963867,0.43001794815063477,0.30835676193237305
484,0.9363,0.4674,0,0,-0.5610198974609375,0.795379638671875,0.1619873046875,0.41144028306007385,0.38685956597328186,0.2517677843570709
485,0.9385,0.4407,0,0,-0.6084442138671875,0.765350341796875,0.2117462158203125,0.2372293323278427,0.356435090303421,0.14902569353580475
486,0.9431,0.4254,0,0,-0.5902862548828125,0.76275634765625,0.207794189453125,0.06491588056087494,0.33791759610176086,0.07713127136230469
487,0.9502,0.4211,0,0,-0.5107269287109375,0.7891082763671875,0.1519622802734375,-0.0017180051654577255,0.25540485978126526,0.15174052119255066
488,0.9599,0.4271,0,0,-0.4892425537109375,0.798004150390625,0.0913238525390625,0.058646269142627716,0.20720139145851135,0.24670858681201935
489,0.9718,0.4426,0,0,-0.494232177734375,0.7910614013671875,0.06622314453125,0.20534782111644745,0.16064560413360596,0.31648901104927063
490,0.9858,0.4664,0,0,-0.5171356201171875,0.8043975830078125,0.0791015625,0.20534782111644745,0.16064560413360596,0.31648901104927063
491,1.0014,0.4974,0,0,-0.540802001953125,0.8332672119140625,0.1004638671875,0.32492348551750183,0.15516561269760132,0.34576112031936646
492,1.0183,0.5346,0,0,-0.55010986328125,0.8585662841796875,0.1320037841796875,0.40782609581947327,0.33555084466934204,0.3957153856754303
493,1.0361,0.5776,0,0,-0.5708160400390625,0.867431640625,0.1826324462890625,0.28055471181869507,0.45023852586746216,0.42101752758026123
494,1.0544,0.6264,0,0,-0.6330413818359375,0.8348236083984375,0.222930908203125,0.07404093444347382,0.619783878326416,0.3505428433418274
495,1.073,0.6816,0,0,-0.690216064453125,0.8409423828125,0.2481689453125,-0.14980387687683105,0.6747297048568726,0.17467007040977478
496,1.0916,0.7446,0,0,-0.692413330078125,0.8487396240234375,0.2321929931640625,-0.33771970868110657,0.6534848809242249,0.04502633213996887
497,1.1103,0.8166,0,0,-0.6669464111328125,0.8601226806640625,0.197052001953125,-0.4621726870536804,0.6738961338996887,-0.02942872792482376
498,1.1288,0.8987,0,0,-0.6419830322265625,0.851898193359375,0.1605682373046875,-0.5195803046226501,0.7368399500846863,-0.01908288151025772
499,1.147,0.9916,0,0,-0.71160888671875,0.81610107421875,0.1249237060546875,-0.5195803046226501,0.7368399500846863,-0.01908288151025772
500,1.1646,1.0947,0,0,-0.739837646484375,0.84979248046875,0.0899810791015625,-0.6628082990646362,0.8944740295410156,-0.4018494188785553
501,1.1812,1.2063,0,0,-0.70770263671875,1.0153961181640625,0.057861328125,-0.8038000464439392,0.6233991384506226,-0.6550531983375549
502,1.196,1.3229,0,0,-0.586639404296875,1.102935791015625,0.01287841796875,-0.8594233989715576,-0.22801852226257324,-0.6941505074501038
503,1.2083,1.4394,0,0,-0.5207366943359375,1.1613006591796875,-0.075439453125,-1.0245537757873535,-0.7378863096237183,-0.52825927734375
504,1.2172,1.5496,0,0,-0.516632080078125,1.1190643310546875,-0.1909637451171875,-0.9094766974449158,-1.0472302436828613,-0.5064746737480164
505,1.2215,1.6461,0,0,-0.4713134765625,0.9519805908203125,-0.300079345703125,-0.9094766974449158,-1.0472302436828613,-0.5064746737480164
506,1.2202,1.7214,0,0,-0.3987884521484375,0.868316650390625,-0.2775421142578125,-0.24468271434307098,-1.164825677871704,-0.6012690663337708
507,1.2121,1.769,0,0,-0.2781524658203125,0.9066925048828125,-0.1238861083984375,1.244194746017456,-0.7889308333396912,-0.8049049973487854
508,1.1963,1.784,0,0,-0.135711669921875,1.135986328125,1.063079833984375,-0.3263762593269348,-2.175577402114868,-0.7762997150421143
509,1.1726,1.7643,0,0,-0.219451904296875,0.873870849609375,1.227935791015625,-2.1556527614593506,-0.22646430134773254,-0.45031416416168213
510,1.141,1.711,0,0,-0.32879638671875,0.937530517578125,0.2734222412109375,-2.442537546157837,0.48063957691192627,0.04562660679221153
511,1.1026,1.6287,0,0,-0.456878662109375,0.9551849365234375,-0.1262054443359375,-1.703768253326416,0.17628873884677887,0.04710359498858452
512,1.0589,1.5247,0,0,-0.6187286376953125,0.823974609375,-0.1175994873046875,-0.9220028519630432,-0.41571012139320374,-0.38593199849128723
513,1.0121,1.4082,0,0,-0.6281890869140625,0.7380523681640625,0.1644287109375,-0.687390923500061,-0.5411178469657898,-0.6663362383842468
514,0.9649,1.2887,0,0,-0.5304718017578125,0.678375244140625,0.3273773193359375,-0.687390923500061,-0.5411178469657898,-0.6663362383842468
515,0.9197,1.1751,0,0,-0.49041748046875,0.6877288818359375,0.2717742919921875,-0.7549222707748413,-0.3587704002857208,-0.5660439729690552
516,0.8792,1.074,0,0,-0.496673583984375,0.68646240234375,0.17266845703125,-0.41836315393447876,-0.5425000190734863,-0.2948116660118103
517,0.8457,0.9897,0,0,-0.5400390625,0.66033935546875,0.1466064453125,-0.07052396982908249,-0.7594200968742371,-0.34418293833732605
518,0.821,0.9238,0,0,-0.522796630859375,0.6504058837890625,0.16839599609375,0.25715404748916626,-0.9157457947731018,-0.400256872177124
519,0.8064,0.8756,0,0,-0.3987579345703125,0.6639862060546875,0.1897735595703125,0.5374224185943604,-0.9618666768074036,-0.30304908752441406
520,0.8029,0.8426,0,0,-0.2917633056640625,0.6686859130859375,0.2324371337890625,0.7098679542541504,-0.7816588282585144,-0.08238781988620758
521,0.8107,0.8211,0,0,-0.3221588134765625,0.67437744140625,0.28582763671875,0.7565758228302002,-0.42076507210731506,0.08644407987594604
522,0.8294,0.8074,0,0,-0.360443115234375,0.6693115234375,0.359588623046875,0.7243614196777344,-0.024160197004675865,0.20199331641197205
523,0.8583,0.7977,0,0,-0.391754150390625,0.670440673828125,0.47747802734375,0.5649938583374023,0.26545724272727966,0.22686457633972168
524,0.896,0.7893,0,0,-0.424072265625,0.679168701171875,0.49761962890625,0.4259537160396576,0.4997709393501282,0.250489741563797
525,0.9409,0.7807,0,0,-0.4644317626953125,0.69696044921875,0.4474945068359375,0.39027559757232666,0.7071115970611572,0.30209726095199585
526,0.9907,0.7715,0,0,-0.50836181640625,0.71112060546875,0.41326904296875,0.5143961906433105,0.7464576959609985,0.32893314957618713
527,1.043,0.7628,0,0,-0.5362396240234375,0.683349609375,0.450897216796875,0.6209836602210999,0.5227260589599609,0.38475513458251953
528,1.095,0.757,0,0,-0.612274169921875,0.696746826171875,0.4840850830078125,0.6209836602210999,0.5227260589599609,0.38475513458251953
529,1.1437,0.7572,0,0,-0.7121429443359375,0.731170654296875,0.4313201904296875,0.5804319381713867,0.4040537178516388,0.26056981086730957
530,1.1864,0.7666,0,0,-0.7533111572265625,0.77239990234375,0.3968963623046875,0.684114933013916,0.26137036085128784,0.15057140588760376
531,1.2203,0.7879,0,0,-0.7740478515625,0.762420654296875,0.5320587158203125,0.6732655167579651,0.24514557421207428,0.03557717055082321
532,1.2433,0.8228,0,0,-0.7935638427734375,0.7066802978515625,0.744964599609375,0.3572723865509033,0.4793647229671478,-0.09803415834903717
533,1.2541,0.8711,0,0,-0.80438232421875,0.78009033203125,0.7770538330078125,-0.1963881552219391,0.6806120872497559,-0.3008591830730438
534,1.2524,0.9306,0,0,-0.673675537109375,0.924713134765625,0.4056549072265625,-0.12143108993768692,0.1660880446434021,-0.4121159315109253
535,1.2389,0.9973,0,0,-0.48602294921875,1.1597442626953125,-0.0225067138671875,0.32280707359313965,-0.4110994040966034,-0.13939064741134644
536,1.2153,1.0658,0,0,-0.3949432373046875,1.27978515625,-0.20062255859375,1.0055088996887207,-0.5451400279998779,0.3025830388069153
537,1.1844,1.1303,0,0,-0.4002532958984375,1.2455291748046875,-0.1024627685546875,1.5552599430084229,-1.1916162967681885,0.5931528210639954
538,1.1494,1.1852,0,0,-0.457427978515625,1.0075836181640625,0.58172607421875,0.5504841804504395,-1.9530816078186035,0.6184390187263489
539,1.1135,1.2258,0,0,-0.6670684814453125,0.6758880615234375,0.3336639404296875,-0.6209210753440857,-0.2906246483325958,0.1970512866973877
540,1.0798,1.249,0,0,-0.5817718505859375,0.64398193359375,-0.099334716796875,-0.9143729209899902,0.5145695805549622,-0.43530458211898804
541,1.0506,1.2529,0,0,-0.3271636962890625,0.622772216796875,-0.27593994140625,-0.40391606092453003,0.06948000937700272,-0.7729201912879944
542,1.0269,1.2373,0,0,-0.049346923828125,0.8249359130859375,-0.392333984375,0.4370875954627991,-0.11433909088373184,-0.2245582789182663
543,1.009,1.203,0,0,-0.0647735595703125,0.9455413818359375,-0.3441619873046875,1.110884428024292,0.14845684170722961,0.5893501043319702
544,0.996,1.1518,0,0,-0.3871307373046875,0.9925689697265625,-0.1630706787109375,1.5083284378051758,0.14588795602321625,0.8516511917114258
545,0.9865,1.0869,0,0,-0.675445556640625,0.9625091552734375,0.0386505126953125,1.5083284378051758,0.14588795602321625,0.8516511917114258
546,0.9793,1.0122,0,0,-0.704681396484375,0.904754638671875,0.222991943359375,1.2665094137191772,-0.28058719635009766,0.06318509578704834
547,0.973,0.9325,0,0,-0.5634613037109375,0.8753814697265625,0.3292083740234375,0.6632363200187683,-0.2571183443069458,-0.1251983940601349
548,0.967,0.8523,0,0,-0.432586669921875,0.8589019775390625,0.28448486328125,0.06526529043912888,0.17215977609157562,-0.04042172431945801
549,0.9609,0.776,0,0,-0.3604583740234375,0.7882232666015625,0.1368865966796875,-0.1098031997680664,0.5079862475395203,0.07330776751041412
550,0.9552,0.7066,0,0,-0.34033203125,0.7456207275390625,0.035797119140625,-0.1098031997680664,0.5079862475395203,0.07330776751041412
551,0.9501,0.6459,0,0,-0.355194091796875,0.7655792236328125,0.0337982177734375,0.11478570103645325,0.6668049097061157,0.29012930393218994
552,0.9462,0.5944,0,0,-0.434844970703125,0.770721435546875,0.08648681640625,0.18361856043338776,0.6035306453704834,0.3571261763572693
553,0.9439,0.5518,0,0,-0.561767578125,0.766632080078125,0.1470794677734375,0.1582210659980774,0.6572971940040588,0.2817656397819519
554,0.9433,0.5172,0,0,-0.6290130615234375,0.762054443359375,0.193023681640625,0.060749899595975876,0.6011505722999573,0.07542365044355392
555,0.9446,0.4899,0,0,-0.599884033203125,0.761749267578125,0.200653076171875,-0.023124493658542633,0.4599950313568115,-0.02491493709385395
556,0.9476,0.4696,0,0,-0.5408935546875,0.7694091796875,0.1821441650390625,-0.104249969124794,0.4256594181060791,-0.026133332401514053
557,0.9522,0.4566,0,0,-0.4962615966796875,0.77557373046875,0.14886474609375,-0.15402178466320038,0.47640836238861084,0.04210324585437775
558,0.9584,0.4523,0,0,-0.475921630859375,0.783935546875,0.12103271484375,-0.15165743231773376,0.48759230971336365,0.1085781455039978
559,0.966,0.4587,0,0,-0.4576873779296875,0.835205078125,0.09136962890625,-0.06422878801822662,0.41457828879356384,0.24466221034526825
560,0.9751,0.4783,0,0,-0.5059814453125,0.859771728515625,0.07806396484375,-0.06422878801822662,0.41457828879356384,0.24466221034526825
561,0.9859,0.5141,0,0,-0.5732269287109375,0.8405303955078125,0.09405517578125,0.11650823801755905,0.46200624108314514,0.3637861907482147
562,0.9986,0.5685,0,0,-0.6164398193359375,0.822601318359375,0.1188507080078125,0.07760504633188248,0.5640495419502258,0.24370454251766205
563,1.0135,0.6434,0,0,-0.578704833984375,0.8458099365234375,0.13671875,0.04303961247205734,0.6270396709442139,0.1968563348054886
564,1.031,0.7391,0,0,-0.5430908203125,0.857269287109375,0.1505584716796875,0.026448385789990425,0.5991837978363037,0.23532091081142426
565,1.0513,0.8544,0,0,-0.561981201171875,0.8535308837890625,0.1672821044921875,0.021081583574414253,0.6261405944824219,0.22087432444095612
566,1.0744,0.9861,0,0,-0.5745697021484375,0.8426055908203125,0.1939697265625,-0.009838249534368515,0.7585010528564453,0.18151946365833282
567,1.0999,1.129,0,0,-0.58563232421875,0.8400726318359375,0.2392425537109375,-0.08810269087553024,0.8987545371055603,0.12822960317134857
568,1.1271,1.2763,0,0,-0.6239776611328125,0.8480224609375,0.2841339111328125,-0.2805834710597992,1.108229160308838,0.01738724671304226
569,1.1549,1.4204,0,0,-0.679046630859375,0.8510284423828125,0.29278564453125,-0.6988148093223572,1.2549539804458618,-0.23782294988632202
570,1.1819,1.5533,0,0,-0.6688079833984375,0.930450439453125,0.2261199951171875,-1.2357929944992065,1.1491601467132568,-0.5246397852897644
571,1.2065,1.6683,0,0,-0.6353607177734375,1.103485107421875,0.13262939453125,-1.7661128044128418,0.7119931578636169,-0.754493772983551
572,1.227,1.76,0,0,-0.4889984130859375,1.19305419921875,-0.0116119384765625,-1.7661128044128418,0.7119931578636169,-0.754493772983551
573,1.2419,1.825,0,0,-0.48370361328125,1.225830078125,-0.1619110107421875,-2.200685739517212,0.48582902550697327,-0.5346024036407471
574,1.2499,1.8623,0,0,-0.6106109619140625,1.0674896240234375,-0.297698974609375,-1.570033311843872,-0.7775077223777771,-0.37180763483047485
575,1.2498,1.8725,0,0,-0.6687774658203125,0.910797119140625,-0.3502960205078125,-0.6283504962921143,-0.9111030697822571,-0.7027086019515991
576,1.241,1.8576,0,0,-0.60772705078125,0.843017578125,-0.285369873046875,-0.6283504962921143,-0.9111030697822571,-0.7027086019515991
577,1.2231,1.8204,0,0,-0.4462738037109375,0.902069091796875,-0.1310882568359375,1.0433557033538818,0.0022743395529687405,-1.112096905708313
578,1.1961,1.764,0,0,-0.2445526123046875,1.055328369140625,0.6097412109375,0.06351052969694138,-1.386976957321167,-0.9227389693260193
579,1.1605,1.6919,0,0,-0.26898193359375,0.8708343505859375,1.4861602783203125,-1.8471205234527588,-0.17528553307056427,-0.6545381546020508
580,1.1177,1.6081,0,0,-0.32196044921875,0.8003387451171875,0.3738861083984375,-2.239872932434082,-0.13350346684455872,-0.06046680733561516
581,1.0694,1.517,0,0,-0.48760986328125,0.835357666015625,-0.1100006103515625,-2.239872932434082,-0.13350346684455872,-0.06046680733561516
582,1.0179,1.4235,0,0,-0.6926116943359375,0.7424163818359375,-0.1110687255859375,-1.0293325185775757,-0.4413856565952301,-0.34001803398132324
583,0.9658,1.3326,0,0,-0.686370849609375,0.6409454345703125,0.103057861328125,-0.8132095336914062,-0.33873650431632996,-0.5923067331314087
584,0.916,1.2487,0,0,-0.5381622314453125,0.6524658203125,0.228729248046875,-0.7186185717582703,-0.28792473673820496,-0.4791002869606018
585,0.8713,1.1753,0,0,-0.4972076416015625,0.663238525390625,0.2139739990234375,-0.5070634484291077,-0.5465893149375916,-0.3295659124851227
586,0.8341,1.1141,0,0,-0.5047760009765625,0.6406707763671875,0.16668701171875,-0.5070634484291077,-0.5465893149375916,-0.3295659124851227
587,0.8066,1.0653,0,0,-0.5239105224609375,0.6397247314453125,0.1437835693359375,0.07669291645288467,-1.2072244882583618,-0.3136761784553528
588,0.7905,1.0276,0,0,-0.4571380615234375,0.6476898193359375,0.1436920166015625,0.07669291645288467,-1.2072244882583618,-0.3136761784553528
589,0.7867,0.9986,0,0,-0.3311614990234375,0.663299560546875,0.1643218994140625,0.6470485329627991,-1.1212600469589233,-0.10550911724567413
590,0.7959,0.9756,0,0,-0.3200531005859375,0.6558837890625,0.2277374267578125,0.802168607711792,-0.7875140309333801,0.09687221795320511
591,0.8176,0.9556,0,0,-0.3514404296875,0.6805267333984375,0.3404083251953125,0.7705185413360596,-0.28197309374809265,0.27482545375823975
592,0.851,0.9365,0,0,-0.3974456787109375,0.6999359130859375,0.438873291015625,0.6591656804084778,0.15917660295963287,0.32414692640304565
593,0.8946,0.9165,0,0,-0.4448089599609375,0.699188232421875,0.42767333984375,0.6496475338935852,0.3136165142059326,0.24418337643146515
594,0.9461,0.8946,0,0,-0.412078857421875,0.6963653564453125,0.4118499755859375,0.7428762912750244,0.4178188145160675,0.2822631299495697
595,1.0028,0.8711,0,0,-0.4163818359375,0.6918792724609375,0.4736328125,0.7442030310630798,0.525939404964447,0.4129447042942047
596,1.0614,0.8468,0,0,-0.5355987548828125,0.713958740234375,0.52838134765625,0.7414488196372986,0.5886608362197876,0.420212984085083
597,1.1183,0.8238,0,0,-0.61663818359375,0.708038330078125,0.5846710205078125,0.6605150699615479,0.4138248562812805,0.3789198696613312
598,1.1698,0.8048,0,0,-0.7060699462890625,0.7500152587890625,0.5149993896484375,0.5726238489151001,0.428877592086792,0.28995487093925476
599,1.2124,0.7928,0,0,-0.7611236572265625,0.78076171875,0.3964080810546875,0.6477614641189575,0.4360308349132538,0.20583118498325348
600,1.243,0.7908,0,0,-0.772491455078125,0.7696380615234375,0.4087066650390625,0.8124798536300659,0.3728199005126953,0.08599533885717392
601,1.2592,0.8013,0,0,-0.8016204833984375,0.7372283935546875,0.6260528564453125,0.726175844669342,0.3982352614402771,-0.06665785610675812
602,1.26,0.8257,0,0,-0.8643951416015625,0.80389404296875,0.7225494384765625,0.27603691816329956,0.4240298271179199,-0.3506791889667511
603,1.2455,0.8643,0,0,-0.7248382568359375,1.0530242919921875,0.4727783203125,-0.012749883346259594,-0.08711119741201401,-0.45497363805770874
604,1.2176,0.9157,0,0,-0.4841461181640625,1.2476348876953125,0.0888824462890625,-0.012749883346259594,-0.08711119741201401,-0.45497363805770874
605,1.1792,0.977,0,0,-0.481781005859375,1.2255706787109375,-0.138214111328125,0.7485498785972595,-0.8261298537254333,0.1780509650707245
606,1.1348,1.0444,0,0,-0.5030975341796875,1.083282470703125,-0.0515289306640625,1.1272132396697998,-1.304322600364685,0.25812503695487976
607,1.089,1.1135,0,0,-0.41546630859375,0.9642333984375,0.4055023193359375,0.32055431604385376,-1.7650853395462036,0.2861388027667999
608,1.0466,1.1796,0,0,-0.5396270751953125,0.68011474609375,0.2204437255859375,-0.587273895740509,-0.4951378405094147,0.040717869997024536
609,1.0115,1.2383,0,0,-0.48486328125,0.6258544921875,-0.0617218017578125,-0.8375300765037537,0.5275682210922241,-0.3978075683116913
610,0.9863,1.2853,0,0,-0.247100830078125,0.612884521484375,-0.1856689453125,-0.5193968415260315,0.41598814725875854,-0.6118530035018921
611,0.9719,1.3166,0,0,-0.0165863037109375,0.7867584228515625,-0.318145751953125,-0.5193968415260315,0.41598814725875854,-0.6118530035018921
612,0.9676,1.3288,0,0,-0.071746826171875,0.8599395751953125,-0.3295135498046875,0.9094870686531067,0.12973402440547943,0.7485525012016296
613,0.9713,1.3197,0,0,-0.388671875,0.94085693359375,-0.2005767822265625,1.42724609375,0.10815177112817764,1.0378642082214355
614,0.9799,1.2879,0,0,-0.70654296875,0.96551513671875,-0.03863525390625,1.6526975631713867,0.04783303663134575,0.6975463032722473
615,0.9902,1.2342,0,0,-0.7822723388671875,0.9226226806640625,0.1253509521484375,1.5793194770812988,-0.04628893360495567,0.17885363101959229
616,0.9991,1.1607,0,0,-0.672149658203125,0.85650634765625,0.2829742431640625,1.2285236120224,-0.2085268497467041,-0.16209116578102112
617,1.0047,1.0714,0,0,-0.4752349853515625,0.836029052734375,0.4093475341796875,0.5513030886650085,-0.10523959994316101,-0.19431275129318237
618,1.0057,0.9712,0,0,-0.3607177734375,0.826019287109375,0.33795166015625,0.5513030886650085,-0.10523959994316101,-0.19431275129318237
619,1.0019,0.8654,0,0,-0.3828125,0.8034820556640625,0.1690673828125,-0.3680459260940552,0.8972344398498535,0.2881971597671509
620,0.9941,0.7594,0,0,-0.4626922607421875,0.787933349609375,0.0515899658203125,-0.17068572342395782,0.7704583406448364,0.23519547283649445
621,0.9836,0.6576,0,0,-0.5268707275390625,0.7723388671875,0.033477783203125,0.09217946231365204,0.5202346444129944,0.1816510260105133
622,0.9718,0.5641,0,0,-0.555938720703125,0.790191650390625,0.0950469970703125,0.15981709957122803,0.47561872005462646,0.1287880688905716
623,0.9603,0.4818,0,0,-0.5668792724609375,0.7874908447265625,0.1287994384765625,0.17506448924541473,0.4348427951335907,0.07028774172067642
624,0.9507,0.4127,0,0,-0.5685577392578125,0.76055908203125,0.159881591796875,0.13623853027820587,0.35604387521743774,-0.0005073322099633515
625,0.9441,0.3583,0,0,-0.5315093994140625,0.7584228515625,0.1837310791015625,0.035887960344552994,0.2949243187904358,-0.02719699963927269
626,0.9414,0.3197,0,0,-0.45196533203125,0.7774810791015625,0.1661224365234375,-0.036256007850170135,0.31667008996009827,0.11480328440666199
627,0.9431,0.2979,0,0,-0.463836669921875,0.775421142578125,0.126617431640625,-0.006620618514716625,0.29170721769332886,0.24321691691875458
628,0.9494,0.2941,0,0,-0.5232391357421875,0.768402099609375,0.104095458984375,0.07249923050403595,0.2584027945995331,0.24081633985042572
629,0.9601,0.3101,0,0,-0.537200927734375,0.78411865234375,0.1128997802734375,0.0991889014840126,0.31083083152770996,0.24549178779125214
630,0.9748,0.3478,0,0,-0.5572052001953125,0.813995361328125,0.12908935546875,0.03879426792263985,0.4757162034511566,0.2712738513946533
631,0.9931,0.4095,0,0,-0.5844268798828125,0.8439788818359375,0.1326751708984375,-0.015533419325947762,0.5290910005569458,0.2626931369304657
632,1.0146,0.497,0,0,-0.613067626953125,0.8453521728515625,0.1266937255859375,0.008400674909353256,0.5583431720733643,0.22135156393051147
633,1.0386,0.6115,0,0,-0.6356964111328125,0.862640380859375,0.1561431884765625,0.03729037940502167,0.4763164818286896,0.15740028023719788
634,1.0649,0.7524,0,0,-0.642303466796875,0.8795623779296875,0.1879119873046875,-0.007339671719819307,0.48037272691726685,0.044619131833314896
635,1.093,0.917,0,0,-0.59832763671875,0.88262939453125,0.21600341796875,-0.007339671719819307,0.48037272691726685,0.044619131833314896
636,1.1224,1.1003,0,0,-0.5853424072265625,0.8418426513671875,0.249969482421875,-0.2115420699119568,0.824201226234436,-0.025043034926056862
637,1.1525,1.2947,0,0,-0.6474456787109375,0.810882568359375,0.290557861328125,-0.503437340259552,1.1047356128692627,-0.1377091258764267
638,1.1821,1.4909,0,0,-0.710845947265625,0.8191070556640625,0.279022216796875,-0.9743862152099609,1.2697006464004517,-0.41987743973731995
639,1.2102,1.6786,0,0,-0.7299346923828125,0.90399169921875,0.19622802734375,-0.9743862152099609,1.2697006464004517,-0.41987743973731995
640,1.2352,1.8474,0,0,-0.699188232421875,1.0660552978515625,0.11212158203125,-1.9195846319198608,0.7108672261238098,-1.0089832544326782
641,1.2556,1.9879,0,0,-0.6190185546875,1.166107177734375,-0.0233917236328125,-2.228134870529175,0.1818731278181076,-0.9507647752761841
642,1.2698,2.093,0,0,-0.60467529296875,1.21466064453125,-0.18121337890625,-2.0271267890930176,-0.6213602423667908,-0.8273687958717346
643,1.2765,2.1577,0,0,-0.607208251953125,1.0932769775390625,-0.3500518798828125,-1.1182464361190796,-1.0923982858657837,-0.8251985907554626
644,1.2747,2.1799,0,0,-0.5987091064453125,0.95751953125,-0.437530517578125,0.13028477132320404,-1.1804602146148682,-0.9514244198799133
645,1.2637,2.1602,0,0,-0.5305938720703125,0.9303436279296875,-0.37237548828125,1.4070254564285278,-0.7242924571037292,-1.1075916290283203
646,1.2433,2.102,0,0,-0.3809661865234375,0.947296142578125,-0.159698486328125,1.9358419179916382,-0.9916850328445435,-1.0483957529067993
647,1.2138,2.0112,0,0,-0.174560546875,1.0267181396484375,0.81591796875,0.43387821316719055,-2.616663932800293,-0.7990444898605347
648,1.1762,1.8961,0,0,-0.26171875,0.7588958740234375,1.5654754638671875,-1.9409815073013306,-0.37519198656082153,-0.28413957357406616
649,1.1319,1.7664,0,0,-0.292388916015625,0.784759521484375,0.4068450927734375,-1.9409815073013306,-0.37519198656082153,-0.28413957357406616
650,1.0831,1.6326,0,0,-0.4818115234375,0.76593017578125,-0.150238037109375,-1.7209399938583374,-0.19914878904819489,0.4797751307487488
651,1.0322,1.5049,0,0,-0.71771240234375,0.6842803955078125,-0.207427978515625,-0.7863518595695496,-0.6499385833740234,-0.07049733400344849
652,0.9818,1.3915,0,0,-0.7342376708984375,0.6206512451171875,0.09967041015625,-0.4545153081417084,-0.7806441187858582,-0.47934210300445557
653,0.9345,1.2979,0,0,-0.5980072021484375,0.60064697265625,0.268585205078125,-0.49960288405418396,-0.5297048687934875,-0.45963603258132935
654,0.8927,1.2264,0,0,-0.5358734130859375,0.674346923828125,0.2140350341796875,-0.49960288405418396,-0.5297048687934875,-0.45963603258132935
655,0.8585,1.1758,0,0,-0.5399627685546875,0.7205047607421875,0.0997772216796875,-0.03834632411599159,-0.7790601253509521,-0.2610907256603241
656,0.8334,1.1422,0,0,-0.5501556396484375,0.6931304931640625,0.0627593994140625,0.4797530174255371,-1.2411563396453857,-0.37634992599487305
657,0.8186,1.1199,0,0,-0.436309814453125,0.681793212890625,0.1237945556640625,0.8603243231773376,-1.5258815288543701,-0.3573083281517029
658,0.8148,1.1031,0,0,-0.2643585205078125,0.6786651611328125,0.197998046875,1.0292952060699463,-1.343414306640625,-0.1067538782954216
659,0.822,1.0866,0,0,-0.266693115234375,0.673126220703125,0.2838134765625,1.0272445678710938,-0.8992530703544617,0.10035962611436844
660,0.8398,1.0666,0,0,-0.2701263427734375,0.678253173828125,0.4073028564453125,0.8718174695968628,-0.4541885256767273,0.2585868239402771
661,0.8675,1.0415,0,0,-0.3148651123046875,0.729522705078125,0.500518798828125,0.5879543423652649,-0.046556051820516586,0.30415216088294983
662,0.9035,1.0112,0,0,-0.35205078125,0.7432098388671875,0.497039794921875,0.37794622778892517,0.3204837441444397,0.3681391477584839
663,0.9463,0.9768,0,0,-0.406982421875,0.7171173095703125,0.45672607421875,0.3029915690422058,0.6487604379653931,0.4601721167564392
664,0.9938,0.9408,0,0,-0.5007171630859375,0.7138519287109375,0.435760498046875,0.3547937870025635,0.8963332176208496,0.4452086389064789
665,1.0436,0.9062,0,0,-0.5337066650390625,0.724029541015625,0.4582672119140625,0.4346238970756531,0.8934215903282166,0.422752320766449
666,1.0934,0.8761,0,0,-0.5759429931640625,0.7553253173828125,0.4899749755859375,0.46119052171707153,0.7376671433448792,0.40940776467323303
667,1.1405,0.854,0,0,-0.6697235107421875,0.7506561279296875,0.47454833984375,0.4419257342815399,0.7054697871208191,0.3564337491989136
668,1.1821,0.8427,0,0,-0.754058837890625,0.7517242431640625,0.4006195068359375,0.504932701587677,0.6820475459098816,0.2804732024669647
669,1.216,0.8448,0,0,-0.804107666015625,0.7387847900390625,0.436004638671875,0.5894219875335693,0.5453096628189087,0.13983966410160065
670,1.2401,0.8616,0,0,-0.8466796875,0.68280029296875,0.629638671875,0.5277690291404724,0.6202893853187561,-0.03485065698623657
671,1.2529,0.8931,0,0,-0.889007568359375,0.71270751953125,0.7071380615234375,0.1853858381509781,0.8115684986114502,-0.25954315066337585
672,1.2538,0.9381,0,0,-0.7964935302734375,0.832489013671875,0.450775146484375,0.18415625393390656,0.2112419307231903,-0.45552703738212585
673,1.2433,0.9937,0,0,-0.579132080078125,1.0854339599609375,0.1242523193359375,0.2891601622104645,-0.5257766842842102,-0.2907404899597168
674,1.2227,1.056,0,0,-0.4597930908203125,1.2548370361328125,-0.09478759765625,0.8692648410797119,-0.8026930093765259,0.09143643826246262
675,1.1942,1.1205,0,0,-0.459564208984375,1.3044281005859375,-0.11456298828125,0.8692648410797119,-0.8026930093765259,0.09143643826246262
676,1.1607,1.1825,0,0,-0.4384307861328125,1.085845947265625,0.3302154541015625,1.6216059923171997,-1.3449312448501587,0.36575162410736084
677,1.1255,1.2377,0,0,-0.6182708740234375,0.6335601806640625,0.6695098876953125,-0.608729362487793,-1.001059651374817,0.25723952054977417
678,1.0916,1.2826,0,0,-0.6788787841796875,0.6457977294921875,0.0238037109375,-0.608729362487793,-1.001059651374817,0.25723952054977417
679,1.0615,1.3147,0,0,-0.4130401611328125,0.650970458984375,-0.2126312255859375,-0.8763900995254517,0.25294411182403564,-0.9960100054740906
680,1.0368,1.3319,0,0,-0.0276641845703125,0.810821533203125,-0.3675689697265625,0.00875274557620287,-0.20372116565704346,-0.5711548328399658
681,1.0178,1.3329,0,0,0.048614501953125,0.868988037109375,-0.3721160888671875,0.7760613560676575,-0.05085998401045799,0.365477591753006
682,1.0042,1.3167,0,0,-0.2189178466796875,0.9626007080078125,-0.21942138671875,1.2269561290740967,0.21993902325630188,0.9348821640014648
683,0.9946,1.2832,0,0,-0.5552825927734375,0.980072021484375,-0.069183349609375,1.536035418510437,0.0524807833135128,0.8266092538833618
684,0.9876,1.2329,0,0,-0.7028961181640625,0.9379730224609375,0.0936431884765625,1.5253499746322632,-0.0889676883816719,0.4587699770927429
685,0.9815,1.1674,0,0,-0.6917724609375,0.8758544921875,0.23809814453125,1.236893653869629,-0.23334404826164246,0.062429022043943405
686,0.9754,1.0891,0,0,-0.5887451171875,0.81463623046875,0.366912841796875,1.236893653869629,-0.23334404826164246,0.062429022043943405
687,0.9688,1.0015,0,0,-0.4366607666015625,0.8009796142578125,0.308441162109375,0.08680999279022217,0.39744696021080017,-0.191949725151062
688,0.9615,0.9081,0,0,-0.32373046875,0.736175537109375,0.1623687744140625,-0.057846520096063614,0.6847373247146606,-0.05078142136335373
689,0.9541,0.8127,0,0,-0.297698974609375,0.7465667724609375,0.0880889892578125,0.05702919885516167,0.7225454449653625,0.1374713033437729
690,0.9473,0.7188,0,0,-0.364837646484375,0.771270751953125,0.0951995849609375,0.1441289484500885,0.6684792637825012,0.37361007928848267
691,0.9418,0.6295,0,0,-0.537139892578125,0.7891845703125,0.119354248046875,0.16976027190685272,0.6512145400047302,0.3772154748439789
692,0.9382,0.5477,0,0,-0.641876220703125,0.7723388671875,0.1200714111328125,0.20023801922798157,0.5843726396560669,0.19924838840961456
693,0.9371,0.4762,0,0,-0.6346588134765625,0.7430572509765625,0.1497344970703125,0.18638558685779572,0.4114368259906769,0.05161046236753464
694,0.939,0.4174,0,0,-0.589324951171875,0.755859375,0.176055908203125,0.18638558685779572,0.4114368259906769,0.05161046236753464
695,0.9442,0.3739,0,0,-0.50238037109375,0.789398193359375,0.1464385986328125,0.06742671132087708,0.224956676363945,0.07102198153734207
696,0.953,0.3481,0,0,-0.46160888671875,0.7879486083984375,0.1046142578125,0.12785783410072327,0.16947637498378754,0.192920982837677
697,0.9653,0.3426,0,0,-0.4551849365234375,0.8021697998046875,0.0904998779296875,0.22399555146694183,0.13724388182163239,0.3075825870037079
698,0.9811,0.3595,0,0,-0.4957122802734375,0.8259735107421875,0.1015625,0.2739095687866211,0.17223408818244934,0.3529471457004547
699,1.0001,0.401,0,0,-0.5288543701171875,0.8331756591796875,0.1217803955078125,0.23506417870521545,0.323265939950943,0.3959004580974579
700,1.0216,0.4684,0,0,-0.5797882080078125,0.8435516357421875,0.139892578125,0.15996836125850677,0.46531710028648376,0.35478392243385315
701,1.0451,0.5623,0,0,-0.6384735107421875,0.8568115234375,0.158447265625,0.0900593176484108,0.560970664024353,0.21396155655384064
702,1.0698,0.6819,0,0,-0.6248016357421875,0.8917694091796875,0.1731414794921875,0.003537210635840893,0.5739786028862,0.08785688132047653
703,1.0948,0.8248,0,0,-0.5714111328125,0.9213104248046875,0.1840362548828125,-0.07386650145053864,0.5572805404663086,0.04345586523413658
704,1.1193,0.9864,0,0,-0.52117919921875,0.9364013671875,0.196075439453125,-0.1314230114221573,0.6803444623947144,0.11611222475767136
705,1.1424,1.1605,0,0,-0.5384521484375,0.897247314453125,0.218963623046875,-0.22943638265132904,0.9727296829223633,0.15621623396873474
706,1.1632,1.3387,0,0,-0.629730224609375,0.8779754638671875,0.2397003173828125,-0.4673232436180115,1.2438069581985474,0.02123258449137211
707,1.1811,1.5119,0,0,-0.679534912109375,0.9234466552734375,0.2386932373046875,-0.4673232436180115,1.2438069581985474,0.02123258449137211
708,1.1955,1.6707,0,0,-0.680450439453125,1.015625,0.2271270751953125,-1.4243160486221313,1.1820666790008545,-0.4461551010608673
709,1.206,1.8065,0,0,-0.6891937255859375,1.072479248046875,0.16290283203125,-1.4243160486221313,1.1820666790008545,-0.4461551010608673
710,1.2127,1.9127,0,0,-0.6178131103515625,1.253631591796875,0.02972412109375,-2.4084274768829346,0.18189257383346558,-0.62845379114151
711,1.2158,1.985,0,0,-0.5759735107421875,1.187286376953125,-0.1779937744140625,-2.207899808883667,-0.3317292034626007,-0.48059937357902527
712,1.2154,2.0217,0,0,-0.6264801025390625,0.9391326904296875,-0.3629913330078125,-2.207899808883667,-0.3317292034626007,-0.48059937357902527
713,1.2119,2.024,0,0,-0.593414306640625,0.725982666015625,-0.42919921875,-0.016589362174272537,-0.6755257248878479,-0.9503287672996521
714,1.205,1.9952,0,0,-0.4738006591796875,0.713348388671875,-0.282440185546875,0.8636383414268494,-0.9030401110649109,-1.215887188911438
715,1.1944,1.94,0,0,-0.3011474609375,0.82696533203125,-0.0755615234375,1.291042685508728,-0.7024433612823486,-1.188079833984375
716,1.179,1.8644,0,0,-0.1527557373046875,1.0464019775390625,1.0953521728515625,-0.4957234561443329,-1.5980846881866455,-0.7961296439170837
717,1.158,1.7746,0,0,-0.225860595703125,0.7693634033203125,1.1875152587890625,-2.093320846557617,0.0012290488230064511,-0.2872709333896637
718,1.1304,1.6772,0,0,-0.3460540771484375,0.83648681640625,0.254669189453125,-2.1131930351257324,-0.07816244661808014,0.23792894184589386
719,1.0959,1.5782,0,0,-0.5735626220703125,0.9075469970703125,-0.1226654052734375,-1.2982726097106934,-0.6944349408149719,0.22380059957504272
720,1.0549,1.4829,0,0,-0.7753448486328125,0.865447998046875,-0.03668212890625,-0.6146668791770935,-1.0348212718963623,-0.09672041982412338
721,1.0087,1.3955,0,0,-0.8024139404296875,0.7145538330078125,0.241455078125,-0.6146668791770935,-1.0348212718963623,-0.09672041982412338
722,0.9594,1.3188,0,0,-0.7325897216796875,0.687469482421875,0.2945556640625,-0.4440469443798065,-0.8762103319168091,-0.331595778465271
723,0.91,1.2536,0,0,-0.5812835693359375,0.697723388671875,0.21331787109375,-0.1885792315006256,-0.9456320405006409,-0.6523929834365845
724,0.8641,1.1996,0,0,-0.4548187255859375,0.6574249267578125,0.1831817626953125,0.07455839216709137,-1.1409612894058228,-0.618363618850708
725,0.8253,1.155,0,0,-0.40570068359375,0.62762451171875,0.182373046875,0.2796708047389984,-1.2491991519927979,-0.5712874531745911
726,0.7968,1.1176,0,0,-0.3035125732421875,0.636688232421875,0.1696624755859375,0.486111044883728,-1.2260549068450928,-0.42285484075546265
727,0.7814,1.0846,0,0,-0.192291259765625,0.6409454345703125,0.18670654296875,0.6362987160682678,-0.9874261021614075,-0.13490907847881317
728,0.7808,1.0537,0,0,-0.1992645263671875,0.628509521484375,0.236572265625,0.7352303266525269,-0.5691340565681458,0.14174088835716248
729,0.7956,1.0229,0,0,-0.23370361328125,0.6324462890625,0.363250732421875,0.6548606753349304,-0.09789593517780304,0.3785337209701538
730,0.8252,0.9908,0,0,-0.314544677734375,0.6871337890625,0.475616455078125,0.44606029987335205,0.4120759665966034,0.4888690114021301
731,0.868,0.957,0,0,-0.4237823486328125,0.723541259765625,0.4436798095703125,0.40840986371040344,0.7115183472633362,0.5082307457923889
732,0.9213,0.9217,0,0,-0.490753173828125,0.7306976318359375,0.4350128173828125,0.45769166946411133,0.8400874733924866,0.5181581974029541
733,0.982,0.8863,0,0,-0.5250396728515625,0.7248077392578125,0.466094970703125,0.4274996817111969,0.8761221766471863,0.500677227973938
734,1.0462,0.8531,0,0,-0.5907745361328125,0.694061279296875,0.4835205078125,0.5165576338768005,0.8529037237167358,0.4125811755657196
735,1.1099,0.8254,0,0,-0.6544952392578125,0.674560546875,0.5140533447265625,0.513080358505249,0.6452208161354065,0.31090542674064636
736,1.1691,0.8067,0,0,-0.697235107421875,0.7448883056640625,0.47283935546875,0.5097532868385315,0.48574593663215637,0.21160732209682465
737,1.2198,0.8004,0,0,-0.6995391845703125,0.775177001953125,0.3918609619140625,0.5829702019691467,0.40123558044433594,0.23056663572788239
738,1.2585,0.8094,0,0,-0.737213134765625,0.7688446044921875,0.4409332275390625,0.6821186542510986,0.39256060123443604,0.2444843053817749
739,1.2827,0.8349,0,0,-0.83074951171875,0.7332763671875,0.705474853515625,0.6821186542510986,0.39256060123443604,0.2444843053817749
740,1.2906,0.8767,0,0,-0.90740966796875,0.8045806884765625,0.7752227783203125,0.1571350246667862,0.4556383490562439,-0.16098462045192719
741,1.2819,0.9322,0,0,-0.7342071533203125,0.9329833984375,0.4537200927734375,0.05980074778199196,-0.22469356656074524,-0.31775373220443726
742,1.2578,0.9974,0,0,-0.4930419921875,1.2209625244140625,0.1201629638671875,0.23699337244033813,-0.6204137206077576,-0.011112838052213192
743,1.221,1.067,0,0,-0.45159912109375,1.348907470703125,-0.1090087890625,0.7992708086967468,-0.6848933696746826,0.4604203402996063
744,1.1755,1.1354,0,0,-0.5045928955078125,1.2706451416015625,-0.0529937744140625,1.331009030342102,-1.2618696689605713,0.6310349702835083
745,1.1262,1.1976,0,0,-0.5134429931640625,0.9508819580078125,0.5543670654296875,0.5147741436958313,-2.0643885135650635,0.5210961699485779
746,1.0781,1.2496,0,0,-0.627044677734375,0.6618499755859375,0.2987060546875,-0.643169641494751,-1.0291376113891602,0.06486048549413681
747,1.0359,1.2892,0,0,-0.4967803955078125,0.641937255859375,-0.070098876953125,-1.0416078567504883,0.10103739798069,-0.45880913734436035
748,1.0031,1.315,0,0,-0.285552978515625,0.5963287353515625,-0.19287109375,-0.8490423560142517,0.24087759852409363,-0.8525881171226501
749,0.9814,1.3266,0,0,-0.060760498046875,0.7136383056640625,-0.3349761962890625,-0.15495842695236206,0.05404406040906906,-0.526093602180481
750,0.971,1.3238,0,0,-0.0116119384765625,0.815582275390625,-0.384124755859375,0.6240886449813843,0.07452350109815598,0.1691237837076187
751,0.97,1.3059,0,0,-0.2226104736328125,0.92962646484375,-0.2904205322265625,1.2454615831375122,0.07096844911575317,0.6055111885070801
752,0.9757,1.2725,0,0,-0.4671783447265625,0.9969024658203125,-0.1625213623046875,1.2454615831375122,0.07096844911575317,0.6055111885070801
753,0.9844,1.2233,0,0,-0.6142578125,0.9666748046875,0.0093536376953125,1.7087717056274414,0.10045284032821655,0.6174895763397217
754,0.9929,1.1585,0,0,-0.6617431640625,0.92181396484375,0.2119293212890625,1.7988507747650146,-0.2683779299259186,0.1086316704750061
755,0.9982,1.0799,0,0,-0.6070098876953125,0.850067138671875,0.46820068359375,1.0854676961898804,-0.37143346667289734,-0.14702992141246796
756,0.9989,0.9901,0,0,-0.45477294921875,0.8433074951171875,0.49267578125,0.16022056341171265,0.1823572963476181,-0.12066064029932022
757,0.9944,0.8929,0,0,-0.39080810546875,0.8096466064453125,0.262725830078125,-0.38777703046798706,0.7279031872749329,0.07017961889505386
758,0.9853,0.7929,0,0,-0.383636474609375,0.7690582275390625,0.068603515625,-0.23643437027931213,0.8264718055725098,0.17739050090312958
759,0.9732,0.6948,0,0,-0.4664306640625,0.733367919921875,0.0271148681640625,-0.23643437027931213,0.8264718055725098,0.17739050090312958
760,0.9599,0.6035,0,0,-0.5722808837890625,0.7365264892578125,0.0522308349609375,0.23147769272327423,0.376241534948349,0.09433183073997498
761,0.9477,0.523,0,0,-0.579315185546875,0.7740325927734375,0.0943603515625,0.33034995198249817,0.35772377252578735,-0.018197380006313324
762,0.9386,0.4571,0,0,-0.5504302978515625,0.78143310546875,0.1377410888671875,0.35430002212524414,0.2739923894405365,-0.0361446887254715
763,0.934,0.4085,0,0,-0.4764556884765625,0.7847900390625,0.161376953125,0.3051484525203705,0.10686839371919632,0.03464506193995476
764,0.9352,0.3789,0,0,-0.422821044921875,0.7716827392578125,0.1451416015625,0.22770240902900696,0.03537290543317795,0.1530524045228958
765,0.9424,0.3696,0,0,-0.4268798828125,0.7880706787109375,0.10223388671875,0.20928052067756653,0.10444891452789307,0.25938257575035095
766,0.9554,0.3807,0,0,-0.4427490234375,0.8350830078125,0.0801849365234375,0.2733444571495056,0.12870392203330994,0.3545980453491211
767,0.9734,0.4124,0,0,-0.474822998046875,0.835723876953125,0.08367919921875,0.32730942964553833,0.172577366232872,0.41179367899894714
768,0.9952,0.4643,0,0,-0.5218505859375,0.8390655517578125,0.108245849609375,0.339145302772522,0.2802119553089142,0.36992159485816956
769,1.0193,0.5361,0,0,-0.53485107421875,0.868560791015625,0.1531219482421875,0.24221450090408325,0.40450966358184814,0.3311387896537781
770,1.0441,0.6273,0,0,-0.5602569580078125,0.8782958984375,0.1865081787109375,0.08486855030059814,0.5778660178184509,0.31583917140960693
771,1.0683,0.7371,0,0,-0.601318359375,0.934478759765625,0.192138671875,-0.07380684465169907,0.7167807221412659,0.23215733468532562
772,1.0909,0.8642,0,0,-0.5882568359375,0.933502197265625,0.18572998046875,-0.1766408085823059,0.7782797813415527,0.19859059154987335
773,1.1113,1.0066,0,0,-0.6015167236328125,0.91015625,0.1928863525390625,-0.2375670224428177,0.8131262063980103,0.16875173151493073
774,1.1293,1.1611,0,0,-0.6822662353515625,0.8837738037109375,0.214141845703125,-0.2724653482437134,1.001737117767334,0.02636636048555374
775,1.1454,1.3236,0,0,-0.7210693359375,0.8731231689453125,0.25982666015625,-0.437771737575531,1.2782726287841797,-0.21116577088832855
776,1.1602,1.4887,0,0,-0.699005126953125,0.9012451171875,0.2668609619140625,-0.437771737575531,1.2782726287841797,-0.21116577088832855
777,1.1743,1.6499,0,0,-0.6492767333984375,0.956573486328125,0.230499267578125,-0.7431932091712952,1.3686269521713257,-0.4614720046520233
778,1.1885,1.8002,0,0,-0.6433258056640625,1.0117950439453125,0.159210205078125,-1.5479074716567993,0.8699676394462585,-0.7336151003837585
779,1.2031,1.9326,0,0,-0.57940673828125,1.0509033203125,0.06134033203125,-1.8328382968902588,0.05781509727239609,-0.7786992192268372
780,1.2179,2.0402,0,0,-0.57562255859375,1.08050537109375,-0.1024322509765625,-1.8328382968902588,0.05781509727239609,-0.7786992192268372
781,1.2323,2.1171,0,0,-0.6637115478515625,0.96142578125,-0.2517547607421875,-1.6360522508621216,-0.989558219909668,-1.1347393989562988
782,1.2448,2.1588,0,0,-0.6441497802734375,0.843017578125,-0.3624420166015625,-0.8944253325462341,-1.0987262725830078,-1.5466363430023193
783,1.2532,2.1626,0,0,-0.4568634033203125,0.8505096435546875,-0.37286376953125,-0.8944253325462341,-1.0987262725830078,-1.5466363430023193
784,1.2551,2.128,0,0,-0.2537994384765625,0.954986572265625,-0.3082733154296875,1.0187827348709106,-0.30420222878456116,-1.3678197860717773
785,1.2482,2.057,0,0,-0.0841217041015625,1.1088104248046875,-0.1154327392578125,1.9080092906951904,-0.696297824382782,-0.8731208443641663
786,1.2304,1.9539,0,0,-0.2692718505859375,1.14263916015625,1.6370086669921875,0.06954073160886765,-2.2191591262817383,-0.5793009400367737
787,1.2008,1.8257,0,0,-0.350921630859375,0.7470550537109375,1.206939697265625,-1.9953579902648926,-0.15813317894935608,-0.1475559026002884
788,1.16,1.6814,0,0,-0.3994140625,0.84136962890625,0.30413818359375,-2.372114896774292,0.26133227348327637,0.46774643659591675
789,1.1097,1.5313,0,0,-0.547271728515625,0.85772705078125,-0.1291351318359375,-1.599391222000122,-0.03868960589170456,0.44309914112091064
790,1.0529,1.3856,0,0,-0.733245849609375,0.7684173583984375,-0.2064971923828125,-0.6340552568435669,-0.5791685581207275,-0.07497783750295639
791,0.9938,1.2538,0,0,-0.7170257568359375,0.6055908203125,0.0329437255859375,-0.6340552568435669,-0.5791685581207275,-0.07497783750295639
792,0.9365,1.1425,0,0,-0.6191864013671875,0.5732574462890625,0.2500762939453125,-0.18124382197856903,-0.43256711959838867,-0.6335846781730652
793,0.8855,1.0555,0,0,-0.4828338623046875,0.5901947021484375,0.2530670166015625,-0.16126452386379242,-0.35693681240081787,-0.5439317226409912
794,0.8443,0.9926,0,0,-0.4122314453125,0.6302337646484375,0.174102783203125,0.0889090970158577,-0.5749596953392029,-0.3542560935020447
795,0.8159,0.9506,0,0,-0.4236907958984375,0.6577911376953125,0.14044189453125,0.44720467925071716,-0.8401713967323303,-0.23457123339176178
796,0.802,0.9238,0,0,-0.4199981689453125,0.6697845458984375,0.1744232177734375,0.7577865123748779,-0.9691445827484131,-0.06986643373966217
797,0.8034,0.9057,0,0,-0.3447723388671875,0.668853759765625,0.2375030517578125,0.9321662783622742,-0.8823531866073608,0.18424227833747864
798,0.8197,0.89,0,0,-0.3645477294921875,0.683837890625,0.2988128662109375,0.9321662783622742,-0.8823531866073608,0.18424227833747864
799,0.8495,0.872,0,0,-0.42779541015625,0.7087554931640625,0.376708984375,0.824209988117218,-0.26040148735046387,0.473520964384079
800,0.891,0.8492,0,0,-0.4759674072265625,0.73748779296875,0.446563720703125,0.6109911799430847,0.1258748471736908,0.4692479074001312
801,0.9414,0.8218,0,0,-0.5030364990234375,0.7444000244140625,0.456268310546875,0.5827968716621399,0.39121782779693604,0.36833781003952026
802,0.9979,0.7921,0,0,-0.4772796630859375,0.732391357421875,0.459930419921875,0.6251943707466125,0.4079989492893219,0.3324328064918518
803,1.0571,0.7643,0,0,-0.4810791015625,0.73052978515625,0.5258331298828125,0.6251943707466125,0.4079989492893219,0.3324328064918518
804,1.1154,0.7436,0,0,-0.57379150390625,0.741607666015625,0.5552215576171875,0.21351441740989685,0.6074736714363098,0.3024831712245941
805,1.1694,0.735,0,0,-0.66986083984375,0.726348876953125,0.454833984375,0.05589708685874939,0.6110641956329346,0.18299192190170288
806,1.2154,0.7428,0,0,-0.7066802978515625,0.75653076171875,0.33673095703125,0.05589708685874939,0.6110641956329346,0.18299192190170288
807,1.2502,0.7691,0,0,-0.7143402099609375,0.736114501953125,0.3439788818359375,0.4842636287212372,0.4858977198600769,0.03658837080001831
808,1.2712,0.814,0,0,-0.7653656005859375,0.6757049560546875,0.5321807861328125,0.7255862355232239,0.41182857751846313,-0.04301564395427704
809,1.2767,0.875,0,0,-0.93243408203125,0.7838134765625,0.95465087890625,0.008588694036006927,0.4827922284603119,-0.2913239896297455
810,1.2665,0.9471,0,0,-0.8482513427734375,1.132659912109375,0.744720458984375,-0.6040986776351929,0.22010627388954163,-0.3492000699043274
811,1.2418,1.0237,0,0,-0.49114990234375,1.2215423583984375,-0.043304443359375,-0.24213460087776184,-0.08752691745758057,0.011855860240757465
812,1.2055,1.097,0,0,-0.422760009765625,1.1544189453125,-0.3722076416015625,0.9125808477401733,-0.7875363826751709,0.4429452121257782
813,1.1616,1.1599,0,0,-0.481719970703125,1.1811981201171875,-0.2241058349609375,1.6929270029067993,-1.5348316431045532,0.571441113948822
814,1.1151,1.2064,0,0,-0.48760986328125,0.951934814453125,0.25970458984375,1.250374674797058,-2.003220796585083,0.46745240688323975
815,1.0709,1.2325,0,0,-0.5848388671875,0.6610565185546875,0.30780029296875,0.1855003535747528,-0.8922742605209351,0.18353228271007538
816,1.033,1.2369,0,0,-0.5265045166015625,0.569488525390625,-0.0025634765625,-0.28421521186828613,0.33781903982162476,-0.3339100778102875
817,1.0043,1.22,0,0,-0.2590789794921875,0.543609619140625,-0.180023193359375,-0.04435015469789505,0.30874693393707275,-0.6391125917434692
818,0.9858,1.184,0,0,-0.02728271484375,0.801177978515625,-0.292816162109375,0.5837957859039307,0.010220146737992764,-0.12430144846439362
819,0.977,1.1319,0,0,-0.043304443359375,0.937255859375,-0.292388916015625,1.166710376739502,0.041678737848997116,0.6473353505134583
820,0.9756,1.0673,0,0,-0.356658935546875,1.0040740966796875,-0.087158203125,1.3873498439788818,-0.08565951138734818,0.9515093564987183
821,0.9788,0.9943,0,0,-0.64630126953125,0.98846435546875,0.12542724609375,1.3873498439788818,-0.08565951138734818,0.9515093564987183
822,0.9834,0.9168,0,0,-0.7493438720703125,0.9334869384765625,0.3135986328125,0.7291737794876099,-0.16979862749576569,0.27653706073760986
823,0.9867,0.8386,0,0,-0.639862060546875,0.8843536376953125,0.3475494384765625,0.15037618577480316,0.0882377177476883,-0.026976490393280983
824,0.9869,0.7629,0,0,-0.4581298828125,0.864593505859375,0.1608734130859375,-0.09763441234827042,0.3957507908344269,0.014711568132042885
825,0.9833,0.6918,0,0,-0.39520263671875,0.8587799072265625,0.0076751708984375,0.006660832092165947,0.5911900401115417,0.1448083221912384
826,0.9761,0.6266,0,0,-0.38641357421875,0.819732666015625,-0.0369873046875,0.29378047585487366,0.6105395555496216,0.2165839672088623
827,0.9663,0.5677,0,0,-0.390411376953125,0.766693115234375,-0.0058746337890625,0.5991952419281006,0.4264935255050659,0.26389768719673157
828,0.9555,0.5149,0,0,-0.4317169189453125,0.7596282958984375,0.0625,0.6689229607582092,0.2522050738334656,0.28683948516845703
829,0.9455,0.468,0,0,-0.49212646484375,0.73895263671875,0.1340484619140625,0.5545697212219238,0.1870519071817398,0.22234785556793213
830,0.9377,0.4268,0,0,-0.533538818359375,0.7437591552734375,0.1896209716796875,0.362488716840744,0.14448048174381256,0.10595732182264328
831,0.9337,0.3913,0,0,-0.5447540283203125,0.7704315185546875,0.227508544921875,0.15326519310474396,0.17655372619628906,0.040039293467998505
832,0.9345,0.3621,0,0,-0.5309600830078125,0.7883148193359375,0.217315673828125,0.018189389258623123,0.25177204608917236,0.033129192888736725
833,0.9406,0.3397,0,0,-0.511383056640625,0.8191070556640625,0.159454345703125,0.018189389258623123,0.25177204608917236,0.033129192888736725
834,0.9524,0.3251,0,0,-0.5047149658203125,0.8390960693359375,0.1181640625,0.0313749685883522,0.2996051013469696,0.12449771910905838
835,0.9695,0.3195,0,0,-0.49267578125,0.826690673828125,0.10614013671875,0.10856136679649353,0.16229303181171417,0.18056897819042206
836,0.9914,0.3245,0,0,-0.50982666015625,0.7900848388671875,0.098846435546875,0.10856136679649353,0.16229303181171417,0.18056897819042206
837,1.0171,0.3417,0,0,-0.52642822265625,0.80413818359375,0.0986785888671875,0.06405168771743774,0.43081265687942505,0.19785289466381073
838,1.0451,0.3735,0,0,-0.5396881103515625,0.8634796142578125,0.0887908935546875,0.017903633415699005,0.595941424369812,0.2582467198371887
839,1.0738,0.422,0,0,-0.581878662109375,0.884979248046875,0.0876617431640625,0.04829908907413483,0.5598472952842712,0.23525193333625793
840,1.1015,0.4897,0,0,-0.6360931396484375,0.900909423828125,0.10723876953125,0.07888150215148926,0.45308971405029297,0.17603202164173126
841,1.1263,0.5783,0,0,-0.6859130859375,0.921142578125,0.140045166015625,0.03207457810640335,0.38090819120407104,0.0342533104121685
842,1.1469,0.6887,0,0,-0.6754302978515625,0.905792236328125,0.155792236328125,-0.030822627246379852,0.5299927592277527,-0.11199657618999481
843,1.1619,0.8203,0,0,-0.6280975341796875,0.9022674560546875,0.1618804931640625,-0.15392377972602844,0.7821267247200012,-0.16585980355739594
844,1.1711,0.9704,0,0,-0.635101318359375,0.9649810791015625,0.1750335693359375,-0.38600069284439087,0.7575987577438354,-0.20447617769241333
845,1.1743,1.1348,0,0,-0.666290283203125,1.0470428466796875,0.1506805419921875,-0.7355318069458008,0.6311097741127014,-0.29761436581611633
846,1.1726,1.307,0,0,-0.667083740234375,1.1011505126953125,0.0975341796875,-1.0455354452133179,0.30193376541137695,-0.3231881856918335
847,1.1671,1.4791,0,0,-0.7030487060546875,1.074615478515625,0.0326080322265625,-1.2074213027954102,-0.4814137816429138,-0.5229108929634094
848,1.1598,1.6424,0,0,-0.70880126953125,1.0276031494140625,-0.0540924072265625,-1.3848381042480469,-1.1395682096481323,-0.8885538578033447
849,1.1522,1.7876,0,0,-0.546722412109375,1.0556488037109375,-0.1594390869140625,-1.3459908962249756,-1.1644266843795776,-1.0738837718963623
850,1.1459,1.9064,0,0,-0.321014404296875,0.9118194580078125,-0.2629241943359375,-1.3459908962249756,-1.1644266843795776,-1.0738837718963623
851,1.1415,1.9912,0,0,-0.1962432861328125,0.7682952880859375,-0.3096160888671875,-0.8807632923126221,-1.0123138427734375,-0.8561399579048157
852,1.1386,2.0366,0,0,-0.17864990234375,0.7313079833984375,-0.1918792724609375,0.5388906598091125,-0.8174357414245605,-0.6421840190887451
853,1.1357,2.0393,0,0,-0.0648040771484375,0.86651611328125,0.6307830810546875,-0.5196048021316528,-2.192209005355835,-0.6745613813400269
854,1.1307,1.9988,0,0,-0.1147308349609375,0.89617919921875,1.1523895263671875,-2.1112914085388184,-1.0910645723342896,-0.458759069442749
855,1.121,1.9175,0,0,-0.2764892578125,0.9788360595703125,0.3800201416015625,-2.528959035873413,0.049425605684518814,0.0947938859462738
856,1.1042,1.8013,0,0,-0.4241790771484375,1.1092071533203125,0.082977294921875,-2.1987295150756836,0.2011706531047821,0.38710856437683105
857,1.0788,1.6584,0,0,-0.617523193359375,1.0199127197265625,-0.0290374755859375,-1.3470045328140259,-0.2251439094543457,0.2597556710243225
858,1.0444,1.499,0,0,-0.7814483642578125,0.829803466796875,0.2204742431640625,-0.8945425152778625,-0.45388972759246826,-0.18087950348854065
859,1.0022,1.3345,0,0,-0.770416259765625,0.7283477783203125,0.4397125244140625,-0.833320677280426,-0.3268550932407379,-0.6103134155273438
860,0.9547,1.1755,0,0,-0.632293701171875,0.674774169921875,0.402252197265625,-0.7651568055152893,-0.34923309087753296,-0.8779576420783997
861,0.9057,1.0314,0,0,-0.485015869140625,0.652191162109375,0.2974395751953125,-0.5280265212059021,-0.4640195965766907,-0.8682030439376831
862,0.8594,0.9097,0,0,-0.3743896484375,0.616180419921875,0.2534942626953125,-0.293265700340271,-0.40250352025032043,-0.7287351489067078
863,0.8203,0.8147,0,0,-0.3019561767578125,0.634552001953125,0.2493896484375,-0.293265700340271,-0.40250352025032043,-0.7287351489067078
864,0.7924,0.7483,0,0,-0.3191375732421875,0.5797271728515625,0.216796875,-0.09747515618801117,-0.3208499252796173,-0.4389081299304962
865,0.7784,0.7094,0,0,-0.339752197265625,0.5411834716796875,0.21234130859375,0.14585840702056885,-0.2990250587463379,-0.22475667297840118
866,0.78,0.6944,0,0,-0.2927703857421875,0.5526885986328125,0.2466278076171875,0.5642146468162537,-0.11173079162836075,0.222006693482399
867,0.7972,0.6982,0,0,-0.3182373046875,0.601776123046875,0.333831787109375,0.6652621626853943,0.09387616068124771,0.4757801294326782
868,0.8285,0.7148,0,0,-0.381011962890625,0.64312744140625,0.4681396484375,0.6317987442016602,0.1501690000295639,0.6365407705307007
869,0.8716,0.7382,0,0,-0.4711456298828125,0.661834716796875,0.540924072265625,0.515409529209137,0.24465501308441162,0.6348155736923218
870,0.9231,0.7636,0,0,-0.546173095703125,0.69635009765625,0.506561279296875,0.5025656819343567,0.4584006071090698,0.5408278107643127
871,0.9793,0.7876,0,0,-0.5681610107421875,0.7400665283203125,0.463104248046875,0.5686988830566406,0.5525830388069153,0.4265505075454712
872,1.0366,0.8087,0,0,-0.5384979248046875,0.738006591796875,0.460906982421875,0.8252416849136353,0.38940635323524475,0.36934342980384827
873,1.0916,0.8274,0,0,-0.587554931640625,0.741302490234375,0.5455169677734375,0.842821478843689,0.14298191666603088,0.30993974208831787
874,1.1412,0.8457,0,0,-0.691619873046875,0.743499755859375,0.578033447265625,0.7328981757164001,0.1857600063085556,0.11554044485092163
875,1.1829,0.8663,0,0,-0.6962127685546875,0.738494873046875,0.525054931640625,0.6546385288238525,0.40453070402145386,-0.04952600598335266
876,1.2149,0.8922,0,0,-0.6492462158203125,0.76116943359375,0.530792236328125,0.626358151435852,0.5805744528770447,-0.09459761530160904
877,1.236,0.9258,0,0,-0.6484222412109375,0.7322540283203125,0.6366424560546875,0.6774005889892578,0.6238489151000977,-0.11463763564825058
878,1.2455,0.9678,0,0,-0.7289886474609375,0.7348480224609375,0.7354278564453125,0.4555928111076355,0.6068630218505859,-0.21246220171451569
879,1.2437,1.0176,0,0,-0.7115936279296875,0.88958740234375,0.58538818359375,0.37561196088790894,0.09876199811697006,-0.4639977514743805
880,1.2313,1.0726,0,0,-0.5074615478515625,1.0487213134765625,0.2421722412109375,0.34500932693481445,-0.6687940359115601,-0.2774806022644043
881,1.2099,1.1287,0,0,-0.3751220703125,1.19744873046875,-0.0782318115234375,0.7859883308410645,-0.7256727814674377,0.1467769294977188
882,1.1817,1.1809,0,0,-0.39471435546875,1.3112640380859375,-0.1686553955078125,1.2825778722763062,-0.7465442419052124,0.45585381984710693
883,1.1493,1.2243,0,0,-0.337646484375,1.175872802734375,0.0502166748046875,1.2784606218338013,-1.4847922325134277,0.7683395743370056
884,1.1157,1.2542,0,0,-0.594024658203125,0.7385101318359375,0.81854248046875,-0.32955554127693176,-0.5386384129524231,0.5022508502006531
885,1.0835,1.2676,0,0,-0.647735595703125,0.634765625,0.1091461181640625,-1.1127142906188965,0.952418327331543,-0.039081890136003494
886,1.0551,1.2628,0,0,-0.528167724609375,0.5510406494140625,-0.3245697021484375,-0.5665190815925598,0.5757293701171875,-0.8572121858596802
887,1.032,1.2396,0,0,-0.238983154296875,0.6650390625,-0.39520263671875,0.3067961633205414,-0.1987711489200592,-0.8781691193580627
888,1.0145,1.1996,0,0,-0.11529541015625,0.8625030517578125,-0.3379669189453125,0.3067961633205414,-0.1987711489200592,-0.8781691193580627
889,1.0024,1.1454,0,0,-0.2660064697265625,0.9862518310546875,-0.1568450927734375,1.20714271068573,0.47328659892082214,0.3767973482608795
890,0.9942,1.0805,0,0,-0.454437255859375,1.005279541015625,0.006927490234375,1.35298490524292,0.31755611300468445,0.6574814915657043
891,0.9887,1.009,0,0,-0.632537841796875,0.92388916015625,0.1732940673828125,1.195319652557373,0.051723383367061615,0.5442302823066711
892,0.9842,0.9352,0,0,-0.6834564208984375,0.8509063720703125,0.30364990234375,0.7825824022293091,-0.20196615159511566,0.2643946409225464
893,0.9795,0.8629,0,0,-0.6685333251953125,0.789794921875,0.3357696533203125,0.2658998668193817,-0.02551201730966568,-0.05317533761262894
894,0.9742,0.7948,0,0,-0.546539306640625,0.7704315185546875,0.237457275390625,-0.1064675897359848,0.4496031105518341,-0.20019833743572235
895,0.9681,0.7326,0,0,-0.406494140625,0.7811431884765625,0.075347900390625,-0.1064675897359848,0.4496031105518341,-0.20019833743572235
896,0.9615,0.6766,0,0,-0.2731781005859375,0.798065185546875,0.0793914794921875,0.19878260791301727,0.6722718477249146,0.1487782895565033
897,0.9552,0.626,0,0,-0.344696044921875,0.803375244140625,0.1731414794921875,0.12630413472652435,0.6995943188667297,0.4765915870666504
898,0.9499,0.5797,0,0,-0.5376129150390625,0.7282562255859375,0.2200927734375,-0.04673954099416733,0.7043467164039612,0.4900301694869995
899,0.9463,0.5367,0,0,-0.6574859619140625,0.6756744384765625,0.1596221923828125,-0.06376353651285172,0.6900226473808289,0.25488901138305664
900,0.9449,0.4966,0,0,-0.6394195556640625,0.7372894287109375,0.1091461181640625,0.07704631239175797,0.5123416185379028,0.09089741855859756
901,0.946,0.4598,0,0,-0.56378173828125,0.7831573486328125,0.1292572021484375,0.15478691458702087,0.3659899830818176,0.09067211300134659
902,0.9498,0.4279,0,0,-0.510528564453125,0.765716552734375,0.1695098876953125,0.16648778319358826,0.263824999332428,0.18367289006710052
903,0.9564,0.4031,0,0,-0.519622802734375,0.7520294189453125,0.1825714111328125,0.14388899505138397,0.23497416079044342,0.21507129073143005
904,0.9657,0.3884,0,0,-0.5333251953125,0.7802581787109375,0.181610107421875,0.0871434211730957,0.23721946775913239,0.22307702898979187
905,0.9777,0.3867,0,0,-0.549224853515625,0.8261566162109375,0.16937255859375,0.04614352807402611,0.2553614675998688,0.24940156936645508
906,0.992,0.401,0,0,-0.56536865234375,0.83038330078125,0.16741943359375,0.0020780644845217466,0.3573213815689087,0.26947781443595886
907,1.0086,0.4337,0,0,-0.60003662109375,0.81689453125,0.16375732421875,-0.04176342487335205,0.5164852142333984,0.21058067679405212
908,1.0273,0.4866,0,0,-0.6118011474609375,0.8060455322265625,0.1598052978515625,-0.012468653731048107,0.5681334733963013,0.10442254692316055
909,1.0477,0.56,0,0,-0.6184539794921875,0.827362060546875,0.193084716796875,0.017016267403960228,0.44111454486846924,-0.02972513809800148
910,1.0695,0.6532,0,0,-0.56005859375,0.9050140380859375,0.239593505859375,-0.07782235741615295,0.5107002854347229,-0.03835271671414375
911,1.0923,0.7638,0,0,-0.5193939208984375,0.8955841064453125,0.25958251953125,-0.07782235741615295,0.5107002854347229,-0.03835271671414375
912,1.1152,0.8881,0,0,-0.547943115234375,0.8526153564453125,0.2785797119140625,-0.2886136770248413,0.869328498840332,0.10668037086725235
913,1.1376,1.0211,0,0,-0.5985870361328125,0.8358154296875,0.29095458984375,-0.4541422128677368,0.9074577689170837,0.07587452232837677
914,1.1584,1.157,0,0,-0.6667938232421875,0.8512725830078125,0.2396087646484375,-0.7245175242424011,0.8930473923683167,-0.0794234499335289
915,1.1765,1.2897,0,0,-0.697265625,0.9646453857421875,0.157440185546875,-1.1070566177368164,0.7752648591995239,-0.30908140540122986
916,1.1911,1.4132,0,0,-0.6474761962890625,1.086578369140625,0.0454864501953125,-1.486490249633789,0.33426347374916077,-0.4996896982192993
917,1.2013,1.5225,0,0,-0.5540924072265625,1.1921234130859375,-0.073822021484375,-1.6467491388320923,-0.3329353332519531,-0.3402436077594757
918,1.2066,1.6131,0,0,-0.5590057373046875,1.199981689453125,-0.1818695068359375,-1.3534016609191895,-0.9848737120628357,-0.08845130354166031
919,1.2069,1.6822,0,0,-0.687469482421875,1.018951416015625,-0.3084869384765625,-1.3534016609191895,-0.9848737120628357,-0.08845130354166031
920,1.2022,1.7275,0,0,-0.697479248046875,0.8561248779296875,-0.29180908203125,0.5234264731407166,-1.135244607925415,-0.7444291710853577
921,1.1924,1.7482,0,0,-0.5520782470703125,0.81890869140625,-0.122283935546875,0.9947851896286011,-0.8734753131866455,-1.1365647315979004
922,1.1775,1.7442,0,0,-0.322967529296875,0.83575439453125,0.10577392578125,0.8023291826248169,-0.24887773394584656,-1.1393197774887085
923,1.1574,1.7161,0,0,-0.0688323974609375,0.9703521728515625,0.5521697998046875,-0.46308189630508423,-0.9372063279151917,-0.7375270128250122
924,1.1318,1.6658,0,0,-0.1813812255859375,0.835479736328125,1.2517852783203125,-1.9261418581008911,-0.6809580326080322,-0.32872968912124634
925,1.1006,1.596,0,0,-0.262176513671875,0.8570709228515625,0.3103790283203125,-2.091660976409912,-0.6852984428405762,0.1829136312007904
926,1.0639,1.511,0,0,-0.494171142578125,0.8921051025390625,-0.017303466796875,-1.6087911128997803,-0.5519406795501709,0.29620662331581116
927,1.0224,1.4159,0,0,-0.6602630615234375,0.8408203125,0.0521392822265625,-1.2501455545425415,-0.39063113927841187,0.10866762697696686
928,0.9775,1.317,0,0,-0.6990814208984375,0.7908782958984375,0.21990966796875,-1.0919618606567383,-0.26768338680267334,-0.06715080887079239
929,0.9313,1.2206,0,0,-0.643096923828125,0.736907958984375,0.26416015625,-0.9146440029144287,-0.4629351496696472,-0.1963798999786377
930,0.8866,1.133,0,0,-0.600372314453125,0.7151336669921875,0.22491455078125,-0.6773697137832642,-0.8074811100959778,-0.37172242999076843
931,0.8468,1.0592,0,0,-0.542388916015625,0.694671630859375,0.1942291259765625,-0.456077516078949,-0.9134011268615723,-0.5027393102645874
932,0.8154,1.0031,0,0,-0.4114990234375,0.678619384765625,0.1548004150390625,-0.1982172131538391,-0.8832346796989441,-0.4817567765712738
933,0.7956,0.9663,0,0,-0.256927490234375,0.6544189453125,0.1124725341796875,0.16351382434368134,-0.8485965728759766,-0.29340577125549316
934,0.7899,0.9486,0,0,-0.1954803466796875,0.6409149169921875,0.132049560546875,0.49464407563209534,-0.7226546406745911,-0.10046082735061646
935,0.7998,0.9479,0,0,-0.1717376708984375,0.610992431640625,0.2059783935546875,0.6680268049240112,-0.374071329832077,0.12744131684303284
936,0.8253,0.9602,0,0,-0.16534423828125,0.62750244140625,0.3571624755859375,0.5835875272750854,0.14361202716827393,0.41161924600601196
937,0.8651,0.9804,0,0,-0.213348388671875,0.653656005859375,0.524383544921875,0.5835875272750854,0.14361202716827393,0.41161924600601196
938,0.9166,1.0032,0,0,-0.3301849365234375,0.70062255859375,0.5628814697265625,0.15847618877887726,1.0074235200881958,0.7336627840995789
939,0.9759,1.0234,0,0,-0.43719482421875,0.7303466796875,0.5509185791015625,0.15531928837299347,1.0532405376434326,0.752021849155426
940,1.0387,1.0374,0,0,-0.531158447265625,0.753753662109375,0.580078125,0.18920160830020905,1.0693838596343994,0.7222303748130798
941,1.1003,1.0434,0,0,-0.6043243408203125,0.739013671875,0.607818603515625,0.3171428143978119,1.107090711593628,0.6671753525733948
942,1.1565,1.0417,0,0,-0.7092437744140625,0.760528564453125,0.6224365234375,0.41546884179115295,0.8808186650276184,0.49003493785858154
943,1.2033,1.0346,0,0,-0.7837371826171875,0.772674560546875,0.6093902587890625,0.4109465181827545,0.7695187926292419,0.23901976644992828
944,1.2377,1.0256,0,0,-0.783599853515625,0.759735107421875,0.5045623779296875,0.4425835609436035,0.888687789440155,0.017237842082977295
945,1.2578,1.0191,0,0,-0.7460174560546875,0.7194366455078125,0.4298858642578125,0.6219442486763,0.8565216064453125,-0.05543289706110954
946,1.2628,1.0188,0,0,-0.78448486328125,0.7257080078125,0.5787506103515625,0.6219442486763,0.8565216064453125,-0.05543289706110954
947,1.2531,1.0275,0,0,-0.716827392578125,0.9161376953125,0.500732421875,0.11136860400438309,-0.26373231410980225,-0.496724009513855
948,1.2304,1.046,0,0,-0.4648590087890625,1.3008270263671875,0.1528167724609375,0.1229054182767868,-0.6984382271766663,-0.18667560815811157
949,1.1972,1.073,0,0,-0.43505859375,1.270263671875,-0.0634918212890625,0.1229054182767868,-0.6984382271766663,-0.18667560815811157
950,1.157,1.1049,0,0,-0.410186767578125,1.1172332763671875,-0.0850067138671875,0.45846396684646606,-1.1507985591888428,0.6391525268554688
951,1.1139,1.1367,0,0,-0.5135345458984375,1.1061248779296875,0.0963592529296875,0.33627575635910034,-1.4922492504119873,0.5110377073287964
952,1.0718,1.1625,0,0,-0.6607513427734375,0.738525390625,0.0186309814453125,0.33627575635910034,-1.4922492504119873,0.5110377073287964
953,1.0342,1.1759,0,0,-0.550811767578125,0.6132659912109375,-0.150238037109375,-0.15975211560726166,0.2746368944644928,-0.49648964405059814
954,1.0037,1.1716,0,0,-0.314788818359375,0.6799468994140625,-0.22381591796875,0.27809765934944153,0.18600182235240936,-0.6796850562095642
955,0.9816,1.1454,0,0,-0.10943603515625,0.80352783203125,-0.27587890625,1.0289541482925415,0.19278302788734436,-0.1839117854833603
956,0.968,1.0952,0,0,-0.1465911865234375,0.9252777099609375,-0.13720703125,1.0289541482925415,0.19278302788734436,-0.1839117854833603
957,0.9617,1.0215,0,0,-0.41851806640625,0.94000244140625,0.076690673828125,1.7085946798324585,0.13528671860694885,0.7313487529754639
958,0.9606,0.9275,0,0,-0.5987396240234375,0.8765411376953125,0.2440948486328125,1.4310897588729858,0.14124660193920135,0.6400420069694519
959,0.9624,0.8191,0,0,-0.67431640625,0.771820068359375,0.364349365234375,0.8819268345832825,0.12208542972803116,0.3428276479244232
960,0.9648,0.7043,0,0,-0.6605987548828125,0.734039306640625,0.3882904052734375,0.35229814052581787,0.07903330028057098,0.030880151316523552
961,0.9657,0.5919,0,0,-0.5617218017578125,0.7427215576171875,0.2880859375,0.050218693912029266,0.12839153409004211,-0.09563198685646057
962,0.9639,0.4908,0,0,-0.4723968505859375,0.788177490234375,0.148345947265625,0.047918256372213364,0.11484935134649277,-0.06873299181461334
963,0.9589,0.408,0,0,-0.43328857421875,0.8118896484375,0.0709075927734375,0.17302903532981873,0.09846478700637817,0.05655995011329651
964,0.9509,0.3486,0,0,-0.428436279296875,0.8202972412109375,0.0679779052734375,0.17302903532981873,0.09846478700637817,0.05655995011329651
965,0.9407,0.315,0,0,-0.4854278564453125,0.77587890625,0.0806884765625,0.29627346992492676,0.07067576795816422,0.22204424440860748
966,0.9296,0.3069,0,0,-0.5416107177734375,0.73675537109375,0.1133270263671875,0.45501863956451416,-0.06533053517341614,0.10822314023971558
967,0.9191,0.3221,0,0,-0.556915283203125,0.7303009033203125,0.1577911376953125,0.40704527497291565,0.09041804820299149,-0.038958583027124405
968,0.9111,0.3568,0,0,-0.5018310546875,0.75506591796875,0.1958465576171875,0.28481629490852356,0.28282079100608826,-0.09552545845508575
969,0.9073,0.4063,0,0,-0.41851806640625,0.7850799560546875,0.207122802734375,0.1265406310558319,0.40508463978767395,-0.00723500968888402
970,0.9092,0.4662,0,0,-0.37811279296875,0.7813262939453125,0.186553955078125,0.1265406310558319,0.40508463978767395,-0.00723500968888402
971,0.9181,0.5322,0,0,-0.396820068359375,0.7779541015625,0.1633453369140625,-0.09507937729358673,0.5108640789985657,0.2733953297138214
972,0.9347,0.6013,0,0,-0.46624755859375,0.8092803955078125,0.146148681640625,-0.2052769809961319,0.613131046295166,0.36121866106987
973,0.9592,0.6713,0,0,-0.5355072021484375,0.8227386474609375,0.09991455078125,-0.2432994693517685,0.6597393155097961,0.35863643884658813
974,0.9914,0.7415,0,0,-0.5838775634765625,0.8054656982421875,0.051239013671875,-0.19567522406578064,0.7226327657699585,0.29948392510414124
975,1.0301,0.8119,0,0,-0.5922088623046875,0.8491058349609375,0.0242919921875,-0.05825132131576538,0.7813735604286194,0.2586187720298767
976,1.0738,0.8832,0,0,-0.578826904296875,0.8819122314453125,0.047119140625,0.10955818742513657,0.7494651675224304,0.2800987660884857
977,1.1205,0.9565,0,0,-0.591217041015625,0.8887481689453125,0.1292724609375,0.22185224294662476,0.6661428809165955,0.3054749667644501
978,1.1674,1.0323,0,0,-0.6533355712890625,0.880279541015625,0.20977783203125,0.19960711896419525,0.7529150247573853,0.2189619094133377
979,1.2118,1.1107,0,0,-0.7202911376953125,0.8938446044921875,0.282928466796875,-0.16751202940940857,1.0326952934265137,0.014475345611572266
980,1.2508,1.1909,0,0,-0.7654876708984375,0.9293212890625,0.2432098388671875,-0.16751202940940857,1.0326952934265137,0.014475345611572266
981,1.2817,1.2715,0,0,-0.7144622802734375,1.10272216796875,0.12188720703125,-1.0300850868225098,1.0530463457107544,-0.6966241002082825
982,1.3024,1.3504,0,0,-0.6119537353515625,1.2274627685546875,0.0438232421875,-1.3495409488677979,0.7036508321762085,-0.8308846950531006
983,1.3113,1.4248,0,0,-0.5093231201171875,1.34112548828125,-0.0506439208984375,-1.522900104522705,0.13174737989902496,-0.5547625422477722
984,1.3078,1.4919,0,0,-0.512420654296875,1.2726898193359375,-0.1977386474609375,-1.2556703090667725,-0.46484944224357605,-0.22042211890220642
985,1.2922,1.5484,0,0,-0.6092681884765625,1.0331878662109375,-0.3041534423828125,-0.522281289100647,-0.7515235543251038,-0.2847326695919037
986,1.2654,1.591,0,0,-0.679443359375,0.8803863525390625,-0.2580413818359375,-0.522281289100647,-0.7515235543251038,-0.2847326695919037
987,1.2292,1.6164,0,0,-0.508087158203125,0.8649139404296875,-0.1015167236328125,0.5495784282684326,-0.5026513934135437,-1.2291878461837769
988,1.1859,1.6223,0,0,-0.1295318603515625,1.0015411376953125,1.332183837890625,-1.1937979459762573,-1.119402289390564,-1.2228186130523682
989,1.1377,1.6076,0,0,-0.1104736328125,0.7312774658203125,0.816375732421875,-2.2499990463256836,-0.4467276930809021,-0.8717101216316223
990,1.0872,1.5733,0,0,-0.268035888671875,0.8424835205078125,-0.014190673828125,-1.8290026187896729,-0.4918946325778961,-0.6076257824897766
991,1.0366,1.5223,0,0,-0.4023590087890625,0.8216094970703125,-0.1158294677734375,-1.280578851699829,-0.6644498705863953,-0.6024379134178162
992,0.9879,1.4595,0,0,-0.5093841552734375,0.7968902587890625,0.0866851806640625,-1.0585497617721558,-0.5698962211608887,-0.6088822484016418
993,0.9425,1.3908,0,0,-0.526763916015625,0.7161102294921875,0.25921630859375,-1.0585497617721558,-0.5698962211608887,-0.6088822484016418
994,0.9017,1.3223,0,0,-0.548583984375,0.658477783203125,0.2583770751953125,-0.707566499710083,-0.5928018093109131,-0.2591593861579895
995,0.8662,1.2592,0,0,-0.612396240234375,0.6816558837890625,0.2437896728515625,-0.48867595195770264,-0.7107148766517639,-0.26719653606414795
996,0.8368,1.2051,0,0,-0.6151123046875,0.6642913818359375,0.207763671875,-0.22203199565410614,-0.7567212581634521,-0.38067197799682617
997,0.8142,1.1613,0,0,-0.556304931640625,0.654327392578125,0.153778076171875,0.16066397726535797,-0.8751200437545776,-0.43406516313552856
998,0.7991,1.1272,0,0,-0.4884796142578125,0.6620941162109375,0.1379547119140625,0.16066397726535797,-0.8751200437545776,-0.43406516313552856
999,0.7926,1.1007,0,0,-0.3658294677734375,0.6663970947265625,0.1474456787109375,0.9227001070976257,-1.2002912759780884,-0.3323960602283478
1000,0.7954,1.079,0,0,-0.263427734375,0.67486572265625,0.1978302001953125,1.1172006130218506,-1.0506274700164795,-0.0968027114868164
1001,0.8083,1.0594,0,0,-0.261993408203125,0.6620635986328125,0.288848876953125,1.1002119779586792,-0.7106482982635498,0.13823376595973969
1002,0.8316,1.0396,0,0,-0.285125732421875,0.674896240234375,0.38543701171875,0.9047871232032776,-0.2451583594083786,0.29891905188560486
1003,0.8652,1.0186,0,0,-0.335601806640625,0.7082061767578125,0.4832305908203125,0.9047871232032776,-0.2451583594083786,0.29891905188560486
1004,0.9084,0.9965,0,0,-0.39056396484375,0.687469482421875,0.471832275390625,0.5338077545166016,0.388492614030838,0.3565932810306549
1005,0.9595,0.9743,0,0,-0.4386138916015625,0.6893768310546875,0.4404754638671875,0.49320223927497864,0.5926441550254822,0.4159378111362457
1006,1.0163,0.9535,0,0,-0.4869232177734375,0.704437255859375,0.46429443359375,0.545137882232666,0.7779942750930786,0.4362982213497162
1007,1.0755,0.9359,0,0,-0.51727294921875,0.6975250244140625,0.5381927490234375,0.4641772508621216,0.6894550919532776,0.4561161398887634
1008,1.1335,0.9233,0,0,-0.60028076171875,0.755279541015625,0.4940948486328125,0.349940687417984,0.7135993242263794,0.44867604970932007
1009,1.1862,0.9172,0,0,-0.67938232421875,0.77606201171875,0.3502044677734375,0.4029671549797058,0.7590727806091309,0.39776042103767395
1010,1.2296,0.9185,0,0,-0.731781005859375,0.764251708984375,0.3588104248046875,0.5910278558731079,0.7080109715461731,0.33604300022125244
1011,1.2602,0.9273,0,0,-0.84912109375,0.71087646484375,0.660247802734375,0.5296114087104797,0.6679820418357849,0.1352800577878952
1012,1.2754,0.943,0,0,-0.940338134765625,0.7447509765625,0.8076629638671875,0.02755759097635746,0.8530483245849609,-0.1786845326423645
1013,1.2741,0.9643,0,0,-0.864959716796875,0.9473724365234375,0.5626068115234375,-0.14736922085285187,0.4366194009780884,-0.47686323523521423
1014,1.2568,0.9892,0,0,-0.61224365234375,1.27716064453125,0.1525421142578125,0.0439315065741539,-0.35953259468078613,-0.3725315034389496
1015,1.2258,1.0157,0,0,-0.4884033203125,1.302886962890625,-0.2003936767578125,0.7786686420440674,-0.7826426029205322,-0.1960105150938034
1016,1.1846,1.0416,0,0,-0.3973236083984375,1.2026519775390625,-0.109771728515625,1.215728521347046,-1.5252333879470825,0.07190748304128647
1017,1.1381,1.0656,0,0,-0.3644866943359375,1.02557373046875,0.22406005859375,1.215728521347046,-1.5252333879470825,0.07190748304128647
1018,1.0911,1.0869,0,0,-0.50506591796875,0.74072265625,0.1529998779296875,-0.24143126606941223,-0.7651605010032654,0.07634883373975754
1019,1.0483,1.105,0,0,-0.42578125,0.6528167724609375,-0.0850830078125,-0.5931403040885925,0.07503269612789154,-0.2644670605659485
1020,1.0128,1.1194,0,0,-0.2767791748046875,0.6676788330078125,-0.212677001953125,-0.2635972797870636,0.1378801017999649,-0.5282012224197388
1021,0.9868,1.1295,0,0,-0.08599853515625,0.8216705322265625,-0.311187744140625,0.4003964066505432,0.0585477314889431,-0.10894965380430222
1022,0.9704,1.1337,0,0,-0.1201019287109375,0.9340972900390625,-0.2923431396484375,0.9765092730522156,0.2764153480529785,0.5355345010757446
1023,0.9624,1.13,0,0,-0.3341217041015625,1.021484375,-0.139404296875,1.3242733478546143,0.23499387502670288,0.843561589717865
1024,0.961,1.1161,0,0,-0.5418853759765625,0.964019775390625,0.0119171142578125,1.3242733478546143,0.23499387502670288,0.843561589717865
1025,0.9633,1.0905,0,0,-0.6140289306640625,0.9067840576171875,0.124114990234375,1.2197223901748657,-0.014935806393623352,0.583320677280426
1026,0.967,1.0523,0,0,-0.6025848388671875,0.8295745849609375,0.1852569580078125,1.0751138925552368,0.30371007323265076,0.3228113353252411
1027,0.9701,1.0016,0,0,-0.52783203125,0.803314208984375,0.3449554443359375,0.5472550988197327,0.23535285890102386,0.17690366506576538
1028,0.9713,0.9398,0,0,-0.4170989990234375,0.811004638671875,0.332366943359375,0.009512544609606266,0.5949797630310059,0.23106491565704346
1029,0.9699,0.8692,0,0,-0.4026336669921875,0.7957763671875,0.195068359375,-0.2408144772052765,0.8482796549797058,0.3782604932785034
1030,0.9662,0.7928,0,0,-0.4569091796875,0.783843994140625,0.0798492431640625,-0.17044790089130402,0.7649211287498474,0.3784668743610382
1031,0.9608,0.7144,0,0,-0.4957427978515625,0.7460174560546875,0.0269622802734375,-0.17044790089130402,0.7649211287498474,0.3784668743610382
1032,0.9547,0.6376,0,0,-0.575714111328125,0.750030517578125,0.048858642578125,0.24909770488739014,0.5013014674186707,0.22841906547546387
1033,0.949,0.5667,0,0,-0.60498046875,0.7469635009765625,0.082061767578125,0.35798025131225586,0.4516100585460663,0.045102763921022415
1034,0.9448,0.5054,0,0,-0.552703857421875,0.7656707763671875,0.1399993896484375,0.3716382682323456,0.35033831000328064,-0.015844210982322693
1035,0.9432,0.4572,0,0,-0.48828125,0.7859344482421875,0.1949615478515625,0.2640284597873688,0.20626315474510193,0.03530552610754967
1036,0.9448,0.425,0,0,-0.4376678466796875,0.793304443359375,0.198333740234375,0.2640284597873688,0.20626315474510193,0.03530552610754967
1037,0.9504,0.4109,0,0,-0.4244537353515625,0.79620361328125,0.1572113037109375,0.01101456768810749,0.22773516178131104,0.2563212513923645
1038,0.9602,0.4163,0,0,-0.459625244140625,0.8158721923828125,0.10906982421875,0.03657079488039017,0.24583452939987183,0.31156080961227417
1039,0.9744,0.4418,0,0,-0.4879150390625,0.8430328369140625,0.1027069091796875,0.06329108774662018,0.3430747985839844,0.3508586883544922
1040,0.9928,0.4873,0,0,-0.53125,0.8788604736328125,0.1341094970703125,-0.004599279258400202,0.5217036604881287,0.3642762303352356
1041,1.0152,0.5523,0,0,-0.5646209716796875,0.912841796875,0.144439697265625,-0.05191299691796303,0.6328948736190796,0.34533876180648804
1042,1.0412,0.6356,0,0,-0.6000213623046875,0.894744873046875,0.1642608642578125,-0.08821508288383484,0.6012099385261536,0.26465028524398804
1043,1.0703,0.7356,0,0,-0.6221771240234375,0.879180908203125,0.1928863525390625,-0.15824130177497864,0.5911948680877686,0.10559726506471634
1044,1.1017,0.8502,0,0,-0.60394287109375,0.8734130859375,0.223968505859375,-0.2889215648174286,0.7358047962188721,-0.04301511123776436
1045,1.1345,0.9762,0,0,-0.5657501220703125,0.8783721923828125,0.255218505859375,-0.4533456563949585,0.934634268283844,-0.09253126382827759
1046,1.167,1.1097,0,0,-0.5876007080078125,0.867034912109375,0.2598876953125,-0.4533456563949585,0.934634268283844,-0.09253126382827759
1047,1.1977,1.246,0,0,-0.6393890380859375,0.844024658203125,0.1491851806640625,-0.8469461798667908,0.7563294768333435,-0.4038340151309967
1048,1.2244,1.3792,0,0,-0.6484375,1.0189971923828125,0.029205322265625,-0.9803513884544373,0.16853389143943787,-0.7415265440940857
1049,1.2449,1.5033,0,0,-0.503814697265625,1.2008514404296875,-0.0746002197265625,-1.0755194425582886,-0.4714101254940033,-0.6261935830116272
1050,1.2571,1.6116,0,0,-0.3971405029296875,1.303070068359375,-0.1393890380859375,-1.0759423971176147,-1.2943977117538452,-0.19313830137252808
1051,1.2594,1.6979,0,0,-0.485076904296875,1.2237396240234375,-0.2170562744140625,-0.7359187602996826,-1.8123873472213745,0.13668541610240936
1052,1.2507,1.757,0,0,-0.649322509765625,1.034820556640625,-0.2124786376953125,-0.26185664534568787,-1.7979623079299927,-0.03543602302670479
1053,1.2306,1.7849,0,0,-0.6748809814453125,0.8770904541015625,-0.1060943603515625,-0.020445620641112328,-1.235365867614746,-0.5007744431495667
1054,1.1999,1.7801,0,0,-0.5513458251953125,0.880859375,0.066802978515625,-0.020445620641112328,-1.235365867614746,-0.5007744431495667
1055,1.1599,1.7432,0,0,-0.196929931640625,1.0794830322265625,1.280303955078125,-2.0088460445404053,0.5811736583709717,-0.8150039911270142
1056,1.1128,1.6776,0,0,-0.108978271484375,0.92047119140625,0.6160430908203125,-2.2687084674835205,0.6157220602035522,-0.7400972843170166
1057,1.0614,1.5895,0,0,-0.266021728515625,0.88238525390625,0.076995849609375,-1.697731614112854,-0.6348137259483337,-0.7480118870735168
1058,1.0088,1.4872,0,0,-0.2650909423828125,0.7732696533203125,-0.0235748291015625,-1.0504473447799683,-0.9146267175674438,-0.3944181501865387
1059,0.9578,1.3804,0,0,-0.4146575927734375,0.7984466552734375,0.2565155029296875,-1.0989395380020142,-0.3927403688430786,-0.28248947858810425
1060,0.9113,1.2784,0,0,-0.462677001953125,0.7342987060546875,0.281463623046875,-1.1533540487289429,0.23564234375953674,-0.18139934539794922
1061,0.8713,1.1894,0,0,-0.4653778076171875,0.639984130859375,0.1547088623046875,-0.7861872315406799,0.06042153388261795,-0.0736374706029892
1062,0.8393,1.1188,0,0,-0.5264892578125,0.625579833984375,0.159759521484375,-0.35824230313301086,-0.42533770203590393,-0.2034580558538437
1063,0.8163,1.0687,0,0,-0.5238189697265625,0.6516876220703125,0.180206298828125,-0.04228886589407921,-0.6050715446472168,-0.2744659185409546
1064,0.8026,1.0375,0,0,-0.52655029296875,0.676300048828125,0.166259765625,0.24173380434513092,-0.742013156414032,-0.35269680619239807
1065,0.7983,1.021,0,0,-0.4958648681640625,0.690673828125,0.162567138671875,0.5899607539176941,-0.96885746717453,-0.44910508394241333
1066,0.8031,1.013,0,0,-0.2799530029296875,0.7191925048828125,0.159637451171875,0.9245200753211975,-1.0722904205322266,-0.3234696686267853
1067,0.8163,1.0068,0,0,-0.2479095458984375,0.714111328125,0.21661376953125,1.0489696264266968,-0.7636542320251465,-0.1719597727060318
1068,0.8375,0.9966,0,0,-0.231903076171875,0.70355224609375,0.3075714111328125,1.0489696264266968,-0.7636542320251465,-0.1719597727060318
1069,0.8659,0.9783,0,0,-0.25213623046875,0.7304229736328125,0.4189300537109375,0.9646856188774109,-0.20503011345863342,0.05222379043698311
1070,0.9005,0.9504,0,0,-0.3169708251953125,0.751739501953125,0.4996490478515625,0.542674720287323,0.5462201833724976,0.3802482783794403
1071,0.9403,0.9141,0,0,-0.40020751953125,0.744049072265625,0.4904937744140625,0.3825300633907318,0.7747063636779785,0.39456382393836975
1072,0.984,0.8727,0,0,-0.5026702880859375,0.719512939453125,0.4740142822265625,0.31887146830558777,0.8621443510055542,0.3161265254020691
1073,1.0302,0.8314,0,0,-0.54132080078125,0.701171875,0.497833251953125,0.26444709300994873,0.7405417561531067,0.2367321103811264
1074,1.077,0.7959,0,0,-0.5681304931640625,0.7277984619140625,0.4656524658203125,0.20137466490268707,0.6042624711990356,0.18030239641666412
1075,1.1223,0.7723,0,0,-0.5819244384765625,0.7918548583984375,0.3200225830078125,0.3189724087715149,0.48485004901885986,0.22906087338924408
1076,1.1638,0.7654,0,0,-0.600311279296875,0.800933837890625,0.266265869140625,0.5258457064628601,0.3569016754627228,0.33025968074798584
1077,1.1991,0.7782,0,0,-0.7129669189453125,0.7747650146484375,0.4645233154296875,0.6047428846359253,0.42776918411254883,0.29921120405197144
1078,1.2257,0.8118,0,0,-0.8262939453125,0.6840362548828125,0.7016448974609375,0.4882809817790985,0.6426737904548645,0.0950775146484375
1079,1.242,0.8646,0,0,-0.850677490234375,0.6729278564453125,0.79022216796875,0.16174842417240143,0.7972897291183472,-0.20942433178424835
1080,1.2469,0.9329,0,0,-0.752471923828125,0.8025360107421875,0.622802734375,-0.058930426836013794,0.2860139012336731,-0.4827519953250885
1081,1.2401,1.0109,0,0,-0.54718017578125,1.116455078125,0.169769287109375,0.129801407456398,-0.4570911228656769,-0.3284761607646942
1082,1.2228,1.0918,0,0,-0.5131378173828125,1.26470947265625,-0.1292266845703125,0.7701408863067627,-0.5133123397827148,-0.15050135552883148
1083,1.197,1.1682,0,0,-0.555572509765625,1.3220062255859375,-0.1200408935546875,1.35964834690094,-1.1518810987472534,0.05037768557667732
1084,1.1657,1.2336,0,0,-0.407196044921875,1.1071624755859375,0.20001220703125,0.948908269405365,-2.204693078994751,0.33903345465660095
1085,1.1322,1.283,0,0,-0.515594482421875,0.819000244140625,0.4459228515625,-0.19856369495391846,-1.356858491897583,0.28056880831718445
1086,1.0996,1.3131,0,0,-0.644317626953125,0.7104644775390625,-0.04644775390625,-0.6997455954551697,-0.4472177028656006,-0.21267151832580566
1087,1.0706,1.3224,0,0,-0.46759033203125,0.6180419921875,-0.1966094970703125,-0.5251181125640869,0.1449851542711258,-0.8616793751716614
1088,1.0467,1.3109,0,0,-0.184295654296875,0.7176513671875,-0.29583740234375,0.10250294208526611,-0.062314242124557495,-0.8581402897834778
1089,1.0283,1.2795,0,0,0.0179595947265625,0.8913116455078125,-0.3603057861328125,0.8746145963668823,-0.05416842922568321,-0.06167614832520485
1090,1.0148,1.2301,0,0,-0.114227294921875,1.037811279296875,-0.245269775390625,0.8746145963668823,-0.05416842922568321,-0.06167614832520485
1091,1.0045,1.1654,0,0,-0.4146728515625,1.075164794921875,-0.05889892578125,1.7854827642440796,-0.24587315320968628,0.8288335204124451
1092,0.9958,1.0886,0,0,-0.6079254150390625,1.0067291259765625,0.149444580078125,1.7854827642440796,-0.24587315320968628,0.8288335204124451
1093,0.987,1.004,0,0,-0.640380859375,0.906646728515625,0.3069305419921875,1.1729307174682617,-0.09054827690124512,0.30618149042129517
1094,0.9772,0.9162,0,0,-0.5643463134765625,0.80157470703125,0.46783447265625,0.455849826335907,0.06918066740036011,0.0311075858771801
1095,0.9661,0.8301,0,0,-0.425872802734375,0.78045654296875,0.357391357421875,-0.14400191605091095,0.20107372105121613,7.936220208648592e-05
1096,0.9541,0.7501,0,0,-0.33331298828125,0.782501220703125,0.1241607666015625,-0.215765580534935,0.5055060386657715,0.1381051391363144
1097,0.9422,0.6794,0,0,-0.3206939697265625,0.7724609375,0.0501251220703125,-0.03701474145054817,0.5539175271987915,0.33600544929504395
1098,0.9316,0.6203,0,0,-0.394775390625,0.7465057373046875,0.0428314208984375,0.16317453980445862,0.44571009278297424,0.44261735677719116
1099,0.9236,0.5736,0,0,-0.4833984375,0.72442626953125,0.0488739013671875,0.16317453980445862,0.44571009278297424,0.44261735677719116
1100,0.9192,0.5392,0,0,-0.55657958984375,0.73028564453125,0.059722900390625,0.46735841035842896,0.23476563394069672,0.23473741114139557
1101,0.9191,0.5163,0,0,-0.55633544921875,0.7599029541015625,0.07635498046875,0.5389162302017212,0.26626071333885193,0.15372325479984283
1102,0.9236,0.5041,0,0,-0.559478759765625,0.7557220458984375,0.110809326171875,0.49958717823028564,0.49101418256759644,0.11533644795417786
1103,0.9327,0.5016,0,0,-0.5335845947265625,0.7779388427734375,0.17681884765625,0.3792216181755066,0.6002197861671448,0.041488587856292725
1104,0.9461,0.5081,0,0,-0.4348907470703125,0.8127593994140625,0.2188262939453125,0.2375883162021637,0.31870341300964355,0.07490380108356476
1105,0.9633,0.5234,0,0,-0.3659515380859375,0.844482421875,0.1920623779296875,0.10847800970077515,0.11576974391937256,0.2705287039279938
1106,0.9838,0.5473,0,0,-0.432159423828125,0.8590087890625,0.15789794921875,0.10847800970077515,0.11576974391937256,0.2705287039279938
1107,1.0069,0.5796,0,0,-0.5095977783203125,0.88946533203125,0.11041259765625,-0.09584663063287735,0.41406163573265076,0.4157961308956146
1108,1.032,0.6205,0,0,-0.5673675537109375,0.9095916748046875,0.069793701171875,-0.03803606703877449,0.5575604438781738,0.3824602961540222
1109,1.0586,0.6699,0,0,-0.584320068359375,0.9158172607421875,0.08074951171875,0.0026581010315567255,0.68403160572052,0.33089056611061096
1110,1.0863,0.7279,0,0,-0.603424072265625,0.9230194091796875,0.140411376953125,-0.02460334636271,0.8262087106704712,0.2616603672504425
1111,1.1144,0.7946,0,0,-0.61431884765625,0.9224853515625,0.205718994140625,-0.1330360770225525,0.8357958197593689,0.19783079624176025
1112,1.1422,0.8698,0,0,-0.6436614990234375,0.906036376953125,0.2280731201171875,-0.2566280663013458,0.8416664600372314,0.07344785332679749
1113,1.1691,0.9533,0,0,-0.6393280029296875,0.873321533203125,0.2244110107421875,-0.2566280663013458,0.8416664600372314,0.07344785332679749
1114,1.1938,1.0441,0,0,-0.579132080078125,0.8922576904296875,0.1749420166015625,-0.651606559753418,0.850730836391449,-0.28042978048324585
1115,1.215,1.1405,0,0,-0.56005859375,0.970550537109375,0.0451507568359375,-0.7292238473892212,0.5153387188911438,-0.46569737792015076
1116,1.2314,1.2398,0,0,-0.508331298828125,1.1167144775390625,-0.0259857177734375,-0.8539106249809265,-0.10694163292646408,-0.5815978646278381
1117,1.2413,1.3382,0,0,-0.4169769287109375,1.229583740234375,-0.044891357421875,-1.0542935132980347,-0.6760503649711609,-0.31519123911857605
1118,1.2436,1.431,0,0,-0.448516845703125,1.354736328125,-0.063629150390625,-1.1742668151855469,-1.1643556356430054,0.10327019542455673
1119,1.2374,1.5126,0,0,-0.5709686279296875,1.240936279296875,-0.14239501953125,-0.9311351180076599,-1.4661785364151,0.11517905443906784
1120,1.2223,1.5773,0,0,-0.6480712890625,0.9915008544921875,-0.1623687744140625,-0.4500366747379303,-1.2240042686462402,-0.28363490104675293
1121,1.1986,1.6194,0,0,-0.5908660888671875,0.7818450927734375,-0.07696533203125,-0.10176257789134979,-0.6772724986076355,-0.7945666313171387
1122,1.1673,1.6341,0,0,-0.4098663330078125,0.803436279296875,0.1211090087890625,-0.10176257789134979,-0.6772724986076355,-0.7945666313171387
1123,1.1295,1.6182,0,0,-0.0068206787109375,0.991546630859375,1.363800048828125,-1.9975495338439941,0.043174102902412415,-1.0580930709838867
1124,1.0871,1.5707,0,0,-0.0344085693359375,0.9035797119140625,0.4648590087890625,-2.152031421661377,-0.44959643483161926,-0.960867166519165
1125,1.0421,1.4935,0,0,-0.146240234375,0.8856201171875,-0.02734375,-1.6119368076324463,-0.7791810035705566,-0.6587299704551697
1126,0.9965,1.3917,0,0,-0.2586822509765625,0.8750762939453125,-0.0172882080078125,-1.1265552043914795,-0.4472009241580963,-0.3675987720489502
1127,0.9523,1.2728,0,0,-0.408782958984375,0.8362884521484375,0.2317657470703125,-1.07293701171875,0.1269017606973648,-0.28750288486480713
1128,0.9114,1.1462,0,0,-0.4545135498046875,0.7256011962890625,0.3079376220703125,-0.9986704587936401,0.33145835995674133,-0.23459786176681519
1129,0.8755,1.0216,0,0,-0.4527435302734375,0.7023468017578125,0.2178955078125,-0.9986704587936401,0.33145835995674133,-0.23459786176681519
1130,0.8457,0.9086,0,0,-0.4706268310546875,0.695709228515625,0.21600341796875,-0.3423280417919159,-0.4191354811191559,-0.29047897458076477
1131,0.8231,0.8143,0,0,-0.4504852294921875,0.689727783203125,0.242889404296875,-0.19421900808811188,-0.4296826720237732,-0.30785688757896423
1132,0.8084,0.7437,0,0,-0.4001922607421875,0.7046966552734375,0.203704833984375,0.024566063657402992,-0.3260939419269562,-0.2628049850463867
1133,0.8022,0.6983,0,0,-0.365814208984375,0.6904449462890625,0.1840057373046875,0.024566063657402992,-0.3260939419269562,-0.2628049850463867
1134,0.8046,0.6769,0,0,-0.308074951171875,0.6774749755859375,0.2224884033203125,0.7190330028533936,-0.6274596452713013,-0.11801851540803909
1135,0.8157,0.6759,0,0,-0.276947021484375,0.6678619384765625,0.32275390625,0.7584277987480164,-0.3708212077617645,0.08563128113746643
1136,0.8353,0.6897,0,0,-0.3567657470703125,0.677886962890625,0.370635986328125,0.7584277987480164,-0.3708212077617645,0.08563128113746643
1137,0.8627,0.7125,0,0,-0.418304443359375,0.69512939453125,0.345184326171875,0.6214598417282104,0.4426908791065216,0.20056958496570587
1138,0.8973,0.7382,0,0,-0.4515228271484375,0.6916046142578125,0.4148101806640625,0.6312759518623352,0.5324495434761047,0.21231785416603088
1139,0.9378,0.7619,0,0,-0.503326416015625,0.7091522216796875,0.4838714599609375,0.5312750935554504,0.5129269361495972,0.15426920354366302
1140,0.9828,0.7801,0,0,-0.502777099609375,0.7197265625,0.47344970703125,0.5213299989700317,0.6042283773422241,0.12227371335029602
1141,1.0305,0.7906,0,0,-0.49029541015625,0.7097320556640625,0.4540557861328125,0.5630383491516113,0.5852887630462646,0.1962488740682602
1142,1.0785,0.793,0,0,-0.530975341796875,0.7108154296875,0.4439849853515625,0.5931270122528076,0.41398173570632935,0.24819409847259521
1143,1.1242,0.7882,0,0,-0.586456298828125,0.7468414306640625,0.426483154296875,0.5931270122528076,0.41398173570632935,0.24819409847259521
1144,1.1649,0.7782,0,0,-0.6363983154296875,0.7905120849609375,0.4190673828125,0.5394283533096313,0.3220347762107849,0.2185123711824417
1145,1.1978,0.7658,0,0,-0.73248291015625,0.7376251220703125,0.5492401123046875,0.4136461615562439,0.6643561720848083,0.09316056966781616
1146,1.2205,0.7541,0,0,-0.848602294921875,0.7034912109375,0.6771697998046875,0.21918268501758575,0.7346798777580261,-0.15371073782444
1147,1.2313,0.7461,0,0,-0.801513671875,0.8078460693359375,0.578033447265625,0.1567656397819519,0.5905730128288269,-0.41957730054855347
1148,1.2294,0.7446,0,0,-0.638427734375,1.0243377685546875,0.3894195556640625,0.13263314962387085,-0.0948101356625557,-0.5274968147277832
1149,1.2155,0.752,0,0,-0.47113037109375,1.16619873046875,0.1015167236328125,0.38423287868499756,-0.2322058081626892,-0.29325637221336365
1150,1.1913,0.7698,0,0,-0.4078826904296875,1.2480621337890625,0.001312255859375,0.8724946975708008,-0.4022073745727539,0.1164536401629448
1151,1.1597,0.7991,0,0,-0.387481689453125,1.25189208984375,0.1197662353515625,0.8724946975708008,-0.4022073745727539,0.1164536401629448
1152,1.1246,0.84,0,0,-0.478118896484375,1.0277099609375,0.5906982421875,-0.020419521257281303,-1.2401952743530273,0.5409426093101501
1153,1.0902,0.8918,0,0,-0.6473388671875,0.7842864990234375,0.061553955078125,-0.699207603931427,-0.2595652639865875,0.2374546378850937
1154,1.0605,0.9529,0,0,-0.5952911376953125,0.7382049560546875,-0.107421875,-0.7203317880630493,0.2267918735742569,-0.3809891641139984
1155,1.0383,1.0203,0,0,-0.39898681640625,0.63543701171875,-0.192901611328125,-0.4800046980381012,-0.09611241519451141,-0.946738600730896
1156,1.0255,1.0895,0,0,-0.1079864501953125,0.736053466796875,-0.2378692626953125,-0.19166024029254913,-0.32056736946105957,-0.7437540292739868
1157,1.0218,1.1549,0,0,0.0821685791015625,0.8114166259765625,-0.2668304443359375,0.2461804747581482,0.10807427018880844,0.1724356859922409
1158,1.0256,1.2099,0,0,-0.0762939453125,0.9559478759765625,-0.26116943359375,0.2461804747581482,0.10807427018880844,0.1724356859922409
1159,1.0342,1.2478,0,0,-0.329376220703125,1.065338134765625,-0.2241973876953125,1.4241344928741455,0.11787603795528412,1.0351685285568237
1160,1.0439,1.263,0,0,-0.5539703369140625,1.05438232421875,-0.1216888427734375,1.9531450271606445,-0.04622608423233032,0.9820212125778198
1161,1.0515,1.2522,0,0,-0.6675262451171875,1.0210113525390625,0.07861328125,2.027677059173584,0.07327821105718613,0.7421731948852539
1162,1.054,1.2151,0,0,-0.6676788330078125,0.941375732421875,0.310150146484375,1.7425073385238647,0.30402621626853943,0.40881386399269104
1163,1.0502,1.1548,0,0,-0.5772552490234375,0.8493194580078125,0.6721954345703125,0.6948650479316711,0.24869796633720398,0.14029212296009064
1164,1.0397,1.0771,0,0,-0.4518890380859375,0.836151123046875,0.5778045654296875,-0.37766048312187195,0.48978888988494873,0.11755672097206116
1165,1.0237,0.9894,0,0,-0.3894195556640625,0.807342529296875,0.1822357177734375,-0.37766048312187195,0.48978888988494873,0.11755672097206116
1166,1.0044,0.8996,0,0,-0.3981781005859375,0.7779541015625,-0.01837158203125,-0.38188397884368896,0.6379445195198059,0.24882739782333374
1167,0.9842,0.8147,0,0,-0.4297332763671875,0.7582550048828125,-0.071502685546875,0.03181998059153557,0.47985661029815674,0.2778550386428833
1168,0.9658,0.7403,0,0,-0.4982452392578125,0.74481201171875,-0.0361785888671875,0.03181998059153557,0.47985661029815674,0.2778550386428833
1169,0.9514,0.6797,0,0,-0.523712158203125,0.7426300048828125,0.0211029052734375,0.44359129667282104,0.5295314788818359,0.13702762126922607
1170,0.9426,0.6343,0,0,-0.5295867919921875,0.7394256591796875,0.083984375,0.5400107502937317,0.6656888127326965,0.041665155440568924
1171,0.9402,0.6037,0,0,-0.473052978515625,0.776275634765625,0.194549560546875,0.5400107502937317,0.6656888127326965,0.041665155440568924
1172,0.9443,0.5865,0,0,-0.377899169921875,0.821807861328125,0.2777557373046875,0.2729140818119049,0.21094366908073425,0.12381675094366074
1173,0.9543,0.5807,0,0,-0.3779296875,0.888031005859375,0.26300048828125,-0.03537130728363991,0.34487083554267883,0.3385697901248932
1174,0.9693,0.5841,0,0,-0.439422607421875,0.89031982421875,0.2035980224609375,-0.26788124442100525,0.515098512172699,0.48034796118736267
1175,0.9881,0.5954,0,0,-0.5531158447265625,0.86407470703125,0.1139068603515625,-0.3356051743030548,0.5910481214523315,0.44097793102264404
1176,1.0098,0.6139,0,0,-0.6450347900390625,0.8529510498046875,0.0481109619140625,-0.24881461262702942,0.6358957290649414,0.24468085169792175
1177,1.0332,0.64,0,0,-0.6538848876953125,0.8622589111328125,0.0473785400390625,-0.12176531553268433,0.6462778449058533,0.00806431844830513
1178,1.0577,0.6749,0,0,-0.5951385498046875,0.879669189453125,0.1016387939453125,-0.12176531553268433,0.6462778449058533,0.00806431844830513
1179,1.0826,0.7206,0,0,-0.5183258056640625,0.919281005859375,0.18414306640625,0.0019046928500756621,0.6381186842918396,-0.14642618596553802
1180,1.1072,0.7788,0,0,-0.4759979248046875,0.910064697265625,0.2286376953125,-0.025795377790927887,0.4910314977169037,-0.18503643572330475
1181,1.131,0.8511,0,0,-0.486236572265625,0.8837127685546875,0.220428466796875,-0.36954769492149353,0.853203296661377,-0.03713245317339897
1182,1.1531,0.9382,0,0,-0.5471343994140625,0.887481689453125,0.1740875244140625,-0.49413755536079407,0.9546127319335938,-0.06638461351394653
1183,1.1726,1.0395,0,0,-0.599609375,0.9274139404296875,0.09423828125,-0.563818097114563,0.8889865875244141,-0.20958039164543152
1184,1.1886,1.153,0,0,-0.631103515625,1.07305908203125,0.0681304931640625,-0.7497314810752869,0.43368300795555115,-0.3950138986110687
1185,1.2,1.2751,0,0,-0.5683746337890625,1.2012176513671875,0.0197296142578125,-1.004733920097351,-0.22244425117969513,-0.4553840458393097
1186,1.2061,1.4002,0,0,-0.4735870361328125,1.2771148681640625,-0.0811920166015625,-1.1380081176757812,-1.162224292755127,-0.2921240031719208
1187,1.2064,1.5218,0,0,-0.4516143798828125,1.185760498046875,-0.1795806884765625,-0.9842095375061035,-1.6564356088638306,-0.01985706202685833
1188,1.2007,1.6319,0,0,-0.521453857421875,0.992462158203125,-0.2228546142578125,-0.6168261766433716,-1.2875560522079468,0.01842135190963745
1189,1.189,1.7223,0,0,-0.539764404296875,0.8050994873046875,-0.185943603515625,-0.22237128019332886,-0.569344699382782,-0.21142862737178802
1190,1.1716,1.7849,0,0,-0.4928131103515625,0.7283172607421875,-0.0517578125,-0.22237128019332886,-0.569344699382782,-0.21142862737178802
1191,1.1487,1.8131,0,0,-0.2713623046875,0.9462738037109375,1.3362274169921875,-2.3719356060028076,0.9299521446228027,-0.8384714722633362
1192,1.1209,1.803,0,0,-0.15802001953125,0.8324737548828125,0.5644073486328125,-2.3614377975463867,1.6513268947601318,-0.8526222109794617
1193,1.0885,1.7541,0,0,-0.23236083984375,0.8975982666015625,0.0933837890625,-2.3614377975463867,1.6513268947601318,-0.8526222109794617
1194,1.0524,1.6702,0,0,-0.2769317626953125,0.899993896484375,-0.02874755859375,-0.8693774938583374,-1.1135072708129883,-0.4201032817363739
1195,1.0131,1.5589,0,0,-0.452606201171875,0.97393798828125,0.2283935546875,-0.8555316925048828,-0.9124975204467773,-0.2807011604309082
1196,0.972,1.4306,0,0,-0.5544891357421875,0.85833740234375,0.3168792724609375,-1.0765306949615479,-0.1100708469748497,-0.08777406066656113
1197,0.9304,1.2969,0,0,-0.58953857421875,0.738494873046875,0.1730194091796875,-1.0765306949615479,-0.1100708469748497,-0.08777406066656113
1198,0.8902,1.169,0,0,-0.636505126953125,0.699554443359375,0.1589813232421875,-0.5044959187507629,-0.18694564700126648,-0.2620108425617218
1199,0.8535,1.0559,0,0,-0.570159912109375,0.6475830078125,0.163421630859375,-0.14865632355213165,-0.6304844617843628,-0.42540135979652405
1200,0.8228,0.9639,0,0,-0.481842041015625,0.64044189453125,0.1980438232421875,0.032654084265232086,-0.8053713440895081,-0.4606858491897583
1201,0.8003,0.8958,0,0,-0.4162445068359375,0.6569366455078125,0.2035675048828125,0.1779814511537552,-0.9379104971885681,-0.4524715840816498
1202,0.7881,0.8511,0,0,-0.2692108154296875,0.6531982421875,0.1542510986328125,0.1779814511537552,-0.9379104971885681,-0.4524715840816498
1203,0.7878,0.8268,0,0,-0.194244384765625,0.654571533203125,0.156005859375,0.5625320672988892,-0.6541823744773865,0.0009262474486604333
1204,0.8002,0.8178,0,0,-0.2316131591796875,0.674041748046875,0.207611083984375,0.5625320672988892,-0.6541823744773865,0.0009262474486604333
1205,0.8251,0.8183,0,0,-0.2721405029296875,0.684234619140625,0.31787109375,0.6595451831817627,0.1385248601436615,0.42702803015708923
1206,0.8616,0.8223,0,0,-0.354034423828125,0.70611572265625,0.447357177734375,0.554775059223175,0.3841037154197693,0.49978718161582947
1207,0.9079,0.8244,0,0,-0.4277801513671875,0.7224578857421875,0.4730224609375,0.547904908657074,0.436538428068161,0.47200214862823486
1208,0.9613,0.8207,0,0,-0.4825592041015625,0.7322845458984375,0.46490478515625,0.5526533126831055,0.4661189615726471,0.4548218250274658
1209,1.0186,0.8091,0,0,-0.55499267578125,0.7457427978515625,0.4461669921875,0.5898145437240601,0.6322847604751587,0.37701040506362915
1210,1.0765,0.7895,0,0,-0.5966033935546875,0.776153564453125,0.4595184326171875,0.660359799861908,0.620823323726654,0.2601120173931122
1211,1.1312,0.7634,0,0,-0.6076812744140625,0.7959747314453125,0.4866943359375,0.660359799861908,0.620823323726654,0.2601120173931122
1212,1.179,0.7344,0,0,-0.6182403564453125,0.810516357421875,0.46014404296875,0.5564408898353577,0.059840165078639984,-0.02279585972428322
1213,1.2168,0.7068,0,0,-0.6586761474609375,0.8067626953125,0.3660888671875,0.5591426491737366,0.07769106328487396,-0.19186264276504517
1214,1.2419,0.6853,0,0,-0.6392974853515625,0.7917327880859375,0.417816162109375,0.5591426491737366,0.07769106328487396,-0.19186264276504517
1215,1.2523,0.6745,0,0,-0.71466064453125,0.792572021484375,0.7034454345703125,0.5896459817886353,0.23914040625095367,-0.19694368541240692
1216,1.2476,0.6781,0,0,-0.78515625,0.9704437255859375,0.7689971923828125,0.21954193711280823,0.3073602020740509,-0.3711373209953308
1217,1.2284,0.6989,0,0,-0.5572967529296875,1.1837158203125,0.502166748046875,0.06544078886508942,-0.2615205645561218,-0.3422548174858093
1218,1.1973,0.7379,0,0,-0.4452056884765625,1.145660400390625,0.1177215576171875,0.06544078886508942,-0.2615205645561218,-0.3422548174858093
1219,1.1577,0.795,0,0,-0.4373931884765625,1.1264190673828125,-0.082489013671875,0.7581332325935364,-1.015316367149353,0.11365891993045807
1220,1.1145,0.8689,0,0,-0.462921142578125,1.1726837158203125,0.07928466796875,0.7565070986747742,-1.6131656169891357,0.22060507535934448
1221,1.0727,0.9569,0,0,-0.4412078857421875,0.997528076171875,0.444549560546875,-0.020954018458724022,-1.1171678304672241,0.17703069746494293
1222,1.0372,1.0552,0,0,-0.5520477294921875,0.7412109375,-0.0500946044921875,-0.5363044738769531,-0.3659127354621887,0.07384040206670761
1223,1.0119,1.1588,0,0,-0.4436187744140625,0.590789794921875,-0.172698974609375,-0.5363044738769531,-0.3659127354621887,0.07384040206670761
1224,0.9987,1.261,0,0,-0.2926177978515625,0.55853271484375,-0.2266845703125,-0.2808939814567566,0.3473188281059265,-0.7216063737869263
1225,0.9979,1.3543,0,0,-0.057708740234375,0.712890625,-0.3065032958984375,-0.2808939814567566,0.3473188281059265,-0.7216063737869263
1226,1.0075,1.4302,0,0,0.019378662109375,0.83868408203125,-0.341339111328125,1.019073724746704,-0.21092581748962402,0.36905261874198914
1227,1.0239,1.4811,0,0,-0.150604248046875,1.0610504150390625,-0.246856689453125,1.5270882844924927,-0.1774778515100479,1.0631173849105835
1228,1.0425,1.5006,0,0,-0.4461822509765625,1.118896484375,-0.145172119140625,1.9706557989120483,-0.14757800102233887,1.1790854930877686
1229,1.0587,1.4851,0,0,-0.64434814453125,1.0518341064453125,0.01202392578125,2.1834716796875,-0.29395678639411926,0.9358715415000916
1230,1.0684,1.4348,0,0,-0.69378662109375,0.963897705078125,0.292327880859375,1.8355883359909058,-0.42427271604537964,0.6060185432434082
1231,1.0691,1.3531,0,0,-0.6392059326171875,0.8886260986328125,0.86419677734375,0.3020229637622833,-0.15600185096263885,0.24563026428222656
1232,1.0601,1.2465,0,0,-0.497283935546875,0.90008544921875,0.4424896240234375,-0.656095564365387,0.5697017908096313,0.1512414515018463
1233,1.0421,1.1234,0,0,-0.4298553466796875,0.8592987060546875,0.060394287109375,-0.7534341216087341,0.9700638651847839,0.16724944114685059
1234,1.0178,0.9931,0,0,-0.383392333984375,0.82574462890625,-0.0321502685546875,-0.3539905548095703,0.7741039395332336,0.19276545941829681
1235,0.9906,0.8644,0,0,-0.375762939453125,0.7677459716796875,-0.050140380859375,0.05970487371087074,0.5171022415161133,0.2924984395503998
1236,0.964,0.7449,0,0,-0.4340362548828125,0.7352294921875,-0.02996826171875,0.45264923572540283,0.2675073444843292,0.2502942681312561
1237,0.9417,0.6405,0,0,-0.4816741943359375,0.72381591796875,0.0233917236328125,0.6630155444145203,0.13437990844249725,0.1050633043050766
1238,0.9263,0.5553,0,0,-0.45867919921875,0.7639617919921875,0.0955657958984375,0.6243192553520203,0.13126002252101898,0.030349383130669594
1239,0.9195,0.4914,0,0,-0.41436767578125,0.7948150634765625,0.15228271484375,0.4678087532520294,0.2755383551120758,0.08224720507860184
1240,0.9221,0.4498,0,0,-0.3943328857421875,0.79931640625,0.173126220703125,0.4507053792476654,0.4281385540962219,0.1740599423646927
1241,0.9336,0.4298,0,0,-0.418701171875,0.8317108154296875,0.1952972412109375,0.3983055651187897,0.14232252538204193,0.18364839255809784
1242,0.9528,0.4305,0,0,-0.435455322265625,0.89727783203125,0.1932525634765625,0.23687459528446198,0.04529504477977753,0.2208402305841446
1243,0.9779,0.4503,0,0,-0.442962646484375,0.9202728271484375,0.1874847412109375,-0.04532753303647041,0.24798184633255005,0.29667800664901733
1244,1.0068,0.4876,0,0,-0.480682373046875,0.8948211669921875,0.1439361572265625,-0.04532753303647041,0.24798184633255005,0.29667800664901733
1245,1.0374,0.5406,0,0,-0.5353240966796875,0.8926544189453125,0.0833282470703125,-0.2590688467025757,0.6922594308853149,0.28410762548446655
1246,1.0678,0.6081,0,0,-0.55816650390625,0.909149169921875,0.061737060546875,-0.18643485009670258,0.7020265460014343,0.16536845266819
1247,1.0962,0.6886,0,0,-0.5383148193359375,0.943328857421875,0.0826568603515625,-0.12102842330932617,0.7490310668945312,0.13046613335609436
1248,1.1215,0.7811,0,0,-0.5367279052734375,0.9793701171875,0.119537353515625,-0.12102842330932617,0.7490310668945312,0.13046613335609436
1249,1.1427,0.884,0,0,-0.587158203125,0.974212646484375,0.16326904296875,-0.046185337007045746,0.7186582684516907,0.08366906642913818
1250,1.1595,0.9953,0,0,-0.61785888671875,0.9309234619140625,0.210052490234375,-0.08119925111532211,0.8017334342002869,-0.026208700612187386
1251,1.1718,1.1126,0,0,-0.64093017578125,0.9068756103515625,0.236114501953125,-0.28417474031448364,0.9868873357772827,-0.18092983961105347
1252,1.1798,1.2324,0,0,-0.6634979248046875,0.933685302734375,0.2269287109375,-0.6055615544319153,0.98245769739151,-0.44706591963768005
1253,1.1841,1.3506,0,0,-0.62860107421875,1.039276123046875,0.1486053466796875,-0.8949241042137146,0.6214480996131897,-0.772728681564331
1254,1.1852,1.4626,0,0,-0.488250732421875,1.1232757568359375,0.072540283203125,-1.111495852470398,-0.06816067546606064,-0.7834223508834839
1255,1.184,1.5636,0,0,-0.43035888671875,1.1877288818359375,0.0388641357421875,-1.4456291198730469,-0.7846513986587524,-0.5789768099784851
1256,1.181,1.6492,0,0,-0.4293365478515625,1.18402099609375,-0.0218963623046875,-1.4456291198730469,-0.7846513986587524,-0.5789768099784851
1257,1.1766,1.7153,0,0,-0.5101776123046875,1.024078369140625,-0.1206817626953125,-1.8317943811416626,-0.9510281085968018,-0.41867876052856445
1258,1.1707,1.7591,0,0,-0.5167236328125,0.8775177001953125,-0.209991455078125,-1.5171387195587158,-0.375755250453949,-0.6525751352310181
1259,1.1629,1.7786,0,0,-0.45245361328125,0.7785797119140625,-0.259368896484375,-0.8482232093811035,0.11257341504096985,-0.8788681626319885
1260,1.1521,1.7733,0,0,-0.370361328125,0.813568115234375,-0.2946624755859375,0.29318979382514954,0.401271253824234,-1.0788042545318604
1261,1.1373,1.7441,0,0,-0.2210540771484375,0.949066162109375,-0.109130859375,0.6663072109222412,-1.2885233163833618,-1.1230981349945068
1262,1.1172,1.6934,0,0,-0.0825653076171875,1.1207275390625,1.557373046875,-1.0725737810134888,-1.807877540588379,-1.025732159614563
1263,1.0909,1.6252,0,0,-0.1745147705078125,0.6942596435546875,0.612457275390625,-1.0725737810134888,-1.807877540588379,-1.025732159614563
1264,1.0583,1.5451,0,0,-0.4027557373046875,0.8806304931640625,0.07177734375,-1.4133797883987427,-1.3691351413726807,-0.1803162395954132
1265,1.0201,1.4597,0,0,-0.593505859375,0.92919921875,-0.0062255859375,-0.9601476192474365,-0.9103121161460876,-0.30187276005744934
1266,0.9778,1.3757,0,0,-0.570709228515625,0.82513427734375,0.1162109375,-0.6076601147651672,-0.3134516477584839,-0.2439466118812561
1267,0.934,1.2986,0,0,-0.5548553466796875,0.6813507080078125,0.26629638671875,-0.3013172447681427,-0.4556615352630615,-0.33208873867988586
1268,0.8915,1.2322,0,0,-0.5047454833984375,0.659942626953125,0.2529144287109375,-0.0030722226947546005,-0.917832612991333,-0.4888959228992462
1269,0.8536,1.1782,0,0,-0.41497802734375,0.67340087890625,0.2254791259765625,0.21109385788440704,-0.9927489757537842,-0.4400160014629364
1270,0.8233,1.1356,0,0,-0.4021148681640625,0.66949462890625,0.1920318603515625,0.4491996467113495,-0.8785834908485413,-0.40664100646972656
1271,0.8033,1.1016,0,0,-0.3805999755859375,0.659576416015625,0.1552734375,0.7698602080345154,-0.8923752307891846,-0.41763371229171753
1272,0.7956,1.0727,0,0,-0.28973388671875,0.6741180419921875,0.1447906494140625,1.063692331314087,-0.9133971333503723,-0.34523648023605347
1273,0.8014,1.045,0,0,-0.2122650146484375,0.7107696533203125,0.1964111328125,1.1790636777877808,-0.757255494594574,-0.16296228766441345
1274,0.8208,1.0157,0,0,-0.2212371826171875,0.7198028564453125,0.27899169921875,1.0415865182876587,-0.40721890330314636,0.03683870658278465
1275,0.8531,0.9832,0,0,-0.267425537109375,0.738525390625,0.34423828125,0.8258917927742004,0.07174715399742126,0.21329230070114136
1276,0.8965,0.9476,0,0,-0.3206329345703125,0.78448486328125,0.377471923828125,0.8258917927742004,0.07174715399742126,0.21329230070114136
1277,0.9487,0.9106,0,0,-0.363555908203125,0.787811279296875,0.423828125,0.9590660929679871,0.39378246665000916,0.32796216011047363
1278,1.0066,0.8748,0,0,-0.4167938232421875,0.783660888671875,0.63360595703125,0.6296849846839905,0.13322463631629944,0.34366682171821594
1279,1.0671,0.8437,0,0,-0.50372314453125,0.8110198974609375,0.68829345703125,0.01932336390018463,0.5840938091278076,0.25767281651496887
1280,1.1265,0.821,0,0,-0.4989776611328125,0.805145263671875,0.508331298828125,-0.2624257504940033,0.8887551426887512,0.3258849084377289
1281,1.1813,0.8099,0,0,-0.5787353515625,0.828826904296875,0.3363494873046875,-0.07576533406972885,0.7224170565605164,0.3765225112438202
1282,1.2283,0.8128,0,0,-0.652313232421875,0.774169921875,0.314666748046875,0.3702867031097412,0.5781011581420898,0.3537612557411194
1283,1.2642,0.8309,0,0,-0.724884033203125,0.77740478515625,0.46771240234375,0.3702867031097412,0.5781011581420898,0.3537612557411194
1284,1.2866,0.864,0,0,-0.853302001953125,0.7381134033203125,0.79595947265625,0.40515440702438354,0.7000068426132202,0.002972087822854519
1285,1.2941,0.9103,0,0,-0.884552001953125,0.7371978759765625,0.8200836181640625,-0.05674637109041214,0.8741874098777771,-0.37167981266975403
1286,1.2862,0.9669,0,0,-0.6939697265625,0.9716949462890625,0.3666534423828125,0.016896691173315048,0.08525444567203522,-0.6537346839904785
1287,1.264,1.0296,0,0,-0.4369659423828125,1.24786376953125,-0.023834228515625,0.3677263557910919,-0.4037317633628845,-0.34218743443489075
1288,1.2298,1.094,0,0,-0.3575439453125,1.3612213134765625,-0.2157135009765625,1.2198004722595215,-0.0642562210559845,0.24099503457546234
1289,1.1875,1.1554,0,0,-0.3466644287109375,1.3600311279296875,-0.058502197265625,1.6695106029510498,-0.8164476752281189,0.5503273010253906
1290,1.1417,1.2098,0,0,-0.26055908203125,1.0896148681640625,0.7098236083984375,0.5674724578857422,-1.3932572603225708,0.714072048664093
1291,1.0972,1.2542,0,0,-0.4883270263671875,0.7721099853515625,0.3810272216796875,-0.6803681254386902,-0.6328389644622803,0.5851503014564514
1292,1.0587,1.2866,0,0,-0.561492919921875,0.6515350341796875,-0.0847930908203125,-0.977156400680542,0.3491148352622986,-0.19036994874477386
1293,1.0294,1.3055,0,0,-0.358978271484375,0.5134124755859375,-0.2213287353515625,-0.6471606492996216,0.5929757356643677,-0.8607882261276245
1294,1.0109,1.3101,0,0,-0.0567474365234375,0.668914794921875,-0.3191070556640625,0.05232978239655495,0.26810842752456665,-0.6549946069717407
1295,1.0031,1.2999,0,0,0.0809478759765625,0.8124847412109375,-0.3501434326171875,0.8268236517906189,0.20892445743083954,0.07884501665830612
1296,1.0038,1.2747,0,0,-0.0690460205078125,0.9564208984375,-0.2341766357421875,1.3723533153533936,0.16158810257911682,0.6629558801651001
1297,1.0099,1.2345,0,0,-0.3076934814453125,1.039764404296875,-0.0695343017578125,1.6275618076324463,0.24841833114624023,0.8951044082641602
1298,1.0173,1.1801,0,0,-0.579742431640625,1.0926361083984375,0.1349029541015625,1.5992287397384644,0.04478984326124191,0.7808971405029297
1299,1.0226,1.1132,0,0,-0.7874298095703125,0.980804443359375,0.4705047607421875,0.8916953206062317,-0.2056889832019806,0.29985517263412476
1300,1.0231,1.0361,0,0,-0.7409515380859375,0.8798675537109375,0.6099700927734375,-0.28008678555488586,0.1514744758605957,-0.16806064546108246
1301,1.0176,0.952,0,0,-0.5237579345703125,0.8744049072265625,0.206298828125,-0.7197043895721436,0.5894520878791809,-0.23328465223312378
1302,1.0061,0.8644,0,0,-0.404388427734375,0.831695556640625,-0.0010223388671875,-0.6080739498138428,0.7562621235847473,-0.18133090436458588
1303,0.9902,0.777,0,0,-0.306396484375,0.780609130859375,-0.0777130126953125,-0.10823033004999161,0.7681547403335571,0.03707066923379898
1304,0.972,0.6931,0,0,-0.3024749755859375,0.7455291748046875,-0.0421142578125,0.3142700493335724,0.34903573989868164,0.2603524923324585
1305,0.954,0.6163,0,0,-0.3949127197265625,0.7299957275390625,0.04510498046875,0.5509366393089294,0.172689750790596,0.3227956295013428
1306,0.9388,0.5496,0,0,-0.4627532958984375,0.7332763671875,0.1324920654296875,0.5709854364395142,0.2589295506477356,0.27543771266937256
1307,0.9282,0.4957,0,0,-0.5064697265625,0.767852783203125,0.1790008544921875,0.5475422143936157,0.25235500931739807,0.19839511811733246
1308,0.9238,0.457,0,0,-0.5211944580078125,0.8111419677734375,0.21649169921875,0.48633208870887756,0.12281913310289383,0.12606365978717804
1309,0.9263,0.4351,0,0,-0.47491455078125,0.853179931640625,0.2444915771484375,0.3061109185218811,0.13597993552684784,0.12270301580429077
1310,0.9361,0.4312,0,0,-0.422576904296875,0.8579254150390625,0.2476959228515625,0.09441172331571579,0.2540391981601715,0.24861115217208862
1311,0.9528,0.4452,0,0,-0.4443817138671875,0.8562774658203125,0.219482421875,-0.04099323973059654,0.2535441219806671,0.3057689666748047
1312,0.9757,0.4761,0,0,-0.460479736328125,0.8475799560546875,0.1695098876953125,-0.1070161983370781,0.24771499633789062,0.33386319875717163
1313,1.0037,0.5218,0,0,-0.507781982421875,0.841461181640625,0.1436004638671875,-0.16176173090934753,0.2876853048801422,0.3060973286628723
1314,1.0352,0.5792,0,0,-0.5350494384765625,0.84381103515625,0.126556396484375,-0.21204833686351776,0.4607950448989868,0.21869425475597382
1315,1.0683,0.6444,0,0,-0.52447509765625,0.8753662109375,0.106170654296875,-0.21204833686351776,0.4607950448989868,0.21869425475597382
1316,1.1009,0.7131,0,0,-0.5063934326171875,0.9072723388671875,0.109405517578125,-0.17873619496822357,0.626360297203064,0.16887477040290833
1317,1.1304,0.7811,0,0,-0.5190582275390625,0.9242095947265625,0.1331787109375,-0.2133208066225052,0.8365209698677063,0.14135073125362396
1318,1.1546,0.8447,0,0,-0.5545196533203125,0.9594573974609375,0.1546173095703125,-0.24592241644859314,0.8722965717315674,0.0672655925154686
1319,1.1713,0.9013,0,0,-0.59759521484375,0.968170166015625,0.18133544921875,-0.2853262722492218,0.9608520269393921,0.005811283830553293
1320,1.1792,0.9494,0,0,-0.646820068359375,0.9711456298828125,0.19439697265625,-0.393869549036026,1.0694876909255981,-0.12099193781614304
1321,1.1775,0.9892,0,0,-0.6349334716796875,1.0302886962890625,0.1583099365234375,-0.4877515435218811,0.9956907033920288,-0.25020477175712585
1322,1.1668,1.0217,0,0,-0.5892791748046875,1.15673828125,0.111175537109375,-0.6069034934043884,0.7002323865890503,-0.2590504586696625
1323,1.1486,1.0493,0,0,-0.54486083984375,1.2318115234375,0.055419921875,-0.7164169549942017,0.18316982686519623,-0.1535344272851944
1324,1.1258,1.0745,0,0,-0.5398712158203125,1.1902008056640625,-0.0148773193359375,-0.7713854312896729,-0.5467501878738403,-0.17293822765350342
1325,1.1015,1.0999,0,0,-0.52947998046875,1.0556640625,-0.056060791015625,-0.8190722465515137,-1.06417977809906,-0.29713234305381775
1326,1.0795,1.1274,0,0,-0.508575439453125,0.8816070556640625,-0.1291656494140625,-0.8190722465515137,-1.06417977809906,-0.29713234305381775
1327,1.0629,1.1577,0,0,-0.4178314208984375,0.7249755859375,-0.17022705078125,-0.3492994010448456,-0.6249706745147705,-0.8119991421699524
1328,1.0535,1.1904,0,0,-0.273956298828125,0.6636810302734375,-0.1436767578125,0.04366332292556763,-0.06374728679656982,-0.8770697712898254
1329,1.0519,1.2233,0,0,-0.1615447998046875,0.71343994140625,-0.0647430419921875,0.26309847831726074,0.28473401069641113,-0.8460013270378113
1330,1.0567,1.2527,0,0,-0.064422607421875,0.8366851806640625,0.1015625,-0.19275720417499542,-0.46881407499313354,-0.760622501373291
1331,1.0653,1.2739,0,0,-0.054290771484375,1.043365478515625,1.216552734375,-0.19275720417499542,-0.46881407499313354,-0.760622501373291
1332,1.0738,1.2817,0,0,-0.085205078125,0.7966461181640625,0.501190185546875,-2.022531032562256,-0.10156311094760895,-0.06997109204530716
1333,1.0782,1.2717,0,0,-0.27972412109375,0.9965362548828125,0.0218353271484375,-1.4858115911483765,-0.6242550611495972,0.4307692348957062
1334,1.0749,1.2407,0,0,-0.6400604248046875,1.0755157470703125,-0.0119171142578125,-0.8640437126159668,-1.0034441947937012,0.18898802995681763
1335,1.0616,1.1878,0,0,-0.8348541259765625,0.9445343017578125,0.281463623046875,-0.824888288974762,-0.49693307280540466,-0.33043092489242554
1336,1.0372,1.1146,0,0,-0.7221221923828125,0.8690338134765625,0.3692626953125,-0.900419294834137,-0.07416584342718124,-0.5586973428726196
1337,1.0029,1.025,0,0,-0.579315185546875,0.8269805908203125,0.25,-0.6830968260765076,-0.3714396059513092,-0.7500265836715698
1338,0.9611,0.9253,0,0,-0.4333343505859375,0.769989013671875,0.1871795654296875,-0.6830968260765076,-0.3714396059513092,-0.7500265836715698
1339,0.9157,0.823,0,0,-0.36114501953125,0.7183074951171875,0.2372283935546875,-0.39555877447128296,-0.7120627164840698,-0.7442730665206909
1340,0.8714,0.7262,0,0,-0.31744384765625,0.66552734375,0.26507568359375,-0.22728268802165985,-0.47591060400009155,-0.5162966251373291
1341,0.8329,0.6427,0,0,-0.2554473876953125,0.6529388427734375,0.2249908447265625,-0.08470743149518967,-0.3373894989490509,-0.2818159759044647
1342,0.8046,0.579,0,0,-0.2721099853515625,0.6403961181640625,0.210357666015625,0.09626128524541855,-0.22424162924289703,-0.050285276025533676
1343,0.7898,0.539,0,0,-0.2945709228515625,0.6425933837890625,0.2425689697265625,0.09626128524541855,-0.22424162924289703,-0.050285276025533676
1344,0.7908,0.524,0,0,-0.341644287109375,0.6504669189453125,0.3305511474609375,0.26216983795166016,0.08911442756652832,0.29785433411598206
1345,0.8083,0.5326,0,0,-0.37255859375,0.6826934814453125,0.4029083251953125,0.2535853981971741,0.21833153069019318,0.4001213014125824
1346,0.8417,0.5604,0,0,-0.4076690673828125,0.69207763671875,0.4294586181640625,0.2844841778278351,0.24311918020248413,0.4425715506076813
1347,0.8892,0.6014,0,0,-0.4327392578125,0.687957763671875,0.4185791015625,0.2844841778278351,0.24311918020248413,0.4425715506076813
1348,0.9476,0.6488,0,0,-0.4693603515625,0.6833038330078125,0.4205322265625,0.4894157648086548,0.2507118582725525,0.4698561728000641
1349,1.0128,0.696,0,0,-0.5015411376953125,0.7368316650390625,0.4172515869140625,0.5724310278892517,0.38760632276535034,0.45489615201950073
1350,1.08,0.7374,0,0,-0.5257568359375,0.7489471435546875,0.4036865234375,0.7976332306861877,0.3068600594997406,0.46913498640060425
1351,1.1442,0.7694,0,0,-0.572509765625,0.76824951171875,0.4638671875,0.9698769450187683,0.06781846284866333,0.42656409740448
1352,1.2001,0.7908,0,0,-0.62274169921875,0.7813873291015625,0.5831756591796875,0.8545833826065063,9.880327706923708e-05,0.2953299283981323
1353,1.2434,0.8027,0,0,-0.720611572265625,0.7971649169921875,0.58575439453125,0.6513159871101379,0.24140729010105133,0.07725776731967926
1354,1.2702,0.8081,0,0,-0.7873077392578125,0.8118896484375,0.5470733642578125,0.5623200535774231,0.3059042692184448,-0.21414078772068024
1355,1.2786,0.8112,0,0,-0.8472442626953125,0.848907470703125,0.6614532470703125,0.34417015314102173,0.4008654057979584,-0.5869439244270325
1356,1.2681,0.8169,0,0,-0.7645416259765625,1.1331939697265625,0.5137786865234375,0.2828351557254791,0.34777021408081055,-0.74903404712677
1357,1.2405,0.8294,0,0,-0.42218017578125,1.334808349609375,0.2141265869140625,0.40476638078689575,-0.005277053453028202,-0.4682137966156006
1358,1.1994,0.852,0,0,-0.270660400390625,1.265777587890625,0.087890625,0.5657377243041992,-0.07699304819107056,0.11636016517877579
1359,1.1497,0.8862,0,0,-0.2430419921875,1.2032318115234375,0.064605712890625,0.7148345112800598,-0.29710066318511963,0.5932273864746094
1360,1.0975,0.9318,0,0,-0.3065643310546875,1.0174560546875,0.3419647216796875,0.3045748174190521,-0.8299863934516907,0.558888852596283
1361,1.0487,0.9865,0,0,-0.489288330078125,0.7688140869140625,0.2526702880859375,0.3045748174190521,-0.8299863934516907,0.558888852596283
1362,1.0087,1.0461,0,0,-0.50408935546875,0.670196533203125,-0.0877685546875,-0.8401349186897278,0.711536705493927,-0.16244323551654816
1363,0.981,1.1053,0,0,-0.3395843505859375,0.5363616943359375,-0.24591064453125,-0.5808948278427124,0.6202611327171326,-0.542371392250061
1364,0.9672,1.1579,0,0,-0.1390228271484375,0.5832061767578125,-0.3624725341796875,0.1224936917424202,0.2303578406572342,-0.36001092195510864
1365,0.9666,1.1975,0,0,-0.063232421875,0.7822418212890625,-0.3983001708984375,0.9485719203948975,0.04614166170358658,0.14230041205883026
1366,0.9766,1.2189,0,0,-0.1479339599609375,0.9423828125,-0.2980499267578125,1.503539800643921,0.030351780354976654,0.5887247920036316
1367,0.993,1.2182,0,0,-0.3506622314453125,1.0301971435546875,-0.1310272216796875,1.7967005968093872,0.04018337279558182,0.8027542233467102
1368,1.0111,1.1942,0,0,-0.562286376953125,1.0295257568359375,0.0789794921875,1.7967005968093872,0.04018337279558182,0.8027542233467102
1369,1.0267,1.148,0,0,-0.6939544677734375,1.00567626953125,0.36572265625,1.1717480421066284,-0.2990354299545288,0.3886537253856659
1370,1.0363,1.0835,0,0,-0.6636962890625,0.9658203125,0.558502197265625,0.05530240386724472,0.10877441614866257,0.11118404567241669
1371,1.0379,1.006,0,0,-0.5404815673828125,0.9277801513671875,0.26739501953125,-0.5879814624786377,0.61162930727005,0.03356115520000458
1372,1.0313,0.9218,0,0,-0.464447021484375,0.892303466796875,0.0250091552734375,-0.6256479024887085,0.8252928256988525,0.0024429175537079573
1373,1.0175,0.8369,0,0,-0.370391845703125,0.8350372314453125,-0.0768890380859375,-0.34052881598472595,0.6798757314682007,0.07473362237215042
1374,0.9989,0.7564,0,0,-0.33270263671875,0.7692718505859375,-0.1066436767578125,0.17014829814434052,0.38664305210113525,0.18834088742733002
1375,0.978,0.6839,0,0,-0.3622283935546875,0.7437591552734375,-0.059478759765625,0.17014829814434052,0.38664305210113525,0.18834088742733002
1376,0.9578,0.6217,0,0,-0.431121826171875,0.7626800537109375,0.0192108154296875,0.7491461634635925,0.04604392498731613,0.2387113720178604
1377,0.9406,0.5706,0,0,-0.461639404296875,0.773468017578125,0.1082916259765625,0.7611184120178223,0.10925857722759247,0.20999717712402344
1378,0.9284,0.5303,0,0,-0.4868927001953125,0.792510986328125,0.2146759033203125,0.6054635643959045,0.09212912619113922,0.1547115445137024
1379,0.9224,0.5,0,0,-0.4818267822265625,0.8142852783203125,0.2823028564453125,0.3016413450241089,0.15548306703567505,0.13870887458324432
1380,0.9232,0.4787,0,0,-0.4526824951171875,0.837982177734375,0.272430419921875,-0.024346351623535156,0.3441704213619232,0.2087090015411377
1381,0.931,0.4659,0,0,-0.454925537109375,0.8281707763671875,0.2114715576171875,-0.21506810188293457,0.41826409101486206,0.26714327931404114
1382,0.9455,0.4614,0,0,-0.4827880859375,0.8166046142578125,0.15008544921875,-0.2980543375015259,0.4355725049972534,0.2796771824359894
1383,0.9662,0.4659,0,0,-0.5130462646484375,0.8200836181640625,0.09912109375,-0.30916929244995117,0.4374742805957794,0.2635243237018585
1384,0.9921,0.4811,0,0,-0.54754638671875,0.822296142578125,0.0606536865234375,-0.2460654228925705,0.4471428692340851,0.21925805509090424
1385,1.0222,0.5089,0,0,-0.572113037109375,0.84942626953125,0.0384063720703125,-0.1845056563615799,0.48598402738571167,0.15515123307704926
1386,1.055,0.5515,0,0,-0.5694122314453125,0.8805999755859375,0.023193359375,-0.07628065347671509,0.5547340512275696,0.1057882159948349
1387,1.0891,0.6108,0,0,-0.5604095458984375,0.9058380126953125,0.0185089111328125,0.10469472408294678,0.5468801259994507,0.07119482010602951
1388,1.1226,0.6878,0,0,-0.5570220947265625,0.935882568359375,0.0466766357421875,0.10469472408294678,0.5468801259994507,0.07119482010602951
1389,1.1536,0.7821,0,0,-0.5413055419921875,0.9420318603515625,0.1242218017578125,0.40830838680267334,0.3861818015575409,0.056053150445222855
1390,1.1802,0.8919,0,0,-0.5335235595703125,0.942047119140625,0.228057861328125,0.3305041491985321,0.5434054732322693,0.09124575555324554
1391,1.2006,1.0135,0,0,-0.6044158935546875,0.8901519775390625,0.310272216796875,0.001969141187146306,0.8312130570411682,0.015336079522967339
1392,1.2135,1.1421,0,0,-0.76239013671875,0.9323577880859375,0.30230712890625,-0.49656155705451965,0.9956403374671936,-0.34420478343963623
1393,1.2183,1.272,0,0,-0.776092529296875,1.07769775390625,0.200042724609375,-0.9734594225883484,0.932033121585846,-0.729768693447113
1394,1.215,1.3973,0,0,-0.670196533203125,1.215667724609375,0.11602783203125,-1.4142754077911377,0.7361491322517395,-0.8574009537696838
1395,1.2048,1.5125,0,0,-0.5456390380859375,1.2572784423828125,0.0327911376953125,-1.7038750648498535,0.020010726526379585,-0.7155501246452332
1396,1.1893,1.6128,0,0,-0.4549713134765625,1.20892333984375,-0.1513214111328125,-1.663142204284668,-0.44530877470970154,-0.41632530093193054
1397,1.171,1.6942,0,0,-0.5230255126953125,1.0189208984375,-0.3082122802734375,-1.1238428354263306,-0.8325603604316711,-0.5056762099266052
1398,1.1519,1.7537,0,0,-0.4834442138671875,0.813232421875,-0.369781494140625,-0.34384870529174805,-0.9043469429016113,-0.8037135004997253
1399,1.1341,1.7886,0,0,-0.2940216064453125,0.738525390625,-0.3237762451171875,-0.34384870529174805,-0.9043469429016113,-0.8037135004997253
1400,1.1185,1.797,0,0,-0.1180267333984375,0.75616455078125,-0.1657562255859375,0.8486152291297913,-0.9043295979499817,-0.8781925439834595
1401,1.1049,1.7778,0,0,0.0376129150390625,0.8982086181640625,0.3755950927734375,0.00044581317342817783,-2.210751533508301,-0.6793385744094849
1402,1.0921,1.7307,0,0,-0.0979461669921875,0.9267578125,1.1270751953125,-1.672332525253296,-1.035674810409546,-0.4442394971847534
1403,1.0784,1.6572,0,0,-0.1444244384765625,0.8165130615234375,0.414764404296875,-1.672332525253296,-1.035674810409546,-0.4442394971847534
1404,1.0616,1.5605,0,0,-0.4177703857421875,1.0175323486328125,-0.0311431884765625,-1.580288052558899,-0.42262423038482666,0.43768972158432007
1405,1.04,1.4455,0,0,-0.7054290771484375,0.9770660400390625,0.031829833984375,-1.0255239009857178,-0.6421219706535339,0.012782907113432884
1406,1.0126,1.3186,0,0,-0.7916107177734375,0.8279266357421875,0.273773193359375,-1.0255239009857178,-0.6421219706535339,0.012782907113432884
1407,0.9796,1.187,0,0,-0.7091827392578125,0.7574920654296875,0.334747314453125,-0.8529345989227295,-0.4624888002872467,-0.4479879140853882
1408,0.9424,1.0581,0,0,-0.5472564697265625,0.770660400390625,0.2653656005859375,-0.6515144109725952,-0.3679135739803314,-0.9249650835990906
1409,0.9036,0.939,0,0,-0.37921142578125,0.7711181640625,0.1953125,-0.3885788917541504,-0.5188455581665039,-0.7645120620727539
1410,0.8665,0.8357,0,0,-0.33355712890625,0.722564697265625,0.1854248046875,-0.15468119084835052,-0.5208165645599365,-0.5409298539161682
1411,0.8348,0.7525,0,0,-0.3529815673828125,0.6659698486328125,0.1942291259765625,0.004084490239620209,-0.48249581456184387,-0.4057685434818268
1412,0.812,0.6918,0,0,-0.302490234375,0.6274261474609375,0.1787261962890625,0.004084490239620209,-0.48249581456184387,-0.4057685434818268
1413,0.8008,0.654,0,0,-0.1994781494140625,0.62298583984375,0.18011474609375,0.3563903272151947,-0.29003581404685974,0.07847989350557327
1414,0.803,0.6373,0,0,-0.2431488037109375,0.635528564453125,0.2307586669921875,0.46355700492858887,-0.1629505753517151,0.3605179786682129
1415,0.8192,0.6383,0,0,-0.333984375,0.65936279296875,0.3297882080078125,0.46355700492858887,-0.1629505753517151,0.3605179786682129
1416,0.8486,0.6527,0,0,-0.4009552001953125,0.6984100341796875,0.4372711181640625,0.42927998304367065,0.11111053824424744,0.5805922746658325
1417,0.8896,0.6753,0,0,-0.4398040771484375,0.7183685302734375,0.477081298828125,0.40475335717201233,0.2604329288005829,0.5818426609039307
1418,0.9393,0.7014,0,0,-0.477691650390625,0.74151611328125,0.476776123046875,0.2925591766834259,0.5073170065879822,0.5874632596969604
1419,0.9945,0.7273,0,0,-0.538238525390625,0.747772216796875,0.4377899169921875,0.2925591766834259,0.5073170065879822,0.5874632596969604
1420,1.0516,0.7502,0,0,-0.53741455078125,0.7223358154296875,0.453765869140625,0.6569714546203613,0.3008871376514435,0.40530434250831604
1421,1.107,0.7691,0,0,-0.6047515869140625,0.7534637451171875,0.5255889892578125,0.6569714546203613,0.3008871376514435,0.40530434250831604
1422,1.1572,0.7842,0,0,-0.710479736328125,0.7978668212890625,0.4639129638671875,0.5873804092407227,0.33028897643089294,0.00675217853859067
1423,1.1989,0.7972,0,0,-0.67120361328125,0.780120849609375,0.3870849609375,0.7694886922836304,0.2769722044467926,-0.058936022222042084
1424,1.2298,0.8103,0,0,-0.65289306640625,0.7703704833984375,0.578094482421875,0.8847026228904724,0.2726309895515442,-0.05901964381337166
1425,1.248,0.8262,0,0,-0.7053375244140625,0.764739990234375,0.8246307373046875,0.46140384674072266,0.6056739091873169,-0.05639003962278366
1426,1.2527,0.8476,0,0,-0.7286376953125,0.8673553466796875,0.6904754638671875,-0.05165094509720802,0.9062196612358093,-0.16794240474700928
1427,1.2445,0.8763,0,0,-0.563018798828125,0.9935760498046875,0.2728118896484375,0.14058001339435577,0.043955206871032715,-0.14320030808448792
1428,1.2246,0.9133,0,0,-0.429351806640625,1.24530029296875,-0.009124755859375,0.5315485596656799,-0.6268567442893982,0.1025138571858406
1429,1.1955,0.9586,0,0,-0.3496246337890625,1.2649688720703125,-0.1444091796875,0.5315485596656799,-0.6268567442893982,0.1025138571858406
1430,1.1608,1.0115,0,0,-0.38421630859375,1.1923980712890625,0.0556182861328125,1.03902268409729,-1.3831936120986938,0.6731893420219421
1431,1.124,1.0703,0,0,-0.5125885009765625,0.9757080078125,0.6862640380859375,-0.1951143592596054,-1.1282202005386353,0.41660627722740173
1432,1.089,1.1329,0,0,-0.6329803466796875,0.7466888427734375,0.0815277099609375,-1.016152262687683,0.21464811265468597,-0.023269636556506157
1433,1.059,1.1966,0,0,-0.5211639404296875,0.6973419189453125,-0.13201904296875,-1.1045143604278564,0.9250258207321167,-0.5551601648330688
1434,1.0362,1.2583,0,0,-0.251708984375,0.5918731689453125,-0.213775634765625,-0.7221864461898804,0.34824320673942566,-0.8035702109336853
1435,1.0215,1.3142,0,0,-0.0352935791015625,0.8119659423828125,-0.3196563720703125,0.08687683939933777,-0.3956754207611084,-0.3396334648132324
1436,1.0142,1.3597,0,0,-0.02886962890625,0.9337158203125,-0.3409576416015625,0.08687683939933777,-0.3956754207611084,-0.3396334648132324
1437,1.0128,1.3902,0,0,-0.277740478515625,1.05767822265625,-0.245452880859375,1.3628697395324707,-0.3351689279079437,0.7848181128501892
1438,1.0147,1.401,0,0,-0.538330078125,1.0428619384765625,-0.136199951171875,1.722184181213379,-0.06747598201036453,0.6246987581253052
1439,1.0171,1.3888,0,0,-0.5977783203125,1.01409912109375,-0.0106048583984375,1.9039045572280884,0.015074823051691055,0.3540014922618866
1440,1.0179,1.3517,0,0,-0.555084228515625,0.94085693359375,0.1233062744140625,1.8251878023147583,-0.16799353063106537,0.13564305007457733
1441,1.0152,1.2907,0,0,-0.4687042236328125,0.849090576171875,0.2711944580078125,1.6625903844833374,-0.29885247349739075,0.027726169675588608
1442,1.0084,1.2087,0,0,-0.3769989013671875,0.825531005859375,0.6000213623046875,0.6946756839752197,-0.2549166977405548,0.00347489258274436
1443,0.9976,1.1106,0,0,-0.3321380615234375,0.830078125,0.4476776123046875,-0.1598743498325348,0.40981948375701904,0.13987986743450165
1444,0.9839,1.0029,0,0,-0.3286895751953125,0.8074951171875,0.185791015625,-0.488169401884079,0.7612837553024292,0.3365399241447449
1445,0.9687,0.8921,0,0,-0.4156951904296875,0.7881622314453125,0.065643310546875,-0.44091853499412537,0.8245252966880798,0.40380045771598816
1446,0.9539,0.7851,0,0,-0.50146484375,0.7510223388671875,0.0198822021484375,-0.23958036303520203,0.7861126661300659,0.3050121068954468
1447,0.9413,0.6879,0,0,-0.5291900634765625,0.741363525390625,0.0110931396484375,0.004874383565038443,0.6101749539375305,0.18606813251972198
1448,0.9323,0.6056,0,0,-0.5427093505859375,0.75994873046875,0.0123443603515625,0.27863001823425293,0.4338856637477875,0.07435013353824615
1449,0.9281,0.5423,0,0,-0.5167388916015625,0.784210205078125,0.0512237548828125,0.43065738677978516,0.32085657119750977,0.0033361418172717094
1450,0.9295,0.5008,0,0,-0.436676025390625,0.8329620361328125,0.0985565185546875,0.5045739412307739,0.15642023086547852,0.04367344453930855
1451,0.9366,0.4829,0,0,-0.3664093017578125,0.846405029296875,0.1340179443359375,0.5045739412307739,0.15642023086547852,0.04367344453930855
1452,0.9495,0.489,0,0,-0.38372802734375,0.8303375244140625,0.1566162109375,0.49625131487846375,-0.11431645601987839,0.30176863074302673
1453,0.9675,0.5187,0,0,-0.463043212890625,0.8480682373046875,0.1623077392578125,0.38869768381118774,0.01387187372893095,0.3114175498485565
1454,0.9901,0.5706,0,0,-0.53240966796875,0.8839263916015625,0.1721038818359375,0.15029123425483704,0.33279260993003845,0.24749501049518585
1455,1.0163,0.6426,0,0,-0.5505218505859375,0.9295806884765625,0.165679931640625,-0.1073102131485939,0.7143926620483398,0.1701781302690506
1456,1.045,0.7317,0,0,-0.5194091796875,0.921844482421875,0.127593994140625,-0.18960455060005188,0.8667407035827637,0.13021846115589142
1457,1.075,0.8343,0,0,-0.517547607421875,0.916748046875,0.109619140625,-0.13213114440441132,0.7632944583892822,0.042561307549476624
1458,1.1049,0.9465,0,0,-0.467010498046875,0.92608642578125,0.1403961181640625,-0.11830534040927887,0.7078847289085388,0.03928455710411072
1459,1.1332,1.0635,0,0,-0.4092254638671875,0.927734375,0.1884307861328125,-0.23989461362361908,0.9654741883277893,0.16672080755233765
1460,1.1583,1.1807,0,0,-0.454193115234375,0.9171142578125,0.2161865234375,-0.36025112867355347,1.152748465538025,0.246830552816391
1461,1.1786,1.2932,0,0,-0.578826904296875,0.9436492919921875,0.1939239501953125,-0.5237945318222046,1.158560872077942,0.1857336461544037
1462,1.1928,1.3968,0,0,-0.674163818359375,0.975311279296875,0.1383056640625,-0.719834566116333,1.053375244140625,-0.061221279203891754
1463,1.1999,1.4875,0,0,-0.6879425048828125,1.109893798828125,0.1110076904296875,-1.124958872795105,0.9595417380332947,-0.3228302597999573
1464,1.1997,1.5626,0,0,-0.6118927001953125,1.2335357666015625,0.055755615234375,-1.6037659645080566,0.5510229468345642,-0.47026658058166504
1465,1.1928,1.6205,0,0,-0.4950714111328125,1.292236328125,-0.018829345703125,-1.8884475231170654,-0.10122036188840866,-0.3228534162044525
1466,1.1804,1.6605,0,0,-0.51806640625,1.21661376953125,-0.1370086669921875,-1.8884475231170654,-0.10122036188840866,-0.3228534162044525
1467,1.1644,1.6833,0,0,-0.5778350830078125,0.992462158203125,-0.248565673828125,-1.2154827117919922,-0.8226534128189087,-0.4862048029899597
1468,1.1468,1.6899,0,0,-0.530914306640625,0.76007080078125,-0.2914886474609375,-1.2154827117919922,-0.8226534128189087,-0.4862048029899597
1469,1.1293,1.6817,0,0,-0.3600311279296875,0.6970977783203125,-0.2222747802734375,-0.422677218914032,-0.8066731095314026,-0.9046225547790527
1470,1.1129,1.6599,0,0,-0.1797637939453125,0.7954254150390625,-0.06756591796875,0.34131258726119995,-0.7424613237380981,-1.1947438716888428
1471,1.0979,1.6255,0,0,-0.053619384765625,0.893402099609375,0.1053466796875,0.5561452507972717,-0.3288825452327728,-0.7825485467910767
1472,1.0837,1.5791,0,0,-0.148681640625,1.0324249267578125,1.37432861328125,-1.7659906148910522,-0.473785936832428,-0.6208806037902832
1473,1.0692,1.5217,0,0,-0.1249237060546875,0.7293548583984375,0.598663330078125,-2.159660816192627,0.304476797580719,-0.01266679260879755
1474,1.0531,1.4547,0,0,-0.296417236328125,0.874481201171875,0.060089111328125,-2.159660816192627,0.304476797580719,-0.01266679260879755
1475,1.0343,1.3801,0,0,-0.5575714111328125,0.9471435546875,-0.0287322998046875,-0.989116907119751,-0.8500509262084961,0.17058052122592926
1476,1.0123,1.3006,0,0,-0.7098236083984375,0.8726654052734375,0.137054443359375,-0.6955633163452148,-0.7011181712150574,-0.06693189591169357
1477,0.9872,1.2195,0,0,-0.7294769287109375,0.81671142578125,0.2427825927734375,-0.5880951881408691,-0.2940737009048462,-0.2917783260345459
1478,0.9601,1.1396,0,0,-0.6831512451171875,0.7835845947265625,0.201812744140625,-0.3173374831676483,-0.3940833806991577,-0.5909501314163208
1479,0.9327,1.0635,0,0,-0.577484130859375,0.7388763427734375,0.210235595703125,-0.05760524049401283,-0.7502657175064087,-0.8016676902770996
1480,0.9071,0.993,0,0,-0.4535369873046875,0.7019805908203125,0.23028564453125,0.06831620633602142,-0.8524243235588074,-0.8413833975791931
1481,0.8854,0.9295,0,0,-0.35302734375,0.6890411376953125,0.1923065185546875,0.2091878354549408,-0.8587320446968079,-0.7668687105178833
1482,0.8696,0.8735,0,0,-0.2461090087890625,0.6928558349609375,0.1641082763671875,0.40957099199295044,-0.8225463032722473,-0.5408099889755249
1483,0.8605,0.8256,0,0,-0.1796112060546875,0.68829345703125,0.192962646484375,0.5361097455024719,-0.6964224576950073,-0.22646057605743408
1484,0.8585,0.7858,0,0,-0.2010650634765625,0.6902313232421875,0.2524566650390625,0.5514975190162659,-0.40664684772491455,0.07671448588371277
1485,0.8627,0.7538,0,0,-0.293609619140625,0.6666717529296875,0.3095245361328125,0.47466984391212463,-0.08147595077753067,0.2446472942829132
1486,0.8718,0.7291,0,0,-0.37139892578125,0.6847991943359375,0.3397674560546875,0.44348716735839844,0.1734713912010193,0.2446475625038147
1487,0.8843,0.7108,0,0,-0.3917388916015625,0.7053070068359375,0.35943603515625,0.5056155323982239,0.3022112548351288,0.24432611465454102
1488,0.8987,0.6979,0,0,-0.386688232421875,0.7421875,0.423492431640625,0.5056155323982239,0.3022112548351288,0.24432611465454102
1489,0.9149,0.6892,0,0,-0.435516357421875,0.7669525146484375,0.492706298828125,0.45091763138771057,0.5789325833320618,0.45304232835769653
1490,0.9337,0.6841,0,0,-0.52789306640625,0.772735595703125,0.50677490234375,0.41667550802230835,0.6510406136512756,0.5048937797546387
1491,0.9576,0.6824,0,0,-0.6144866943359375,0.791717529296875,0.4878082275390625,0.35321158170700073,0.5311323404312134,0.4179232120513916
1492,0.9908,0.6847,0,0,-0.655914306640625,0.776824951171875,0.4248046875,0.41078194975852966,0.4305545687675476,0.27157026529312134
1493,1.0385,0.6919,0,0,-0.68817138671875,0.7762908935546875,0.350494384765625,0.41078194975852966,0.4305545687675476,0.27157026529312134
1494,1.1062,0.7056,0,0,-0.7352447509765625,0.78179931640625,0.4245452880859375,0.6922581195831299,0.4089246392250061,0.0617283433675766
1495,1.1989,0.727,0,0,-0.821319580078125,0.7487030029296875,0.715576171875,0.4849642813205719,0.5624854564666748,-0.18629316985607147
1496,1.3196,0.7569,0,0,-0.813873291015625,0.936248779296875,0.628997802734375,0.4849642813205719,0.5624854564666748,-0.18629316985607147
